Ngày,Tiêu thụ điện (MWh),Nhiệt độ(°C),Độ ẩm(%),Độ che phủ mây (%),Bức xạ sóng ngắn (W/m²),Tốc độ gió (km/h),Tổng lượng mưa (mm),Ngày lễ (0/1)
2012-01-01,1.235796e+06,12.14,92.29,99.96,6.33,23.21,0.6,1
2012-01-02,1.4564075e+06,8.47,84.96,70.42,39.42,18.49,8.9,0
2012-01-03,1.6262905e+06,8.6,83.67,91.08,11.75,28.7,8.8,0
2012-01-04,1.6327015e+06,7.75,75.58,72.38,50.21,22.07,0.1,0
2012-01-05,1.6597775e+06,9.4,74.71,77.21,17.67,34.06,3.2,0
2012-01-06,1.6574225e+06,5.88,73.58,39.71,47.71,16.85,0.0,0
2012-01-07,1.5158535e+06,8.42,84.25,90.79,16.62,17.66,0.4,0
2012-01-08,1.4167915e+06,7.3,81.71,83.67,35.0,12.76,0.1,0
2012-01-09,1.6136875e+06,7.73,88.96,82.12,34.0,9.53,0.7,0
2012-01-10,1.645393e+06,9.17,92.83,97.42,19.25,5.77,0.3,0
2012-01-11,1.6580301e+06,7.18,91.21,64.96,39.17,4.26,0.0,0
2012-01-12,1.715185e+06,6.06,86.38,67.88,40.21,10.06,0.0,0
2012-01-13,1.70684e+06,6.04,92.33,93.42,24.83,9.08,0.3,0
2012-01-14,1.627089e+06,1.65,85.58,14.21,64.71,10.07,0.0,0
2012-01-15,1.6324701e+06,0.5,83.88,2.58,66.58,13.04,0.0,0
2012-01-16,1.834024e+06,0.52,69.04,3.62,69.83,13.96,0.0,0
2012-01-17,1.8882825e+06,-0.99,83.33,37.88,68.62,5.9,0.0,0
2012-01-18,1.8854565e+06,2.5,90.79,86.25,38.54,13.62,0.3,0
2012-01-19,1.752653e+06,9.75,93.42,97.83,10.88,23.3,1.2,0
2012-01-20,1.673208e+06,7.73,84.71,96.17,28.17,22.42,1.6,0
2012-01-21,1.4794615e+06,10.0,87.67,99.83,16.71,23.97,0.0,0
2012-01-22,1.3826185e+06,8.55,78.67,79.17,29.71,19.64,0.0,0
2012-01-23,1.591847e+06,6.88,83.5,79.29,48.0,12.16,0.0,0
2012-01-24,1.65466e+06,5.44,91.33,97.62,24.38,9.19,4.9,0
2012-01-25,1.6373395e+06,8.84,96.96,99.79,13.58,8.66,0.0,0
2012-01-26,1.642679e+06,8.03,93.33,89.71,19.58,12.36,0.7,0
2012-01-27,1.6603295e+06,3.87,85.12,46.88,76.08,7.8,0.0,0
2012-01-28,1.5647365e+06,3.56,91.96,91.54,34.38,7.67,3.5,0
2012-01-29,1.5753821e+06,1.94,86.96,76.46,74.33,13.25,0.0,0
2012-01-30,1.8499325e+06,-0.65,78.29,99.5,28.25,5.15,0.0,0
2012-01-31,1.914193e+06,-0.09,74.79,90.71,41.29,10.9,0.0,0
2012-02-01,2.0059181e+06,-2.14,63.67,49.12,89.25,19.03,0.0,0
2012-02-02,2.1005765e+06,-4.84,44.79,0.0,98.42,21.96,0.0,0
2012-02-03,2.14195e+06,-5.2,48.71,21.25,98.71,15.28,0.4,0
2012-02-04,2.0431785e+06,-4.41,64.67,32.12,99.96,7.7,0.2,0
2012-02-05,1.992523e+06,-4.72,54.67,78.75,51.71,11.31,2.9,0
2012-02-06,2.1156455e+06,-3.62,61.42,54.42,79.54,4.93,0.0,0
2012-02-07,2.1882305e+06,-5.45,53.17,5.33,108.12,14.39,0.0,0
2012-02-08,2.2583205e+06,-4.38,62.0,46.12,99.17,17.2,0.0,0
2012-02-09,2.2288355e+06,-3.82,71.33,31.25,98.29,10.95,0.0,0
2012-02-10,2.1663035e+06,-3.19,69.33,35.04,101.5,12.05,0.0,0
2012-02-11,2.1108285e+06,-4.36,57.67,2.79,115.46,14.51,0.0,0
2012-02-12,2.0448461e+06,-3.89,64.92,33.33,114.67,10.21,0.0,0
2012-02-13,2.0824965e+06,1.59,89.46,98.42,39.67,9.52,0.9,0
2012-02-14,1.979529e+06,4.25,85.67,98.04,68.0,18.28,1.7,0
2012-02-15,1.8998865e+06,4.99,86.96,84.88,55.96,18.47,0.2,0
2012-02-16,1.814212e+06,5.38,88.96,88.75,55.29,10.75,0.1,0
2012-02-17,1.768188e+06,4.37,92.75,84.42,27.42,9.26,0.0,0
2012-02-18,1.5811535e+06,7.81,92.42,98.79,28.21,13.91,0.4,0
2012-02-19,1.524328e+06,4.28,74.46,29.08,118.58,15.21,2.6,0
2012-02-20,1.7559575e+06,0.97,71.29,32.62,130.38,5.05,0.0,0
2012-02-21,1.806185e+06,0.98,76.12,37.62,130.25,7.13,0.0,0
2012-02-22,1.777064e+06,2.03,74.67,44.79,129.42,9.32,0.0,0
2012-02-23,1.716869e+06,7.6,90.88,99.88,22.62,12.67,0.3,0
2012-02-24,1.6046335e+06,9.48,93.92,99.17,56.42,8.35,0.0,0
2012-02-25,1.4289615e+06,9.2,92.96,100.0,32.04,7.69,0.0,0
2012-02-26,1.3490045e+06,7.36,81.17,87.17,84.42,6.52,0.0,0
2012-02-27,1.5797101e+06,6.98,83.38,89.79,72.17,6.77,0.0,0
2012-02-28,1.5883059e+06,8.26,88.33,93.75,47.21,5.07,0.0,0
2012-02-29,1.5283945e+06,8.89,89.12,42.58,120.12,6.25,0.0,0
2012-03-01,1.5058899e+06,8.58,93.67,87.58,57.29,8.21,0.0,0
2012-03-02,1.4787805e+06,9.77,91.04,99.71,47.96,4.45,0.0,0
2012-03-03,1.3471115e+06,9.27,85.96,79.58,88.83,10.26,0.9,0
2012-03-04,1.307897e+06,7.43,91.83,98.38,43.67,14.74,7.1,0
2012-03-05,1.5932385e+06,5.31,72.88,68.21,105.88,24.73,1.2,0
2012-03-06,1.6554855e+06,5.24,81.42,79.0,105.92,11.86,2.9,0
2012-03-07,1.675453e+06,4.03,86.92,89.54,64.25,16.67,4.7,0
2012-03-08,1.6226775e+06,5.4,76.83,43.21,121.21,12.83,0.0,0
2012-03-09,1.6047539e+06,5.62,79.75,54.46,136.5,4.85,0.3,0
2012-03-10,1.416423e+06,8.75,85.38,96.08,70.0,7.26,0.0,0
2012-03-11,1.3056615e+06,10.2,83.67,93.33,75.71,10.54,0.0,0
2012-03-12,1.4483035e+06,8.46,85.75,40.04,176.38,9.19,0.0,0
2012-03-13,1.4432595e+06,8.55,87.0,23.92,148.54,11.79,0.0,0
2012-03-14,1.4171415e+06,8.54,83.21,30.04,186.38,9.31,0.0,0
2012-03-15,1.3987625e+06,9.55,82.92,0.12,190.54,8.07,0.0,0
2012-03-16,1.360593e+06,11.45,81.21,16.92,182.58,8.19,0.0,0
2012-03-17,1.256634e+06,9.38,83.21,90.04,73.71,13.87,1.2,0
2012-03-18,1.254338e+06,8.12,87.04,92.83,108.5,10.11,4.8,0
2012-03-19,1.4764301e+06,6.38,74.62,68.25,115.08,13.92,0.0,0
2012-03-20,1.521967e+06,5.84,74.62,17.67,196.33,6.95,0.0,0
2012-03-21,1.489685e+06,8.19,70.79,14.29,204.17,12.95,0.0,0
2012-03-22,1.4142545e+06,11.7,67.79,76.92,201.5,9.95,0.0,0
2012-03-23,1.3434915e+06,11.58,74.67,6.04,207.75,6.88,0.0,0
2012-03-24,1.1665385e+06,12.16,74.62,1.75,210.5,8.24,0.0,0
2012-03-25,1.079036e+06,12.92,76.5,4.17,211.33,11.38,0.0,0
2012-03-26,1.240084e+06,13.11,61.17,1.08,221.38,13.72,0.0,0
2012-03-27,1.2616725e+06,12.36,63.04,0.12,220.67,12.67,0.0,0
2012-03-28,1.253545e+06,12.89,67.21,0.0,221.08,12.11,0.0,0
2012-03-29,1.245866e+06,12.23,66.88,9.75,227.96,11.63,0.0,0
2012-03-30,1.231308e+06,11.38,68.75,7.83,212.58,9.21,0.0,0
2012-03-31,1.1292565e+06,8.93,77.92,75.38,136.83,11.28,0.0,0
2012-04-01,1.092866e+06,7.18,56.12,30.29,233.96,15.4,0.0,0
2012-04-02,1.293764e+06,8.53,63.62,28.0,236.0,9.16,0.0,0
2012-04-03,1.3296365e+06,10.22,65.79,46.21,209.42,7.34,0.0,0
2012-04-04,1.3710275e+06,9.04,78.67,49.92,188.92,5.62,0.8,0
2012-04-05,1.387105e+06,9.2,78.04,47.71,182.79,13.75,0.0,0
2012-04-06,1.3501635e+06,9.01,68.75,62.79,153.12,13.92,0.0,0
2012-04-07,1.237478e+06,7.53,69.08,72.29,141.79,11.5,0.7,0
2012-04-08,1.1768535e+06,5.72,68.58,70.54,131.38,8.85,0.0,0
2012-04-09,1.1915665e+06,10.16,79.17,100.0,69.92,19.38,2.5,1
2012-04-10,1.392099e+06,9.38,85.33,97.71,44.75,18.08,10.7,0
2012-04-11,1.4238245e+06,7.87,82.75,36.96,198.5,12.94,3.9,0
2012-04-12,1.412524e+06,7.65,84.21,39.83,206.58,8.05,0.8,0
2012-04-13,1.3920085e+06,8.62,71.79,63.21,234.33,4.33,0.7,0
2012-04-14,1.262242e+06,8.25,74.08,87.21,215.54,11.32,0.2,0
2012-04-15,1.2444785e+06,6.98,65.96,74.0,171.42,25.74,0.0,0
2012-04-16,1.4795261e+06,5.94,60.42,47.42,189.0,18.53,0.0,0
2012-04-17,1.5209345e+06,4.73,80.5,80.08,70.58,14.76,5.9,0
2012-04-18,1.489045e+06,7.67,85.12,84.5,130.96,22.75,7.6,0
2012-04-19,1.4594755e+06,8.89,78.42,54.0,234.0,14.58,0.1,0
2012-04-20,1.4298495e+06,8.72,77.67,40.5,221.58,15.4,2.6,0
2012-04-21,1.2747795e+06,8.71,79.67,51.46,212.71,16.72,3.7,0
2012-04-22,1.204574e+06,8.58,74.12,59.58,208.62,18.85,2.2,0
2012-04-23,1.4244061e+06,7.27,85.62,70.25,106.79,20.02,7.5,0
2012-04-24,1.452479e+06,8.87,84.58,86.46,169.12,15.95,6.6,0
2012-04-25,1.4486715e+06,9.53,80.17,93.67,105.42,25.08,5.4,0
2012-04-26,1.3889155e+06,12.5,63.58,81.38,224.29,27.5,0.1,0
2012-04-27,1.3383355e+06,11.82,74.54,99.75,152.71,12.74,0.4,0
2012-04-28,1.189962e+06,13.1,86.38,99.79,99.46,10.47,7.6,0
2012-04-29,1.094861e+06,14.93,69.17,74.42,202.29,23.86,4.0,0
2012-04-30,1.1962395e+06,13.15,76.62,68.88,216.54,12.52,7.3,0
2012-05-01,1.057115e+06,13.23,71.83,48.58,242.0,8.16,0.1,1
2012-05-02,1.250816e+06,11.55,83.21,88.92,109.75,11.46,3.5,0
2012-05-03,1.2517785e+06,13.52,77.79,64.17,254.08,6.87,1.2,0
2012-05-04,1.2313585e+06,13.17,81.67,74.67,187.58,8.14,5.8,0
2012-05-05,1.11393e+06,11.42,89.08,97.79,140.33,9.02,4.7,0
2012-05-06,1.0557965e+06,10.39,82.83,98.12,112.62,9.05,11.1,0
2012-05-07,1.157306e+06,11.62,75.92,64.79,209.21,7.73,0.5,0
2012-05-08,1.0625045e+06,13.91,78.21,91.75,128.17,16.24,6.0,1
2012-05-09,1.2068765e+06,16.92,79.38,94.33,207.29,17.55,1.3,0
2012-05-10,1.2011215e+06,20.51,74.67,80.25,253.75,16.99,2.2,0
2012-05-11,1.1802625e+06,16.54,79.17,83.08,181.25,12.92,2.7,0
2012-05-12,1.0407035e+06,12.25,62.54,49.12,277.25,15.9,0.0,0
2012-05-13,977135.06,9.92,66.67,7.0,298.29,12.16,0.0,0
2012-05-14,1.1637115e+06,12.26,63.71,16.25,317.88,5.76,0.0,0
2012-05-15,1.2200835e+06,10.01,72.58,46.71,247.42,18.68,3.2,0
2012-05-16,1.2437335e+06,9.62,63.21,34.17,257.75,10.71,0.1,0
2012-05-17,1.07464e+06,10.27,65.12,82.96,199.33,14.46,1.1,1
2012-05-18,1.121842e+06,13.98,71.29,77.71,155.17,18.31,0.3,0
2012-05-19,1.054783e+06,14.39,76.79,87.75,195.58,7.44,2.4,0
2012-05-20,1.0081335e+06,15.68,83.83,87.0,187.88,8.38,3.7,0
2012-05-21,1.238611e+06,13.66,93.46,99.96,61.79,17.85,11.8,0
2012-05-22,1.256992e+06,15.12,83.25,95.67,144.92,21.68,0.5,0
2012-05-23,1.210395e+06,17.92,80.08,46.25,216.17,10.74,0.0,0
2012-05-24,1.1878295e+06,19.76,81.54,26.25,272.96,11.67,0.2,0
2012-05-25,1.158064e+06,20.91,66.92,18.58,327.92,16.67,0.0,0
2012-05-26,1.00468494e+06,19.58,54.25,0.0,334.83,15.95,0.0,0
2012-05-27,914312.5,19.65,62.83,15.42,303.25,6.52,0.0,0
2012-05-28,952862.0,18.81,69.17,19.17,273.08,12.59,0.1,1
2012-05-29,1.126975e+06,18.37,65.33,10.5,306.71,7.6,0.0,0
2012-05-30,1.156345e+06,18.73,70.46,49.92,286.88,7.3,0.3,0
2012-05-31,1.1581315e+06,17.35,72.33,85.88,267.96,11.6,0.6,0
2012-06-01,1.1435935e+06,17.3,74.46,83.38,155.75,6.99,0.1,0
2012-06-02,1.0046345e+06,19.87,69.0,77.33,299.62,8.72,0.0,0
2012-06-03,926844.94,18.05,74.21,90.96,190.12,15.73,8.9,0
2012-06-04,1.113188e+06,14.26,73.42,86.08,140.75,17.57,1.1,0
2012-06-05,1.157013e+06,12.48,71.25,84.33,210.0,8.99,1.3,0
2012-06-06,1.1583495e+06,16.37,74.75,86.46,200.54,18.17,3.8,0
2012-06-07,1.1624425e+06,17.45,77.5,68.42,173.12,16.6,7.9,0
2012-06-08,1.1351805e+06,16.01,63.92,37.21,242.88,22.92,0.4,0
2012-06-09,998126.0,14.28,62.25,62.21,221.96,14.88,0.0,0
2012-06-10,945330.5,14.45,78.33,80.83,152.96,9.92,3.8,0
2012-06-11,1.123005e+06,15.31,79.5,82.04,202.29,14.95,6.4,0
2012-06-12,1.1637415e+06,13.78,83.79,94.92,127.12,13.69,2.0,0
2012-06-13,1.1699335e+06,13.42,77.08,85.38,172.12,8.81,3.7,0
2012-06-14,1.161749e+06,15.01,74.88,73.75,222.38,10.01,0.0,0
2012-06-15,1.1457435e+06,16.85,74.92,94.29,137.04,15.69,3.7,0
2012-06-16,1.00996894e+06,16.4,82.88,76.67,130.25,17.15,6.3,0
2012-06-17,929898.5,16.23,64.58,34.54,311.88,11.46,0.0,0
2012-06-18,1.1214755e+06,16.54,72.54,77.75,221.83,9.85,9.8,0
2012-06-19,1.1595195e+06,16.31,76.75,87.79,184.12,10.14,4.1,0
2012-06-20,1.161704e+06,18.11,76.54,54.88,272.79,9.05,1.5,0
2012-06-21,1.16628e+06,18.92,78.96,73.42,209.5,16.14,7.9,0
2012-06-22,1.134052e+06,16.51,62.29,44.21,232.62,21.9,0.0,0
2012-06-23,993460.5,16.25,66.62,60.21,224.04,9.62,0.3,0
2012-06-24,933914.5,14.8,82.62,88.67,70.29,17.67,6.2,0
2012-06-25,1.132517e+06,15.7,75.54,79.58,251.0,7.89,0.0,0
2012-06-26,1.1819365e+06,17.21,84.75,96.29,68.67,5.19,3.9,0
2012-06-27,1.1904925e+06,21.01,78.92,91.17,220.0,5.93,0.0,0
2012-06-28,1.1999535e+06,23.53,75.58,50.04,258.46,13.85,0.5,0
2012-06-29,1.1605005e+06,18.76,73.58,65.17,147.38,13.99,5.7,0
2012-06-30,1.0208495e+06,18.07,71.0,39.29,229.17,12.91,0.0,0
2012-07-01,937126.5,16.36,69.62,47.12,272.12,11.72,0.1,0
2012-07-02,1.119647e+06,17.1,63.0,66.79,247.25,9.5,0.0,0
2012-07-03,1.165306e+06,18.46,71.67,61.83,188.04,9.02,0.0,0
2012-07-04,1.1753075e+06,20.85,72.29,56.21,263.0,9.77,3.7,0
2012-07-05,1.1728645e+06,19.22,80.42,64.79,220.17,6.5,2.6,0
2012-07-06,1.141496e+06,17.33,79.38,56.75,241.33,14.15,3.4,0
2012-07-07,1.008334e+06,17.72,78.21,67.83,175.04,12.88,4.7,0
2012-07-08,931908.94,17.62,78.46,78.0,185.38,16.6,7.6,0
2012-07-09,1.1232975e+06,17.83,74.0,39.04,259.25,9.27,0.4,0
2012-07-10,1.161736e+06,17.55,71.5,61.08,221.42,12.58,0.0,0
2012-07-11,1.162525e+06,16.46,70.17,86.08,218.04,15.51,3.0,0
2012-07-12,1.1691505e+06,14.9,80.42,90.38,75.62,16.42,7.5,0
2012-07-13,1.157e+06,15.83,84.83,98.38,131.83,17.11,14.7,0
2012-07-14,978585.5,15.96,80.04,70.25,223.08,17.35,8.4,1
2012-07-15,931208.0,15.09,76.83,50.75,227.67,14.41,0.2,0
2012-07-16,1.1188235e+06,15.85,70.04,61.21,201.04,14.94,0.0,0
2012-07-17,1.1646875e+06,18.97,68.17,75.25,211.46,14.93,0.0,0
2012-07-18,1.17879e+06,19.78,70.38,65.0,303.08,12.75,0.0,0
2012-07-19,1.1704275e+06,17.79,67.42,93.83,178.83,15.18,0.5,0
2012-07-20,1.1480085e+06,16.2,72.12,78.29,173.92,7.06,0.0,0
2012-07-21,1.0048615e+06,15.3,73.46,30.83,232.88,8.25,0.9,0
2012-07-22,929944.5,17.21,66.58,53.83,315.38,7.87,0.0,0
2012-07-23,1.1138655e+06,18.6,60.75,0.0,323.38,9.95,0.0,0
2012-07-24,1.1603805e+06,20.58,62.42,0.21,320.92,7.78,0.0,0
2012-07-25,1.1746285e+06,23.02,61.17,0.0,314.46,5.92,0.0,0
2012-07-26,1.1844415e+06,24.36,57.08,1.5,311.54,8.85,0.0,0
2012-07-27,1.149122e+06,23.96,69.96,65.25,209.79,8.0,18.0,0
2012-07-28,997626.0,20.2,77.17,72.21,209.08,13.14,4.6,0
2012-07-29,914023.5,16.06,69.92,45.67,207.0,14.15,5.4,0
2012-07-30,1.0590195e+06,15.71,74.79,74.92,177.29,9.27,0.4,0
2012-07-31,1.0926235e+06,17.62,70.71,41.12,279.25,8.18,0.0,0
2012-08-01,1.0959465e+06,20.45,71.54,31.96,216.42,11.19,1.3,0
2012-08-02,1.089158e+06,19.98,65.71,56.21,227.42,14.35,0.0,0
2012-08-03,1.067404e+06,19.25,65.71,48.46,212.54,13.9,0.2,0
2012-08-04,959804.0,19.14,66.71,63.54,225.21,11.13,0.1,0
2012-08-05,886388.0,18.2,74.83,67.5,167.5,10.53,2.7,0
2012-08-06,989075.06,17.58,69.42,64.88,197.08,17.42,0.0,0
2012-08-07,1.0066835e+06,17.95,63.83,84.67,207.08,9.47,0.0,0
2012-08-08,1.0178005e+06,20.2,60.17,38.25,275.0,3.84,0.0,0
2012-08-09,1.034484e+06,20.51,71.04,61.0,212.54,8.25,0.0,0
2012-08-10,1.0357135e+06,20.2,58.46,0.25,294.0,11.96,0.0,0
2012-08-11,954455.5,20.24,56.71,23.75,294.71,12.42,0.0,0
2012-08-12,890408.5,20.88,61.5,43.88,246.17,9.55,0.0,0
2012-08-13,1.0059985e+06,21.16,68.67,93.0,180.67,8.61,0.0,0
2012-08-14,1.0284755e+06,20.89,70.33,79.29,125.67,6.34,0.2,0
2012-08-15,933438.0,23.38,57.33,75.12,172.54,16.79,0.2,1
2012-08-16,1.0171335e+06,20.68,54.79,31.29,250.46,11.59,0.0,0
2012-08-17,1.046192e+06,24.25,48.21,39.54,268.0,13.12,0.0,0
2012-08-18,984324.94,27.99,45.29,3.0,267.96,11.79,0.0,0
2012-08-19,926804.5,28.99,50.42,29.42,258.12,9.34,0.0,0
2012-08-20,1.083781e+06,24.18,64.5,56.79,191.21,5.92,1.6,0
2012-08-21,1.1232725e+06,23.86,67.0,56.88,220.5,9.98,0.5,0
2012-08-22,1.107345e+06,19.82,57.67,49.75,258.5,9.86,0.0,0
2012-08-23,1.107314e+06,19.05,61.83,67.83,220.96,7.54,1.5,0
2012-08-24,1.099483e+06,19.83,68.0,72.42,187.42,10.72,1.5,0
2012-08-25,981452.5,20.11,61.62,40.92,202.79,24.81,0.0,0
2012-08-26,897560.94,18.53,59.83,76.38,154.04,17.96,0.0,0
2012-08-27,1.082522e+06,20.74,51.54,36.67,249.92,11.58,0.0,0
2012-08-28,1.1354805e+06,21.15,52.04,73.46,197.62,11.94,0.2,0
2012-08-29,1.147342e+06,21.02,49.79,56.29,243.58,12.46,0.0,0
2012-08-30,1.1402975e+06,18.4,61.38,52.58,185.12,16.34,0.3,0
2012-08-31,1.1141455e+06,14.92,59.67,64.96,161.83,19.18,0.0,0
2012-09-01,986387.5,15.04,56.42,53.04,247.67,9.11,0.0,0
2012-09-02,924950.5,17.44,68.42,91.33,131.0,8.45,0.5,0
2012-09-03,1.116799e+06,18.39,75.38,85.58,73.21,10.5,0.0,0
2012-09-04,1.156746e+06,19.46,70.54,52.62,227.25,12.19,0.0,0
2012-09-05,1.165845e+06,18.97,70.42,49.75,199.58,14.95,0.0,0
2012-09-06,1.16649e+06,16.78,60.67,31.75,226.88,11.52,0.0,0
2012-09-07,1.1515335e+06,17.3,57.58,9.46,236.33,6.47,0.0,0
2012-09-08,1.01120494e+06,19.82,45.08,3.0,229.5,8.1,0.0,0
2012-09-09,936096.0,21.5,41.58,8.17,227.79,8.85,0.0,0
2012-09-10,1.1334845e+06,21.55,61.54,65.54,192.21,11.25,0.1,0
2012-09-11,1.17328e+06,17.64,79.17,89.21,58.08,12.75,6.8,0
2012-09-12,1.1601495e+06,14.56,63.08,85.46,119.17,11.42,0.2,0
2012-09-13,1.152542e+06,14.7,70.12,70.75,122.21,15.0,5.8,0
2012-09-14,1.141069e+06,13.88,76.58,59.29,89.96,13.07,0.0,0
2012-09-15,996459.5,16.63,68.0,40.54,177.62,6.02,0.0,0
2012-09-16,928900.0,16.44,67.88,37.67,199.58,6.15,0.0,0
2012-09-17,1.11812e+06,16.94,73.17,62.96,172.33,6.0,0.0,0
2012-09-18,1.156832e+06,15.68,70.83,57.88,123.08,11.48,0.0,0
2012-09-19,1.1561105e+06,13.1,59.83,31.62,176.46,11.46,0.0,0
2012-09-20,1.172407e+06,12.39,58.79,89.21,175.79,5.22,0.0,0
2012-09-21,1.17524e+06,12.61,67.12,84.83,129.83,7.53,6.7,0
2012-09-22,1.0363075e+06,13.31,72.42,76.92,161.38,9.1,0.2,0
2012-09-23,962775.06,16.85,68.08,99.33,105.33,14.1,1.0,0
2012-09-24,1.146604e+06,17.45,75.04,88.79,100.42,26.79,6.4,0
2012-09-25,1.192789e+06,14.18,81.62,98.67,111.25,23.03,5.3,0
2012-09-26,1.2112095e+06,14.24,76.0,81.67,122.33,20.08,1.3,0
2012-09-27,1.207324e+06,13.27,82.79,57.75,84.88,17.54,4.6,0
2012-09-28,1.1826945e+06,13.1,75.58,47.46,142.54,8.6,0.0,0
2012-09-29,1.052423e+06,13.2,71.25,31.29,128.0,9.8,0.0,0
2012-09-30,994050.0,10.97,73.17,2.29,175.25,4.35,0.0,0
2012-10-01,1.1875255e+06,11.81,73.25,44.08,168.08,10.92,0.0,0
2012-10-02,1.212402e+06,15.1,72.21,85.46,112.29,16.4,1.1,0
2012-10-03,1.221728e+06,14.97,79.21,79.0,72.88,23.3,4.3,0
2012-10-04,1.2217175e+06,14.37,74.21,87.83,110.75,17.47,8.3,0
2012-10-05,1.1917435e+06,17.27,76.83,83.42,67.67,22.03,0.1,0
2012-10-06,1.055804e+06,15.81,82.96,84.67,52.79,16.45,6.9,0
2012-10-07,992587.5,13.67,76.88,98.88,124.25,11.27,0.6,0
2012-10-08,1.203926e+06,12.78,88.88,99.83,11.62,10.87,10.8,0
2012-10-09,1.220117e+06,14.9,90.79,99.58,33.62,10.02,2.5,0
2012-10-10,1.229215e+06,12.76,87.25,99.88,28.79,6.92,0.6,0
2012-10-11,1.2309115e+06,14.58,93.0,90.88,30.33,10.62,7.6,0
2012-10-12,1.208033e+06,13.72,71.08,64.12,105.71,18.22,0.5,0
2012-10-13,1.109201e+06,10.67,83.25,78.42,47.04,17.25,6.9,0
2012-10-14,1.085122e+06,7.18,92.92,80.58,18.33,11.84,13.9,0
2012-10-15,1.2952845e+06,8.9,78.21,47.75,118.75,15.71,0.5,0
2012-10-16,1.341918e+06,11.48,76.83,81.58,80.62,18.01,2.3,0
2012-10-17,1.323707e+06,12.96,86.0,96.12,38.75,17.09,5.9,0
2012-10-18,1.2869385e+06,16.03,84.42,95.75,57.46,9.84,6.0,0
2012-10-19,1.2517295e+06,17.08,77.0,98.38,73.38,10.75,4.0,0
2012-10-20,1.107451e+06,14.82,94.04,98.33,22.21,8.02,10.2,0
2012-10-21,1.0278655e+06,17.02,88.71,81.67,92.08,7.34,1.4,0
2012-10-22,1.2004755e+06,16.77,87.62,22.67,113.33,6.1,0.0,0
2012-10-23,1.2384325e+06,14.43,91.5,55.04,65.25,7.98,0.0,0
2012-10-24,1.263086e+06,11.27,85.67,28.79,109.42,9.17,0.0,0
2012-10-25,1.2838705e+06,11.52,85.96,27.42,113.33,9.74,0.0,0
2012-10-26,1.309333e+06,10.48,84.92,100.0,28.54,19.19,0.0,0
2012-10-27,1.27399e+06,4.77,72.08,49.54,94.92,22.74,1.2,0
2012-10-28,1.2995695e+06,4.8,78.54,25.17,105.96,10.13,0.0,0
2012-10-29,1.4963685e+06,7.52,80.75,98.0,68.21,12.42,1.4,0
2012-10-30,1.5152305e+06,8.18,82.21,87.17,28.21,12.98,0.1,0
2012-10-31,1.5000095e+06,7.07,81.08,16.33,97.42,11.67,0.0,0
2012-11-01,1.310803e+06,9.52,77.75,63.92,77.83,24.22,3.6,1
2012-11-02,1.3800905e+06,7.17,83.33,42.67,27.12,20.07,5.0,0
2012-11-03,1.276788e+06,8.85,86.96,82.38,41.08,16.13,6.0,0
2012-11-04,1.2240525e+06,7.69,86.58,55.5,48.46,17.45,1.6,0
2012-11-05,1.4352985e+06,8.04,82.79,79.46,72.38,13.4,0.2,0
2012-11-06,1.5122565e+06,5.83,84.42,50.75,70.29,9.11,0.0,0
2012-11-07,1.5343981e+06,9.52,77.92,88.42,52.67,12.6,0.0,0
2012-11-08,1.531799e+06,7.98,85.25,88.21,57.46,5.16,0.0,0
2012-11-09,1.5064425e+06,7.39,88.46,88.04,40.29,8.88,3.5,0
2012-11-10,1.308049e+06,10.53,93.17,85.54,30.29,14.4,2.7,0
2012-11-11,1.270866e+06,6.36,89.71,59.08,43.12,5.88,0.0,1
2012-11-12,1.5195195e+06,6.06,87.5,75.46,73.71,8.98,0.0,0
2012-11-13,1.551381e+06,8.24,87.71,86.79,26.75,8.02,0.0,0
2012-11-14,1.5713855e+06,4.93,91.12,54.62,68.67,8.35,0.0,0
2012-11-15,1.5704061e+06,4.49,91.62,94.46,40.75,3.46,0.0,0
2012-11-16,1.552748e+06,5.08,96.58,90.21,36.29,7.57,0.0,0
2012-11-17,1.3729665e+06,8.54,94.5,98.29,32.0,8.85,2.3,0
2012-11-18,1.2860525e+06,8.95,94.21,99.33,10.33,9.78,4.3,0
2012-11-19,1.4901055e+06,9.52,95.25,99.83,19.58,8.05,0.0,0
2012-11-20,1.5288105e+06,9.78,91.71,98.46,40.25,12.3,0.0,0
2012-11-21,1.5534615e+06,8.5,87.83,75.0,30.54,15.74,2.2,0
2012-11-22,1.555517e+06,6.45,92.0,66.79,46.08,13.93,0.0,0
2012-11-23,1.5356845e+06,8.63,84.21,99.88,10.17,18.33,5.2,0
2012-11-24,1.3523625e+06,9.12,89.58,91.33,16.58,12.08,0.0,0
2012-11-25,1.2514815e+06,11.16,70.21,71.42,57.92,24.82,0.1,0
2012-11-26,1.471017e+06,9.92,77.04,57.21,52.79,19.93,0.1,0
2012-11-27,1.560169e+06,7.02,83.67,67.54,28.29,11.91,0.5,0
2012-11-28,1.6236395e+06,5.09,88.79,54.67,46.83,13.97,0.0,0
2012-11-29,1.6790339e+06,5.14,81.67,59.67,35.21,19.08,0.0,0
2012-11-30,1.7186915e+06,2.24,90.08,76.67,29.62,5.23,0.0,0
2012-12-01,1.639484e+06,2.28,90.38,70.71,39.04,7.71,0.2,0
2012-12-02,1.570004e+06,2.32,85.12,37.08,59.92,10.14,1.0,0
2012-12-03,1.7202015e+06,5.22,91.79,97.96,11.38,16.32,4.4,0
2012-12-04,1.7134861e+06,5.33,88.79,91.62,39.54,16.69,8.9,0
2012-12-05,1.770503e+06,3.64,88.33,91.33,26.25,11.85,1.6,0
2012-12-06,1.8349255e+06,1.36,82.71,68.42,42.71,10.87,0.0,0
2012-12-07,1.8508725e+06,2.73,87.46,91.62,32.5,23.04,10.1,0
2012-12-08,1.6775225e+06,2.3,86.21,79.21,31.62,10.78,0.2,0
2012-12-09,1.62768e+06,3.15,88.08,82.62,22.42,15.57,1.0,0
2012-12-10,1.7859505e+06,4.67,85.38,64.92,38.21,16.43,1.2,0
2012-12-11,1.85984e+06,-0.08,86.46,21.17,57.21,9.23,0.0,0
2012-12-12,1.9511085e+06,-1.31,79.71,78.12,49.5,7.96,0.0,0
2012-12-13,1.924519e+06,0.09,83.42,97.67,13.08,11.52,2.6,0
2012-12-14,1.7690145e+06,7.0,91.67,97.62,4.62,24.17,7.1,0
2012-12-15,1.506828e+06,8.71,87.21,75.38,29.92,23.53,1.0,0
2012-12-16,1.428951e+06,7.88,87.5,81.38,40.5,19.72,0.3,0
2012-12-17,1.608184e+06,7.48,88.33,73.83,33.25,18.58,1.7,0
2012-12-18,1.6397935e+06,6.28,90.12,68.62,37.83,13.56,2.5,0
2012-12-19,1.6573585e+06,4.53,92.88,98.17,20.38,11.51,6.5,0
2012-12-20,1.6574141e+06,7.19,91.33,93.46,7.62,16.78,13.0,0
2012-12-21,1.5798701e+06,7.7,91.12,87.0,26.67,11.53,1.0,0
2012-12-22,1.4428175e+06,8.53,93.38,100.0,2.67,20.24,17.3,0
2012-12-23,1.295893e+06,13.01,83.46,99.96,11.12,26.59,0.0,0
2012-12-24,1.327596e+06,10.8,79.54,98.88,36.21,19.08,0.0,0
2012-12-25,1.2138665e+06,10.46,76.79,65.88,44.38,25.05,2.4,1
2012-12-26,1.3748941e+06,8.7,80.17,77.46,35.17,24.9,2.4,0
2012-12-27,1.4224621e+06,9.62,82.25,78.5,34.92,26.43,3.5,0
2012-12-28,1.415959e+06,8.83,87.92,98.88,10.12,17.1,0.9,0
2012-12-29,1.336681e+06,10.46,82.88,84.62,48.92,21.65,0.3,0
2012-12-30,1.3239065e+06,8.01,78.29,48.12,52.0,23.35,0.2,0
2012-12-31,1.3974485e+06,8.59,83.21,99.25,12.75,24.28,0.3,0
2013-01-01,1.309122e+06,7.52,85.46,58.88,41.04,16.58,8.7,1
2013-01-02,1.5480435e+06,5.32,87.96,63.17,46.17,9.6,0.1,0
2013-01-03,1.5996255e+06,9.46,94.0,100.0,13.25,11.64,0.0,0
2013-01-04,1.5659459e+06,9.2,91.42,94.54,17.71,8.6,0.0,0
2013-01-05,1.443648e+06,8.68,93.83,99.75,15.83,7.24,0.0,0
2013-01-06,1.405009e+06,7.36,91.38,99.54,18.67,4.8,0.0,0
2013-01-07,1.628795e+06,6.41,89.75,94.79,30.96,4.25,0.0,0
2013-01-08,1.715953e+06,5.03,89.96,99.88,20.08,5.84,0.0,0
2013-01-09,1.7506985e+06,4.74,86.92,99.88,10.12,8.38,0.1,0
2013-01-10,1.718843e+06,6.61,97.67,100.0,4.5,8.0,3.6,0
2013-01-11,1.6810245e+06,5.5,87.29,90.04,29.54,10.1,3.2,0
2013-01-12,1.5818835e+06,4.13,93.42,93.42,26.88,9.55,2.0,0
2013-01-13,1.551408e+06,2.97,90.58,98.12,23.08,9.51,0.5,0
2013-01-14,1.8283661e+06,-0.45,76.58,73.12,62.54,12.85,1.4,0
2013-01-15,1.8824545e+06,0.96,89.83,50.33,42.33,16.66,3.2,0
2013-01-16,1.908727e+06,-3.13,86.71,22.21,69.08,8.15,0.0,0
2013-01-17,2.0059605e+06,-4.07,83.71,32.79,65.38,5.46,0.0,0
2013-01-18,2.0405219e+06,-2.44,73.46,96.54,25.04,13.92,2.2,0
2013-01-19,1.833489e+06,-1.1,88.96,97.71,29.17,12.76,1.7,0
2013-01-20,1.7361555e+06,-2.52,90.46,98.17,32.92,14.2,9.4,0
2013-01-21,1.8771895e+06,-1.21,92.92,83.38,43.08,11.05,2.0,0
2013-01-22,1.8896685e+06,0.32,95.83,88.67,35.75,11.76,1.7,0
2013-01-23,1.876785e+06,1.83,94.38,97.54,40.21,5.08,0.3,0
2013-01-24,1.8842739e+06,0.29,93.38,96.0,33.88,10.97,0.0,0
2013-01-25,1.950447e+06,-2.38,83.25,91.92,37.54,8.44,0.0,0
2013-01-26,1.7821821e+06,-0.22,87.12,99.21,36.17,11.82,0.8,0
2013-01-27,1.625695e+06,4.23,90.5,95.38,12.62,19.67,4.1,0
2013-01-28,1.74436e+06,5.07,83.46,85.46,66.92,17.75,0.0,0
2013-01-29,1.712544e+06,10.65,87.83,100.0,9.79,28.58,2.4,0
2013-01-30,1.6075e+06,11.77,82.25,75.88,18.67,26.34,2.8,0
2013-01-31,1.609348e+06,7.01,85.46,78.58,24.17,20.28,0.8,0
2013-02-01,1.585977e+06,8.24,92.62,99.92,12.12,16.15,10.0,0
2013-02-02,1.534545e+06,4.1,83.29,43.83,83.92,18.28,0.7,0
2013-02-03,1.5750655e+06,2.62,78.96,87.54,54.38,15.55,1.2,0
2013-02-04,1.685148e+06,8.38,87.75,95.29,26.75,19.27,0.8,0
2013-02-05,1.719101e+06,5.01,82.5,89.38,58.88,22.86,3.8,0
2013-02-06,1.7979505e+06,3.96,82.46,81.88,75.0,23.48,5.4,0
2013-02-07,1.8473195e+06,2.95,75.75,79.92,64.21,17.97,0.3,0
2013-02-08,1.8093985e+06,0.91,85.25,45.0,92.75,10.46,0.2,0
2013-02-09,1.7273465e+06,0.55,83.25,73.42,68.04,6.45,0.7,0
2013-02-10,1.667724e+06,0.25,86.38,93.67,32.79,19.15,11.4,0
2013-02-11,1.7887901e+06,5.0,88.79,92.62,54.0,9.88,6.8,0
2013-02-12,1.8498941e+06,2.05,87.54,94.54,29.92,9.03,0.0,0
2013-02-13,1.8554965e+06,0.22,71.38,93.62,60.92,7.52,0.0,0
2013-02-14,1.8480875e+06,2.29,81.33,85.33,20.62,14.08,3.9,0
2013-02-15,1.7324465e+06,4.96,85.38,56.88,76.67,10.85,0.0,0
2013-02-16,1.5922125e+06,2.82,93.5,81.08,68.08,5.35,0.0,0
2013-02-17,1.540649e+06,3.05,85.42,25.12,125.5,11.37,0.0,0
2013-02-18,1.702963e+06,2.42,80.92,0.46,128.79,10.78,0.0,0
2013-02-19,1.750517e+06,1.85,82.92,3.83,128.88,6.57,0.0,0
2013-02-20,1.7489635e+06,2.09,79.88,54.88,91.0,12.79,0.0,0
2013-02-21,1.8438179e+06,0.18,60.62,52.08,109.42,17.49,0.0,0
2013-02-22,1.89632e+06,-1.21,59.62,59.42,85.71,20.1,0.0,0
2013-02-23,1.875987e+06,-2.1,65.33,70.96,68.58,18.11,0.0,0
2013-02-24,1.8088325e+06,0.07,75.08,97.96,75.04,17.33,1.0,0
2013-02-25,1.9245985e+06,0.91,91.17,99.58,48.71,13.2,6.1,0
2013-02-26,1.9089405e+06,2.66,84.25,98.5,105.29,12.52,0.6,0
2013-02-27,1.8781299e+06,3.42,90.0,99.62,35.08,13.63,0.7,0
2013-02-28,1.8400235e+06,3.12,81.71,97.42,62.92,10.81,0.0,0
2013-03-01,1.832477e+06,2.91,80.58,92.33,47.92,12.74,0.0,0
2013-03-02,1.6776715e+06,2.67,77.08,79.88,134.67,10.84,0.0,0
2013-03-03,1.5583021e+06,2.72,77.92,25.29,157.08,9.69,0.0,0
2013-03-04,1.6626105e+06,5.48,76.46,0.04,158.46,12.45,0.0,0
2013-03-05,1.60128e+06,9.19,62.54,64.96,94.33,14.83,0.0,0
2013-03-06,1.545628e+06,10.05,71.08,90.67,57.29,8.16,0.0,0
2013-03-07,1.494732e+06,9.91,89.38,96.08,47.12,8.97,1.0,0
2013-03-08,1.4570105e+06,9.47,94.29,91.92,22.79,13.09,6.5,0
2013-03-09,1.311691e+06,9.91,82.0,88.58,149.29,8.9,0.1,0
2013-03-10,1.2917195e+06,6.22,85.04,88.33,86.75,10.6,0.9,0
2013-03-11,1.5847205e+06,1.43,85.83,100.0,36.83,16.79,7.2,0
2013-03-12,1.7321255e+06,-1.25,88.92,100.0,35.62,21.13,18.2,0
2013-03-13,1.8292845e+06,-3.34,82.75,40.5,173.38,12.27,0.8,0
2013-03-14,1.820699e+06,-2.1,80.33,22.08,172.04,11.9,0.0,0
2013-03-15,1.8090745e+06,0.95,71.54,62.96,161.58,13.02,0.0,0
2013-03-16,1.622444e+06,5.1,69.21,99.25,103.5,22.02,2.1,0
2013-03-17,1.4892565e+06,6.31,86.25,79.25,127.83,18.68,3.7,0
2013-03-18,1.6802125e+06,3.86,87.17,78.17,101.79,13.65,4.2,0
2013-03-19,1.675099e+06,5.35,81.62,80.79,142.12,16.1,4.3,0
2013-03-20,1.6436265e+06,5.71,82.0,61.54,151.21,15.06,4.3,0
2013-03-21,1.630232e+06,4.84,82.62,72.0,103.46,9.24,0.8,0
2013-03-22,1.535375e+06,8.1,71.54,94.62,160.17,16.9,0.2,0
2013-03-23,1.3762621e+06,8.92,73.54,92.75,155.04,7.12,0.8,0
2013-03-24,1.3533825e+06,6.08,76.33,98.04,89.75,13.5,0.0,0
2013-03-25,1.5705655e+06,4.38,59.46,93.79,121.0,12.69,0.0,0
2013-03-26,1.6232705e+06,3.58,61.17,90.38,135.08,10.59,0.0,0
2013-03-27,1.6316259e+06,3.21,64.88,94.17,91.29,8.6,0.0,0
2013-03-28,1.6412555e+06,3.46,68.88,83.0,147.92,7.75,0.1,0
2013-03-29,1.6384061e+06,1.41,72.83,68.71,166.79,8.41,0.0,0
2013-03-30,1.503699e+06,2.81,65.17,91.75,122.38,14.71,0.1,0
2013-03-31,1.429879e+06,1.9,69.62,62.38,143.38,11.79,0.0,0
2013-04-01,1.4432895e+06,3.95,59.88,18.04,229.58,17.25,0.0,1
2013-04-02,1.5908259e+06,4.48,56.21,9.33,226.71,16.39,0.0,0
2013-04-03,1.5931745e+06,4.65,65.54,73.0,180.33,12.34,1.2,0
2013-04-04,1.6339865e+06,4.45,76.0,78.67,90.5,16.99,2.7,0
2013-04-05,1.639592e+06,5.36,73.79,99.71,116.5,15.91,4.6,0
2013-04-06,1.514957e+06,4.71,71.46,76.21,146.12,15.25,0.2,0
2013-04-07,1.3974235e+06,5.25,69.33,49.29,182.33,10.12,0.0,0
2013-04-08,1.5414985e+06,6.76,70.62,93.25,133.42,8.51,2.2,0
2013-04-09,1.5372055e+06,7.88,87.83,80.83,119.83,16.8,10.9,0
2013-04-10,1.492368e+06,9.5,81.29,97.17,112.83,21.08,8.0,0
2013-04-11,1.43674e+06,11.98,82.46,99.25,97.25,19.24,1.1,0
2013-04-12,1.4002301e+06,10.4,83.17,73.79,148.5,23.17,4.7,0
2013-04-13,1.240634e+06,9.92,82.54,76.42,99.88,16.58,1.8,0
2013-04-14,1.0672645e+06,16.24,71.42,56.71,257.71,14.9,0.0,0
2013-04-15,1.2006005e+06,14.1,78.12,62.25,164.83,7.5,1.5,0
2013-04-16,1.229594e+06,13.83,75.04,98.0,160.04,11.93,0.3,0
2013-04-17,1.2066065e+06,15.95,69.67,62.17,253.67,10.85,0.0,0
2013-04-18,1.197584e+06,13.52,64.38,72.0,196.33,16.71,0.0,0
2013-04-19,1.2429e+06,9.16,71.62,50.92,216.58,14.38,2.3,0
2013-04-20,1.178396e+06,7.35,72.46,62.04,148.0,17.52,0.0,0
2013-04-21,1.1164675e+06,8.77,67.58,12.79,261.42,8.74,0.0,0
2013-04-22,1.282623e+06,8.66,71.17,64.33,163.04,7.18,0.0,0
2013-04-23,1.2854145e+06,11.03,77.21,69.75,105.92,8.02,0.0,0
2013-04-24,1.239066e+06,14.16,73.67,32.75,277.08,4.83,0.0,0
2013-04-25,1.1954955e+06,16.84,68.54,0.33,285.17,5.92,0.0,0
2013-04-26,1.212047e+06,12.19,78.88,87.5,115.58,13.58,1.8,0
2013-04-27,1.171208e+06,7.75,69.12,97.12,196.54,12.97,0.1,0
2013-04-28,1.16372e+06,7.86,66.08,77.42,184.17,9.89,0.0,0
2013-04-29,1.343719e+06,8.5,69.46,39.54,240.25,9.5,0.0,0
2013-04-30,1.3471059e+06,9.57,69.79,99.46,148.33,16.51,4.3,0
2013-05-01,1.115146e+06,11.5,82.79,79.71,129.17,12.47,5.5,1
2013-05-02,1.260278e+06,11.78,81.29,66.17,224.62,6.63,0.0,0
2013-05-03,1.2520355e+06,12.31,76.33,58.17,217.79,14.35,1.6,0
2013-05-04,1.106826e+06,11.82,70.96,54.0,261.71,10.02,0.0,0
2013-05-05,1.007224e+06,12.91,69.5,69.17,213.67,5.38,0.0,0
2013-05-06,1.158025e+06,13.01,73.62,36.25,215.38,7.6,0.0,0
2013-05-07,1.1564045e+06,14.22,73.71,39.92,223.04,4.47,0.3,0
2013-05-08,1.0068835e+06,14.34,85.58,61.42,142.96,14.3,6.8,1
2013-05-09,987074.0,13.42,68.08,83.5,222.38,12.49,0.1,1
2013-05-10,1.0813245e+06,11.77,69.75,68.54,131.0,15.84,0.5,0
2013-05-11,1.0456995e+06,12.8,71.29,68.96,219.54,16.9,0.2,0
2013-05-12,1.00727694e+06,11.51,62.58,73.38,196.17,16.58,0.1,0
2013-05-13,1.1997795e+06,13.18,70.92,95.58,126.17,18.97,0.5,0
2013-05-14,1.2337185e+06,12.44,65.96,99.46,142.79,14.83,0.4,0
2013-05-15,1.2449095e+06,12.1,65.62,97.96,181.17,16.24,0.0,0
2013-05-16,1.2776985e+06,11.23,78.96,92.88,183.83,4.59,3.9,0
2013-05-17,1.25814e+06,10.65,76.96,74.54,220.08,9.51,0.2,0
2013-05-18,1.1325535e+06,11.18,78.33,63.42,183.75,13.75,3.7,0
2013-05-19,1.0660385e+06,11.93,83.54,99.12,136.25,7.38,4.2,0
2013-05-20,1.1230885e+06,10.96,93.71,99.96,48.21,13.35,19.3,1
2013-05-21,1.3026775e+06,11.28,90.25,99.92,57.46,13.77,9.8,0
2013-05-22,1.300117e+06,11.41,73.79,74.29,171.0,14.5,0.0,0
2013-05-23,1.3098715e+06,9.37,75.25,68.08,253.33,15.99,3.3,0
2013-05-24,1.357412e+06,6.64,84.46,76.08,158.29,9.4,5.8,0
2013-05-25,1.205725e+06,8.84,79.25,52.0,269.54,13.58,1.7,0
2013-05-26,1.1029705e+06,10.26,74.25,89.08,148.21,13.42,0.1,0
2013-05-27,1.229729e+06,11.62,67.83,38.46,241.71,7.11,0.0,0
2013-05-28,1.263447e+06,12.0,77.62,90.62,131.29,13.32,6.2,0
2013-05-29,1.295704e+06,10.47,74.08,70.75,244.62,8.58,0.7,0
2013-05-30,1.308238e+06,11.85,87.71,87.58,144.46,9.98,11.9,0
2013-05-31,1.273222e+06,12.55,86.46,93.25,105.46,18.48,0.0,0
2013-06-01,1.0913115e+06,14.55,76.83,38.46,252.88,16.8,0.8,0
2013-06-02,991498.0,13.27,69.08,83.92,222.17,14.76,0.0,0
2013-06-03,1.1656045e+06,11.79,72.25,54.79,281.17,17.77,0.0,0
2013-06-04,1.1789565e+06,12.7,71.5,41.96,338.5,16.3,0.0,0
2013-06-05,1.1677425e+06,16.35,70.67,4.75,321.54,10.4,0.0,0
2013-06-06,1.15937e+06,19.26,73.12,22.54,291.71,10.03,1.5,0
2013-06-07,1.1381795e+06,20.66,61.42,12.21,329.17,12.34,0.0,0
2013-06-08,1.0006615e+06,19.72,66.92,55.25,276.5,16.4,0.3,0
2013-06-09,935968.0,15.16,85.46,98.62,84.46,11.91,10.8,0
2013-06-10,1.1210005e+06,14.71,76.88,81.79,139.17,7.61,0.2,0
2013-06-11,1.151257e+06,15.77,79.71,89.79,149.58,10.1,0.6,0
2013-06-12,1.156875e+06,17.72,81.21,95.92,115.29,17.55,0.1,0
2013-06-13,1.1547345e+06,15.79,83.33,75.71,92.17,15.42,6.5,0
2013-06-14,1.134654e+06,14.05,73.75,86.08,187.29,6.84,0.3,0
2013-06-15,998274.5,15.96,67.75,71.67,231.17,17.1,0.0,0
2013-06-16,926992.5,16.28,66.62,63.92,302.96,8.13,0.0,0
2013-06-17,1.1303955e+06,21.15,71.17,89.08,282.92,11.74,1.0,0
2013-06-18,1.16939e+06,22.42,75.42,77.71,242.92,5.47,0.1,0
2013-06-19,1.170046e+06,22.09,84.67,88.29,196.71,9.36,17.0,0
2013-06-20,1.161462e+06,19.08,87.58,83.12,175.88,7.82,4.3,0
2013-06-21,1.1363965e+06,16.5,78.79,81.83,154.71,14.73,1.6,0
2013-06-22,999507.06,15.72,81.5,95.58,64.46,22.64,0.3,0
2013-06-23,935178.5,15.2,73.62,81.96,214.04,21.88,2.2,0
2013-06-24,1.119165e+06,14.32,67.38,79.21,220.71,16.2,0.0,0
2013-06-25,1.149675e+06,13.88,71.38,53.04,206.67,8.21,0.4,0
2013-06-26,1.149956e+06,14.62,68.46,50.96,211.88,9.31,0.0,0
2013-06-27,1.1542665e+06,15.22,70.54,74.33,237.83,8.38,0.7,0
2013-06-28,1.143093e+06,14.67,83.83,100.0,60.67,8.83,1.3,0
2013-06-29,1.0108145e+06,16.77,75.08,88.29,219.25,15.85,0.4,0
2013-06-30,932418.0,17.15,71.25,44.08,242.0,5.18,0.0,0
2013-07-01,1.117629e+06,17.56,80.29,67.75,199.12,6.96,0.5,0
2013-07-02,1.155647e+06,18.49,75.33,94.88,231.92,8.27,0.4,0
2013-07-03,1.162862e+06,17.07,79.54,99.5,90.42,14.91,1.4,0
2013-07-04,1.161163e+06,17.54,75.71,97.46,176.0,8.96,0.0,0
2013-07-05,1.149705e+06,19.24,73.88,56.12,255.17,7.29,0.0,0
2013-07-06,1.0173585e+06,21.13,72.25,54.79,292.12,9.91,0.0,0
2013-07-07,942662.0,23.3,65.25,20.29,293.46,14.5,0.0,0
2013-07-08,1.145348e+06,22.84,61.08,0.08,336.71,16.65,0.0,0
2013-07-09,1.187022e+06,23.19,62.29,17.04,309.96,15.61,0.0,0
2013-07-10,1.1917115e+06,21.87,63.92,4.08,327.54,18.26,0.0,0
2013-07-11,1.1792795e+06,17.35,65.08,21.25,321.21,18.21,0.0,0
2013-07-12,1.1634485e+06,18.13,65.25,0.12,333.0,14.88,0.0,0
2013-07-13,1.0263585e+06,18.4,66.88,20.83,306.29,14.54,0.0,0
2013-07-14,943745.5,20.99,64.88,9.04,325.88,10.27,0.0,1
2013-07-15,1.143848e+06,22.46,64.83,76.58,265.17,6.42,0.0,0
2013-07-16,1.183549e+06,23.36,55.67,82.88,314.67,8.37,0.0,0
2013-07-17,1.1853555e+06,23.92,56.25,50.04,276.67,11.5,0.2,0
2013-07-18,1.184077e+06,24.36,56.79,35.25,280.58,15.09,0.0,0
2013-07-19,1.169188e+06,24.92,55.46,54.0,266.08,17.23,0.0,0
2013-07-20,1.0366555e+06,24.76,54.25,12.71,303.83,15.53,0.0,0
2013-07-21,965069.5,25.77,55.79,33.38,265.75,8.75,0.0,0
2013-07-22,1.167004e+06,26.72,56.62,29.79,265.5,5.34,1.7,0
2013-07-23,1.1944845e+06,25.32,66.62,62.62,243.92,6.2,1.8,0
2013-07-24,1.186022e+06,23.0,68.46,49.83,273.33,4.99,1.4,0
2013-07-25,1.196887e+06,24.15,63.75,27.42,273.54,9.35,0.0,0
2013-07-26,1.171687e+06,23.9,74.42,74.0,185.0,6.55,7.9,0
2013-07-27,1.0226245e+06,24.22,77.71,81.04,220.08,10.69,5.7,0
2013-07-28,930950.5,21.23,64.21,75.83,247.54,10.73,0.0,0
2013-07-29,1.067187e+06,20.65,63.88,56.33,230.5,16.34,0.4,0
2013-07-30,1.095072e+06,20.22,68.75,87.71,129.25,19.13,0.5,0
2013-07-31,1.1098185e+06,22.54,67.5,62.33,193.54,11.98,0.0,0
2013-08-01,1.126942e+06,25.92,58.5,0.04,307.5,11.28,0.0,0
2013-08-02,1.107899e+06,26.64,52.88,10.75,296.75,14.0,0.0,0
2013-08-03,973160.94,22.05,56.62,66.0,238.0,13.35,1.4,0
2013-08-04,908406.0,22.01,52.92,29.38,303.5,7.63,0.0,0
2013-08-05,1.04137694e+06,23.65,51.5,47.33,245.83,10.67,0.0,0
2013-08-06,1.0487155e+06,21.19,57.42,81.54,247.79,5.86,0.0,0
2013-08-07,1.0249795e+06,18.81,80.21,86.62,103.29,7.38,22.0,0
2013-08-08,1.00846894e+06,18.66,70.88,50.54,206.12,9.35,0.0,0
2013-08-09,1.00148306e+06,19.36,68.25,56.0,223.33,11.73,0.4,0
2013-08-10,916872.0,17.5,67.54,45.38,191.38,10.81,0.0,0
2013-08-11,863396.5,18.02,63.54,58.38,190.5,6.41,0.0,0
2013-08-12,986462.5,18.64,68.92,56.33,204.17,10.06,0.4,0
2013-08-13,1.00415294e+06,16.82,62.83,51.5,204.25,11.08,0.0,0
2013-08-14,1.0037705e+06,17.27,63.58,31.29,187.79,5.66,0.0,0
2013-08-15,913219.5,20.71,58.71,30.38,243.58,5.16,0.0,1
2013-08-16,982310.0,21.44,56.5,25.04,263.46,8.32,0.0,0
2013-08-17,938416.0,21.51,65.42,80.08,211.0,11.78,0.2,0
2013-08-18,890094.5,20.96,74.79,93.67,119.62,17.36,3.0,0
2013-08-19,1.0208585e+06,18.69,70.54,45.79,203.21,12.16,0.1,0
2013-08-20,1.0425125e+06,17.79,64.88,0.58,270.29,5.45,0.0,0
2013-08-21,1.051874e+06,19.55,56.17,16.54,269.58,7.99,0.0,0
2013-08-22,1.0643825e+06,21.12,54.29,81.29,212.21,11.52,0.0,0
2013-08-23,1.0702705e+06,22.4,54.12,9.0,263.92,7.74,0.0,0
2013-08-24,967370.0,20.22,61.04,78.75,166.67,15.44,0.6,0
2013-08-25,897252.94,15.02,87.25,99.75,47.5,11.42,16.9,0
2013-08-26,1.061494e+06,16.9,77.21,76.83,169.33,11.91,0.5,0
2013-08-27,1.113102e+06,18.23,76.08,67.54,158.79,11.51,2.0,0
2013-08-28,1.119629e+06,18.33,68.46,20.29,225.5,10.98,0.0,0
2013-08-29,1.1288515e+06,17.75,71.38,41.79,227.38,7.96,0.0,0
2013-08-30,1.120861e+06,17.64,71.62,42.33,206.12,7.14,0.0,0
2013-08-31,991541.5,18.37,76.75,82.38,130.96,9.82,0.1,0
2013-09-01,918957.5,16.27,59.46,80.08,207.33,10.93,0.0,0
2013-09-02,1.102568e+06,16.3,69.67,41.12,228.29,8.51,0.0,0
2013-09-03,1.15283e+06,18.26,71.58,1.46,234.67,6.05,0.0,0
2013-09-04,1.1714625e+06,21.86,66.0,0.0,233.96,7.18,0.0,0
2013-09-05,1.1749405e+06,23.88,57.38,0.0,231.96,8.39,0.0,0
2013-09-06,1.149577e+06,19.83,68.75,62.54,177.17,8.9,0.5,0
2013-09-07,998312.5,17.69,55.54,62.58,222.25,8.25,0.3,0
2013-09-08,926246.0,17.19,55.0,54.96,192.46,7.7,0.0,0
2013-09-09,1.1091965e+06,14.63,76.25,71.17,104.5,14.28,4.7,0
2013-09-10,1.134555e+06,14.46,72.21,58.79,172.5,14.56,0.2,0
2013-09-11,1.1603635e+06,14.23,73.79,90.08,73.12,16.09,0.2,0
2013-09-12,1.173473e+06,14.55,78.92,97.33,56.88,7.69,1.3,0
2013-09-13,1.1599805e+06,15.3,91.5,90.71,27.62,9.58,2.2,0
2013-09-14,1.0232325e+06,15.07,92.46,100.0,17.92,13.24,17.8,0
2013-09-15,953778.0,14.81,72.33,79.92,167.58,17.4,0.5,0
2013-09-16,1.1426995e+06,14.01,72.71,68.38,143.79,18.45,2.8,0
2013-09-17,1.2001805e+06,12.6,78.0,86.83,58.88,21.79,3.3,0
2013-09-18,1.1962885e+06,15.32,81.83,89.25,86.38,20.86,3.6,0
2013-09-19,1.1919505e+06,14.28,69.92,89.92,127.25,14.24,0.0,0
2013-09-20,1.161729e+06,16.18,73.0,67.79,154.88,11.22,0.0,0
2013-09-21,1.0196095e+06,14.56,80.33,86.96,159.42,4.61,0.0,0
2013-09-22,947686.5,18.1,81.5,99.67,76.46,4.08,0.0,0
2013-09-23,1.1271295e+06,17.89,79.33,54.21,155.83,8.43,0.0,0
2013-09-24,1.1602635e+06,16.33,81.42,1.62,188.17,6.28,0.0,0
2013-09-25,1.166229e+06,17.53,80.04,70.58,160.5,4.47,0.9,0
2013-09-26,1.1676615e+06,17.79,81.71,78.79,148.08,8.02,0.4,0
2013-09-27,1.1514385e+06,17.03,80.96,90.92,153.04,11.17,0.0,0
2013-09-28,1.0136515e+06,18.42,82.79,99.21,88.83,12.05,7.1,0
2013-09-29,947460.94,17.31,90.71,96.62,67.71,5.21,7.8,0
2013-09-30,1.129088e+06,16.54,84.17,97.54,66.62,6.03,0.5,0
2013-10-01,1.170628e+06,16.96,84.21,94.08,70.71,8.64,1.9,0
2013-10-02,1.1776615e+06,17.71,82.58,99.38,77.71,7.21,0.3,0
2013-10-03,1.181529e+06,19.23,81.0,97.08,112.38,12.39,2.2,0
2013-10-04,1.163487e+06,19.22,82.38,89.04,104.88,14.56,2.7,0
2013-10-05,1.0209875e+06,16.15,83.5,90.54,73.58,10.82,1.4,0
2013-10-06,957352.94,14.86,86.0,68.83,106.33,7.0,0.1,0
2013-10-07,1.142326e+06,14.74,83.33,37.62,118.96,6.58,0.0,0
2013-10-08,1.1826895e+06,14.4,81.88,91.25,110.83,6.64,0.0,0
2013-10-09,1.193562e+06,14.96,87.83,82.96,56.42,10.61,2.1,0
2013-10-10,1.2378855e+06,10.38,74.33,67.62,95.0,20.05,1.6,0
2013-10-11,1.2766155e+06,9.31,82.38,91.67,63.21,12.52,5.2,0
2013-10-12,1.179065e+06,8.91,80.21,83.42,63.83,10.55,1.4,0
2013-10-13,1.129161e+06,9.5,75.42,51.17,135.92,15.84,0.0,0
2013-10-14,1.2903805e+06,11.62,79.29,69.17,76.04,16.38,5.1,0
2013-10-15,1.31049e+06,11.98,84.25,60.04,66.5,10.68,0.3,0
2013-10-16,1.3133525e+06,9.41,94.83,75.12,17.79,11.76,6.0,0
2013-10-17,1.2768055e+06,13.11,84.54,43.46,82.46,14.46,0.0,0
2013-10-18,1.2586515e+06,11.19,90.79,70.25,74.21,10.49,0.0,0
2013-10-19,1.107896e+06,14.13,88.67,63.54,68.88,12.61,0.9,0
2013-10-20,1.0188035e+06,15.33,87.21,91.96,86.75,15.67,5.4,0
2013-10-21,1.190313e+06,16.07,84.29,83.83,94.88,15.08,0.1,0
2013-10-22,1.213552e+06,17.72,83.12,73.46,91.83,17.9,3.8,0
2013-10-23,1.2092225e+06,16.68,76.79,48.58,90.88,20.22,1.1,0
2013-10-24,1.2205605e+06,14.25,85.0,89.0,84.38,11.99,0.0,0
2013-10-25,1.205348e+06,16.55,86.83,99.25,50.62,14.16,18.3,0
2013-10-26,1.0552145e+06,16.99,89.54,73.29,62.33,16.34,0.3,0
2013-10-27,1.0046645e+06,15.25,77.38,84.12,66.62,30.15,5.1,0
2013-10-28,1.193299e+06,15.28,68.75,83.62,66.54,31.89,4.2,0
2013-10-29,1.2707395e+06,10.84,71.08,19.58,96.88,18.09,0.0,0
2013-10-30,1.322946e+06,9.51,78.92,32.88,97.38,8.44,0.0,0
2013-10-31,1.34806e+06,9.31,78.88,60.38,97.38,13.1,0.0,0
2013-11-01,1.197096e+06,10.08,85.21,100.0,13.38,15.85,16.9,1
2013-11-02,1.14625e+06,13.88,84.96,99.67,43.96,22.89,7.8,0
2013-11-03,1.1294695e+06,10.37,69.62,80.38,81.46,23.49,0.2,0
2013-11-04,1.361943e+06,10.7,82.5,76.0,41.25,25.8,7.5,0
2013-11-05,1.448733e+06,7.83,85.04,77.42,12.5,17.81,4.2,0
2013-11-06,1.3785855e+06,13.19,82.71,95.67,39.42,21.37,2.7,0
2013-11-07,1.3356395e+06,15.16,80.67,95.29,44.0,24.1,3.0,0
2013-11-08,1.340341e+06,11.08,91.33,92.96,27.46,12.29,11.5,0
2013-11-09,1.2542265e+06,8.37,86.79,52.58,49.08,19.77,4.4,0
2013-11-10,1.2013525e+06,7.85,79.92,55.54,79.38,16.99,10.9,0
2013-11-11,1.290275e+06,5.34,81.5,68.25,72.71,10.43,0.0,1
2013-11-12,1.4706635e+06,8.77,80.5,100.0,11.21,9.86,1.3,0
2013-11-13,1.4923825e+06,7.6,86.33,39.46,69.46,13.01,1.4,0
2013-11-14,1.5592015e+06,5.35,89.38,55.0,59.5,14.2,0.7,0
2013-11-15,1.590563e+06,6.86,81.92,58.79,45.42,20.3,0.0,0
2013-11-16,1.4747825e+06,4.28,89.5,65.25,52.88,11.93,0.0,0
2013-11-17,1.404536e+06,4.46,88.0,100.0,30.67,8.94,0.0,0
2013-11-18,1.6019045e+06,5.42,87.71,98.08,26.08,4.29,0.0,0
2013-11-19,1.6486505e+06,5.08,85.75,95.33,28.92,12.66,1.7,0
2013-11-20,1.7403821e+06,3.23,84.62,53.04,60.08,18.52,6.3,0
2013-11-21,1.7422935e+06,3.08,88.29,94.5,37.71,11.81,0.4,0
2013-11-22,1.7782335e+06,3.61,80.29,87.21,49.62,19.64,0.0,0
2013-11-23,1.6141355e+06,5.04,79.88,98.17,32.71,18.77,0.0,0
2013-11-24,1.505632e+06,5.87,79.29,74.0,41.0,16.5,0.0,0
2013-11-25,1.6732075e+06,5.33,81.29,72.29,52.75,14.58,0.0,0
2013-11-26,1.723971e+06,5.2,87.62,85.12,21.29,11.92,0.0,0
2013-11-27,1.7577205e+06,4.72,86.71,83.88,26.25,8.06,0.0,0
2013-11-28,1.8321645e+06,3.28,91.62,79.71,27.33,4.75,0.2,0
2013-11-29,1.7728115e+06,7.42,93.58,97.62,25.5,10.61,0.4,0
2013-11-30,1.586751e+06,6.12,83.96,57.12,42.58,14.62,1.0,0
2013-12-01,1.5285145e+06,5.1,90.75,65.62,35.96,10.92,0.0,0
2013-12-02,1.72008e+06,5.89,85.71,58.88,31.29,14.58,0.0,0
2013-12-03,1.784351e+06,1.18,97.04,67.12,37.79,4.66,0.0,0
2013-12-04,1.8141215e+06,4.47,91.33,98.38,27.54,7.37,0.0,0
2013-12-05,1.774565e+06,6.29,85.12,82.67,44.83,13.26,0.0,0
2013-12-06,1.726253e+06,5.72,80.46,52.0,43.08,13.87,0.8,0
2013-12-07,1.5898325e+06,5.27,86.96,84.54,25.88,9.89,0.0,0
2013-12-08,1.540627e+06,5.2,90.12,56.08,42.58,7.48,0.0,0
2013-12-09,1.787556e+06,0.19,97.88,50.04,35.42,5.77,0.0,0
2013-12-10,1.8238085e+06,-0.47,91.83,32.42,54.75,6.68,0.0,0
2013-12-11,1.8141219e+06,-0.93,88.0,0.12,60.92,6.98,0.0,0
2013-12-12,1.8210861e+06,-0.5,90.04,63.75,52.79,7.86,0.0,0
2013-12-13,1.7938625e+06,0.39,95.0,60.67,29.75,9.15,0.9,0
2013-12-14,1.6086099e+06,5.86,91.96,64.96,54.62,13.46,2.2,0
2013-12-15,1.5283805e+06,5.28,82.96,36.79,52.92,16.56,0.0,0
2013-12-16,1.6766065e+06,5.69,80.17,13.29,56.42,14.68,0.0,0
2013-12-17,1.677508e+06,5.73,85.08,67.83,46.04,12.59,0.0,0
2013-12-18,1.6358445e+06,8.4,88.75,95.5,24.08,16.31,0.0,0
2013-12-19,1.6222895e+06,8.04,86.08,46.92,43.5,18.76,3.4,0
2013-12-20,1.6335475e+06,4.43,89.46,29.33,56.38,11.95,0.0,0
2013-12-21,1.5374315e+06,4.87,76.17,94.46,33.17,22.3,0.3,0
2013-12-22,1.4134419e+06,8.48,82.92,91.38,19.17,26.86,2.0,0
2013-12-23,1.4790225e+06,8.88,84.58,91.79,16.25,25.56,0.0,0
2013-12-24,1.413016e+06,10.34,80.75,100.0,5.79,36.61,16.3,0
2013-12-25,1.257212e+06,7.37,88.62,79.17,38.79,16.5,7.7,1
2013-12-26,1.4452025e+06,5.54,89.54,51.67,46.58,11.75,0.0,0
2013-12-27,1.4720461e+06,8.94,86.33,95.83,6.12,29.21,2.7,0
2013-12-28,1.3978815e+06,8.66,86.67,83.08,40.12,14.9,11.2,0
2013-12-29,1.399939e+06,5.4,88.12,34.42,49.5,13.31,0.0,0
2013-12-30,1.5595115e+06,4.38,90.71,85.5,28.71,19.02,1.1,0
2013-12-31,1.5243905e+06,6.82,81.0,93.0,26.38,18.43,2.3,0
2014-01-01,1.3661101e+06,7.49,88.96,73.96,15.83,23.91,2.4,1
2014-01-02,1.4539975e+06,9.25,84.75,57.33,46.0,23.67,2.0,0
2014-01-03,1.477531e+06,10.18,80.83,60.92,41.62,26.75,1.8,0
2014-01-04,1.4048655e+06,8.4,83.5,93.67,32.29,18.55,1.1,0
2014-01-05,1.3970035e+06,5.91,84.75,69.79,38.71,16.37,0.4,0
2014-01-06,1.544547e+06,11.45,84.04,95.46,35.04,26.4,2.4,0
2014-01-07,1.533467e+06,9.97,87.08,44.08,22.79,19.51,4.3,0
2014-01-08,1.5136085e+06,10.23,88.75,77.54,37.25,13.88,0.3,0
2014-01-09,1.5401165e+06,9.49,87.29,85.12,15.88,19.79,1.6,0
2014-01-10,1.575932e+06,5.39,92.0,77.96,23.83,8.88,0.0,0
2014-01-11,1.438512e+06,6.27,91.08,74.38,50.96,6.5,1.0,0
2014-01-12,1.4154055e+06,4.58,93.67,96.83,23.62,12.61,0.0,0
2014-01-13,1.5928155e+06,7.66,90.29,52.08,53.42,14.63,0.1,0
2014-01-14,1.662103e+06,5.47,85.58,61.62,48.83,15.83,2.4,0
2014-01-15,1.7052085e+06,5.8,91.83,99.29,8.96,18.52,3.2,0
2014-01-16,1.654108e+06,8.43,88.75,89.75,38.38,20.39,8.4,0
2014-01-17,1.6177375e+06,8.12,76.71,77.83,50.12,20.38,0.0,0
2014-01-18,1.4847555e+06,6.4,82.79,92.42,61.58,12.63,0.0,0
2014-01-19,1.4147379e+06,6.94,88.38,94.25,42.5,7.42,3.6,0
2014-01-20,1.6608275e+06,5.11,87.12,99.92,50.12,7.89,0.0,0
2014-01-21,1.735139e+06,2.66,91.46,70.08,31.08,9.92,0.0,0
2014-01-22,1.751907e+06,3.09,86.25,97.67,33.42,12.1,2.6,0
2014-01-23,1.7291435e+06,5.99,90.12,92.62,48.79,14.2,2.9,0
2014-01-24,1.699801e+06,4.16,91.58,82.96,21.67,8.88,1.1,0
2014-01-25,1.5445775e+06,4.77,89.83,95.67,21.62,13.8,2.9,0
2014-01-26,1.4529495e+06,6.4,86.75,82.12,19.42,19.55,7.1,0
2014-01-27,1.6797875e+06,4.74,77.04,84.46,49.17,21.49,0.9,0
2014-01-28,1.757115e+06,4.19,88.12,92.25,37.67,19.29,2.2,0
2014-01-29,1.761896e+06,4.67,89.21,99.88,23.08,11.77,4.8,0
2014-01-30,1.734179e+06,4.63,92.25,53.58,68.42,6.6,0.2,0
2014-01-31,1.7470115e+06,2.96,89.75,84.5,42.46,13.7,1.0,0
2014-02-01,1.5760015e+06,7.12,80.58,73.88,53.08,22.0,11.3,0
2014-02-02,1.5077435e+06,4.26,83.12,29.33,82.75,13.62,0.0,0
2014-02-03,1.6860665e+06,3.77,84.83,23.17,95.21,14.14,0.0,0
2014-02-04,1.6887139e+06,6.2,74.75,57.04,53.62,21.34,0.0,0
2014-02-05,1.7171585e+06,7.44,73.96,84.83,53.21,28.46,4.7,0
2014-02-06,1.6927995e+06,7.65,81.29,78.33,19.83,22.93,4.6,0
2014-02-07,1.6117545e+06,9.58,66.58,58.29,89.5,30.95,0.6,0
2014-02-08,1.519921e+06,7.8,79.17,84.04,50.92,29.8,4.8,0
2014-02-09,1.472127e+06,6.14,72.08,58.17,86.67,26.51,0.7,0
2014-02-10,1.629992e+06,5.62,80.46,96.79,61.21,12.06,0.9,0
2014-02-11,1.6949615e+06,5.33,83.88,73.17,54.38,19.4,4.9,0
2014-02-12,1.7003595e+06,5.23,83.08,56.75,89.04,23.1,3.8,0
2014-02-13,1.6882855e+06,6.36,82.58,63.62,50.29,21.42,9.2,0
2014-02-14,1.661136e+06,6.9,85.67,89.75,24.08,20.19,3.6,0
2014-02-15,1.4435165e+06,9.58,69.62,80.21,67.21,28.1,0.0,0
2014-02-16,1.3900995e+06,7.39,75.58,70.88,82.0,17.03,0.3,0
2014-02-17,1.562923e+06,6.66,81.75,95.29,74.38,14.42,0.0,0
2014-02-18,1.6198145e+06,6.53,81.67,82.83,90.54,11.26,0.6,0
2014-02-19,1.5912815e+06,7.52,89.21,73.0,51.75,10.63,0.4,0
2014-02-20,1.5624061e+06,8.61,92.12,84.29,14.75,19.8,1.8,0
2014-02-21,1.5658605e+06,7.05,75.75,43.42,106.21,18.57,0.8,0
2014-02-22,1.4568259e+06,6.11,84.33,84.12,48.54,13.01,5.5,0
2014-02-23,1.337068e+06,7.15,84.08,76.12,116.54,13.4,0.0,0
2014-02-24,1.4935035e+06,8.52,75.29,63.92,132.5,16.12,0.0,0
2014-02-25,1.551784e+06,9.04,77.04,81.88,68.79,22.2,3.2,0
2014-02-26,1.5722979e+06,6.3,80.96,41.79,103.79,9.68,0.0,0
2014-02-27,1.6408485e+06,5.07,90.0,73.62,33.42,17.44,8.8,0
2014-02-28,1.642837e+06,5.7,87.96,88.21,76.67,13.47,8.5,0
2014-03-01,1.4992985e+06,5.11,82.42,60.46,86.08,11.32,1.3,0
2014-03-02,1.4231655e+06,3.83,76.71,48.96,92.79,13.75,0.0,0
2014-03-03,1.602903e+06,6.61,80.83,76.21,105.0,20.51,7.6,0
2014-03-04,1.6119895e+06,5.36,81.08,50.67,108.62,8.97,0.0,0
2014-03-05,1.5555215e+06,6.88,78.33,33.21,137.96,7.5,0.0,0
2014-03-06,1.5440445e+06,6.58,77.5,4.58,160.54,6.69,0.0,0
2014-03-07,1.504819e+06,6.78,76.88,36.33,150.92,6.7,0.0,0
2014-03-08,1.3079485e+06,8.98,77.04,6.42,172.42,11.23,0.0,0
2014-03-09,1.1884835e+06,10.52,70.83,0.0,175.21,11.02,0.0,0
2014-03-10,1.362537e+06,10.04,78.88,0.0,176.96,11.33,0.0,0
2014-03-11,1.40106e+06,9.77,80.96,28.75,168.96,16.73,0.0,0
2014-03-12,1.4006955e+06,10.11,75.0,17.0,181.46,10.02,0.0,0
2014-03-13,1.395209e+06,10.08,77.38,0.0,182.5,4.93,0.0,0
2014-03-14,1.3656525e+06,9.5,83.12,0.5,183.62,6.8,0.0,0
2014-03-15,1.250292e+06,9.18,80.79,75.71,109.42,14.27,0.0,0
2014-03-16,1.1578165e+06,9.92,82.42,4.79,184.33,12.31,0.0,0
2014-03-17,1.3308485e+06,8.08,89.62,72.71,108.38,6.27,0.0,0
2014-03-18,1.3883115e+06,9.28,82.04,95.29,72.92,9.6,0.0,0
2014-03-19,1.364563e+06,10.29,77.71,65.71,178.0,9.86,0.0,0
2014-03-20,1.342195e+06,11.2,74.12,29.29,200.62,14.92,0.0,0
2014-03-21,1.3253025e+06,9.88,72.38,91.42,97.17,17.69,1.5,0
2014-03-22,1.265725e+06,8.6,69.25,78.25,130.0,18.7,0.9,0
2014-03-23,1.273951e+06,6.11,77.08,58.5,157.04,15.85,2.3,0
2014-03-24,1.4647779e+06,5.42,73.79,60.12,146.96,7.19,0.0,0
2014-03-25,1.500748e+06,5.3,80.92,95.71,50.21,11.0,4.3,0
2014-03-26,1.4936725e+06,5.84,72.58,52.71,206.21,11.59,0.2,0
2014-03-27,1.4978075e+06,5.86,72.17,71.54,208.33,6.2,0.0,0
2014-03-28,1.449388e+06,8.23,60.71,74.71,211.96,10.33,0.0,0
2014-03-29,1.241009e+06,11.75,61.71,60.42,214.5,14.57,0.0,0
2014-03-30,1.133377e+06,13.57,65.12,76.96,170.58,10.52,0.0,0
2014-03-31,1.28006e+06,13.55,72.29,74.88,191.62,7.62,0.1,0
2014-04-01,1.2786475e+06,13.58,74.17,78.58,201.12,7.0,0.0,0
2014-04-02,1.265754e+06,14.03,74.08,89.38,180.33,10.41,0.0,0
2014-04-03,1.288278e+06,14.84,68.38,93.42,145.42,12.76,0.7,0
2014-04-04,1.287996e+06,12.73,79.04,91.58,130.0,9.42,0.0,0
2014-04-05,1.146427e+06,12.0,75.88,60.83,170.08,9.36,0.0,0
2014-04-06,1.0459155e+06,14.12,82.42,89.21,63.46,12.35,0.1,0
2014-04-07,1.203239e+06,15.08,81.62,87.29,123.04,15.12,0.8,0
2014-04-08,1.2546355e+06,10.89,67.88,71.17,150.88,18.74,0.0,0
2014-04-09,1.2804765e+06,8.92,74.83,34.04,171.54,5.4,0.0,0
2014-04-10,1.2610845e+06,10.68,72.75,6.75,254.75,6.53,0.0,0
2014-04-11,1.2296075e+06,11.45,75.12,48.17,206.71,12.4,0.0,0
2014-04-12,1.0956705e+06,11.05,72.67,84.54,195.79,8.94,0.0,0
2014-04-13,1.0299935e+06,10.4,75.5,64.96,142.5,8.46,0.0,0
2014-04-14,1.214887e+06,10.16,71.0,41.21,196.42,13.11,0.0,0
2014-04-15,1.2598985e+06,8.11,65.29,9.79,261.0,13.57,0.0,0
2014-04-16,1.2744995e+06,9.17,59.62,14.92,273.54,11.88,0.0,0
2014-04-17,1.2618995e+06,11.22,56.04,31.42,277.79,7.48,0.0,0
2014-04-18,1.2358615e+06,11.05,59.54,80.88,141.04,14.87,0.0,0
2014-04-19,1.1485455e+06,9.25,64.96,59.88,204.42,14.3,1.7,0
2014-04-20,1.078574e+06,12.02,65.75,72.67,196.04,8.8,1.2,0
2014-04-21,1.079185e+06,12.13,69.75,99.67,114.33,4.61,1.2,1
2014-04-22,1.2391435e+06,12.55,79.04,50.0,227.42,7.96,1.1,0
2014-04-23,1.2438345e+06,12.58,80.04,85.29,179.88,6.7,1.9,0
2014-04-24,1.230447e+06,14.29,77.42,81.58,204.21,8.08,5.2,0
2014-04-25,1.224681e+06,13.52,85.08,89.67,127.96,9.67,10.1,0
2014-04-26,1.1132235e+06,10.28,87.46,78.62,76.96,15.05,5.6,0
2014-04-27,1.070453e+06,10.67,84.29,68.42,174.29,16.65,6.6,0
2014-04-28,1.2433935e+06,11.2,83.46,67.58,177.83,9.28,2.1,0
2014-04-29,1.268699e+06,10.3,85.33,76.71,147.83,7.43,8.3,0
2014-04-30,1.2428925e+06,13.15,77.92,67.12,211.5,9.15,3.7,0
2014-05-01,1.0326635e+06,12.32,88.38,83.54,143.83,9.35,11.5,1
2014-05-02,1.150865e+06,11.88,82.75,83.71,153.92,16.58,1.5,0
2014-05-03,1.1023545e+06,10.27,62.5,49.33,215.71,16.02,0.0,0
2014-05-04,1.0375735e+06,10.93,64.92,48.42,276.42,8.59,0.0,0
2014-05-05,1.177756e+06,13.22,66.42,60.42,308.25,9.54,0.0,0
2014-05-06,1.187963e+06,15.08,74.62,82.08,175.25,15.56,5.3,0
2014-05-07,1.1897475e+06,13.42,79.12,62.67,210.12,16.55,1.3,0
2014-05-08,1.04464306e+06,12.85,78.58,99.42,116.38,18.28,3.8,1
2014-05-09,1.1024855e+06,14.56,73.58,79.71,185.38,18.6,2.4,0
2014-05-10,1.0392715e+06,12.22,83.79,87.83,80.79,20.04,8.5,0
2014-05-11,995839.5,11.7,72.38,54.17,236.62,22.51,5.2,0
2014-05-12,1.1998075e+06,10.75,76.0,72.0,195.38,17.31,3.4,0
2014-05-13,1.242724e+06,10.8,79.71,48.38,238.71,12.77,3.0,0
2014-05-14,1.2344235e+06,11.31,80.33,45.08,224.58,10.9,0.4,0
2014-05-15,1.218823e+06,10.66,66.67,8.33,306.38,12.64,0.0,0
2014-05-16,1.1952815e+06,12.51,66.04,14.54,302.54,14.02,0.0,0
2014-05-17,1.03662e+06,14.75,65.62,9.75,302.42,12.36,0.0,0
2014-05-18,948213.5,16.31,67.54,20.38,296.5,6.83,0.0,0
2014-05-19,1.1211315e+06,17.8,63.71,38.25,299.62,11.99,0.0,0
2014-05-20,1.1519655e+06,17.55,69.58,84.58,179.92,12.27,8.3,0
2014-05-21,1.169964e+06,16.31,83.96,99.71,142.62,13.08,18.8,0
2014-05-22,1.1634795e+06,15.43,64.17,48.33,251.5,17.81,0.2,0
2014-05-23,1.1563235e+06,13.84,75.25,82.92,204.92,15.48,1.3,0
2014-05-24,1.0313165e+06,13.14,76.5,66.62,211.04,19.72,4.2,0
2014-05-25,962180.0,14.25,72.88,60.54,230.92,8.0,0.0,0
2014-05-26,1.1504705e+06,14.34,83.58,95.96,128.96,6.46,5.5,0
2014-05-27,1.189106e+06,14.32,84.79,80.25,195.08,14.19,7.5,0
2014-05-28,1.1863815e+06,12.62,90.17,87.71,92.38,9.98,6.4,0
2014-05-29,1.0126495e+06,14.38,76.62,46.67,255.04,7.79,0.1,1
2014-05-30,1.063155e+06,15.37,77.71,64.25,209.96,7.56,1.3,0
2014-05-31,989296.5,15.54,69.46,46.54,281.46,11.45,0.0,0
2014-06-01,931104.5,14.69,71.67,65.5,201.83,9.12,0.5,0
2014-06-02,1.112742e+06,14.83,79.75,78.29,179.29,6.87,0.2,0
2014-06-03,1.1454295e+06,15.55,79.46,87.62,184.0,7.52,1.6,0
2014-06-04,1.164588e+06,13.9,84.88,83.5,103.83,13.57,16.2,0
2014-06-05,1.157903e+06,13.53,64.88,44.88,277.79,11.19,0.0,0
2014-06-06,1.142848e+06,18.1,65.83,55.21,326.92,10.91,0.0,0
2014-06-07,1.0006715e+06,21.18,71.0,60.25,233.17,10.77,0.3,0
2014-06-08,917187.06,21.45,78.67,39.25,282.12,5.58,6.0,0
2014-06-09,963028.0,21.92,82.0,62.33,258.0,7.23,22.0,1
2014-06-10,1.134391e+06,19.47,82.12,71.33,216.42,8.13,5.3,0
2014-06-11,1.1478515e+06,18.98,71.42,57.83,278.83,9.87,0.1,0
2014-06-12,1.160823e+06,19.15,64.0,12.83,317.12,13.8,0.0,0
2014-06-13,1.149722e+06,18.72,68.21,14.12,334.96,13.15,0.0,0
2014-06-14,995500.94,17.3,71.08,44.17,267.46,16.82,0.4,0
2014-06-15,912426.0,15.38,71.33,46.96,227.96,18.76,0.3,0
2014-06-16,1.1003815e+06,15.69,69.12,53.62,300.58,19.28,0.0,0
2014-06-17,1.13629e+06,15.79,70.88,93.62,230.25,18.49,0.0,0
2014-06-18,1.137861e+06,16.75,69.79,42.12,276.67,17.41,0.0,0
2014-06-19,1.1449955e+06,16.48,73.62,39.71,307.54,10.27,0.0,0
2014-06-20,1.136176e+06,16.45,67.96,52.04,253.92,11.72,0.0,0
2014-06-21,1.0041635e+06,17.19,62.33,9.12,345.58,10.99,0.0,0
2014-06-22,933876.94,19.32,57.67,45.17,327.75,12.2,0.0,0
2014-06-23,1.1230655e+06,19.33,55.33,78.79,265.88,13.92,0.0,0
2014-06-24,1.156935e+06,19.78,58.33,22.25,313.08,11.14,0.0,0
2014-06-25,1.153323e+06,18.16,60.17,29.42,299.25,12.63,0.0,0
2014-06-26,1.154359e+06,18.21,55.67,67.42,249.83,5.99,0.6,0
2014-06-27,1.1415545e+06,18.5,78.04,76.12,242.0,10.87,2.0,0
2014-06-28,1.0060115e+06,15.85,87.71,98.0,82.42,6.48,13.0,0
2014-06-29,924062.0,15.23,83.5,79.62,172.62,8.52,11.8,0
2014-06-30,1.097629e+06,15.42,74.58,51.12,252.04,5.16,0.0,0
2014-07-01,1.140349e+06,17.87,61.83,66.67,213.62,11.3,0.0,0
2014-07-02,1.1465735e+06,18.42,60.38,44.0,332.83,12.32,0.0,0
2014-07-03,1.1641655e+06,21.03,60.79,20.5,339.88,5.66,0.0,0
2014-07-04,1.1472085e+06,20.69,72.29,74.58,191.58,11.17,4.4,0
2014-07-05,1.005722e+06,19.49,78.54,82.79,94.0,21.46,3.6,0
2014-07-06,931615.06,17.83,81.0,88.75,151.58,16.65,9.5,0
2014-07-07,1.102252e+06,16.44,74.83,85.08,204.17,4.82,0.4,0
2014-07-08,1.1399495e+06,15.97,80.75,84.58,206.29,7.77,6.1,0
2014-07-09,1.1510605e+06,14.41,88.0,89.25,113.67,15.36,11.8,0
2014-07-10,1.16421e+06,15.11,87.46,100.0,57.42,20.69,17.2,0
2014-07-11,1.148244e+06,16.07,88.79,91.38,138.17,11.4,6.7,0
2014-07-12,1.0046385e+06,17.85,79.83,91.04,155.25,5.62,0.2,0
2014-07-13,927368.0,17.44,90.33,90.5,106.17,10.25,15.9,0
2014-07-14,938312.5,17.15,76.58,63.38,151.71,9.93,1.0,1
2014-07-15,1.1222155e+06,18.97,75.25,51.54,198.71,5.62,0.0,0
2014-07-16,1.162969e+06,22.04,72.21,30.54,280.29,4.98,0.0,0
2014-07-17,1.1841235e+06,23.11,70.5,10.5,323.62,9.36,0.0,0
2014-07-18,1.1796905e+06,25.52,68.21,47.33,309.17,9.46,0.0,0
2014-07-19,1.02832706e+06,24.68,69.83,92.38,224.33,7.53,14.6,0
2014-07-20,932266.5,20.58,87.0,94.54,194.12,8.18,19.3,0
2014-07-21,1.103176e+06,19.15,84.79,72.5,155.25,15.31,2.2,0
2014-07-22,1.1449345e+06,19.57,82.25,70.08,133.88,15.07,0.2,0
2014-07-23,1.1582065e+06,22.04,79.92,64.67,238.5,11.92,0.7,0
2014-07-24,1.165382e+06,22.91,70.83,24.67,292.08,8.73,1.2,0
2014-07-25,1.128944e+06,20.9,68.88,13.29,284.96,9.26,0.0,0
2014-07-26,990403.06,20.11,75.12,44.54,241.17,10.26,0.6,0
2014-07-27,922947.06,21.35,74.88,49.58,267.67,7.89,0.5,0
2014-07-28,1.073647e+06,19.22,79.04,76.5,196.79,10.65,6.2,0
2014-07-29,1.092961e+06,18.93,78.75,87.42,129.96,13.84,2.0,0
2014-07-30,1.095529e+06,20.13,70.58,33.67,240.79,11.85,0.1,0
2014-07-31,1.093781e+06,19.21,71.21,39.54,294.12,5.15,0.0,0
2014-08-01,1.069561e+06,20.72,71.62,53.33,244.46,7.0,0.1,0
2014-08-02,949798.0,20.61,69.12,72.62,216.88,13.18,0.0,0
2014-08-03,876484.5,19.18,82.5,59.88,207.29,6.57,6.8,0
2014-08-04,993642.5,18.27,72.92,47.38,217.92,6.95,0.3,0
2014-08-05,1.0139155e+06,19.68,66.17,45.33,236.29,5.01,0.0,0
2014-08-06,1.01994306e+06,18.33,82.29,93.75,72.33,10.38,11.3,0
2014-08-07,1.02497906e+06,19.13,87.58,81.54,153.83,4.54,2.4,0
2014-08-08,1.02255694e+06,19.02,91.12,97.17,95.67,10.03,14.4,0
2014-08-09,921054.0,18.86,75.0,85.46,161.33,13.94,3.6,0
2014-08-10,871019.06,19.02,79.71,71.25,148.25,16.88,8.1,0
2014-08-11,972251.5,16.95,67.92,38.42,233.42,15.45,1.0,0
2014-08-12,986077.5,16.46,79.88,39.08,189.96,14.12,6.0,0
2014-08-13,986778.5,15.81,80.92,77.04,123.04,11.42,3.4,0
2014-08-14,979571.06,15.93,80.5,60.96,204.96,12.19,9.7,0
2014-08-15,891908.5,15.34,81.42,52.71,199.29,14.43,1.3,1
2014-08-16,892462.5,16.36,73.21,23.62,228.75,7.35,0.0,0
2014-08-17,856452.0,16.15,70.54,83.96,193.29,15.54,0.0,0
2014-08-18,988908.5,16.4,68.21,71.46,172.17,13.29,0.0,0
2014-08-19,1.0206405e+06,14.46,71.71,45.75,188.12,11.17,0.0,0
2014-08-20,1.02857506e+06,14.23,73.21,43.0,203.71,7.37,1.0,0
2014-08-21,1.0364735e+06,13.64,72.29,34.88,187.75,8.12,0.1,0
2014-08-22,1.0406705e+06,15.1,68.21,67.88,190.79,12.66,0.0,0
2014-08-23,949411.5,15.17,69.75,51.62,203.58,11.81,0.0,0
2014-08-24,894415.06,14.62,72.21,58.08,168.5,7.38,0.1,0
2014-08-25,1.075697e+06,15.06,87.92,100.0,42.12,13.17,20.5,0
2014-08-26,1.1211565e+06,17.22,89.08,71.79,140.46,12.2,10.0,0
2014-08-27,1.119755e+06,17.15,84.88,72.67,133.54,7.38,1.2,0
2014-08-28,1.127528e+06,18.59,79.54,92.62,112.38,12.87,1.2,0
2014-08-29,1.1130735e+06,18.22,75.0,64.54,201.79,8.92,0.0,0
2014-08-30,985368.94,17.18,79.33,66.75,153.08,10.56,0.3,0
2014-08-31,919300.94,16.42,77.29,55.92,144.42,13.64,0.2,0
2014-09-01,1.0993935e+06,15.89,80.71,31.67,169.75,6.11,0.0,0
2014-09-02,1.1406035e+06,17.43,81.21,40.58,183.79,6.95,0.1,0
2014-09-03,1.1453185e+06,17.42,77.42,19.62,189.08,11.63,0.0,0
2014-09-04,1.153846e+06,17.71,79.33,64.04,110.83,8.48,0.1,0
2014-09-05,1.1457605e+06,18.92,81.83,65.71,138.79,6.32,0.3,0
2014-09-06,1.00724894e+06,18.79,80.62,56.88,179.29,5.78,0.2,0
2014-09-07,939485.5,18.55,79.58,21.92,202.96,4.82,0.0,0
2014-09-08,1.130637e+06,18.78,76.0,5.46,214.92,9.59,0.0,0
2014-09-09,1.160323e+06,17.47,73.75,44.58,198.12,11.25,0.0,0
2014-09-10,1.161796e+06,15.85,72.42,32.54,202.46,14.26,0.0,0
2014-09-11,1.159858e+06,15.16,71.58,34.92,156.96,13.58,0.0,0
2014-09-12,1.139565e+06,15.98,73.62,1.42,214.79,11.25,0.0,0
2014-09-13,1.0039325e+06,16.6,76.29,36.12,147.08,13.95,0.0,0
2014-09-14,934610.5,17.33,74.08,78.12,97.79,13.15,0.0,0
2014-09-15,1.1247645e+06,18.75,75.25,51.79,157.75,8.16,0.0,0
2014-09-16,1.1564515e+06,18.32,76.75,26.29,177.46,7.01,0.0,0
2014-09-17,1.162815e+06,20.11,77.92,91.12,151.08,8.95,0.3,0
2014-09-18,1.1626375e+06,19.56,82.42,54.54,164.29,7.11,2.7,0
2014-09-19,1.152834e+06,19.9,80.92,82.92,155.0,7.56,0.0,0
2014-09-20,1.0103695e+06,19.8,81.96,58.83,165.21,7.46,3.1,0
2014-09-21,936471.5,17.26,84.33,73.71,84.17,10.86,4.6,0
2014-09-22,1.1115895e+06,14.05,73.46,61.92,152.75,11.64,0.0,0
2014-09-23,1.151769e+06,13.4,72.62,48.46,183.42,10.06,0.0,0
2014-09-24,1.171054e+06,13.08,78.0,81.29,127.83,8.78,0.1,0
2014-09-25,1.1670675e+06,13.64,76.92,43.12,131.08,5.96,0.0,0
2014-09-26,1.1521095e+06,14.71,74.58,17.29,180.04,6.21,0.0,0
2014-09-27,1.0126e+06,16.15,78.0,27.17,177.75,8.38,0.0,0
2014-09-28,942395.06,17.42,75.67,75.33,160.75,8.99,0.0,0
2014-09-29,1.135413e+06,17.56,82.75,88.0,97.0,9.32,5.1,0
2014-09-30,1.1663785e+06,17.65,83.38,51.5,142.75,4.62,0.2,0
2014-10-01,1.1676835e+06,17.25,78.83,39.79,155.0,4.9,0.0,0
2014-10-02,1.1652045e+06,16.87,84.46,73.42,110.0,5.95,0.0,0
2014-10-03,1.1498385e+06,16.85,82.46,41.17,147.21,4.95,0.0,0
2014-10-04,1.0125455e+06,15.88,79.46,43.46,140.17,11.01,2.7,0
2014-10-05,959808.94,12.49,76.46,99.71,61.0,13.62,1.8,0
2014-10-06,1.169801e+06,12.02,79.0,99.5,52.46,15.32,7.0,0
2014-10-07,1.205924e+06,13.78,85.29,87.62,62.46,19.42,2.0,0
2014-10-08,1.2166835e+06,15.11,87.46,90.71,44.88,17.89,15.2,0
2014-10-09,1.2025065e+06,15.85,80.54,76.25,84.33,16.28,0.0,0
2014-10-10,1.1847005e+06,14.32,80.79,96.62,124.25,8.98,0.0,0
2014-10-11,1.04667694e+06,14.73,80.5,78.08,130.46,7.67,1.2,0
2014-10-12,1.0013295e+06,13.01,90.67,61.71,34.17,12.34,7.0,0
2014-10-13,1.1736695e+06,15.42,74.0,43.88,121.62,21.74,0.0,0
2014-10-14,1.208084e+06,12.31,76.67,20.21,133.08,10.09,0.1,0
2014-10-15,1.2203985e+06,12.15,86.71,89.88,56.12,8.73,0.1,0
2014-10-16,1.218755e+06,15.99,84.96,96.58,82.5,15.79,3.4,0
2014-10-17,1.1919265e+06,15.56,84.54,94.33,68.38,12.9,3.7,0
2014-10-18,1.0415835e+06,17.71,81.79,14.62,126.46,12.63,0.0,0
2014-10-19,959272.5,17.88,83.83,8.71,120.79,13.1,0.0,0
2014-10-20,1.1482825e+06,14.27,89.75,75.92,23.62,8.56,3.0,0
2014-10-21,1.2110935e+06,12.25,80.92,65.25,57.12,22.78,1.2,0
2014-10-22,1.2553715e+06,10.8,63.58,56.83,80.79,16.04,0.2,0
2014-10-23,1.2823025e+06,12.72,74.38,79.58,95.96,8.11,0.0,0
2014-10-24,1.2676505e+06,12.06,78.54,94.96,62.42,10.09,2.3,0
2014-10-25,1.1166755e+06,12.87,90.33,86.75,32.67,3.48,0.3,0
2014-10-26,1.0460255e+06,13.64,90.08,96.83,63.04,3.22,0.0,0
2014-10-27,1.231666e+06,12.5,91.88,85.38,87.25,4.98,0.0,0
2014-10-28,1.2813655e+06,10.36,93.25,79.17,71.21,8.63,0.0,0
2014-10-29,1.278002e+06,9.35,95.54,72.12,56.79,6.1,0.3,0
2014-10-30,1.2585475e+06,12.46,87.54,23.67,102.88,8.65,0.0,0
2014-10-31,1.226692e+06,13.86,81.46,87.92,102.33,10.58,0.0,0
2014-11-01,1.072856e+06,14.1,85.46,4.96,101.25,10.3,0.0,1
2014-11-02,1.049025e+06,13.96,88.83,62.21,47.67,17.3,1.9,0
2014-11-03,1.2696235e+06,12.83,87.46,90.83,34.58,25.02,17.2,0
2014-11-04,1.33984e+06,9.23,85.67,99.54,57.92,7.4,5.8,0
2014-11-05,1.4075155e+06,7.44,82.88,32.46,82.42,10.53,0.0,0
2014-11-06,1.4499845e+06,7.23,81.88,41.25,86.83,10.62,0.0,0
2014-11-07,1.4359699e+06,10.64,71.79,63.5,66.12,23.92,2.0,0
2014-11-08,1.274535e+06,10.88,81.96,68.88,55.54,18.0,0.0,0
2014-11-09,1.2094435e+06,10.41,85.46,96.25,29.08,12.2,1.3,0
2014-11-10,1.325969e+06,9.13,84.29,77.12,88.04,13.28,0.0,0
2014-11-11,1.2458815e+06,10.62,84.29,77.71,82.58,13.09,0.0,1
2014-11-12,1.3942035e+06,11.15,79.29,81.5,66.12,14.44,0.3,0
2014-11-13,1.431349e+06,9.65,86.33,76.21,51.04,15.2,0.0,0
2014-11-14,1.4213515e+06,9.86,88.54,97.04,13.46,13.54,12.4,0
2014-11-15,1.2745355e+06,9.13,93.29,95.38,37.12,9.13,0.0,0
2014-11-16,1.2339325e+06,8.38,91.96,94.21,33.04,9.18,3.0,0
2014-11-17,1.450665e+06,7.42,91.0,90.92,45.25,8.18,0.8,0
2014-11-18,1.483833e+06,7.02,92.17,70.38,42.54,7.16,0.1,0
2014-11-19,1.5138445e+06,7.19,90.79,83.79,36.54,6.79,0.0,0
2014-11-20,1.5115139e+06,7.95,88.38,97.54,36.96,10.23,0.7,0
2014-11-21,1.4628019e+06,8.59,90.62,96.5,47.54,7.25,0.0,0
2014-11-22,1.280455e+06,10.19,91.75,71.54,61.08,9.04,0.2,0
2014-11-23,1.187871e+06,10.84,93.04,50.38,62.29,8.77,0.2,0
2014-11-24,1.383108e+06,9.48,87.88,84.67,27.67,14.46,1.6,0
2014-11-25,1.4384381e+06,9.76,86.42,99.42,22.54,10.85,3.8,0
2014-11-26,1.4336941e+06,11.2,96.08,99.29,11.96,6.13,8.2,0
2014-11-27,1.433987e+06,10.72,95.12,98.67,34.0,6.63,0.1,0
2014-11-28,1.405331e+06,11.65,79.83,84.21,48.71,16.18,0.0,0
2014-11-29,1.2930835e+06,8.4,83.46,57.29,64.62,11.15,0.0,0
2014-11-30,1.286322e+06,3.91,92.46,53.12,59.04,6.15,0.0,0
2014-12-01,1.54562e+06,5.01,87.88,97.88,18.04,15.13,0.2,0
2014-12-02,1.632421e+06,3.03,83.17,97.83,21.38,12.04,0.1,0
2014-12-03,1.683581e+06,2.2,87.88,99.12,27.17,14.58,1.6,0
2014-12-04,1.6895901e+06,3.11,83.38,97.21,16.0,7.94,0.0,0
2014-12-05,1.6662925e+06,4.62,89.54,98.67,20.0,5.68,0.3,0
2014-12-06,1.544575e+06,3.92,89.29,48.92,47.42,12.0,0.0,0
2014-12-07,1.523532e+06,2.3,92.58,64.42,19.92,12.3,1.8,0
2014-12-08,1.6821175e+06,3.99,91.21,67.46,38.04,12.23,2.4,0
2014-12-09,1.7534301e+06,1.91,89.38,25.25,59.58,9.98,0.0,0
2014-12-10,1.735819e+06,6.84,86.88,79.04,19.46,18.08,0.8,0
2014-12-11,1.669248e+06,7.4,83.25,88.29,31.08,22.46,1.0,0
2014-12-12,1.6406725e+06,9.46,83.67,99.88,10.62,28.6,7.9,0
2014-12-13,1.4901255e+06,4.8,93.71,99.58,4.33,10.74,20.1,0
2014-12-14,1.474672e+06,1.31,96.58,92.38,29.17,5.61,0.0,0
2014-12-15,1.632785e+06,3.53,93.21,93.33,12.17,13.6,1.6,0
2014-12-16,1.6078635e+06,6.45,92.92,82.08,35.58,8.31,0.3,0
2014-12-17,1.6331261e+06,8.2,93.92,100.0,3.25,18.3,14.0,0
2014-12-18,1.5372225e+06,11.45,89.29,99.83,17.88,19.78,1.2,0
2014-12-19,1.4912265e+06,10.49,84.88,91.96,4.54,22.75,3.5,0
2014-12-20,1.394645e+06,6.82,83.12,75.17,36.83,14.2,0.0,0
2014-12-21,1.387725e+06,6.74,83.83,88.04,30.5,13.1,0.0,0
2014-12-22,1.538661e+06,8.5,82.29,89.29,33.67,19.4,0.0,0
2014-12-23,1.5514125e+06,8.5,86.29,99.38,18.08,15.35,0.0,0
2014-12-24,1.4701699e+06,8.85,86.75,93.21,9.75,20.12,0.8,0
2014-12-25,1.3147325e+06,5.86,84.0,59.08,36.96,10.63,0.3,1
2014-12-26,1.498023e+06,2.59,92.5,70.54,34.25,9.78,2.3,0
2014-12-27,1.507959e+06,4.73,85.21,84.5,33.46,30.07,7.6,0
2014-12-28,1.568947e+06,-0.64,69.75,58.33,44.71,21.81,0.1,0
2014-12-29,1.7925765e+06,-0.61,84.25,46.04,41.67,11.85,0.1,0
2014-12-30,1.7704419e+06,2.35,90.75,56.54,45.92,8.44,0.0,0
2014-12-31,1.7210965e+06,1.2,90.0,33.21,47.88,4.99,0.0,0
2015-01-01,1.613817e+06,-0.62,95.08,62.04,36.75,8.62,0.0,1
2015-01-02,1.6560455e+06,5.0,87.67,87.08,13.46,16.45,1.1,0
2015-01-03,1.538261e+06,5.87,95.25,94.33,5.33,19.1,3.7,0
2015-01-04,1.413088e+06,4.43,91.21,82.58,26.38,8.16,1.1,0
2015-01-05,1.7105995e+06,0.49,93.79,57.46,50.79,6.4,0.0,0
2015-01-06,1.8103385e+06,0.75,92.83,70.38,31.92,9.3,0.0,0
2015-01-07,1.7840205e+06,3.12,96.96,88.17,28.96,6.95,0.0,0
2015-01-08,1.7200141e+06,7.92,92.38,93.88,7.58,21.38,3.7,0
2015-01-09,1.6321155e+06,9.45,90.08,97.33,8.46,25.07,0.7,0
2015-01-10,1.3861095e+06,11.38,85.5,98.67,18.71,26.36,2.4,0
2015-01-11,1.3799181e+06,6.17,76.17,70.46,53.12,17.83,0.0,0
2015-01-12,1.642328e+06,7.21,76.29,95.04,29.75,23.67,0.0,0
2015-01-13,1.6425475e+06,9.22,80.46,76.62,21.21,26.15,1.3,0
2015-01-14,1.642105e+06,6.4,81.58,73.04,52.42,23.5,2.1,0
2015-01-15,1.6463395e+06,8.89,80.25,99.92,13.29,31.09,3.6,0
2015-01-16,1.6354465e+06,5.93,87.38,84.96,59.79,10.28,3.1,0
2015-01-17,1.5631655e+06,2.41,86.33,49.96,63.29,10.08,0.0,0
2015-01-18,1.5634155e+06,2.9,83.42,93.12,60.79,13.41,0.0,0
2015-01-19,1.7819939e+06,2.35,88.75,92.12,28.67,8.77,1.6,0
2015-01-20,1.845672e+06,0.61,89.33,80.88,46.17,6.14,0.0,0
2015-01-21,1.8645425e+06,1.3,82.92,97.62,59.88,10.47,0.0,0
2015-01-22,1.8671235e+06,0.67,84.46,79.08,71.46,11.54,0.0,0
2015-01-23,1.8924855e+06,-0.06,81.79,92.96,41.83,8.17,0.0,0
2015-01-24,1.748997e+06,1.84,84.08,61.33,58.38,16.09,3.4,0
2015-01-25,1.6587341e+06,1.78,89.62,47.08,66.0,7.95,0.0,0
2015-01-26,1.7951615e+06,6.01,91.29,95.71,9.17,13.95,2.6,0
2015-01-27,1.7771525e+06,4.14,88.5,82.04,42.62,10.34,0.1,0
2015-01-28,1.7841365e+06,4.83,89.5,87.33,21.25,19.28,1.6,0
2015-01-29,1.7818015e+06,3.94,90.25,94.88,19.79,20.45,6.0,0
2015-01-30,1.7966845e+06,2.15,86.46,71.04,46.62,19.48,1.6,0
2015-01-31,1.6632465e+06,2.03,89.08,80.75,59.71,14.0,1.8,0
2015-02-01,1.636949e+06,2.39,84.21,75.12,43.79,19.56,0.9,0
2015-02-02,1.8332061e+06,1.38,78.54,78.38,72.5,10.34,0.4,0
2015-02-03,1.898993e+06,0.32,73.92,94.58,71.58,7.61,0.2,0
2015-02-04,1.9433505e+06,0.88,80.83,90.21,72.88,16.83,0.0,0
2015-02-05,1.9702645e+06,0.68,78.92,44.17,83.67,17.71,0.0,0
2015-02-06,2.0303299e+06,-0.59,63.62,29.12,94.54,24.85,0.0,0
2015-02-07,1.834879e+06,0.44,62.5,13.83,103.96,19.77,0.0,0
2015-02-08,1.6948125e+06,4.44,79.12,68.04,67.67,18.51,0.1,0
2015-02-09,1.8351341e+06,1.3,90.88,48.25,57.08,8.06,0.0,0
2015-02-10,1.8317415e+06,3.9,86.58,93.83,40.54,10.42,0.0,0
2015-02-11,1.7913355e+06,3.07,87.17,18.29,105.12,7.89,0.0,0
2015-02-12,1.780319e+06,1.66,91.79,45.12,89.42,3.29,0.0,0
2015-02-13,1.7264655e+06,4.7,84.33,49.88,86.71,18.46,2.0,0
2015-02-14,1.5417365e+06,6.45,90.54,94.67,37.42,15.71,7.0,0
2015-02-15,1.476189e+06,5.29,89.17,77.92,42.17,8.04,0.3,0
2015-02-16,1.696855e+06,5.02,87.58,77.58,102.88,8.8,0.0,0
2015-02-17,1.7130065e+06,6.06,86.21,90.92,24.38,14.34,0.0,0
2015-02-18,1.72766e+06,3.2,89.33,76.5,65.42,6.65,0.0,0
2015-02-19,1.7292179e+06,4.71,81.46,68.38,103.79,11.69,0.0,0
2015-02-20,1.7045825e+06,6.17,87.79,95.33,15.96,24.42,9.6,0
2015-02-21,1.5677085e+06,3.94,92.38,77.54,73.04,13.15,7.5,0
2015-02-22,1.537347e+06,2.55,78.92,48.62,118.38,13.02,0.3,0
2015-02-23,1.6775219e+06,7.09,81.29,82.71,93.42,21.62,9.5,0
2015-02-24,1.715517e+06,4.66,79.79,45.67,102.29,18.88,1.8,0
2015-02-25,1.6772645e+06,4.52,92.92,89.42,21.38,11.74,5.2,0
2015-02-26,1.6405425e+06,8.18,96.62,96.67,22.71,10.65,4.6,0
2015-02-27,1.6422625e+06,5.65,69.54,47.67,119.75,16.58,0.0,0
2015-02-28,1.5393275e+06,3.7,76.88,75.38,67.96,16.11,0.0,0
2015-03-01,1.3936955e+06,9.77,81.62,96.04,67.29,21.96,4.1,0
2015-03-02,1.529843e+06,7.45,74.96,60.33,125.75,21.7,3.9,0
2015-03-03,1.5635845e+06,5.21,78.38,71.29,89.5,16.0,1.9,0
2015-03-04,1.6095235e+06,4.41,74.71,30.62,140.79,15.23,0.0,0
2015-03-05,1.6349375e+06,4.59,78.04,7.25,145.25,9.04,0.0,0
2015-03-06,1.602611e+06,4.33,80.38,39.04,162.21,6.3,0.0,0
2015-03-07,1.4285545e+06,5.92,77.21,67.29,154.62,8.76,0.0,0
2015-03-08,1.314638e+06,7.42,78.04,56.08,171.46,6.98,0.0,0
2015-03-09,1.4506055e+06,8.58,86.04,96.75,120.42,5.85,0.0,0
2015-03-10,1.4906495e+06,8.05,91.5,97.25,27.25,7.53,0.9,0
2015-03-11,1.4605865e+06,8.33,76.08,86.08,156.0,9.65,0.0,0
2015-03-12,1.463375e+06,6.84,65.5,37.33,184.5,11.67,0.0,0
2015-03-13,1.490685e+06,6.35,68.12,99.62,113.21,9.15,0.0,0
2015-03-14,1.4110579e+06,6.13,65.54,75.79,126.88,14.47,0.0,0
2015-03-15,1.3854345e+06,5.95,81.71,98.21,81.88,12.42,0.8,0
2015-03-16,1.5319505e+06,6.76,79.62,33.5,175.71,6.18,0.0,0
2015-03-17,1.4959835e+06,8.68,74.67,7.88,192.25,6.39,0.0,0
2015-03-18,1.4425335e+06,9.26,79.21,59.96,183.42,13.28,0.0,0
2015-03-19,1.482551e+06,6.36,80.71,95.33,78.17,16.69,0.0,0
2015-03-20,1.494275e+06,8.52,79.42,55.79,168.33,13.9,0.0,0
2015-03-21,1.3833415e+06,6.27,81.04,71.12,85.46,13.74,0.0,0
2015-03-22,1.3444499e+06,7.17,72.83,66.38,117.0,18.4,0.8,0
2015-03-23,1.4908975e+06,6.36,74.46,1.67,185.46,5.99,0.0,0
2015-03-24,1.5274425e+06,5.77,82.33,93.29,83.12,8.47,7.2,0
2015-03-25,1.579349e+06,6.14,75.96,65.67,166.21,13.06,2.0,0
2015-03-26,1.603417e+06,3.7,90.04,60.42,43.88,14.29,3.2,0
2015-03-27,1.512467e+06,7.14,78.29,59.58,135.71,11.78,0.0,0
2015-03-28,1.335072e+06,9.68,85.67,92.67,51.17,16.82,0.3,0
2015-03-29,1.254712e+06,10.9,85.58,100.0,31.58,27.72,5.4,0
2015-03-30,1.4028095e+06,10.15,75.33,95.96,110.54,21.37,5.3,0
2015-03-31,1.410865e+06,11.05,69.62,74.0,138.83,30.68,0.3,0
2015-04-01,1.4560941e+06,7.69,62.62,48.08,170.67,21.0,0.5,0
2015-04-02,1.4804425e+06,7.95,85.04,95.04,20.0,17.0,3.2,0
2015-04-03,1.436064e+06,8.58,90.46,99.92,63.58,7.78,6.0,0
2015-04-04,1.311812e+06,7.99,86.71,82.04,54.96,14.76,0.3,0
2015-04-05,1.263298e+06,5.7,69.0,30.96,191.54,14.68,0.0,0
2015-04-06,1.273756e+06,6.75,70.83,20.08,213.71,11.1,0.0,1
2015-04-07,1.4004255e+06,8.24,67.92,0.88,255.0,9.37,0.0,0
2015-04-08,1.3758659e+06,8.9,69.62,0.04,252.88,7.96,0.0,0
2015-04-09,1.318584e+06,10.73,70.67,21.67,258.54,7.38,0.0,0
2015-04-10,1.2679815e+06,12.12,70.75,55.88,242.12,11.1,0.0,0
2015-04-11,1.1398805e+06,11.84,78.62,89.96,108.92,16.8,1.6,0
2015-04-12,1.065006e+06,11.12,75.38,58.71,167.25,7.9,0.1,0
2015-04-13,1.194565e+06,11.4,76.0,22.67,254.21,5.54,0.0,0
2015-04-14,1.191038e+06,14.24,72.33,48.0,266.21,7.04,0.0,0
2015-04-15,1.173393e+06,15.42,70.0,29.83,257.29,7.37,0.0,0
2015-04-16,1.1736225e+06,15.45,73.46,91.08,217.75,8.23,0.0,0
2015-04-17,1.1777245e+06,13.74,72.17,72.79,189.67,10.06,0.0,0
2015-04-18,1.0695885e+06,11.24,55.21,52.75,257.62,20.22,0.0,0
2015-04-19,1.0237605e+06,10.94,55.54,0.0,284.17,16.49,0.0,0
2015-04-20,1.1851095e+06,12.83,59.88,22.0,270.42,11.86,0.0,0
2015-04-21,1.1894715e+06,14.01,62.21,0.0,282.96,13.44,0.0,0
2015-04-22,1.1796125e+06,13.38,62.5,0.0,287.25,17.67,0.0,0
2015-04-23,1.179752e+06,12.96,65.17,0.0,288.29,9.5,0.0,0
2015-04-24,1.1663345e+06,14.09,71.79,46.04,268.38,11.01,0.9,0
2015-04-25,1.0378265e+06,14.66,77.0,83.62,156.92,11.01,4.4,0
2015-04-26,986692.94,12.9,86.25,85.46,93.0,8.21,8.2,0
2015-04-27,1.1913835e+06,10.56,72.08,98.5,132.04,18.05,0.0,0
2015-04-28,1.247214e+06,9.09,64.21,47.92,226.46,12.34,0.0,0
2015-04-29,1.26151e+06,9.75,67.42,88.04,182.62,12.05,0.9,0
2015-04-30,1.263413e+06,9.05,91.42,83.33,36.33,12.62,12.5,0
2015-05-01,1.0764735e+06,9.71,90.75,100.0,32.0,13.0,9.9,1
2015-05-02,1.0868235e+06,11.22,89.79,99.96,63.38,8.5,10.1,0
2015-05-03,1.01624706e+06,14.95,88.21,83.38,96.0,18.12,6.0,0
2015-05-04,1.165859e+06,15.32,80.58,93.25,182.04,14.0,14.4,0
2015-05-05,1.1670855e+06,16.3,72.46,34.08,213.12,24.81,3.4,0
2015-05-06,1.18317e+06,12.67,66.29,22.08,242.96,23.85,0.1,0
2015-05-07,1.1871685e+06,12.05,67.25,59.04,226.62,9.7,0.0,0
2015-05-08,1.02659294e+06,13.56,77.08,82.83,147.33,7.76,3.0,1
2015-05-09,999660.0,15.12,72.0,64.38,224.33,17.78,0.0,0
2015-05-10,943534.5,15.49,75.54,61.17,269.46,8.08,0.0,0
2015-05-11,1.112134e+06,18.53,74.33,99.21,251.38,7.25,0.0,0
2015-05-12,1.13646e+06,15.95,74.25,94.58,262.0,10.57,0.0,0
2015-05-13,1.140134e+06,13.44,72.25,42.62,226.46,9.57,1.5,0
2015-05-14,998883.5,13.23,78.38,83.21,100.79,10.86,5.3,1
2015-05-15,1.0814295e+06,11.02,80.08,85.46,138.62,13.69,0.3,0
2015-05-16,1.0268865e+06,11.61,82.88,83.46,93.5,10.87,0.3,0
2015-05-17,955783.5,12.26,73.29,19.12,274.12,7.89,0.0,0
2015-05-18,1.1307625e+06,12.89,75.12,54.12,265.5,13.6,0.4,0
2015-05-19,1.1797975e+06,10.87,67.38,54.21,223.79,19.36,1.0,0
2015-05-20,1.205796e+06,10.28,69.17,30.62,281.67,13.24,0.1,0
2015-05-21,1.2101685e+06,11.61,70.33,40.79,230.96,9.44,0.1,0
2015-05-22,1.1802215e+06,13.06,71.33,40.0,281.46,7.94,0.0,0
2015-05-23,1.032134e+06,15.03,75.75,59.12,199.12,10.73,0.0,0
2015-05-24,939096.5,15.14,69.96,49.25,260.54,10.05,0.0,0
2015-05-25,978292.0,14.48,77.42,73.62,162.79,12.65,1.6,1
2015-05-26,1.14181e+06,13.59,66.62,82.21,147.96,9.58,0.0,0
2015-05-27,1.158566e+06,14.95,66.62,43.54,292.12,5.88,0.0,0
2015-05-28,1.1621605e+06,15.1,70.12,82.46,235.46,10.15,0.0,0
2015-05-29,1.149512e+06,13.96,67.54,90.12,157.67,12.47,1.2,0
2015-05-30,1.012674e+06,14.02,62.88,95.58,257.88,11.5,0.0,0
2015-05-31,947141.5,14.41,80.96,99.75,69.0,19.02,5.7,0
2015-06-01,1.129523e+06,13.07,66.5,87.58,269.04,10.13,0.3,0
2015-06-02,1.1645055e+06,16.15,64.79,72.79,188.75,24.86,0.2,0
2015-06-03,1.1675495e+06,16.55,69.42,61.58,182.83,11.22,0.0,0
2015-06-04,1.176677e+06,17.86,64.75,9.08,329.29,10.36,0.0,0
2015-06-05,1.170653e+06,22.66,69.83,31.92,286.54,11.18,3.0,0
2015-06-06,1.01427e+06,16.59,59.54,16.29,331.75,12.24,0.0,0
2015-06-07,934412.94,15.58,59.29,56.38,337.42,13.43,0.0,0
2015-06-08,1.1164215e+06,15.02,54.21,6.71,342.08,22.01,0.0,0
2015-06-09,1.147066e+06,14.92,56.21,70.5,240.04,23.67,0.0,0
2015-06-10,1.150922e+06,17.07,55.75,62.58,242.67,20.21,0.0,0
2015-06-11,1.166666e+06,21.7,63.96,43.12,317.33,13.14,1.0,0
2015-06-12,1.143027e+06,21.82,67.42,83.21,239.75,13.11,1.1,0
2015-06-13,996060.94,19.78,60.75,76.08,313.83,9.53,0.0,0
2015-06-14,925965.5,18.64,60.04,87.42,199.92,12.57,0.2,0
2015-06-15,1.1055175e+06,17.57,68.25,96.96,160.79,13.24,0.1,0
2015-06-16,1.1338475e+06,16.87,54.42,31.5,316.5,15.59,0.0,0
2015-06-17,1.139669e+06,17.81,59.0,40.92,290.83,10.36,0.0,0
2015-06-18,1.152803e+06,17.11,82.17,96.33,60.92,13.75,2.9,0
2015-06-19,1.123466e+06,16.12,65.92,38.08,282.67,11.26,0.2,0
2015-06-20,992820.94,16.7,67.33,60.04,162.33,9.56,0.0,0
2015-06-21,924479.06,17.79,71.33,86.42,194.29,11.88,1.1,0
2015-06-22,1.1218515e+06,14.72,72.96,87.54,82.96,13.01,1.2,0
2015-06-23,1.148898e+06,14.73,68.08,49.46,217.67,11.79,0.0,0
2015-06-24,1.1514095e+06,17.11,61.5,25.83,296.88,5.19,0.0,0
2015-06-25,1.161856e+06,21.1,55.04,67.79,325.29,4.28,0.0,0
2015-06-26,1.1599645e+06,23.53,50.25,66.62,294.38,9.49,0.0,0
2015-06-27,1.0219895e+06,19.95,58.21,77.71,269.58,13.15,0.0,0
2015-06-28,954786.5,21.28,53.17,53.08,327.54,8.39,0.0,0
2015-06-29,1.151308e+06,21.25,55.46,59.21,333.21,8.52,0.0,0
2015-06-30,1.202829e+06,24.51,47.83,0.0,337.71,10.09,0.0,0
2015-07-01,1.220421e+06,29.2,41.62,11.75,327.75,11.73,0.9,0
2015-07-02,1.2255415e+06,26.15,59.83,43.17,276.62,12.29,0.2,0
2015-07-03,1.219118e+06,26.46,55.79,39.67,319.5,14.16,0.0,0
2015-07-04,1.083992e+06,28.29,51.71,46.92,287.17,8.02,0.3,0
2015-07-05,985920.94,22.28,61.88,62.71,206.33,11.42,5.4,0
2015-07-06,1.179298e+06,22.39,55.83,15.88,322.04,7.7,0.0,0
2015-07-07,1.2183935e+06,23.0,60.0,58.46,243.04,11.31,2.2,0
2015-07-08,1.184955e+06,17.73,61.67,76.25,147.12,19.63,0.5,0
2015-07-09,1.175547e+06,17.75,58.83,38.62,248.92,12.72,0.0,0
2015-07-10,1.170967e+06,19.81,47.12,0.0,339.54,10.7,0.0,0
2015-07-11,1.0436555e+06,21.83,48.83,22.67,329.88,13.32,0.0,0
2015-07-12,957395.06,19.43,61.67,74.58,205.38,8.47,0.1,0
2015-07-13,1.071399e+06,21.37,62.08,81.67,120.62,12.7,0.0,0
2015-07-14,1.00543906e+06,21.19,64.62,68.38,178.21,11.17,0.0,1
2015-07-15,1.1765855e+06,22.81,64.5,13.75,237.75,7.45,0.0,0
2015-07-16,1.2151285e+06,26.33,58.54,10.75,320.88,12.09,0.0,0
2015-07-17,1.203987e+06,25.23,57.17,57.5,264.21,15.49,0.0,0
2015-07-18,1.052959e+06,22.63,57.92,55.29,240.71,7.02,1.2,0
2015-07-19,962983.06,22.0,66.21,91.33,178.71,12.18,0.7,0
2015-07-20,1.162001e+06,22.66,72.75,98.17,81.21,14.08,2.5,0
2015-07-21,1.2066615e+06,23.53,69.75,51.04,174.25,11.16,0.0,0
2015-07-22,1.1919155e+06,21.85,61.46,80.83,213.33,10.18,1.8,0
2015-07-23,1.175277e+06,20.51,55.21,63.96,261.12,7.88,0.0,0
2015-07-24,1.157641e+06,21.79,55.88,77.92,216.75,14.06,2.3,0
2015-07-25,1.0052035e+06,18.17,61.33,58.08,212.58,22.15,0.9,0
2015-07-26,929731.5,15.86,72.96,86.79,98.08,14.08,6.0,0
2015-07-27,1.0903585e+06,18.37,68.29,82.08,151.38,24.19,2.0,0
2015-07-28,1.114391e+06,16.33,62.79,98.04,138.46,17.5,0.2,0
2015-07-29,1.1108155e+06,16.31,62.62,69.5,209.92,12.99,0.0,0
2015-07-30,1.0944205e+06,16.08,59.96,33.67,231.33,11.3,0.0,0
2015-07-31,1.0697525e+06,16.46,57.5,62.67,297.75,9.59,0.0,0
2015-08-01,953647.5,19.17,51.04,34.58,304.38,10.32,0.0,0
2015-08-02,898395.5,21.02,50.04,19.12,311.08,9.11,0.0,0
2015-08-03,1.0387135e+06,25.68,41.0,33.17,293.54,10.58,0.0,0
2015-08-04,1.0448625e+06,21.56,58.71,78.0,245.58,11.75,2.9,0
2015-08-05,1.0563525e+06,22.31,50.17,37.54,283.79,8.97,0.0,0
2015-08-06,1.0726265e+06,23.56,53.62,39.71,290.5,8.55,0.0,0
2015-08-07,1.064753e+06,22.92,56.46,25.92,243.38,12.44,0.0,0
2015-08-08,958768.5,23.18,52.83,81.0,213.08,11.58,0.0,0
2015-08-09,880115.5,21.57,56.96,81.08,96.29,10.0,0.7,0
2015-08-10,985265.5,21.82,59.38,82.21,228.08,8.6,0.0,0
2015-08-11,1.0180785e+06,23.28,65.58,72.71,217.25,11.93,0.0,0
2015-08-12,1.0367425e+06,26.25,57.08,55.71,258.12,12.31,0.0,0
2015-08-13,1.03058306e+06,25.01,67.67,96.67,168.38,12.46,5.2,0
2015-08-14,1.00354094e+06,20.47,79.46,77.21,177.42,11.74,6.1,0
2015-08-15,894647.5,17.72,75.88,90.62,172.08,16.72,3.6,1
2015-08-16,854140.0,17.1,68.17,72.96,147.88,6.56,0.2,0
2015-08-17,982846.0,17.68,57.25,97.04,169.38,10.39,0.0,0
2015-08-18,1.0156375e+06,16.94,63.46,88.25,170.46,5.97,0.0,0
2015-08-19,1.02514094e+06,19.25,57.21,64.17,203.08,6.29,0.0,0
2015-08-20,1.040492e+06,19.18,74.42,81.46,120.96,6.34,6.7,0
2015-08-21,1.04756494e+06,21.98,67.0,25.04,248.29,6.4,0.0,0
2015-08-22,960652.94,23.48,52.04,7.12,268.17,10.1,0.0,0
2015-08-23,895083.5,20.21,63.0,75.04,106.42,11.1,4.7,0
2015-08-24,1.0535155e+06,17.26,75.96,80.12,145.38,25.18,13.8,0
2015-08-25,1.086247e+06,16.62,69.12,65.08,116.38,20.84,0.2,0
2015-08-26,1.110888e+06,21.94,67.21,90.33,205.71,20.08,0.3,0
2015-08-27,1.129356e+06,16.49,87.12,100.0,18.54,10.44,19.3,0
2015-08-28,1.11785e+06,17.32,78.42,84.71,124.54,3.86,0.2,0
2015-08-29,1.00850706e+06,21.58,74.38,36.88,228.62,7.65,0.0,0
2015-08-30,948583.5,25.1,70.75,37.54,229.33,9.32,0.0,0
2015-08-31,1.132029e+06,22.05,78.17,80.08,137.92,11.18,5.9,0
2015-09-01,1.141419e+06,17.4,81.54,73.25,143.79,14.05,4.7,0
2015-09-02,1.1304985e+06,15.12,72.92,34.83,197.0,7.71,0.0,0
2015-09-03,1.136696e+06,14.61,70.0,34.0,180.0,9.4,0.6,0
2015-09-04,1.124836e+06,13.96,71.67,55.92,139.46,8.45,0.5,0
2015-09-05,993522.0,14.16,73.33,61.12,123.29,9.43,0.2,0
2015-09-06,935815.06,14.02,62.42,65.96,183.62,10.34,0.0,0
2015-09-07,1.1180585e+06,14.13,72.75,36.83,137.5,9.14,0.0,0
2015-09-08,1.148264e+06,15.22,75.04,58.25,115.96,13.07,0.3,0
2015-09-09,1.152982e+06,16.54,66.67,8.79,214.83,13.25,0.0,0
2015-09-10,1.1535345e+06,16.81,57.08,1.5,226.5,11.49,0.0,0
2015-09-11,1.1421115e+06,16.07,58.71,52.04,217.71,6.5,0.0,0
2015-09-12,1.009096e+06,17.18,78.17,96.04,54.79,10.22,8.2,0
2015-09-13,945803.5,15.19,91.75,96.58,60.58,10.05,4.6,0
2015-09-14,1.11784e+06,15.39,76.12,63.5,152.71,21.32,2.2,0
2015-09-15,1.160086e+06,14.9,67.42,74.42,160.33,20.38,2.2,0
2015-09-16,1.1827855e+06,17.48,79.21,78.58,60.46,24.05,17.4,0
2015-09-17,1.176294e+06,15.99,77.29,81.29,126.46,17.1,2.8,0
2015-09-18,1.1551375e+06,13.97,82.92,68.58,125.33,15.82,7.6,0
2015-09-19,1.0218795e+06,14.38,81.04,41.67,145.25,10.53,0.0,0
2015-09-20,956167.5,13.0,78.5,40.96,161.62,5.9,0.0,0
2015-09-21,1.1347355e+06,15.09,71.79,70.54,150.21,8.57,0.0,0
2015-09-22,1.1768745e+06,13.89,78.12,76.75,107.29,20.0,7.5,0
2015-09-23,1.1872795e+06,13.28,76.71,57.5,131.96,12.9,0.0,0
2015-09-24,1.192669e+06,13.15,82.83,72.88,56.04,12.1,0.5,0
2015-09-25,1.167833e+06,14.48,79.62,74.25,133.42,7.31,0.0,0
2015-09-26,1.0355545e+06,13.73,72.0,58.71,141.62,12.85,0.0,0
2015-09-27,974678.0,14.08,69.29,8.12,182.17,17.13,0.0,0
2015-09-28,1.154006e+06,13.36,66.46,27.17,182.92,17.77,0.0,0
2015-09-29,1.1917235e+06,13.53,60.12,4.04,182.75,20.32,0.0,0
2015-09-30,1.198428e+06,13.2,61.58,0.0,178.71,17.06,0.0,0
2015-10-01,1.2106875e+06,12.05,60.46,4.0,177.25,17.56,0.0,0
2015-10-02,1.205451e+06,12.62,65.88,4.75,171.54,11.18,0.0,0
2015-10-03,1.07031e+06,13.5,75.17,33.58,161.5,4.61,0.2,0
2015-10-04,1.014512e+06,12.94,80.42,82.71,142.17,9.5,0.6,0
2015-10-05,1.1905745e+06,15.35,89.04,99.83,39.96,12.55,12.7,0
2015-10-06,1.197477e+06,16.92,87.71,83.67,84.12,16.68,10.4,0
2015-10-07,1.208086e+06,14.49,71.83,84.42,85.21,17.5,1.6,0
2015-10-08,1.216644e+06,12.16,73.0,62.42,97.67,7.9,0.0,0
2015-10-09,1.215683e+06,12.41,76.46,60.0,83.88,9.15,0.0,0
2015-10-10,1.0923005e+06,12.3,82.71,64.46,93.62,13.48,0.0,0
2015-10-11,1.03177506e+06,12.13,78.75,89.21,92.38,13.03,0.0,0
2015-10-12,1.2363815e+06,11.52,77.33,68.62,103.38,11.22,0.0,0
2015-10-13,1.3069735e+06,8.93,75.42,36.5,129.38,15.1,0.0,0
2015-10-14,1.387409e+06,7.45,75.42,88.17,76.29,12.46,0.9,0
2015-10-15,1.450495e+06,5.9,78.79,92.96,53.42,14.87,0.0,0
2015-10-16,1.4640585e+06,6.22,89.04,91.46,26.46,7.36,3.8,0
2015-10-17,1.284066e+06,9.93,87.25,93.42,53.71,6.02,0.5,0
2015-10-18,1.1925145e+06,9.26,86.67,98.92,42.58,9.55,0.0,0
2015-10-19,1.369019e+06,9.6,84.62,67.75,76.38,7.82,0.0,0
2015-10-20,1.3933175e+06,10.57,88.83,87.83,38.25,7.39,0.1,0
2015-10-21,1.4108795e+06,9.49,88.88,89.38,62.12,7.65,1.0,0
2015-10-22,1.3941615e+06,12.78,89.17,99.33,40.92,12.61,1.4,0
2015-10-23,1.3433735e+06,11.86,79.25,94.62,64.38,4.61,0.0,0
2015-10-24,1.1997515e+06,11.85,85.0,96.71,71.88,10.02,0.0,0
2015-10-25,1.1156155e+06,11.98,82.54,84.21,64.79,10.13,0.0,0
2015-10-26,1.295384e+06,12.47,88.29,61.21,87.92,11.42,0.0,0
2015-10-27,1.3043485e+06,14.02,81.04,54.5,99.83,10.41,3.2,0
2015-10-28,1.312734e+06,13.2,90.04,90.21,47.58,9.18,7.1,0
2015-10-29,1.331564e+06,10.92,85.5,72.62,51.79,12.15,0.0,0
2015-10-30,1.3072075e+06,11.41,86.08,70.25,96.0,12.36,0.0,0
2015-10-31,1.1666765e+06,11.15,87.54,27.92,103.17,9.04,0.0,0
2015-11-01,1.111064e+06,9.66,93.46,28.08,83.42,5.72,0.0,1
2015-11-02,1.331662e+06,8.96,92.54,48.92,75.5,8.94,0.0,0
2015-11-03,1.364625e+06,11.95,81.12,87.54,15.71,13.92,4.0,0
2015-11-04,1.3359845e+06,13.85,88.08,91.46,57.67,14.37,6.0,0
2015-11-05,1.317178e+06,14.22,87.08,83.67,66.04,12.66,1.9,0
2015-11-06,1.280584e+06,16.08,91.62,98.79,21.12,16.09,6.2,0
2015-11-07,1.1143865e+06,17.48,88.25,82.38,75.79,12.42,0.5,0
2015-11-08,1.054679e+06,15.28,89.62,65.25,54.25,12.3,0.0,0
2015-11-09,1.2287e+06,14.98,79.17,63.17,79.17,17.04,0.0,0
2015-11-10,1.281532e+06,11.84,85.08,60.04,65.62,12.78,0.0,0
2015-11-11,1.166974e+06,11.82,90.88,87.17,53.25,9.19,0.0,1
2015-11-12,1.3199585e+06,12.5,92.67,95.46,45.04,7.14,0.0,0
2015-11-13,1.3416335e+06,12.33,84.04,82.08,39.75,16.33,0.8,0
2015-11-14,1.2477165e+06,10.08,73.71,98.04,56.12,16.73,0.0,0
2015-11-15,1.16594e+06,12.33,80.29,58.12,72.17,19.45,0.0,0
2015-11-16,1.347239e+06,11.98,84.25,78.88,30.67,19.86,0.1,0
2015-11-17,1.367565e+06,14.98,88.38,99.04,19.33,26.82,2.5,0
2015-11-18,1.336788e+06,13.56,76.46,74.21,54.5,22.86,0.0,0
2015-11-19,1.348468e+06,14.06,82.29,90.62,30.33,23.63,2.2,0
2015-11-20,1.359804e+06,11.1,89.5,99.42,5.21,14.65,21.3,0
2015-11-21,1.3443135e+06,5.5,79.75,66.83,52.54,22.7,2.0,0
2015-11-22,1.389228e+06,3.32,71.58,34.29,72.96,12.58,0.0,0
2015-11-23,1.6344235e+06,1.78,84.46,51.0,62.17,5.09,0.0,0
2015-11-24,1.7282385e+06,2.81,89.33,99.5,10.79,17.4,4.9,0
2015-11-25,1.637509e+06,7.56,89.88,62.71,50.17,15.84,4.8,0
2015-11-26,1.6117415e+06,5.55,87.04,41.21,57.12,8.99,0.0,0
2015-11-27,1.6401581e+06,4.94,88.0,59.83,42.04,11.68,0.3,0
2015-11-28,1.503599e+06,7.0,77.42,59.67,63.08,18.98,0.7,0
2015-11-29,1.4092735e+06,10.41,75.54,98.67,23.83,28.04,0.5,0
2015-11-30,1.524971e+06,11.51,73.42,97.58,35.58,26.48,0.0,0
2015-12-01,1.5217735e+06,11.56,78.04,86.25,31.25,17.76,0.0,0
2015-12-02,1.5491021e+06,8.32,83.17,29.96,57.62,8.55,0.0,0
2015-12-03,1.592043e+06,5.85,84.92,55.83,59.79,11.49,0.0,0
2015-12-04,1.551456e+06,9.14,79.58,47.0,57.04,14.8,0.0,0
2015-12-05,1.4445845e+06,4.79,88.54,56.46,55.04,15.6,0.0,0
2015-12-06,1.337356e+06,8.8,87.71,81.04,31.5,17.74,0.1,0
2015-12-07,1.471121e+06,9.01,89.88,58.25,47.25,10.95,0.0,0
2015-12-08,1.5213005e+06,8.88,91.92,59.96,24.92,14.59,7.4,0
2015-12-09,1.550956e+06,6.16,92.46,5.12,59.17,9.57,0.0,0
2015-12-10,1.6569145e+06,3.86,90.83,81.42,41.58,11.85,0.0,0
2015-12-11,1.632749e+06,6.06,90.0,96.58,21.71,17.42,0.0,0
2015-12-12,1.443749e+06,9.32,92.75,93.38,24.04,14.28,0.2,0
2015-12-13,1.420335e+06,6.22,96.79,96.12,23.46,9.25,0.0,0
2015-12-14,1.5997255e+06,4.98,93.38,90.04,44.04,9.45,0.0,0
2015-12-15,1.5814765e+06,7.71,91.29,86.92,13.54,13.58,13.2,0
2015-12-16,1.513868e+06,12.22,93.12,93.92,18.71,17.0,0.0,0
2015-12-17,1.4699705e+06,12.43,87.58,74.58,52.71,14.52,0.6,0
2015-12-18,1.435492e+06,11.51,92.62,81.21,14.75,10.6,1.0,0
2015-12-19,1.2991165e+06,11.05,89.38,80.92,43.29,13.83,0.0,0
2015-12-20,1.243645e+06,11.69,81.42,92.42,39.29,16.88,1.8,0
2015-12-21,1.394173e+06,10.98,81.12,56.96,48.88,23.82,0.4,0
2015-12-22,1.4080945e+06,12.32,68.42,97.12,19.38,23.8,0.0,0
2015-12-23,1.383487e+06,11.34,77.96,75.21,48.75,17.17,0.0,0
2015-12-24,1.31298e+06,10.89,83.75,89.42,42.04,19.95,0.5,0
2015-12-25,1.160566e+06,10.94,86.79,80.25,23.04,15.49,4.1,1
2015-12-26,1.2158525e+06,9.87,87.33,58.58,53.12,14.92,0.0,0
2015-12-27,1.225541e+06,9.28,88.96,73.54,54.0,14.14,0.0,0
2015-12-28,1.3651105e+06,7.68,85.17,84.25,48.04,13.1,0.0,0
2015-12-29,1.3736725e+06,9.52,82.58,73.5,42.88,15.03,2.7,0
2015-12-30,1.4009375e+06,7.8,83.12,77.83,49.92,17.81,0.0,0
2015-12-31,1.367485e+06,9.0,81.42,43.04,55.92,16.93,2.9,0
2016-01-01,1.290957e+06,6.62,90.96,85.17,41.04,13.86,1.9,1
2016-01-02,1.3315055e+06,9.06,85.29,86.71,41.71,21.68,1.9,0
2016-01-03,1.3626755e+06,7.01,87.79,90.75,12.38,22.01,11.4,0
2016-01-04,1.546489e+06,7.43,85.75,48.79,43.21,19.3,0.1,0
2016-01-05,1.6159135e+06,7.12,85.42,68.83,33.67,20.15,2.4,0
2016-01-06,1.6334585e+06,7.3,90.67,89.88,31.62,13.1,0.7,0
2016-01-07,1.626192e+06,7.53,85.88,84.25,30.58,21.73,10.7,0
2016-01-08,1.6044895e+06,5.02,89.71,89.75,42.38,9.43,0.0,0
2016-01-09,1.4274575e+06,6.94,88.29,79.5,34.08,17.48,2.1,0
2016-01-10,1.391955e+06,7.03,87.0,68.54,27.12,21.76,4.8,0
2016-01-11,1.5933495e+06,6.61,87.46,93.0,35.12,23.1,5.6,0
2016-01-12,1.6630755e+06,6.4,79.46,77.25,39.5,22.6,1.2,0
2016-01-13,1.7197139e+06,5.24,76.42,61.08,59.12,18.76,0.0,0
2016-01-14,1.7426695e+06,4.53,86.67,62.46,46.67,17.86,5.8,0
2016-01-15,1.7912579e+06,2.99,70.38,34.67,57.21,20.33,0.0,0
2016-01-16,1.6865325e+06,1.6,82.21,30.46,46.79,12.31,0.0,0
2016-01-17,1.6370935e+06,0.27,92.0,78.96,22.25,6.92,0.3,0
2016-01-18,1.8793085e+06,-1.27,77.42,94.25,39.67,13.16,0.0,0
2016-01-19,1.8959555e+06,-2.66,84.29,66.54,57.92,6.08,0.0,0
2016-01-20,1.883324e+06,-1.55,84.33,31.58,69.79,4.76,0.0,0
2016-01-21,1.889532e+06,-1.7,85.75,29.79,72.0,7.6,0.0,0
2016-01-22,1.8545115e+06,1.6,88.12,86.38,25.75,14.22,7.7,0
2016-01-23,1.570068e+06,4.92,98.88,99.92,24.25,10.05,0.0,0
2016-01-24,1.4634705e+06,7.33,94.33,97.88,20.96,10.06,0.0,0
2016-01-25,1.5958125e+06,7.99,84.67,46.67,75.67,12.73,0.0,0
2016-01-26,1.586988e+06,9.01,87.79,81.54,49.92,16.97,0.0,0
2016-01-27,1.5802775e+06,10.29,79.38,99.67,32.29,25.93,2.3,0
2016-01-28,1.5772875e+06,7.81,85.04,88.71,39.33,9.32,3.7,0
2016-01-29,1.6003585e+06,5.3,83.58,45.79,60.25,18.42,0.0,0
2016-01-30,1.470709e+06,8.47,84.38,99.92,6.38,26.37,8.4,0
2016-01-31,1.3590495e+06,8.74,91.83,100.0,9.04,17.89,2.2,0
2016-02-01,1.482843e+06,11.32,79.21,99.96,33.58,22.37,0.0,0
2016-02-02,1.512877e+06,10.04,86.46,91.0,9.92,20.98,4.1,0
2016-02-03,1.5902221e+06,5.77,81.58,69.67,74.58,18.17,0.8,0
2016-02-04,1.6674885e+06,6.9,87.0,82.71,13.17,18.2,0.3,0
2016-02-05,1.5616695e+06,9.72,88.92,99.75,26.33,12.71,0.0,0
2016-02-06,1.4047605e+06,10.01,77.25,98.46,68.62,23.22,0.0,0
2016-02-07,1.3576145e+06,8.86,70.54,74.42,77.21,24.66,3.5,0
2016-02-08,1.5600621e+06,9.16,75.38,73.5,64.08,33.97,5.8,0
2016-02-09,1.6126785e+06,7.43,82.79,88.42,44.62,26.24,8.3,0
2016-02-10,1.685348e+06,4.85,75.88,66.46,75.71,21.43,0.2,0
2016-02-11,1.6877261e+06,4.41,83.38,46.38,95.42,11.12,0.7,0
2016-02-12,1.694385e+06,2.4,95.92,92.5,20.38,12.62,6.7,0
2016-02-13,1.5078815e+06,5.83,93.92,95.29,40.04,16.62,12.2,0
2016-02-14,1.419693e+06,5.9,87.58,83.67,66.5,12.61,2.8,0
2016-02-15,1.694729e+06,3.45,78.29,58.62,98.54,19.78,0.3,0
2016-02-16,1.766823e+06,1.09,77.29,1.96,124.92,11.04,0.0,0
2016-02-17,1.8058915e+06,-0.12,78.25,44.54,115.0,6.72,0.0,0
2016-02-18,1.8024395e+06,1.85,82.17,99.04,60.46,10.7,0.1,0
2016-02-19,1.7303315e+06,3.3,81.0,22.08,109.21,13.05,0.0,0
2016-02-20,1.5378621e+06,9.08,86.92,99.96,18.67,26.0,2.6,0
2016-02-21,1.349517e+06,10.82,82.79,100.0,32.21,23.25,0.0,0
2016-02-22,1.518531e+06,9.59,83.79,89.25,21.71,21.05,1.1,0
2016-02-23,1.5571795e+06,6.83,78.88,67.29,87.0,11.96,6.4,0
2016-02-24,1.612284e+06,3.69,82.33,94.29,55.38,8.77,2.5,0
2016-02-25,1.6312445e+06,2.98,80.38,27.79,129.83,7.92,0.0,0
2016-02-26,1.655379e+06,2.42,68.83,83.71,80.67,8.47,0.0,0
2016-02-27,1.552847e+06,3.39,65.5,99.54,118.67,17.9,0.0,0
2016-02-28,1.505525e+06,3.32,65.46,73.5,146.46,22.97,0.0,0
2016-02-29,1.7108339e+06,2.69,66.5,18.12,154.71,20.0,0.0,0
2016-03-01,1.7183425e+06,2.91,88.21,79.67,36.79,15.07,2.9,0
2016-03-02,1.6418419e+06,7.42,77.88,82.17,111.62,23.36,2.6,0
2016-03-03,1.678595e+06,5.21,77.46,75.88,123.58,20.78,1.5,0
2016-03-04,1.6394499e+06,5.98,84.46,98.5,74.0,12.37,16.5,0
2016-03-05,1.514908e+06,3.75,86.29,81.04,103.42,12.8,10.8,0
2016-03-06,1.4829059e+06,4.1,75.33,44.62,136.21,13.45,0.6,0
2016-03-07,1.6817661e+06,2.05,85.75,40.04,138.54,12.89,1.6,0
2016-03-08,1.7179139e+06,3.72,76.46,56.79,124.08,8.7,0.2,0
2016-03-09,1.6923215e+06,5.46,80.0,87.08,58.33,22.32,10.6,0
2016-03-10,1.6661065e+06,6.28,83.12,93.46,76.08,6.18,0.0,0
2016-03-11,1.6173065e+06,6.88,73.54,66.21,143.75,8.95,0.0,0
2016-03-12,1.452299e+06,6.98,72.25,52.0,165.08,9.7,0.0,0
2016-03-13,1.393601e+06,5.65,75.17,27.08,159.29,16.58,0.0,0
2016-03-14,1.558135e+06,5.9,71.71,36.12,168.92,16.75,0.0,0
2016-03-15,1.5555765e+06,5.97,68.96,36.29,186.0,12.89,0.0,0
2016-03-16,1.6121405e+06,6.02,67.29,38.33,125.88,19.76,0.2,0
2016-03-17,1.5999755e+06,5.96,67.96,1.71,194.21,11.29,0.0,0
2016-03-18,1.5466035e+06,5.4,79.29,0.92,195.54,10.84,0.0,0
2016-03-19,1.4185661e+06,5.48,80.46,84.29,97.58,13.01,0.0,0
2016-03-20,1.35254e+06,5.81,75.88,70.54,141.25,13.06,0.0,0
2016-03-21,1.497613e+06,6.94,78.29,84.58,84.04,12.63,0.0,0
2016-03-22,1.4900585e+06,7.23,73.29,36.58,151.29,11.54,0.0,0
2016-03-23,1.5149981e+06,6.76,79.46,68.46,82.5,13.32,0.0,0
2016-03-24,1.498483e+06,7.23,74.62,93.29,94.96,8.38,0.0,0
2016-03-25,1.4747285e+06,8.27,85.75,86.92,51.29,12.82,6.0,0
2016-03-26,1.289393e+06,10.09,86.62,94.38,62.88,18.4,0.0,0
2016-03-27,1.2260475e+06,9.73,76.54,78.04,162.21,23.29,8.9,0
2016-03-28,1.2588255e+06,10.1,71.96,77.79,145.67,31.51,6.3,1
2016-03-29,1.4228835e+06,9.02,76.96,61.58,154.62,20.09,2.1,0
2016-03-30,1.4156465e+06,8.73,83.79,99.96,67.12,9.68,2.4,0
2016-03-31,1.4251585e+06,6.9,88.25,99.46,40.38,18.65,13.3,0
2016-04-01,1.4614515e+06,7.56,77.04,61.17,189.67,10.24,0.0,0
2016-04-02,1.325159e+06,9.07,83.58,67.92,150.79,10.73,4.4,0
2016-04-03,1.1664705e+06,13.95,86.25,65.04,195.75,11.42,6.1,0
2016-04-04,1.3159665e+06,12.47,75.12,83.5,188.33,13.7,4.7,0
2016-04-05,1.341504e+06,11.38,76.08,71.54,192.46,8.81,0.0,0
2016-04-06,1.3515185e+06,9.29,79.04,66.29,140.21,15.42,0.4,0
2016-04-07,1.3829805e+06,7.93,75.79,37.12,209.08,15.2,3.3,0
2016-04-08,1.4121325e+06,7.99,81.67,38.75,199.75,7.54,1.8,0
2016-04-09,1.2805865e+06,7.28,86.08,77.42,117.58,12.39,2.5,0
2016-04-10,1.1813435e+06,9.14,77.88,51.75,220.92,14.32,0.0,0
2016-04-11,1.2992845e+06,10.9,80.62,75.21,86.83,11.7,9.2,0
2016-04-12,1.3042205e+06,9.74,81.92,47.54,178.46,9.17,0.9,0
2016-04-13,1.294045e+06,10.97,81.96,75.12,200.17,7.43,3.2,0
2016-04-14,1.299108e+06,10.73,82.75,86.33,189.75,8.4,3.5,0
2016-04-15,1.2673405e+06,11.72,76.38,64.79,166.33,19.96,2.0,0
2016-04-16,1.1424815e+06,10.89,74.71,84.08,205.96,14.35,0.4,0
2016-04-17,1.1210605e+06,7.15,73.17,43.5,231.92,11.54,2.1,0
2016-04-18,1.3211355e+06,7.1,68.75,9.71,265.21,7.07,0.0,0
2016-04-19,1.3133145e+06,8.78,72.92,9.54,267.96,9.2,0.0,0
2016-04-20,1.2686435e+06,11.25,66.12,64.38,279.42,18.72,0.0,0
2016-04-21,1.2470125e+06,14.04,65.42,99.25,223.58,9.12,0.0,0
2016-04-22,1.2233275e+06,13.4,81.08,95.75,139.21,6.12,1.7,0
2016-04-23,1.1488925e+06,9.58,71.29,80.88,154.62,16.25,1.1,0
2016-04-24,1.173152e+06,5.93,74.5,46.92,224.96,12.5,3.5,0
2016-04-25,1.393851e+06,7.1,77.12,92.17,146.96,17.6,1.8,0
2016-04-26,1.4076395e+06,6.76,79.21,67.79,230.83,14.45,4.0,0
2016-04-27,1.4309405e+06,6.03,75.46,52.38,251.67,11.73,2.1,0
2016-04-28,1.4014301e+06,6.29,69.33,39.67,244.62,8.52,0.2,0
2016-04-29,1.3651895e+06,8.8,73.21,76.5,225.17,16.86,4.2,0
2016-04-30,1.2450765e+06,7.82,85.17,89.08,114.42,12.3,8.3,0
2016-05-01,1.173497e+06,8.42,67.62,4.71,303.33,14.68,0.0,1
2016-05-02,1.28944e+06,10.28,71.04,69.67,275.38,7.66,0.0,0
2016-05-03,1.2654835e+06,11.65,67.83,61.67,228.33,13.15,0.5,0
2016-05-04,1.2399185e+06,10.64,68.29,17.42,305.12,7.9,0.0,0
2016-05-05,1.04595106e+06,12.73,60.83,18.58,312.29,13.08,0.0,1
2016-05-06,1.0657445e+06,15.62,68.17,34.54,309.62,9.74,0.0,0
2016-05-07,990223.5,16.61,67.38,64.88,275.5,11.55,0.0,0
2016-05-08,936792.0,17.91,60.71,76.92,274.79,13.17,0.0,1
2016-05-09,1.126452e+06,18.37,66.12,99.46,190.46,14.63,2.0,0
2016-05-10,1.159557e+06,16.55,88.21,98.79,123.58,8.9,12.7,0
2016-05-11,1.171658e+06,15.75,89.54,91.12,141.96,5.31,8.8,0
2016-05-12,1.181946e+06,14.98,88.62,99.5,144.38,6.45,1.8,0
2016-05-13,1.1759525e+06,16.27,85.5,75.5,208.54,11.12,5.4,0
2016-05-14,1.057276e+06,10.9,69.42,68.58,192.25,17.15,0.0,0
2016-05-15,998112.94,9.6,68.96,43.62,198.5,8.2,0.3,0
2016-05-16,1.03324894e+06,11.44,76.67,59.04,219.38,8.18,0.5,1
2016-05-17,1.165462e+06,12.08,75.04,46.96,213.67,7.48,0.0,0
2016-05-18,1.176075e+06,13.18,77.38,85.92,155.58,15.62,3.4,0
2016-05-19,1.191683e+06,12.23,79.92,88.96,171.33,16.37,2.8,0
2016-05-20,1.1718605e+06,14.21,81.75,94.96,114.46,12.28,0.8,0
2016-05-21,1.01461694e+06,17.99,75.67,93.29,265.92,13.35,0.5,0
2016-05-22,956620.5,15.02,90.96,99.04,63.29,10.06,29.1,0
2016-05-23,1.158459e+06,12.3,88.42,88.54,143.92,15.81,11.5,0
2016-05-24,1.1823925e+06,11.36,78.83,77.54,177.0,9.78,0.0,0
2016-05-25,1.1588455e+06,13.64,71.67,53.21,242.88,10.12,0.0,0
2016-05-26,1.133246e+06,16.34,76.04,73.71,231.0,8.2,0.8,0
2016-05-27,1.1142975e+06,18.15,80.0,31.17,270.88,4.18,9.6,0
2016-05-28,982784.5,17.56,85.96,55.42,223.17,5.96,12.3,0
2016-05-29,922605.5,16.12,92.08,99.88,93.46,11.59,10.0,0
2016-05-30,1.1238025e+06,13.58,93.58,99.58,38.75,20.36,22.1,0
2016-05-31,1.1746515e+06,13.52,95.42,100.0,40.17,18.25,35.0,0
2016-06-01,1.166577e+06,16.14,87.54,96.46,145.54,13.52,2.7,0
2016-06-02,1.1789605e+06,13.89,89.96,100.0,76.67,18.46,2.0,0
2016-06-03,1.1661655e+06,12.17,87.71,100.0,51.46,12.44,1.3,0
2016-06-04,1.02261106e+06,15.28,84.62,99.79,129.25,10.95,0.0,0
2016-06-05,940787.06,16.9,85.46,95.5,130.29,7.46,0.4,0
2016-06-06,1.100232e+06,18.48,87.29,76.33,227.21,4.99,2.6,0
2016-06-07,1.1166495e+06,19.46,85.75,36.67,277.54,8.78,0.7,0
2016-06-08,1.117443e+06,18.83,81.04,54.17,236.75,11.59,0.7,0
2016-06-09,1.117501e+06,16.92,77.33,28.62,326.79,9.56,0.0,0
2016-06-10,1.101897e+06,17.84,76.42,96.88,198.58,5.85,0.2,0
2016-06-11,976956.5,17.75,82.54,95.79,164.08,4.64,4.7,0
2016-06-12,921109.5,16.12,87.38,83.71,128.46,12.6,6.0,0
2016-06-13,1.0960325e+06,15.42,81.96,81.96,147.0,13.34,1.5,0
2016-06-14,1.114561e+06,15.48,82.75,91.17,213.38,15.02,6.2,0
2016-06-15,1.131462e+06,14.66,84.88,88.38,229.0,9.89,9.6,0
2016-06-16,1.138027e+06,14.82,84.58,94.83,215.04,6.19,6.9,0
2016-06-17,1.1267145e+06,15.26,85.08,76.75,224.0,11.49,3.9,0
2016-06-18,998307.5,14.75,84.42,65.08,241.5,11.34,5.3,0
2016-06-19,934116.0,16.03,77.21,79.12,200.67,6.0,0.9,0
2016-06-20,1.11536e+06,15.33,88.42,99.83,35.83,16.83,8.2,0
2016-06-21,1.1486405e+06,17.8,89.67,100.0,94.75,10.2,1.4,0
2016-06-22,1.158021e+06,22.29,80.71,54.92,257.17,9.32,0.3,0
2016-06-23,1.162787e+06,24.29,78.67,50.29,285.75,8.79,1.4,0
2016-06-24,1.1384265e+06,20.13,76.25,72.58,254.42,10.28,0.0,0
2016-06-25,996009.5,17.07,70.5,71.12,211.12,11.47,1.1,0
2016-06-26,927968.5,15.79,75.42,40.08,251.58,10.68,1.9,0
2016-06-27,1.104113e+06,16.72,80.04,95.04,127.54,11.49,1.4,0
2016-06-28,1.134896e+06,16.67,78.88,64.38,138.46,10.18,0.3,0
2016-06-29,1.1443485e+06,17.81,67.71,78.38,260.17,13.48,0.0,0
2016-06-30,1.153325e+06,18.29,76.46,74.96,175.0,16.78,1.6,0
2016-07-01,1.1433965e+06,18.38,80.21,78.92,157.29,19.52,1.7,0
2016-07-02,1.0025125e+06,16.07,67.0,69.58,220.5,14.4,0.9,0
2016-07-03,936299.06,14.62,79.79,86.75,56.62,8.73,1.0,0
2016-07-04,1.12131e+06,17.62,80.12,83.75,190.5,8.24,0.5,0
2016-07-05,1.1527645e+06,18.21,75.54,75.96,213.04,10.74,0.4,0
2016-07-06,1.1570885e+06,17.1,70.67,43.12,307.83,5.45,0.0,0
2016-07-07,1.169331e+06,19.21,68.62,4.29,336.67,6.95,0.0,0
2016-07-08,1.1639805e+06,20.41,71.5,56.21,297.71,9.74,0.0,0
2016-07-09,1.0385495e+06,20.02,74.42,0.5,323.79,7.13,0.0,0
2016-07-10,975980.5,22.17,68.46,53.79,313.04,11.58,0.0,0
2016-07-11,1.1384845e+06,19.91,65.79,86.0,185.21,15.96,0.0,0
2016-07-12,1.1463635e+06,17.59,72.79,54.54,241.29,10.71,6.5,0
2016-07-13,1.1279335e+06,15.73,73.12,45.88,264.71,13.61,3.0,0
2016-07-14,974035.06,15.46,71.33,36.12,244.58,12.02,1.0,1
2016-07-15,1.038856e+06,16.51,67.75,58.71,259.62,6.21,0.0,0
2016-07-16,980548.0,18.78,74.46,66.38,165.54,6.55,0.1,0
2016-07-17,934011.06,21.44,72.75,26.75,259.88,6.64,0.0,0
2016-07-18,1.1334985e+06,22.78,71.12,18.08,316.75,7.43,0.0,0
2016-07-19,1.1842545e+06,25.29,63.67,0.0,324.54,10.55,0.0,0
2016-07-20,1.183458e+06,25.3,61.33,43.83,239.54,11.32,1.7,0
2016-07-21,1.172919e+06,21.92,69.12,76.5,249.5,9.63,0.0,0
2016-07-22,1.1396125e+06,20.74,70.21,93.5,149.04,11.0,0.4,0
2016-07-23,1.0041645e+06,21.22,65.67,26.42,275.38,12.65,0.0,0
2016-07-24,937200.94,20.57,69.58,37.5,228.71,7.49,0.0,0
2016-07-25,1.113141e+06,21.73,72.29,70.08,179.83,6.73,1.0,0
2016-07-26,1.135481e+06,19.58,65.62,58.17,227.88,10.82,0.7,0
2016-07-27,1.132868e+06,19.17,69.12,76.29,138.25,8.49,0.0,0
2016-07-28,1.131931e+06,20.68,71.71,92.38,171.25,11.68,5.2,0
2016-07-29,1.1104115e+06,21.04,71.75,71.92,151.71,15.09,1.6,0
2016-07-30,988562.0,20.02,68.88,72.38,163.92,6.71,0.0,0
2016-07-31,910216.94,19.19,71.08,55.25,218.62,8.07,0.3,0
2016-08-01,1.0264045e+06,18.65,63.42,74.08,282.17,7.82,0.0,0
2016-08-02,1.053366e+06,19.34,71.08,99.96,97.38,16.05,2.9,0
2016-08-03,1.0630535e+06,21.05,71.29,96.92,155.75,17.08,0.0,0
2016-08-04,1.057193e+06,19.19,73.46,92.75,117.17,9.29,1.0,0
2016-08-05,1.02352306e+06,17.58,73.25,66.42,145.42,10.87,0.4,0
2016-08-06,934231.5,18.03,72.46,40.5,184.08,8.7,0.0,0
2016-08-07,888663.5,20.84,68.58,7.5,287.33,6.81,0.0,0
2016-08-08,1.00440494e+06,19.31,67.75,70.71,157.79,12.55,0.0,0
2016-08-09,1.0126965e+06,17.25,60.46,40.38,241.08,12.51,0.0,0
2016-08-10,999192.0,15.48,66.04,39.75,204.0,12.3,0.0,0
2016-08-11,1.0032765e+06,16.05,68.88,81.75,157.54,10.67,0.0,0
2016-08-12,1.0125805e+06,19.46,69.83,28.5,249.58,6.92,0.0,0
2016-08-13,948408.5,20.25,66.46,22.79,285.88,6.34,0.0,0
2016-08-14,889249.5,20.69,68.75,46.62,268.29,9.88,0.0,0
2016-08-15,911202.5,21.42,64.42,4.08,283.12,13.98,0.0,1
2016-08-16,1.035508e+06,22.4,63.83,0.58,266.46,10.99,0.0,0
2016-08-17,1.053686e+06,23.07,57.79,9.88,285.17,8.05,0.0,0
2016-08-18,1.0523475e+06,21.0,75.33,79.29,171.29,6.89,5.2,0
2016-08-19,1.04837294e+06,19.49,81.79,92.12,159.92,10.55,4.3,0
2016-08-20,956828.0,19.29,65.71,48.17,193.25,17.15,0.0,0
2016-08-21,888716.0,18.17,58.92,59.17,147.21,16.4,0.0,0
2016-08-22,1.0540785e+06,21.18,60.08,29.46,257.29,7.72,0.0,0
2016-08-23,1.1131445e+06,23.89,58.33,0.0,260.04,10.78,0.0,0
2016-08-24,1.137452e+06,26.79,57.04,0.0,259.42,9.46,0.0,0
2016-08-25,1.1544795e+06,27.96,55.83,3.42,255.42,6.44,0.0,0
2016-08-26,1.150319e+06,27.47,58.54,42.42,238.92,7.87,0.0,0
2016-08-27,1.0379595e+06,27.09,61.33,46.17,218.12,8.46,0.8,0
2016-08-28,954384.94,23.93,52.08,45.5,235.79,14.51,0.0,0
2016-08-29,1.116429e+06,21.0,64.38,61.04,158.12,11.64,1.4,0
2016-08-30,1.1467205e+06,20.7,62.67,29.96,203.5,10.07,0.0,0
2016-08-31,1.1595145e+06,22.19,56.58,24.88,227.46,7.82,0.0,0
2016-09-01,1.1657005e+06,20.47,64.79,38.88,217.12,6.92,0.0,0
2016-09-02,1.157752e+06,21.76,62.12,88.88,223.54,6.15,0.0,0
2016-09-03,1.025998e+06,21.67,64.33,75.58,208.04,8.22,0.0,0
2016-09-04,961326.5,20.35,70.96,99.0,59.12,12.5,1.0,0
2016-09-05,1.134977e+06,18.83,80.17,98.83,41.46,5.61,2.7,0
2016-09-06,1.173551e+06,20.98,81.04,94.38,79.12,5.92,0.0,0
2016-09-07,1.1689385e+06,21.82,62.67,3.33,231.67,9.81,0.0,0
2016-09-08,1.165624e+06,20.15,65.67,5.29,222.5,11.56,0.0,0
2016-09-09,1.152378e+06,19.34,61.96,2.42,219.33,7.09,0.0,0
2016-09-10,1.02016894e+06,20.22,59.46,40.88,209.25,8.04,0.0,0
2016-09-11,955056.94,21.34,71.21,93.96,98.58,5.83,0.6,0
2016-09-12,1.1401765e+06,24.15,61.79,50.33,178.96,7.38,0.0,0
2016-09-13,1.171525e+06,26.29,49.5,59.58,197.96,11.87,0.0,0
2016-09-14,1.154167e+06,24.8,52.29,48.54,195.54,10.52,0.0,0
2016-09-15,1.13985e+06,20.02,73.38,93.58,84.21,9.5,2.0,0
2016-09-16,1.1236075e+06,17.14,78.21,74.04,135.62,14.35,8.4,0
2016-09-17,993916.5,15.66,77.17,82.42,73.04,14.87,0.0,0
2016-09-18,942744.5,16.83,80.08,80.42,110.46,12.78,0.2,0
2016-09-19,1.111712e+06,17.59,79.96,90.96,117.04,10.46,0.8,0
2016-09-20,1.1388245e+06,16.88,75.75,77.21,127.67,6.97,0.1,0
2016-09-21,1.140118e+06,16.4,68.21,34.0,178.42,3.59,0.0,0
2016-09-22,1.14172e+06,17.01,69.92,70.75,148.42,6.0,0.0,0
2016-09-23,1.128349e+06,17.62,71.71,41.58,155.88,5.52,0.0,0
2016-09-24,1.00060094e+06,17.49,65.21,9.62,191.08,11.4,0.0,0
2016-09-25,936100.94,17.09,67.71,49.33,88.62,13.14,0.9,0
2016-09-26,1.1141135e+06,14.62,70.12,66.79,126.54,6.06,0.0,0
2016-09-27,1.1473425e+06,15.2,68.83,71.79,127.62,7.42,0.0,0
2016-09-28,1.146167e+06,18.44,71.04,67.42,114.33,9.99,0.2,0
2016-09-29,1.1467315e+06,17.54,78.88,51.46,83.46,14.52,0.0,0
2016-09-30,1.135959e+06,16.1,77.0,80.54,105.25,5.96,5.7,0
2016-10-01,1.018484e+06,14.65,77.75,55.92,135.54,11.28,1.8,0
2016-10-02,963832.5,12.95,70.83,33.0,94.67,14.1,0.0,0
2016-10-03,1.137511e+06,11.98,73.88,19.29,161.08,7.38,0.0,0
2016-10-04,1.1742515e+06,13.66,75.58,1.17,164.88,14.82,0.0,0
2016-10-05,1.187621e+06,12.89,62.0,18.54,164.67,19.33,0.0,0
2016-10-06,1.215351e+06,11.0,59.83,29.96,147.54,18.54,0.0,0
2016-10-07,1.232162e+06,12.78,70.58,89.88,63.54,13.81,0.1,0
2016-10-08,1.1035685e+06,12.8,74.12,53.71,111.21,11.03,0.0,0
2016-10-09,1.059792e+06,10.75,67.79,37.92,121.75,6.98,0.0,0
2016-10-10,1.280972e+06,9.13,76.5,32.38,126.83,7.01,0.3,0
2016-10-11,1.332619e+06,8.68,81.21,53.33,110.0,8.76,0.0,0
2016-10-12,1.3659475e+06,9.26,73.54,33.25,127.79,11.96,0.0,0
2016-10-13,1.3910885e+06,9.73,75.33,90.54,68.71,14.15,4.0,0
2016-10-14,1.3611295e+06,11.49,88.92,95.62,48.21,7.22,8.0,0
2016-10-15,1.176203e+06,13.35,79.54,71.54,129.12,14.85,1.2,0
2016-10-16,1.0927545e+06,14.63,75.46,35.12,127.17,12.18,0.6,0
2016-10-17,1.2548505e+06,13.42,85.79,61.83,98.38,8.38,0.9,0
2016-10-18,1.295402e+06,11.25,84.92,72.46,79.33,12.18,0.4,0
2016-10-19,1.332133e+06,10.68,79.21,55.42,81.71,12.77,0.1,0
2016-10-20,1.350368e+06,10.54,81.54,51.17,81.96,12.86,0.3,0
2016-10-21,1.3536865e+06,10.28,85.79,63.21,52.75,9.05,0.0,0
2016-10-22,1.2412105e+06,8.55,89.12,65.71,71.04,4.86,0.0,0
2016-10-23,1.1925675e+06,8.68,89.21,92.71,68.04,12.78,8.5,0
2016-10-24,1.313137e+06,11.1,97.21,98.58,30.58,4.75,5.8,0
2016-10-25,1.316632e+06,12.08,91.88,79.21,49.62,4.83,0.0,0
2016-10-26,1.324551e+06,12.11,85.88,87.46,89.33,6.05,0.0,0
2016-10-27,1.337097e+06,12.46,84.54,92.33,57.96,3.1,0.0,0
2016-10-28,1.3378645e+06,12.2,84.88,92.21,83.58,3.35,0.0,0
2016-10-29,1.2060765e+06,12.9,84.25,83.25,61.12,8.03,0.0,0
2016-10-30,1.1346935e+06,11.55,84.25,14.92,105.62,10.8,0.0,0
2016-10-31,1.2316245e+06,11.25,83.71,8.0,103.0,9.42,0.0,0
2016-11-01,1.17752e+06,8.8,95.29,77.29,52.0,5.47,0.0,1
2016-11-02,1.353688e+06,9.88,81.38,78.92,29.08,8.12,0.0,0
2016-11-03,1.4418015e+06,6.25,80.92,19.62,101.21,6.18,0.0,0
2016-11-04,1.4718099e+06,5.91,90.83,95.04,41.96,8.7,5.6,0
2016-11-05,1.2971635e+06,8.67,83.38,85.5,60.96,10.38,3.1,0
2016-11-06,1.2934025e+06,5.19,82.75,38.08,82.92,9.28,0.0,0
2016-11-07,1.5719825e+06,3.52,93.17,89.0,21.75,11.54,2.2,0
2016-11-08,1.6327015e+06,4.64,84.75,82.17,48.83,9.23,0.7,0
2016-11-09,1.627195e+06,7.36,87.08,89.46,20.62,21.15,11.8,0
2016-11-10,1.5667735e+06,8.73,89.5,88.21,43.96,15.62,5.2,0
2016-11-11,1.3864075e+06,6.33,82.17,32.5,70.29,13.97,0.3,1
2016-11-12,1.4458105e+06,2.85,85.12,95.71,39.12,11.79,5.3,0
2016-11-13,1.3529865e+06,8.01,92.25,98.54,23.08,11.78,0.7,0
2016-11-14,1.543075e+06,7.57,89.25,96.92,33.96,6.54,0.0,0
2016-11-15,1.5588255e+06,10.34,95.08,99.17,11.79,11.65,1.1,0
2016-11-16,1.5120055e+06,12.22,93.67,99.92,19.71,15.87,1.8,0
2016-11-17,1.4827139e+06,11.71,85.5,95.67,27.67,23.75,0.8,0
2016-11-18,1.4874941e+06,9.55,74.29,73.79,61.0,25.14,3.2,0
2016-11-19,1.3912655e+06,6.89,75.08,70.88,44.79,18.39,0.0,0
2016-11-20,1.292619e+06,11.21,77.67,94.79,21.58,27.43,6.6,0
2016-11-21,1.4232141e+06,12.22,85.96,78.25,24.88,21.45,4.0,0
2016-11-22,1.4797835e+06,10.11,80.12,80.38,38.5,16.57,0.0,0
2016-11-23,1.4801945e+06,10.26,90.62,99.08,53.42,9.37,6.8,0
2016-11-24,1.470856e+06,10.5,84.29,97.08,35.21,14.34,0.1,0
2016-11-25,1.4957585e+06,9.26,80.42,97.75,36.17,15.99,0.0,0
2016-11-26,1.3777865e+06,7.71,90.08,87.5,21.54,6.34,0.0,0
2016-11-27,1.337985e+06,5.99,87.88,59.67,35.79,12.69,0.0,0
2016-11-28,1.594888e+06,4.43,68.75,23.83,67.04,19.32,0.0,0
2016-11-29,1.738341e+06,0.38,63.0,0.0,69.0,14.55,0.0,0
2016-11-30,1.7555625e+06,-0.65,79.0,0.33,65.96,4.45,0.0,0
2016-12-01,1.7693015e+06,-0.24,85.46,0.12,65.21,5.37,0.0,0
2016-12-02,1.7636865e+06,2.23,95.83,66.21,24.17,6.85,0.0,0
2016-12-03,1.6007875e+06,3.85,87.92,57.25,45.33,13.88,0.0,0
2016-12-04,1.5612255e+06,1.5,83.67,1.33,62.58,10.43,0.0,0
2016-12-05,1.68922e+06,2.9,92.38,3.25,59.12,7.63,0.0,0
2016-12-06,1.693875e+06,2.25,96.54,76.33,41.46,6.15,0.0,0
2016-12-07,1.7058145e+06,4.12,92.38,73.54,54.46,8.49,0.0,0
2016-12-08,1.7012781e+06,3.65,88.96,53.38,54.46,10.61,0.0,0
2016-12-09,1.6634975e+06,5.03,92.62,59.92,55.83,9.4,0.0,0
2016-12-10,1.5424715e+06,4.49,96.21,55.62,36.75,10.55,0.0,0
2016-12-11,1.4731755e+06,7.54,92.04,81.83,48.92,10.4,0.1,0
2016-12-12,1.6442375e+06,4.06,94.21,91.08,15.29,8.76,0.6,0
2016-12-13,1.669444e+06,6.59,91.58,76.0,33.38,9.22,2.0,0
2016-12-14,1.664521e+06,4.34,89.79,30.58,56.12,8.11,0.0,0
2016-12-15,1.684765e+06,2.69,97.75,65.29,26.25,7.91,0.0,0
2016-12-16,1.625556e+06,4.9,92.88,27.88,50.79,7.65,0.0,0
2016-12-17,1.542511e+06,3.25,98.04,90.58,27.42,5.28,0.0,0
2016-12-18,1.5360395e+06,4.03,97.58,100.0,16.21,5.01,0.0,0
2016-12-19,1.7388545e+06,4.64,89.08,79.54,27.67,9.28,0.0,0
2016-12-20,1.7475335e+06,3.41,88.29,78.75,39.29,7.36,0.1,0
2016-12-21,1.7360715e+06,3.94,86.21,97.12,40.42,14.7,1.3,0
2016-12-22,1.659248e+06,7.62,95.67,96.21,8.0,12.24,15.0,0
2016-12-23,1.5951685e+06,4.98,95.83,95.58,23.42,10.58,0.0,0
2016-12-24,1.4112195e+06,8.4,89.08,91.5,35.33,15.62,0.0,0
2016-12-25,1.2895665e+06,7.92,90.58,94.58,29.08,15.69,0.0,1
2016-12-26,1.3927915e+06,9.37,88.75,82.5,18.38,12.4,0.1,0
2016-12-27,1.522917e+06,1.71,90.67,19.71,57.21,6.95,0.0,0
2016-12-28,1.605767e+06,0.95,90.42,58.79,57.83,9.93,0.0,0
2016-12-29,1.689107e+06,-0.63,90.5,3.21,59.67,8.3,0.0,0
2016-12-30,1.739091e+06,-2.88,96.92,99.75,29.38,3.17,0.0,0
2016-12-31,1.7253945e+06,-3.56,96.0,100.0,24.21,4.65,0.0,0
2017-01-01,1.6516225e+06,-2.08,90.92,95.5,17.67,9.48,0.3,1
2017-01-02,1.764965e+06,0.43,94.62,93.33,17.21,6.42,0.6,0
2017-01-03,1.8831995e+06,-0.11,95.62,92.54,29.0,6.36,0.0,0
2017-01-04,1.9219985e+06,3.42,89.46,88.83,9.38,16.2,0.2,0
2017-01-05,1.8848375e+06,1.36,88.12,27.33,56.67,9.12,0.1,0
2017-01-06,1.9585661e+06,-2.46,83.71,41.38,60.96,6.88,0.0,0
2017-01-07,1.8784995e+06,-1.3,82.33,99.67,7.38,7.49,0.1,0
2017-01-08,1.698739e+06,2.43,100.0,100.0,10.04,5.7,0.0,0
2017-01-09,1.8050061e+06,4.84,97.54,100.0,13.54,9.6,1.9,0
2017-01-10,1.801388e+06,5.28,90.04,66.88,42.25,11.49,3.3,0
2017-01-11,1.7646475e+06,6.88,90.29,87.0,10.92,15.31,1.1,0
2017-01-12,1.7310005e+06,6.28,82.71,97.83,21.08,21.58,5.9,0
2017-01-13,1.7924815e+06,2.41,80.17,51.33,48.62,23.35,2.9,0
2017-01-14,1.7061555e+06,1.52,85.17,52.0,51.25,14.0,1.0,0
2017-01-15,1.6659965e+06,0.84,93.58,84.92,25.21,8.9,5.1,0
2017-01-16,1.8319355e+06,1.67,91.96,93.83,27.67,7.45,0.1,0
2017-01-17,1.9715021e+06,-2.9,82.5,12.5,68.92,11.01,0.0,0
2017-01-18,2.0612765e+06,-2.42,64.83,2.12,71.92,14.89,0.0,0
2017-01-19,2.0787525e+06,-2.44,63.38,0.96,72.71,11.89,0.0,0
2017-01-20,2.054723e+06,-3.05,70.38,3.79,73.67,9.9,0.0,0
2017-01-21,1.9000781e+06,-2.97,76.83,1.67,74.29,6.22,0.0,0
2017-01-22,1.8191795e+06,-3.03,78.75,53.46,72.25,7.19,0.0,0
2017-01-23,1.9609125e+06,-2.19,85.71,32.42,73.88,8.67,0.0,0
2017-01-24,2.006716e+06,-2.01,93.38,69.71,22.42,4.48,0.2,0
2017-01-25,2.0423505e+06,-1.76,84.5,35.92,73.33,8.18,0.0,0
2017-01-26,2.037339e+06,-2.35,72.12,7.12,81.83,9.88,0.0,0
2017-01-27,1.9149115e+06,3.71,75.29,80.75,64.38,14.43,0.7,0
2017-01-28,1.6366735e+06,6.34,77.67,80.96,39.21,14.82,0.3,0
2017-01-29,1.5588541e+06,4.3,91.04,82.04,45.33,13.66,2.8,0
2017-01-30,1.6836075e+06,8.79,92.67,99.38,12.92,13.23,11.1,0
2017-01-31,1.6135901e+06,9.7,97.96,99.88,19.67,6.11,2.6,0
2017-02-01,1.585781e+06,9.62,91.29,88.0,49.79,13.25,1.4,0
2017-02-02,1.5795545e+06,9.64,85.46,98.29,44.04,15.96,3.3,0
2017-02-03,1.5938255e+06,8.48,83.46,84.92,60.46,21.49,2.3,0
2017-02-04,1.4931495e+06,5.62,88.75,79.17,25.08,15.4,8.1,0
2017-02-05,1.4574885e+06,5.91,86.38,88.88,45.79,10.75,3.4,0
2017-02-06,1.665175e+06,6.05,82.5,99.88,43.17,12.3,0.0,0
2017-02-07,1.659268e+06,6.81,85.46,93.79,48.67,12.71,8.0,0
2017-02-08,1.698119e+06,4.67,85.5,76.33,52.29,10.56,0.2,0
2017-02-09,1.7586099e+06,3.58,80.58,84.71,44.21,9.81,0.1,0
2017-02-10,1.7766425e+06,0.98,79.71,87.96,53.38,9.42,0.6,0
2017-02-11,1.6765505e+06,-1.09,87.0,57.25,53.08,6.55,0.8,0
2017-02-12,1.5611585e+06,2.77,89.42,90.42,50.29,10.2,2.1,0
2017-02-13,1.63362e+06,5.97,72.12,53.96,109.96,16.73,0.0,0
2017-02-14,1.602903e+06,7.32,74.25,71.38,45.88,13.14,0.0,0
2017-02-15,1.5323539e+06,9.56,81.12,31.04,109.92,11.24,1.3,0
2017-02-16,1.5239995e+06,8.31,89.88,79.33,70.33,4.68,1.3,0
2017-02-17,1.5247745e+06,5.85,90.33,85.58,61.83,5.64,0.0,0
2017-02-18,1.4158605e+06,5.18,86.0,45.12,105.58,7.88,0.0,0
2017-02-19,1.385093e+06,4.75,89.08,75.92,90.96,6.57,0.0,0
2017-02-20,1.5295901e+06,9.33,86.17,99.17,29.42,12.78,0.0,0
2017-02-21,1.5041875e+06,10.89,87.17,100.0,26.21,17.11,0.0,0
2017-02-22,1.494675e+06,10.72,77.21,99.25,35.42,21.79,0.0,0
2017-02-23,1.512292e+06,9.64,74.38,93.79,33.58,26.49,0.3,0
2017-02-24,1.5247325e+06,5.68,70.75,37.33,114.25,15.52,0.3,0
2017-02-25,1.4468415e+06,4.38,74.96,55.29,127.96,11.63,0.0,0
2017-02-26,1.3498655e+06,8.1,79.29,89.29,45.67,15.47,1.7,0
2017-02-27,1.5169219e+06,9.22,81.33,90.12,32.38,27.26,8.9,0
2017-02-28,1.606304e+06,5.49,76.79,64.67,78.83,22.88,4.3,0
2017-03-01,1.6200625e+06,7.75,83.92,83.83,25.5,22.84,10.4,0
2017-03-02,1.5357225e+06,7.8,69.29,53.96,136.71,18.97,0.0,0
2017-03-03,1.4917505e+06,9.27,74.46,99.29,86.79,14.08,2.4,0
2017-03-04,1.3781e+06,8.73,87.08,96.42,20.79,13.55,21.8,0
2017-03-05,1.388483e+06,6.33,82.83,64.42,47.88,22.62,7.0,0
2017-03-06,1.5639995e+06,6.36,77.83,83.96,37.54,20.57,7.3,0
2017-03-07,1.5940145e+06,6.56,76.54,84.71,76.88,14.57,0.9,0
2017-03-08,1.568697e+06,9.74,88.04,97.75,29.21,18.33,2.1,0
2017-03-09,1.4617619e+06,12.12,88.0,100.0,27.29,16.74,0.2,0
2017-03-10,1.4022645e+06,9.0,89.33,76.21,77.21,7.5,0.0,0
2017-03-11,1.2475625e+06,7.88,80.08,62.12,155.83,8.42,0.0,0
2017-03-12,1.192877e+06,9.74,78.75,84.33,160.0,7.65,0.0,0
2017-03-13,1.3703925e+06,9.89,82.46,58.25,102.83,12.64,0.1,0
2017-03-14,1.4046805e+06,8.25,84.0,73.58,134.42,8.57,0.0,0
2017-03-15,1.380424e+06,10.76,80.92,87.58,78.29,6.81,0.0,0
2017-03-16,1.349895e+06,10.9,80.42,2.96,183.54,7.9,0.0,0
2017-03-17,1.331488e+06,9.45,79.0,85.92,76.58,12.85,0.2,0
2017-03-18,1.254854e+06,10.31,78.33,99.92,29.54,24.24,1.1,0
2017-03-19,1.168626e+06,12.07,78.04,98.88,65.29,17.55,0.0,0
2017-03-20,1.342529e+06,10.58,74.58,97.92,70.04,16.87,0.0,0
2017-03-21,1.3895495e+06,9.01,73.92,95.29,112.12,14.14,0.7,0
2017-03-22,1.4449745e+06,7.21,76.46,61.46,121.29,14.1,2.7,0
2017-03-23,1.4572855e+06,8.64,84.04,95.58,94.83,10.98,20.7,0
2017-03-24,1.4506705e+06,9.26,84.62,95.38,101.83,9.55,3.6,0
2017-03-25,1.2742465e+06,11.24,64.62,24.42,216.29,19.98,0.0,0
2017-03-26,1.1744165e+06,11.47,64.54,36.58,203.21,10.71,0.0,0
2017-03-27,1.2941645e+06,11.07,74.04,30.17,215.29,8.88,0.0,0
2017-03-28,1.288979e+06,11.77,75.04,31.29,174.5,11.38,0.2,0
2017-03-29,1.268023e+06,11.82,75.33,57.5,137.17,9.15,0.0,0
2017-03-30,1.234906e+06,14.44,70.92,73.21,220.75,11.5,0.0,0
2017-03-31,1.203828e+06,14.67,65.46,95.21,160.58,15.53,0.4,0
2017-04-01,1.12765e+06,11.56,71.96,92.0,132.62,9.26,0.2,0
2017-04-02,1.0977855e+06,10.3,79.29,46.79,194.83,6.94,0.5,0
2017-04-03,1.2462565e+06,11.62,75.12,25.12,213.46,6.1,0.0,0
2017-04-04,1.257593e+06,10.95,77.0,53.0,148.42,10.3,0.0,0
2017-04-05,1.268958e+06,11.03,74.79,80.25,166.71,14.25,0.0,0
2017-04-06,1.291244e+06,8.76,68.46,55.12,168.12,12.45,0.0,0
2017-04-07,1.2725065e+06,9.56,76.83,0.29,243.08,7.11,0.0,0
2017-04-08,1.096786e+06,11.82,77.17,0.0,247.29,7.08,0.0,0
2017-04-09,999728.94,13.96,72.71,0.0,252.21,7.29,0.0,0
2017-04-10,1.158159e+06,12.05,70.42,61.08,136.88,14.5,0.0,0
2017-04-11,1.207064e+06,9.9,64.62,48.17,249.04,7.0,0.0,0
2017-04-12,1.224185e+06,10.35,70.96,10.67,255.0,11.84,0.0,0
2017-04-13,1.2261285e+06,10.34,77.5,63.29,124.12,8.3,0.5,0
2017-04-14,1.2019785e+06,11.42,69.75,96.08,134.67,8.2,0.5,0
2017-04-15,1.1060005e+06,10.28,79.04,82.62,85.25,12.15,1.8,0
2017-04-16,1.0437445e+06,9.9,68.83,79.0,136.33,13.07,0.2,0
2017-04-17,1.079097e+06,9.75,72.71,63.25,137.29,14.67,0.3,1
2017-04-18,1.271788e+06,6.9,65.17,26.12,246.12,11.31,1.5,0
2017-04-19,1.340229e+06,6.48,60.12,6.71,278.5,15.1,0.0,0
2017-04-20,1.363272e+06,5.96,57.38,25.29,284.12,7.73,0.0,0
2017-04-21,1.321433e+06,9.01,62.54,13.5,279.04,5.48,0.0,0
2017-04-22,1.152421e+06,10.18,76.92,67.0,156.62,9.62,0.5,0
2017-04-23,1.0722955e+06,8.7,65.62,50.12,215.42,10.0,0.0,0
2017-04-24,1.228552e+06,9.61,61.67,55.58,278.62,7.16,0.0,0
2017-04-25,1.283244e+06,8.48,56.54,99.71,175.08,12.66,0.6,0
2017-04-26,1.3735965e+06,5.85,63.96,40.62,249.75,11.83,2.1,0
2017-04-27,1.4160355e+06,6.28,64.62,31.96,263.0,12.16,0.8,0
2017-04-28,1.3937745e+06,8.0,72.42,68.88,178.25,7.62,2.2,0
2017-04-29,1.2027345e+06,10.35,66.88,48.54,180.25,11.2,0.0,0
2017-04-30,1.104333e+06,12.01,59.5,82.83,204.29,18.25,8.4,0
2017-05-01,1.109896e+06,10.52,65.21,80.38,227.12,21.75,1.8,1
2017-05-02,1.2902355e+06,11.13,70.25,78.08,225.92,8.8,1.5,0
2017-05-03,1.3139315e+06,9.98,85.08,97.46,120.88,7.26,6.4,0
2017-05-04,1.300274e+06,10.81,81.04,53.96,230.5,8.3,2.8,0
2017-05-05,1.255824e+06,12.25,75.79,36.17,192.33,12.88,0.0,0
2017-05-06,1.1285685e+06,12.28,80.46,97.62,81.38,10.46,2.6,0
2017-05-07,1.0587145e+06,11.59,82.0,95.75,82.92,16.16,2.0,0
2017-05-08,1.0923e+06,9.94,78.12,79.96,118.0,12.52,0.0,1
2017-05-09,1.23311e+06,10.8,66.38,12.83,315.38,13.91,0.0,0
2017-05-10,1.2231645e+06,12.65,65.5,37.88,315.96,10.52,0.0,0
2017-05-11,1.212213e+06,15.27,75.5,85.0,212.96,12.04,3.2,0
2017-05-12,1.187273e+06,14.8,82.67,69.29,186.38,12.25,6.6,0
2017-05-13,1.0446605e+06,15.0,72.75,46.62,217.08,13.46,0.1,0
2017-05-14,973478.0,14.38,70.29,64.04,178.62,11.78,1.4,0
2017-05-15,1.134323e+06,16.15,69.92,88.25,225.75,9.22,0.0,0
2017-05-16,1.1426475e+06,20.2,62.08,55.79,262.25,9.08,0.0,0
2017-05-17,1.141727e+06,20.35,68.0,75.21,257.5,10.5,1.4,0
2017-05-18,1.1488975e+06,16.05,86.42,93.5,159.08,12.82,12.1,0
2017-05-19,1.146183e+06,11.62,75.83,76.58,219.25,12.78,11.0,0
2017-05-20,1.02841694e+06,12.33,72.42,42.17,248.17,8.84,0.8,0
2017-05-21,955967.5,14.87,69.79,51.46,253.54,8.33,0.0,0
2017-05-22,1.113736e+06,17.68,63.67,77.83,270.92,8.52,0.0,0
2017-05-23,1.1323705e+06,17.83,73.67,57.62,281.58,12.63,0.0,0
2017-05-24,1.132086e+06,17.23,79.17,72.96,147.38,7.47,0.2,0
2017-05-25,983239.06,19.62,65.75,1.38,325.04,12.75,0.0,1
2017-05-26,1.033562e+06,21.38,55.96,0.0,328.04,14.83,0.0,0
2017-05-27,980234.5,23.2,63.88,34.33,292.62,8.7,0.3,0
2017-05-28,930443.5,23.15,68.12,81.71,269.5,8.45,0.6,0
2017-05-29,1.1173545e+06,23.21,71.54,66.67,247.54,8.44,7.2,0
2017-05-30,1.1418265e+06,18.72,73.88,76.46,165.58,11.1,0.5,0
2017-05-31,1.140964e+06,17.5,68.88,77.46,237.75,7.58,0.0,0
2017-06-01,1.1482655e+06,20.28,65.46,29.71,264.17,7.79,0.0,0
2017-06-02,1.138213e+06,21.42,71.79,63.88,225.88,5.5,6.9,0
2017-06-03,997024.5,17.32,80.33,98.5,121.62,10.96,3.2,0
2017-06-04,910092.94,15.15,61.21,60.54,262.17,10.18,0.1,0
2017-06-05,951108.0,17.35,57.12,65.71,230.67,13.39,0.0,1
2017-06-06,1.1076475e+06,14.81,62.92,63.88,253.75,28.17,8.6,0
2017-06-07,1.125512e+06,14.88,57.04,63.75,184.92,20.34,0.4,0
2017-06-08,1.136256e+06,18.85,62.0,86.88,308.42,13.06,0.8,0
2017-06-09,1.1269925e+06,18.38,68.83,68.12,245.25,12.98,9.3,0
2017-06-10,1.0013655e+06,19.68,62.5,13.83,326.17,8.36,0.0,0
2017-06-11,942778.0,21.6,62.08,40.62,263.29,11.0,1.2,0
2017-06-12,1.1199205e+06,17.16,62.08,35.96,298.46,12.03,0.0,0
2017-06-13,1.1587025e+06,17.31,65.71,59.0,315.46,7.55,0.0,0
2017-06-14,1.170001e+06,21.5,59.38,52.5,283.71,8.44,0.0,0
2017-06-15,1.1824665e+06,22.6,63.88,45.67,292.96,12.2,0.0,0
2017-06-16,1.1580955e+06,18.02,60.25,51.12,296.21,14.55,0.0,0
2017-06-17,1.0267015e+06,20.01,62.79,33.71,267.21,8.05,0.0,0
2017-06-18,968361.5,23.49,57.92,2.21,333.0,12.62,0.0,0
2017-06-19,1.1723815e+06,25.3,51.12,0.0,336.79,7.15,0.0,0
2017-06-20,1.220465e+06,26.52,50.5,43.12,297.21,6.37,0.0,0
2017-06-21,1.2357085e+06,28.03,51.04,44.92,290.17,7.71,2.3,0
2017-06-22,1.243126e+06,26.52,56.79,52.54,312.54,12.17,1.4,0
2017-06-23,1.192802e+06,19.87,61.04,42.25,292.92,12.45,0.0,0
2017-06-24,1.0420945e+06,20.24,55.5,44.92,245.08,12.22,0.0,0
2017-06-25,964082.0,21.17,60.33,71.04,176.33,13.15,0.0,0
2017-06-26,1.14583e+06,21.47,64.21,39.12,261.04,8.69,0.0,0
2017-06-27,1.1750965e+06,21.03,72.96,96.04,142.96,6.58,2.0,0
2017-06-28,1.1476435e+06,18.78,81.17,84.25,187.38,11.67,5.0,0
2017-06-29,1.129894e+06,17.43,69.92,78.46,210.21,13.48,1.6,0
2017-06-30,1.1175545e+06,16.69,74.08,82.17,168.29,12.5,4.4,0
2017-07-01,999010.0,16.14,82.5,82.42,70.67,15.45,4.2,0
2017-07-02,938456.94,16.78,78.75,69.79,106.79,12.13,0.8,0
2017-07-03,1.1146945e+06,18.06,71.21,43.62,257.04,9.65,0.1,0
2017-07-04,1.154542e+06,19.37,70.46,17.96,328.75,4.35,0.0,0
2017-07-05,1.174193e+06,22.97,65.21,41.67,315.29,7.85,0.0,0
2017-07-06,1.1921355e+06,25.45,61.79,51.5,250.79,9.36,2.1,0
2017-07-07,1.1939315e+06,24.98,59.96,21.38,321.29,10.33,0.0,0
2017-07-08,1.053757e+06,23.35,55.75,31.83,319.08,10.38,0.0,0
2017-07-09,966358.5,22.61,66.33,91.58,188.21,8.98,6.3,0
2017-07-10,1.1282955e+06,19.41,79.17,84.88,139.62,9.78,5.2,0
2017-07-11,1.1520135e+06,19.04,67.83,82.17,157.0,9.08,1.4,0
2017-07-12,1.1677165e+06,19.73,69.38,88.5,122.83,17.33,6.5,0
2017-07-13,1.1507335e+06,17.65,67.54,96.29,95.12,8.39,1.5,0
2017-07-14,995622.5,18.59,61.58,62.79,223.29,14.72,0.1,1
2017-07-15,981508.5,18.82,63.12,71.08,243.62,7.9,0.0,0
2017-07-16,948186.0,21.55,65.88,59.67,175.88,9.2,2.4,0
2017-07-17,1.1462945e+06,22.75,66.12,42.04,271.54,8.29,0.0,0
2017-07-18,1.1924005e+06,25.53,58.5,72.04,277.58,12.15,2.7,0
2017-07-19,1.189701e+06,24.94,62.04,73.5,192.17,14.2,2.0,0
2017-07-20,1.160387e+06,20.15,66.67,79.12,175.38,16.85,2.2,0
2017-07-21,1.1354385e+06,19.95,54.08,34.08,309.42,10.9,0.0,0
2017-07-22,1.0076755e+06,18.7,63.17,75.04,105.0,13.8,2.4,0
2017-07-23,938350.0,17.53,63.17,68.5,152.83,18.07,3.3,0
2017-07-24,1.0976415e+06,16.35,80.71,88.25,103.04,17.12,5.3,0
2017-07-25,1.121531e+06,17.78,71.88,76.5,185.54,15.87,1.2,0
2017-07-26,1.1285285e+06,18.3,74.5,70.58,162.83,12.0,0.5,0
2017-07-27,1.1273565e+06,18.75,73.83,90.75,123.04,11.37,1.9,0
2017-07-28,1.1045095e+06,19.21,61.38,77.29,154.04,12.97,0.0,0
2017-07-29,989754.5,21.63,64.12,69.71,152.12,16.24,1.8,0
2017-07-30,923591.5,21.57,59.29,72.25,201.0,19.88,0.2,0
2017-07-31,1.0547885e+06,19.66,62.17,90.17,205.75,8.86,0.9,0
2017-08-01,1.081597e+06,19.96,66.75,69.67,193.88,8.2,0.9,0
2017-08-02,1.093085e+06,21.02,56.29,90.75,121.92,7.44,0.0,0
2017-08-03,1.100667e+06,22.15,54.58,70.58,218.04,18.9,3.0,0
2017-08-04,1.0888415e+06,20.74,59.08,82.25,132.62,14.73,0.5,0
2017-08-05,979878.0,19.31,66.21,61.29,201.04,13.83,5.1,0
2017-08-06,899988.0,17.61,59.62,11.0,283.0,7.85,0.0,0
2017-08-07,1.008736e+06,19.53,50.33,59.71,284.96,8.97,0.0,0
2017-08-08,1.013778e+06,16.7,75.08,76.0,152.04,10.4,9.7,0
2017-08-09,1.00319506e+06,15.06,79.67,56.42,179.75,4.98,7.5,0
2017-08-10,1.0024215e+06,15.01,79.42,53.17,216.33,7.88,1.7,0
2017-08-11,997597.5,16.23,75.5,61.08,159.54,10.14,0.7,0
2017-08-12,921904.0,16.89,77.04,95.92,57.29,14.0,1.5,0
2017-08-13,871495.5,17.46,69.62,58.75,212.96,5.94,0.0,0
2017-08-14,958330.0,19.45,62.67,34.67,262.46,6.31,0.0,0
2017-08-15,914276.5,21.72,67.12,89.17,166.62,11.5,1.2,1
2017-08-16,1.006638e+06,19.24,71.0,71.38,203.67,6.37,0.0,0
2017-08-17,1.0343145e+06,19.4,79.79,86.75,92.21,14.62,8.1,0
2017-08-18,1.0383435e+06,18.67,81.83,83.88,91.79,12.92,21.9,0
2017-08-19,945999.5,16.04,68.25,33.62,180.92,14.02,1.2,0
2017-08-20,892822.5,15.99,69.0,40.54,202.21,7.16,0.0,0
2017-08-21,1.04500094e+06,18.77,70.46,95.42,96.21,5.42,0.2,0
2017-08-22,1.0878325e+06,20.84,79.83,59.17,213.38,6.57,0.0,0
2017-08-23,1.0984405e+06,21.5,72.42,46.29,236.75,11.15,0.2,0
2017-08-24,1.108317e+06,18.98,70.92,88.75,181.46,4.26,0.5,0
2017-08-25,1.1075105e+06,19.35,83.21,66.29,138.96,8.9,17.0,0
2017-08-26,1.00287e+06,21.38,80.33,74.92,198.67,5.4,0.0,0
2017-08-27,942388.0,22.25,73.38,54.12,234.17,6.14,0.0,0
2017-08-28,1.1316505e+06,22.96,73.71,34.71,239.83,7.41,0.0,0
2017-08-29,1.17236e+06,25.07,65.33,20.17,236.83,6.6,0.0,0
2017-08-30,1.1676125e+06,20.08,80.38,80.79,61.08,13.34,4.3,0
2017-08-31,1.133078e+06,15.87,73.04,55.46,181.83,11.43,1.9,0
2017-09-01,1.111331e+06,16.35,68.21,57.42,209.88,6.3,0.4,0
2017-09-02,988131.5,15.37,73.33,35.71,203.0,8.84,0.7,0
2017-09-03,936762.0,15.86,65.88,95.33,163.0,7.66,0.0,0
2017-09-04,1.1087815e+06,19.02,67.96,96.17,99.92,6.55,0.0,0
2017-09-05,1.1431765e+06,19.78,77.08,74.75,103.75,13.69,0.4,0
2017-09-06,1.143394e+06,17.42,66.25,91.0,108.67,17.43,0.2,0
2017-09-07,1.140952e+06,16.47,69.88,86.96,125.08,11.99,0.7,0
2017-09-08,1.138148e+06,16.39,79.54,94.25,41.79,20.84,9.2,0
2017-09-09,1.0046605e+06,14.64,79.12,54.79,156.71,15.7,6.0,0
2017-09-10,945414.5,14.9,72.38,54.92,123.83,15.35,1.0,0
2017-09-11,1.1239645e+06,15.06,71.04,63.96,125.12,23.5,1.6,0
2017-09-12,1.1420285e+06,14.81,70.29,45.79,147.29,18.85,0.2,0
2017-09-13,1.175801e+06,16.29,79.38,98.88,66.17,24.82,25.9,0
2017-09-14,1.1760155e+06,13.54,71.96,60.04,160.75,20.99,8.3,0
2017-09-15,1.167575e+06,11.89,80.17,42.5,145.33,9.74,0.9,0
2017-09-16,1.052558e+06,10.61,84.04,51.67,138.71,5.02,4.2,0
2017-09-17,1.0110355e+06,11.27,86.62,79.29,146.75,4.56,5.3,0
2017-09-18,1.191146e+06,11.48,83.12,45.83,149.58,9.03,3.8,0
2017-09-19,1.2218495e+06,12.45,79.38,72.21,139.42,9.63,6.6,0
2017-09-20,1.22366e+06,12.02,79.54,48.62,106.46,6.53,0.1,0
2017-09-21,1.2016995e+06,14.12,73.17,53.04,191.12,8.29,0.0,0
2017-09-22,1.1824015e+06,14.4,79.58,52.08,128.17,7.38,0.2,0
2017-09-23,1.0470505e+06,13.34,78.38,57.25,177.79,6.4,0.0,0
2017-09-24,976105.5,15.2,78.5,68.83,181.67,7.36,0.0,0
2017-09-25,1.150578e+06,16.2,75.79,95.21,83.71,6.47,0.0,0
2017-09-26,1.1760845e+06,16.35,85.58,74.71,106.46,4.68,1.0,0
2017-09-27,1.179201e+06,15.21,85.38,92.12,102.79,6.9,0.0,0
2017-09-28,1.175488e+06,17.22,84.38,90.08,72.96,8.41,1.7,0
2017-09-29,1.156421e+06,18.73,80.88,75.88,124.21,10.62,3.3,0
2017-09-30,1.03508706e+06,15.64,74.71,85.17,115.88,10.92,1.9,0
2017-10-01,990826.5,13.88,86.83,99.92,14.88,16.42,7.2,0
2017-10-02,1.164244e+06,17.28,82.42,95.17,73.58,16.9,1.9,0
2017-10-03,1.183757e+06,14.07,75.21,78.29,102.79,11.26,3.9,0
2017-10-04,1.200471e+06,12.31,77.88,81.92,143.21,8.23,0.0,0
2017-10-05,1.2154415e+06,12.93,83.33,37.38,65.21,15.39,1.7,0
2017-10-06,1.2111705e+06,11.13,74.79,45.83,120.67,12.38,0.1,0
2017-10-07,1.108592e+06,10.68,75.71,64.12,90.25,13.17,2.0,0
2017-10-08,1.03685906e+06,14.0,84.79,87.5,72.0,10.48,1.1,0
2017-10-09,1.2006205e+06,13.36,80.17,69.62,111.25,6.6,0.0,0
2017-10-10,1.216343e+06,15.12,81.17,95.83,69.75,10.6,2.5,0
2017-10-11,1.215949e+06,15.56,75.21,72.88,91.79,12.17,0.3,0
2017-10-12,1.2042255e+06,16.11,81.88,68.21,58.88,12.34,1.1,0
2017-10-13,1.1836105e+06,16.3,82.71,41.67,116.38,6.52,0.0,0
2017-10-14,1.0495795e+06,15.48,84.12,12.04,135.71,6.13,0.0,0
2017-10-15,982872.94,16.21,81.75,19.71,135.92,10.4,0.0,0
2017-10-16,1.150703e+06,18.72,77.5,8.29,133.29,11.46,0.1,0
2017-10-17,1.180019e+06,16.48,88.08,87.92,117.17,6.37,0.0,0
2017-10-18,1.1900545e+06,15.36,82.04,47.25,100.5,8.6,0.0,0
2017-10-19,1.1898725e+06,16.25,76.96,33.04,101.21,15.79,0.1,0
2017-10-20,1.190743e+06,14.09,70.67,55.54,95.92,18.37,5.8,0
2017-10-21,1.076319e+06,14.7,68.25,42.67,87.5,22.95,1.5,0
2017-10-22,1.054602e+06,11.22,68.58,55.25,86.12,23.45,0.9,0
2017-10-23,1.254595e+06,11.98,85.83,94.17,16.54,14.18,4.7,0
2017-10-24,1.253878e+06,15.25,90.54,94.83,42.96,11.17,3.0,0
2017-10-25,1.233375e+06,14.74,86.92,69.0,84.67,8.34,0.0,0
2017-10-26,1.2393555e+06,12.12,97.0,90.67,50.96,2.91,0.1,0
2017-10-27,1.2285565e+06,12.52,84.62,69.04,78.42,10.02,0.9,0
2017-10-28,1.148055e+06,9.65,81.88,54.54,74.08,12.99,0.0,0
2017-10-29,1.1107795e+06,12.52,80.88,94.25,21.67,17.56,1.1,0
2017-10-30,1.306906e+06,8.19,77.0,39.58,83.75,10.18,0.0,0
2017-10-31,1.3908695e+06,6.7,85.21,39.83,103.29,5.0,0.0,0
2017-11-01,1.254727e+06,8.06,80.62,97.58,84.83,8.43,0.0,1
2017-11-02,1.348261e+06,10.79,84.29,93.42,47.96,8.07,0.1,0
2017-11-03,1.3236535e+06,11.75,86.67,89.33,64.0,7.09,0.0,0
2017-11-04,1.1973705e+06,12.08,88.17,74.58,38.21,16.0,1.3,0
2017-11-05,1.1879225e+06,7.96,80.17,38.54,81.04,15.12,3.7,0
2017-11-06,1.4676255e+06,5.96,78.75,10.21,92.04,10.12,0.0,0
2017-11-07,1.5640335e+06,3.76,81.12,6.33,95.92,4.86,0.0,0
2017-11-08,1.5820425e+06,4.55,81.54,92.83,36.0,5.83,0.6,0
2017-11-09,1.5612275e+06,7.38,81.54,97.04,47.58,6.69,0.0,0
2017-11-10,1.5210345e+06,10.0,86.88,90.83,19.67,15.0,0.6,0
2017-11-11,1.318452e+06,10.75,88.38,99.46,5.67,19.8,7.9,1
2017-11-12,1.260972e+06,8.92,84.42,70.08,36.04,20.71,13.1,0
2017-11-13,1.5426685e+06,6.64,74.88,43.08,57.67,17.96,0.0,0
2017-11-14,1.6165645e+06,5.52,83.58,38.75,78.29,6.31,0.0,0
2017-11-15,1.6160785e+06,7.46,87.79,99.17,27.04,4.43,0.2,0
2017-11-16,1.6165895e+06,7.01,87.83,84.83,54.88,3.87,0.0,0
2017-11-17,1.5814575e+06,7.88,91.17,87.08,30.38,4.85,0.0,0
2017-11-18,1.4615615e+06,5.81,89.04,84.79,45.75,8.42,0.3,0
2017-11-19,1.4017705e+06,7.86,79.33,78.25,54.54,11.11,0.0,0
2017-11-20,1.5950515e+06,7.1,88.79,88.21,19.0,13.39,0.3,0
2017-11-21,1.5754579e+06,9.7,87.71,92.08,26.79,15.12,0.6,0
2017-11-22,1.519713e+06,10.59,76.0,40.5,74.38,17.24,0.0,0
2017-11-23,1.459708e+06,13.29,70.21,58.88,44.71,24.42,1.4,0
2017-11-24,1.4472675e+06,10.86,85.67,94.21,28.0,13.12,3.3,0
2017-11-25,1.3815661e+06,5.3,87.88,59.62,43.12,13.3,0.5,0
2017-11-26,1.4476005e+06,4.14,80.33,24.29,62.54,14.78,0.0,0
2017-11-27,1.659416e+06,6.51,86.21,88.71,15.58,21.6,5.3,0
2017-11-28,1.678204e+06,6.66,88.67,46.21,58.92,13.85,10.9,0
2017-11-29,1.722049e+06,2.36,91.67,40.96,39.96,10.42,0.9,0
2017-11-30,1.79102e+06,2.29,88.42,55.54,47.71,13.7,1.2,0
2017-12-01,1.8219501e+06,2.07,85.17,84.33,37.67,12.94,0.5,0
2017-12-02,1.7406419e+06,0.65,88.08,85.79,39.58,7.63,0.0,0
2017-12-03,1.7040605e+06,1.06,91.46,98.29,10.38,7.73,1.6,0
2017-12-04,1.786103e+06,5.46,94.17,84.33,36.62,7.07,0.0,0
2017-12-05,1.7703505e+06,5.45,93.83,69.71,23.96,6.55,0.1,0
2017-12-06,1.7827219e+06,5.25,92.58,73.62,21.96,8.66,0.0,0
2017-12-07,1.8037021e+06,4.9,90.79,93.92,17.58,22.35,5.3,0
2017-12-08,1.7441525e+06,3.77,84.42,53.0,45.04,17.39,2.3,0
2017-12-09,1.684092e+06,1.32,82.71,46.0,57.25,13.0,0.3,0
2017-12-10,1.5917755e+06,6.22,85.5,91.54,38.67,25.68,14.2,0
2017-12-11,1.6932019e+06,6.68,85.42,97.62,11.08,24.74,13.8,0
2017-12-12,1.7752835e+06,2.53,84.21,37.21,44.08,12.44,0.6,0
2017-12-13,1.799565e+06,6.35,89.54,81.12,14.42,24.18,8.9,0
2017-12-14,1.7305341e+06,5.81,78.58,63.54,37.33,26.5,3.2,0
2017-12-15,1.726599e+06,4.41,87.5,84.17,29.71,20.3,2.7,0
2017-12-16,1.6331965e+06,3.81,85.42,70.12,39.83,15.26,0.5,0
2017-12-17,1.6137815e+06,2.9,90.0,62.08,37.92,8.75,1.2,0
2017-12-18,1.746271e+06,6.55,87.96,61.12,43.96,16.22,4.5,0
2017-12-19,1.802117e+06,2.83,96.25,62.71,40.75,7.44,0.0,0
2017-12-20,1.7836141e+06,6.53,89.67,98.92,14.88,8.67,0.1,0
2017-12-21,1.6919425e+06,9.05,97.5,100.0,5.46,8.97,0.5,0
2017-12-22,1.596568e+06,8.74,95.29,96.12,10.67,9.64,1.2,0
2017-12-23,1.4324575e+06,8.68,94.25,93.38,15.0,7.76,0.0,0
2017-12-24,1.3981021e+06,8.74,90.79,96.96,15.33,11.87,0.4,0
2017-12-25,1.3942895e+06,6.37,89.92,97.5,16.33,15.59,0.2,1
2017-12-26,1.5145105e+06,6.6,82.08,78.08,39.67,24.18,4.7,0
2017-12-27,1.579255e+06,5.14,87.04,92.79,22.42,26.78,6.2,0
2017-12-28,1.6622835e+06,2.16,81.08,15.58,53.83,13.27,0.0,0
2017-12-29,1.667699e+06,3.94,86.25,68.17,11.25,20.28,6.3,0
2017-12-30,1.4374485e+06,11.81,86.08,98.46,12.17,25.22,6.8,0
2017-12-31,1.3330445e+06,12.6,75.62,95.67,26.25,29.71,0.9,0
2018-01-01,1.351249e+06,7.78,75.38,62.92,10.83,28.95,3.9,1
2018-01-02,1.514471e+06,7.76,82.88,74.58,15.96,19.48,3.2,0
2018-01-03,1.5302705e+06,10.02,76.54,75.67,44.46,33.29,11.0,0
2018-01-04,1.5160605e+06,11.07,87.5,88.08,3.92,24.66,11.5,0
2018-01-05,1.495649e+06,8.96,86.83,87.21,26.83,17.51,1.3,0
2018-01-06,1.421451e+06,6.36,91.96,99.17,24.25,8.07,0.1,0
2018-01-07,1.4102875e+06,5.98,89.21,98.17,26.46,20.84,2.8,0
2018-01-08,1.611956e+06,5.02,88.71,71.5,53.29,13.29,0.2,0
2018-01-09,1.648405e+06,4.6,95.29,99.75,17.67,9.79,2.5,0
2018-01-10,1.617723e+06,7.4,87.83,91.08,24.17,11.4,6.5,0
2018-01-11,1.644388e+06,5.03,95.58,86.5,21.17,6.52,2.1,0
2018-01-12,1.6773581e+06,5.39,92.62,96.62,21.79,7.04,0.4,0
2018-01-13,1.583411e+06,4.93,87.5,77.71,50.67,10.04,0.0,0
2018-01-14,1.5273255e+06,2.28,92.08,66.71,60.58,4.53,0.0,0
2018-01-15,1.6958979e+06,6.67,87.04,89.88,9.5,22.58,8.1,0
2018-01-16,1.6447745e+06,7.76,83.17,84.67,35.21,26.14,8.4,0
2018-01-17,1.6916185e+06,5.19,73.88,62.58,64.75,27.71,2.5,0
2018-01-18,1.671237e+06,8.77,83.08,87.88,19.12,26.84,5.7,0
2018-01-19,1.651617e+06,5.02,82.08,52.29,48.58,16.96,0.6,0
2018-01-20,1.546464e+06,6.58,90.21,89.42,8.79,20.52,9.2,0
2018-01-21,1.424015e+06,6.97,92.83,98.12,8.75,12.79,9.2,0
2018-01-22,1.5423075e+06,10.43,90.67,83.08,14.75,19.42,11.1,0
2018-01-23,1.557447e+06,8.11,89.83,85.25,19.08,15.52,0.2,0
2018-01-24,1.5294275e+06,11.95,83.62,95.96,52.58,24.44,0.7,0
2018-01-25,1.561695e+06,8.95,87.29,99.92,17.08,15.45,7.4,0
2018-01-26,1.6076579e+06,5.71,88.04,84.29,56.25,7.42,0.1,0
2018-01-27,1.5322265e+06,3.4,93.54,82.92,41.79,9.02,0.1,0
2018-01-28,1.4401379e+06,8.99,87.67,99.33,21.33,14.96,0.2,0
2018-01-29,1.579997e+06,10.16,83.92,98.29,25.21,14.51,0.4,0
2018-01-30,1.5903955e+06,9.66,85.79,98.54,16.54,10.4,0.5,0
2018-01-31,1.6194085e+06,8.55,87.42,99.0,10.46,22.45,12.7,0
2018-02-01,1.6851275e+06,3.85,80.62,46.62,65.58,15.55,1.0,0
2018-02-02,1.7397905e+06,3.55,84.0,62.0,69.33,14.0,2.1,0
2018-02-03,1.621319e+06,2.92,89.62,77.12,40.38,8.46,1.4,0
2018-02-04,1.5922485e+06,2.52,82.33,75.5,59.17,15.04,2.1,0
2018-02-05,1.8535445e+06,-0.27,81.58,51.04,46.88,13.48,2.4,0
2018-02-06,1.8890145e+06,0.23,87.88,99.75,19.25,14.61,12.1,0
2018-02-07,1.9211775e+06,-1.74,84.92,80.71,68.67,14.08,8.7,0
2018-02-08,1.925525e+06,-4.79,81.5,33.75,109.33,8.85,0.0,0
2018-02-09,1.9170385e+06,-2.13,84.75,81.21,33.29,12.55,4.5,0
2018-02-10,1.7372665e+06,0.01,84.75,43.96,108.0,12.13,1.3,0
2018-02-11,1.61124e+06,5.38,82.54,87.62,64.29,21.31,4.4,0
2018-02-12,1.784881e+06,1.87,70.71,13.42,102.92,12.21,0.0,0
2018-02-13,1.896676e+06,1.18,78.92,58.71,58.75,17.67,1.1,0
2018-02-14,1.8730945e+06,1.97,88.08,82.46,68.5,14.49,1.8,0
2018-02-15,1.7253275e+06,8.18,93.21,99.83,13.12,12.54,7.5,0
2018-02-16,1.6516295e+06,4.57,81.75,79.54,96.67,6.9,0.0,0
2018-02-17,1.5100461e+06,4.86,80.08,74.25,66.12,7.75,2.9,0
2018-02-18,1.497407e+06,3.82,84.17,55.58,102.42,8.89,0.0,0
2018-02-19,1.692697e+06,3.88,86.42,99.42,32.29,8.15,3.9,0
2018-02-20,1.6893635e+06,4.82,89.67,98.83,27.79,7.59,3.4,0
2018-02-21,1.7551699e+06,1.79,78.0,25.08,125.0,14.44,0.0,0
2018-02-22,1.845989e+06,0.81,68.46,0.29,138.33,15.6,0.0,0
2018-02-23,1.865555e+06,0.19,60.21,0.04,142.12,16.34,0.0,0
2018-02-24,1.7364065e+06,0.98,54.75,1.42,141.46,17.7,0.0,0
2018-02-25,1.686589e+06,-0.48,48.92,14.46,148.79,18.9,0.0,0
2018-02-26,1.9651575e+06,-2.71,45.21,40.62,127.38,20.62,0.0,0
2018-02-27,2.0882941e+06,-3.92,47.71,46.29,70.29,15.46,0.0,0
2018-02-28,2.150402e+06,-4.09,37.08,46.33,148.12,18.38,0.0,0
2018-03-01,2.0299745e+06,-0.01,56.75,98.71,64.12,21.18,1.2,0
2018-03-02,1.845183e+06,3.05,78.58,85.08,46.29,14.75,3.0,0
2018-03-03,1.6065185e+06,3.79,81.96,49.67,117.46,10.29,0.2,0
2018-03-04,1.4895059e+06,4.98,91.33,67.46,29.25,11.47,6.6,0
2018-03-05,1.613179e+06,6.83,83.12,59.92,142.21,11.18,0.0,0
2018-03-06,1.6056365e+06,7.27,80.25,80.92,86.46,11.9,0.7,0
2018-03-07,1.628956e+06,5.78,85.96,76.42,89.5,14.7,4.8,0
2018-03-08,1.6269165e+06,6.22,85.96,64.25,56.33,18.48,11.6,0
2018-03-09,1.5412915e+06,8.83,86.21,96.71,59.88,10.88,3.8,0
2018-03-10,1.328429e+06,12.17,83.17,98.5,60.67,14.05,6.7,0
2018-03-11,1.2222805e+06,12.7,76.12,59.04,154.83,14.07,13.0,0
2018-03-12,1.4415005e+06,10.32,73.67,71.92,103.58,23.43,1.9,0
2018-03-13,1.4988005e+06,9.09,77.54,83.92,98.33,18.55,1.3,0
2018-03-14,1.4981615e+06,9.1,71.38,77.83,170.75,15.5,0.0,0
2018-03-15,1.4882915e+06,9.96,73.79,94.12,115.38,14.73,8.3,0
2018-03-16,1.468853e+06,8.67,79.42,68.42,114.83,10.66,0.1,0
2018-03-17,1.4342621e+06,3.81,93.92,97.83,75.92,10.25,3.6,0
2018-03-18,1.481528e+06,0.85,79.04,97.21,94.71,14.07,1.5,0
2018-03-19,1.7373475e+06,0.69,73.33,98.25,94.04,10.96,1.0,0
2018-03-20,1.7843225e+06,2.47,60.79,59.58,108.62,18.78,0.1,0
2018-03-21,1.760415e+06,3.14,73.75,53.58,140.62,12.39,0.0,0
2018-03-22,1.7301405e+06,4.27,77.75,86.67,63.92,13.29,0.0,0
2018-03-23,1.6581175e+06,4.95,79.17,87.42,35.0,13.36,0.8,0
2018-03-24,1.4474339e+06,7.86,77.29,85.62,136.08,9.76,1.7,0
2018-03-25,1.33832e+06,8.59,75.08,52.58,170.58,5.89,0.0,0
2018-03-26,1.489859e+06,8.38,69.5,72.12,170.25,8.98,0.1,0
2018-03-27,1.5400625e+06,7.82,85.04,95.29,36.0,14.92,8.4,0
2018-03-28,1.5057045e+06,8.43,83.5,82.71,70.08,17.75,5.8,0
2018-03-29,1.514537e+06,6.43,76.04,55.21,163.75,14.87,2.3,0
2018-03-30,1.515785e+06,6.5,81.25,66.75,117.67,14.57,2.7,0
2018-03-31,1.3982005e+06,6.81,74.83,82.58,137.79,11.0,1.0,0
2018-04-01,1.316567e+06,7.6,72.0,88.38,122.58,14.58,1.2,0
2018-04-02,1.2891025e+06,9.92,69.54,95.42,101.08,13.98,3.9,1
2018-04-03,1.3867085e+06,11.37,80.21,76.79,126.67,18.33,4.4,0
2018-04-04,1.3953501e+06,10.34,79.58,81.25,140.08,18.29,5.1,0
2018-04-05,1.40644e+06,8.82,67.83,84.38,129.92,14.22,1.0,0
2018-04-06,1.359151e+06,10.6,67.42,27.04,242.38,15.63,0.0,0
2018-04-07,1.1651585e+06,13.45,74.33,87.21,138.79,10.76,0.3,0
2018-04-08,1.0865165e+06,14.28,75.67,72.12,195.96,8.41,0.2,0
2018-04-09,1.27015e+06,11.8,88.75,95.75,51.5,7.95,10.2,0
2018-04-10,1.3236025e+06,11.62,79.12,73.38,152.42,13.69,1.0,0
2018-04-11,1.346036e+06,11.75,71.71,48.83,242.88,7.93,0.0,0
2018-04-12,1.3444455e+06,10.79,85.17,88.04,115.79,7.13,5.9,0
2018-04-13,1.305005e+06,12.04,82.17,59.29,207.83,7.99,0.7,0
2018-04-14,1.164862e+06,11.7,85.62,69.21,148.46,7.91,1.9,0
2018-04-15,1.086094e+06,12.55,80.67,63.29,162.0,11.75,0.6,0
2018-04-16,1.231461e+06,10.98,75.62,88.29,147.75,7.72,0.1,0
2018-04-17,1.226231e+06,13.41,71.67,42.83,261.0,9.55,0.0,0
2018-04-18,1.1638545e+06,15.76,70.62,38.62,267.04,10.56,0.0,0
2018-04-19,1.1355625e+06,17.73,70.5,6.83,265.67,8.74,0.0,0
2018-04-20,1.1336755e+06,19.36,70.5,5.04,263.42,6.88,0.0,0
2018-04-21,1.00391906e+06,18.96,66.12,36.67,251.71,8.69,0.0,0
2018-04-22,936295.5,19.25,66.08,34.0,244.17,12.78,0.3,0
2018-04-23,1.0902475e+06,14.64,71.5,87.62,180.29,11.11,1.8,0
2018-04-24,1.1243975e+06,13.84,70.79,75.08,251.21,10.15,0.0,0
2018-04-25,1.145347e+06,12.75,74.08,51.08,88.25,14.63,0.6,0
2018-04-26,1.165552e+06,11.0,62.58,50.92,189.25,13.67,0.2,0
2018-04-27,1.166592e+06,12.42,63.75,71.0,232.54,15.58,0.0,0
2018-04-28,1.0459055e+06,12.42,65.75,79.54,148.92,15.77,0.1,0
2018-04-29,1.02856706e+06,10.33,88.79,99.29,47.79,12.72,12.1,0
2018-04-30,1.214155e+06,6.02,94.83,100.0,37.62,25.76,24.1,0
2018-05-01,1.099114e+06,8.1,75.29,85.71,162.42,11.97,0.4,1
2018-05-02,1.2577475e+06,10.46,70.04,64.04,239.38,14.39,0.7,0
2018-05-03,1.243674e+06,11.29,70.46,48.33,235.46,11.63,0.0,0
2018-05-04,1.2071095e+06,11.94,67.42,0.88,304.42,13.26,0.0,0
2018-05-05,1.0498195e+06,15.18,70.92,0.0,299.21,13.21,0.0,0
2018-05-06,953658.5,18.31,73.38,0.0,297.88,9.7,0.0,0
2018-05-07,1.057671e+06,17.88,67.25,0.0,308.42,9.32,0.0,0
2018-05-08,979162.5,18.17,68.46,5.21,301.58,7.86,0.0,1
2018-05-09,1.054565e+06,15.76,74.08,42.71,265.17,13.19,0.0,0
2018-05-10,985882.5,13.21,62.71,76.29,185.71,13.46,0.5,1
2018-05-11,1.0593545e+06,13.24,67.46,28.58,310.5,9.53,0.0,0
2018-05-12,1.00548306e+06,14.53,75.54,89.79,135.29,9.41,3.8,0
2018-05-13,997527.06,11.16,77.0,97.5,145.25,12.12,3.4,0
2018-05-14,1.2115005e+06,11.96,83.67,99.83,45.67,19.14,10.0,0
2018-05-15,1.2241295e+06,15.04,80.79,65.42,204.04,14.35,0.5,0
2018-05-16,1.1901325e+06,15.27,76.33,20.42,276.88,14.66,1.7,0
2018-05-17,1.178242e+06,12.93,70.04,55.04,278.38,15.44,0.0,0
2018-05-18,1.149066e+06,11.67,68.5,50.25,319.67,12.05,0.0,0
2018-05-19,1.01659e+06,12.53,70.96,25.42,324.46,11.29,0.0,0
2018-05-20,943658.5,14.58,71.08,7.17,320.75,9.79,0.0,0
2018-05-21,976910.5,16.41,74.67,38.75,256.67,5.98,0.1,1
2018-05-22,1.1177215e+06,17.31,76.79,39.08,268.0,7.17,0.8,0
2018-05-23,1.129075e+06,16.71,78.17,40.21,287.33,10.06,1.3,0
2018-05-24,1.13449e+06,17.78,80.5,60.46,272.29,4.52,0.7,0
2018-05-25,1.1326395e+06,18.42,79.88,79.0,242.42,7.7,0.3,0
2018-05-26,998721.5,21.93,69.46,62.83,278.08,13.62,0.2,0
2018-05-27,933306.0,21.49,71.12,86.79,269.67,5.92,1.0,0
2018-05-28,1.101346e+06,20.56,78.21,92.75,225.79,5.33,10.2,0
2018-05-29,1.122329e+06,18.75,86.79,83.12,169.96,5.97,2.2,0
2018-05-30,1.136191e+06,19.8,76.83,54.21,255.12,7.7,1.0,0
2018-05-31,1.135855e+06,19.29,82.79,84.21,236.54,8.73,4.2,0
2018-06-01,1.121147e+06,17.69,84.92,89.54,179.29,9.27,12.4,0
2018-06-02,988854.0,18.0,77.54,63.21,225.83,6.68,0.0,0
2018-06-03,923730.0,19.65,74.0,54.38,258.33,9.29,0.1,0
2018-06-04,1.102191e+06,19.8,78.88,90.08,170.33,10.06,6.8,0
2018-06-05,1.1301055e+06,18.69,85.62,98.83,99.33,13.07,11.3,0
2018-06-06,1.1367325e+06,18.52,85.5,87.5,169.12,8.68,11.1,0
2018-06-07,1.1299195e+06,19.89,78.29,79.46,264.83,8.76,0.3,0
2018-06-08,1.121015e+06,19.95,79.83,55.17,281.21,7.43,0.2,0
2018-06-09,999832.94,20.05,82.29,63.29,266.88,7.83,3.2,0
2018-06-10,937328.0,20.2,83.46,80.46,212.46,6.82,1.2,0
2018-06-11,1.1095205e+06,19.15,89.33,92.38,120.79,8.93,18.9,0
2018-06-12,1.122622e+06,17.0,85.17,90.67,123.46,12.82,24.4,0
2018-06-13,1.1172645e+06,14.53,74.29,58.46,183.29,11.78,0.8,0
2018-06-14,1.127475e+06,15.4,78.38,81.96,130.46,10.68,0.6,0
2018-06-15,1.1203615e+06,17.15,76.96,67.58,199.96,6.98,0.5,0
2018-06-16,991057.5,17.0,67.79,74.5,254.25,9.48,0.0,0
2018-06-17,922374.5,16.49,69.75,90.12,180.08,11.1,0.0,0
2018-06-18,1.094799e+06,17.94,76.54,78.21,150.25,11.02,0.7,0
2018-06-19,1.1380565e+06,18.58,79.71,68.62,191.21,6.42,0.0,0
2018-06-20,1.160013e+06,20.24,77.83,27.21,331.0,5.53,0.0,0
2018-06-21,1.1492915e+06,17.1,70.29,58.42,271.75,15.33,0.6,0
2018-06-22,1.109735e+06,14.42,59.21,24.12,279.58,11.41,0.0,0
2018-06-23,982304.94,15.1,63.17,32.46,319.08,10.76,0.0,0
2018-06-24,925703.06,17.15,61.67,83.54,307.12,9.65,0.0,0
2018-06-25,1.103907e+06,18.31,64.75,22.62,302.29,13.31,0.0,0
2018-06-26,1.144583e+06,19.69,61.58,0.96,342.25,10.71,0.0,0
2018-06-27,1.1535455e+06,21.28,61.25,0.83,338.0,11.9,0.0,0
2018-06-28,1.1543345e+06,22.58,50.54,8.58,330.96,16.48,0.0,0
2018-06-29,1.151135e+06,23.47,50.83,40.17,279.75,16.75,0.0,0
2018-06-30,1.0429095e+06,24.85,53.83,19.58,291.5,12.52,0.1,0
2018-07-01,978256.5,26.55,52.12,27.75,283.21,10.47,0.0,0
2018-07-02,1.1480435e+06,24.69,46.58,47.46,295.0,9.76,0.0,0
2018-07-03,1.183142e+06,23.64,66.67,33.12,276.38,7.57,0.1,0
2018-07-04,1.181623e+06,23.61,65.71,45.33,274.79,7.45,0.5,0
2018-07-05,1.1585025e+06,22.12,63.96,80.62,197.38,9.68,3.1,0
2018-07-06,1.1448915e+06,22.16,58.58,36.21,301.17,7.99,0.0,0
2018-07-07,1.0292425e+06,24.29,53.96,38.12,255.54,7.49,0.4,0
2018-07-08,970217.5,24.22,54.5,46.29,244.92,7.88,0.0,0
2018-07-09,1.147066e+06,22.0,49.71,34.92,285.67,15.58,0.0,0
2018-07-10,1.17071e+06,19.26,58.79,63.79,261.21,14.31,0.2,0
2018-07-11,1.1592225e+06,18.39,65.25,60.62,186.29,12.05,0.4,0
2018-07-12,1.165629e+06,20.38,60.17,75.33,245.17,9.72,0.1,0
2018-07-13,1.1627045e+06,21.38,63.38,51.38,217.38,10.02,0.0,0
2018-07-14,1.013536e+06,23.01,56.75,43.08,267.92,7.64,0.1,1
2018-07-15,963556.0,24.15,49.38,54.12,295.92,7.1,0.5,0
2018-07-16,1.1213915e+06,23.69,51.33,69.62,270.58,8.21,0.0,0
2018-07-17,1.1567105e+06,21.62,52.79,58.71,235.33,10.68,0.0,0
2018-07-18,1.167684e+06,22.24,46.88,34.25,275.88,7.89,0.0,0
2018-07-19,1.175042e+06,23.56,44.58,64.83,250.58,9.23,0.0,0
2018-07-20,1.148166e+06,20.19,73.46,88.5,171.04,7.75,7.3,0
2018-07-21,1.00533906e+06,19.99,69.17,53.29,219.42,10.29,0.0,0
2018-07-22,945148.94,21.69,61.33,52.0,249.17,6.8,0.0,0
2018-07-23,1.1270085e+06,23.42,56.38,17.92,286.04,5.39,0.0,0
2018-07-24,1.170808e+06,24.83,53.83,41.62,229.04,6.98,0.0,0
2018-07-25,1.186895e+06,26.12,52.79,34.17,255.12,7.77,0.0,0
2018-07-26,1.196752e+06,28.05,50.04,21.88,275.04,4.88,0.0,0
2018-07-27,1.170541e+06,27.0,56.58,51.46,260.96,9.28,1.2,0
2018-07-28,1.0135125e+06,21.7,62.42,57.88,285.54,14.5,3.0,0
2018-07-29,951963.5,21.25,56.58,83.79,187.96,12.66,2.8,0
2018-07-30,1.1038785e+06,22.6,68.96,64.71,162.96,13.0,0.3,0
2018-07-31,1.1390265e+06,22.49,63.92,59.17,201.71,9.08,0.2,0
2018-08-01,1.1414765e+06,22.69,55.54,58.38,251.42,7.6,0.0,0
2018-08-02,1.1495055e+06,24.24,54.67,12.75,299.71,9.28,0.0,0
2018-08-03,1.1440595e+06,26.94,47.83,1.0,296.79,10.42,0.0,0
2018-08-04,1.0366385e+06,26.35,46.5,24.83,294.04,12.57,0.0,0
2018-08-05,971787.06,23.88,54.5,58.79,295.96,11.64,0.0,0
2018-08-06,1.0880615e+06,25.14,45.38,12.58,299.0,6.42,0.0,0
2018-08-07,1.1006655e+06,26.43,46.71,38.0,236.38,10.57,7.3,0
2018-08-08,1.0702305e+06,22.08,59.54,78.75,172.38,13.52,0.2,0
2018-08-09,1.03810306e+06,18.16,72.17,65.42,118.12,13.1,14.9,0
2018-08-10,1.0097575e+06,17.71,58.5,40.12,221.17,13.29,0.0,0
2018-08-11,936009.5,18.94,61.21,57.08,196.38,7.92,0.1,0
2018-08-12,886936.94,21.87,50.75,64.12,250.38,10.96,0.1,0
2018-08-13,985823.5,19.62,74.04,54.38,176.75,13.91,2.1,0
2018-08-14,1.00105294e+06,19.65,70.0,35.33,206.83,12.17,0.5,0
2018-08-15,929278.5,19.87,68.71,18.71,256.08,7.33,0.0,1
2018-08-16,1.0166105e+06,21.68,66.96,52.25,271.38,7.72,0.0,0
2018-08-17,1.0125625e+06,19.72,63.67,50.25,222.25,13.19,0.9,0
2018-08-18,943818.5,18.49,66.67,29.42,226.96,7.82,0.0,0
2018-08-19,906590.5,20.75,67.88,21.62,256.88,8.03,0.0,0
2018-08-20,1.050127e+06,21.7,70.5,71.08,148.04,9.9,0.3,0
2018-08-21,1.091861e+06,21.49,72.92,60.83,142.83,5.66,0.6,0
2018-08-22,1.1047395e+06,22.27,70.29,4.79,242.79,6.83,0.0,0
2018-08-23,1.102466e+06,21.32,70.58,34.5,234.92,11.16,0.0,0
2018-08-24,1.071042e+06,17.54,62.79,90.04,166.96,14.95,1.3,0
2018-08-25,958549.5,16.12,54.71,57.71,199.54,14.85,0.5,0
2018-08-26,905594.5,16.76,53.25,74.58,170.12,12.18,0.0,0
2018-08-27,1.072616e+06,19.58,64.42,82.0,160.96,15.21,1.9,0
2018-08-28,1.120538e+06,18.58,64.25,19.33,247.96,6.66,0.0,0
2018-08-29,1.1231245e+06,17.9,79.5,87.21,81.96,11.58,17.9,0
2018-08-30,1.118896e+06,17.1,72.42,76.29,143.21,5.41,0.0,0
2018-08-31,1.1075955e+06,17.41,63.88,46.5,195.75,8.35,0.3,0
2018-09-01,986632.0,16.83,54.71,0.29,249.5,8.9,0.0,0
2018-09-02,930767.5,17.31,52.25,2.33,246.25,8.62,0.0,0
2018-09-03,1.094273e+06,18.35,65.04,52.21,147.38,10.47,0.0,0
2018-09-04,1.1314555e+06,18.69,78.04,83.12,98.71,10.01,0.8,0
2018-09-05,1.140144e+06,19.9,82.0,77.46,145.12,9.53,0.5,0
2018-09-06,1.137392e+06,18.51,75.58,76.79,114.67,13.76,0.9,0
2018-09-07,1.1220225e+06,16.16,65.67,24.88,193.25,11.07,0.0,0
2018-09-08,993047.5,16.34,58.62,46.25,220.54,4.5,0.0,0
2018-09-09,938781.5,19.89,53.25,64.58,213.96,8.4,0.0,0
2018-09-10,1.107779e+06,18.89,67.12,62.96,204.46,8.74,0.0,0
2018-09-11,1.1474e+06,20.68,59.17,23.58,217.83,9.0,0.0,0
2018-09-12,1.153082e+06,19.94,67.75,27.21,210.96,8.59,0.0,0
2018-09-13,1.1494325e+06,16.98,77.96,97.75,59.71,11.4,1.7,0
2018-09-14,1.128048e+06,16.66,61.38,65.29,167.92,10.41,0.0,0
2018-09-15,998686.0,15.5,67.33,17.54,180.71,5.19,0.0,0
2018-09-16,942145.5,17.57,57.5,55.21,193.71,5.41,0.0,0
2018-09-17,1.1151875e+06,19.9,50.21,20.62,206.88,7.48,0.0,0
2018-09-18,1.140792e+06,21.57,58.04,38.25,149.29,13.04,0.3,0
2018-09-19,1.148336e+06,20.75,63.54,36.12,194.08,12.18,0.0,0
2018-09-20,1.1469005e+06,20.23,63.38,57.0,175.62,13.81,0.0,0
2018-09-21,1.1321665e+06,17.51,59.25,83.42,137.46,21.27,6.6,0
2018-09-22,997403.5,15.02,58.92,83.92,92.96,14.04,0.8,0
2018-09-23,956656.5,17.92,82.08,77.21,73.71,25.7,12.0,0
2018-09-24,1.1154625e+06,11.92,62.71,27.38,160.25,10.85,0.0,0
2018-09-25,1.1531395e+06,11.38,63.96,3.38,190.75,12.18,0.0,0
2018-09-26,1.167098e+06,12.05,62.08,0.0,188.58,7.82,0.0,0
2018-09-27,1.1632395e+06,15.35,66.75,0.38,184.96,3.56,0.0,0
2018-09-28,1.141306e+06,14.8,70.88,39.67,145.25,13.18,0.0,0
2018-09-29,1.0214465e+06,12.41,59.17,65.75,180.71,14.9,0.0,0
2018-09-30,977494.5,11.14,66.75,30.42,169.83,10.05,0.0,0
2018-10-01,1.1547275e+06,11.89,59.71,60.46,104.29,16.14,0.2,0
2018-10-02,1.2151575e+06,12.85,72.46,94.17,56.92,14.22,0.2,0
2018-10-03,1.1967095e+06,16.1,78.08,87.79,96.12,11.45,0.4,0
2018-10-04,1.1841525e+06,14.44,73.08,16.46,162.79,5.98,0.0,0
2018-10-05,1.1655715e+06,14.8,71.21,0.0,163.0,8.72,0.0,0
2018-10-06,1.024482e+06,16.33,69.54,34.08,140.21,9.89,1.1,0
2018-10-07,988763.5,14.05,85.62,99.42,33.38,11.37,10.8,0
2018-10-08,1.1653865e+06,12.54,67.29,18.04,156.21,8.05,0.0,0
2018-10-09,1.183845e+06,13.88,75.5,24.62,150.29,8.22,0.0,0
2018-10-10,1.1760065e+06,17.36,72.29,20.17,148.92,12.4,0.0,0
2018-10-11,1.1648135e+06,19.22,69.25,58.17,124.62,17.78,2.3,0
2018-10-12,1.149141e+06,19.4,76.0,78.54,96.33,15.71,0.1,0
2018-10-13,1.0134465e+06,20.46,69.21,57.38,137.38,12.31,0.0,0
2018-10-14,958126.0,20.48,57.29,65.25,112.92,15.97,0.0,0
2018-10-15,1.1248495e+06,20.0,50.46,43.04,132.08,13.62,0.0,0
2018-10-16,1.157178e+06,18.12,60.79,29.67,133.46,6.47,0.0,0
2018-10-17,1.168195e+06,15.28,81.33,57.33,113.5,8.07,0.0,0
2018-10-18,1.1684005e+06,15.02,77.83,6.17,128.96,14.98,0.0,0
2018-10-19,1.164005e+06,13.5,82.17,5.88,121.71,10.77,0.0,0
2018-10-20,1.0480385e+06,11.62,76.79,10.33,127.67,10.28,0.0,0
2018-10-21,1.0094535e+06,10.5,76.75,2.71,126.08,7.4,0.0,0
2018-10-22,1.2021015e+06,11.68,79.92,51.08,32.17,13.61,0.0,0
2018-10-23,1.257491e+06,10.23,75.83,32.58,119.33,11.54,0.0,0
2018-10-24,1.258304e+06,13.11,85.88,50.92,75.46,8.92,0.0,0
2018-10-25,1.241266e+06,12.3,83.96,63.88,78.38,7.52,0.0,0
2018-10-26,1.2706535e+06,10.11,80.46,77.79,43.92,11.85,0.4,0
2018-10-27,1.2175205e+06,6.38,75.38,32.29,88.75,9.54,0.0,0
2018-10-28,1.264146e+06,5.85,74.33,80.92,56.88,22.77,0.2,0
2018-10-29,1.523479e+06,5.33,71.04,99.71,55.54,21.0,0.5,0
2018-10-30,1.5409215e+06,6.59,78.83,87.21,29.96,18.92,10.0,0
2018-10-31,1.496708e+06,7.58,85.83,84.21,56.25,12.33,5.1,0
2018-11-01,1.2905435e+06,10.83,79.08,83.08,52.04,15.69,4.2,1
2018-11-02,1.3602995e+06,7.03,81.92,27.46,94.38,8.7,0.0,0
2018-11-03,1.341796e+06,4.67,82.08,57.21,94.79,6.24,0.0,0
2018-11-04,1.2740335e+06,6.5,89.54,88.88,71.62,8.96,0.0,0
2018-11-05,1.373855e+06,12.76,76.29,81.71,83.25,10.54,0.0,0
2018-11-06,1.3712445e+06,14.32,71.67,72.79,80.38,16.5,0.0,0
2018-11-07,1.41262e+06,11.02,79.54,74.75,19.96,20.92,2.7,0
2018-11-08,1.432549e+06,8.79,83.79,60.5,67.75,12.03,0.4,0
2018-11-09,1.4011705e+06,9.48,83.46,69.12,62.33,12.79,0.1,0
2018-11-10,1.24888e+06,11.56,85.83,85.88,18.54,22.9,5.6,0
2018-11-11,1.1727635e+06,11.8,87.62,86.38,22.08,20.25,6.3,1
2018-11-12,1.331683e+06,10.71,93.08,99.75,22.46,7.63,16.1,0
2018-11-13,1.35964e+06,10.32,83.08,31.58,81.12,13.24,0.0,0
2018-11-14,1.3932175e+06,8.64,90.54,51.67,80.29,8.09,0.0,0
2018-11-15,1.398336e+06,8.05,97.21,54.58,37.71,8.46,0.0,0
2018-11-16,1.421208e+06,6.98,95.92,98.33,36.58,8.51,0.0,0
2018-11-17,1.3517915e+06,5.05,80.92,11.79,81.71,12.75,0.0,0
2018-11-18,1.3615815e+06,4.61,67.83,0.0,80.17,13.99,0.0,0
2018-11-19,1.6443525e+06,2.96,64.79,35.33,50.96,17.56,0.3,0
2018-11-20,1.723283e+06,1.95,89.58,84.33,24.79,12.8,2.9,0
2018-11-21,1.7228755e+06,0.77,86.92,40.5,75.0,7.42,0.0,0
2018-11-22,1.690891e+06,2.83,96.42,90.17,27.25,7.56,1.5,0
2018-11-23,1.641668e+06,5.07,94.08,55.88,57.46,8.43,1.0,0
2018-11-24,1.4486585e+06,6.99,92.54,73.25,42.21,10.78,6.4,0
2018-11-25,1.416681e+06,6.48,95.17,99.46,13.21,11.3,8.6,0
2018-11-26,1.6132305e+06,5.86,92.38,100.0,19.58,11.57,1.0,0
2018-11-27,1.6469181e+06,5.48,90.38,76.08,38.92,10.42,3.1,0
2018-11-28,1.5990715e+06,10.12,89.08,99.12,19.29,17.85,21.7,0
2018-11-29,1.5427295e+06,11.05,78.0,99.25,18.08,18.91,2.5,0
2018-11-30,1.5148715e+06,9.74,85.42,34.88,56.04,15.71,0.0,0
2018-12-01,1.4067235e+06,8.13,91.29,84.83,13.92,19.4,5.8,0
2018-12-02,1.3000705e+06,13.5,90.5,93.33,31.75,22.06,11.2,0
2018-12-03,1.4119075e+06,12.86,87.79,82.83,16.67,24.35,7.3,0
2018-12-04,1.4374035e+06,9.61,84.04,68.71,48.96,10.2,1.3,0
2018-12-05,1.483163e+06,9.97,88.46,99.54,28.75,13.05,2.7,0
2018-12-06,1.4536419e+06,11.86,90.79,89.08,19.83,13.18,1.2,0
2018-12-07,1.4588555e+06,10.66,83.29,81.75,13.5,24.81,5.3,0
2018-12-08,1.3914535e+06,9.42,73.71,68.29,23.33,28.67,0.7,0
2018-12-09,1.3301975e+06,9.35,78.83,61.08,24.92,28.71,2.6,0
2018-12-10,1.5359901e+06,7.26,86.17,43.88,40.17,14.01,0.4,0
2018-12-11,1.6381625e+06,4.41,91.17,46.75,48.0,5.45,0.0,0
2018-12-12,1.7230445e+06,2.36,90.17,57.71,58.17,10.57,0.0,0
2018-12-13,1.8022555e+06,1.0,81.75,19.12,56.83,14.97,0.0,0
2018-12-14,1.8302625e+06,-1.15,75.96,31.71,55.62,7.94,0.0,0
2018-12-15,1.721439e+06,-0.03,78.58,89.62,14.25,14.24,10.5,0
2018-12-16,1.563527e+06,4.72,94.79,78.42,23.92,11.75,2.1,0
2018-12-17,1.6607375e+06,5.8,89.88,45.42,54.29,13.1,1.4,0
2018-12-18,1.697695e+06,6.15,84.46,81.46,41.54,15.83,0.1,0
2018-12-19,1.635219e+06,8.07,89.04,69.04,36.17,17.31,3.8,0
2018-12-20,1.6182179e+06,7.58,83.88,73.04,40.04,19.83,0.1,0
2018-12-21,1.5411005e+06,12.25,87.08,97.88,20.17,28.43,7.9,0
2018-12-22,1.341451e+06,11.0,83.58,93.08,27.88,20.43,1.0,0
2018-12-23,1.275317e+06,10.95,91.29,99.25,9.96,18.91,7.0,0
2018-12-24,1.303947e+06,8.39,90.38,89.42,16.0,11.01,4.5,0
2018-12-25,1.3100205e+06,2.18,91.5,47.08,50.08,7.18,0.0,1
2018-12-26,1.5646185e+06,-0.5,92.25,56.21,53.83,7.26,0.0,0
2018-12-27,1.6508145e+06,-1.47,90.79,87.54,37.33,6.63,0.0,0
2018-12-28,1.6413205e+06,-1.01,98.67,96.88,16.96,4.08,0.0,0
2018-12-29,1.5664595e+06,3.59,91.83,99.71,26.5,8.65,0.0,0
2018-12-30,1.477417e+06,6.48,95.67,96.04,17.58,6.75,0.5,0
2018-12-31,1.4977485e+06,8.13,93.92,95.96,21.12,6.32,0.8,0
2019-01-01,1.4029645e+06,7.35,87.62,96.08,25.62,9.77,0.4,1
2019-01-02,1.587256e+06,5.2,79.33,68.79,36.75,10.48,0.0,0
2019-01-03,1.7383181e+06,3.89,81.33,75.67,25.67,8.1,0.0,0
2019-01-04,1.8008585e+06,3.17,86.17,83.04,30.92,7.68,0.0,0
2019-01-05,1.692613e+06,3.49,80.25,87.29,27.33,10.09,0.0,0
2019-01-06,1.6246715e+06,4.03,83.54,92.38,29.75,6.38,0.3,0
2019-01-07,1.764244e+06,5.61,91.67,82.42,16.04,8.7,0.6,0
2019-01-08,1.7398225e+06,7.52,83.21,75.42,42.21,17.45,1.3,0
2019-01-09,1.7784301e+06,3.85,78.38,57.62,33.79,17.31,0.2,0
2019-01-10,1.859367e+06,1.5,84.83,68.42,33.21,9.9,0.0,0
2019-01-11,1.8367975e+06,4.42,93.67,94.79,8.79,8.33,0.7,0
2019-01-12,1.6455021e+06,6.11,91.79,83.04,20.42,14.49,0.4,0
2019-01-13,1.4924085e+06,9.31,86.96,99.42,18.62,24.06,0.8,0
2019-01-14,1.633733e+06,7.63,78.58,75.38,38.04,16.22,0.5,0
2019-01-15,1.6948775e+06,5.68,78.29,70.38,45.42,8.53,0.0,0
2019-01-16,1.7502275e+06,4.86,77.54,93.79,64.08,12.89,0.6,0
2019-01-17,1.713425e+06,4.83,86.12,50.67,51.75,18.08,2.7,0
2019-01-18,1.799297e+06,0.34,84.79,57.04,71.54,7.3,0.0,0
2019-01-19,1.6927675e+06,0.02,89.25,85.83,22.96,11.01,2.3,0
2019-01-20,1.6139175e+06,1.93,91.71,95.54,24.12,8.37,0.6,0
2019-01-21,1.8434179e+06,-2.12,83.75,5.25,78.46,6.03,0.0,0
2019-01-22,1.905124e+06,-0.72,91.21,85.29,21.79,12.48,7.0,0
2019-01-23,1.887821e+06,0.66,92.29,87.04,24.79,15.7,2.4,0
2019-01-24,1.9274381e+06,-0.01,87.83,92.96,26.17,6.92,0.5,0
2019-01-25,1.8602541e+06,3.28,91.12,99.79,23.83,8.31,1.2,0
2019-01-26,1.620199e+06,7.82,88.38,92.83,32.79,17.8,0.5,0
2019-01-27,1.546359e+06,6.09,83.83,77.54,23.33,26.32,3.2,0
2019-01-28,1.7725405e+06,3.25,75.17,36.62,54.75,17.48,0.0,0
2019-01-29,1.8402095e+06,0.7,84.38,84.67,36.0,13.81,5.8,0
2019-01-30,1.8531859e+06,1.98,86.5,83.46,76.04,16.38,12.0,0
2019-01-31,1.8793825e+06,-0.8,92.5,61.79,39.88,13.08,4.4,0
2019-02-01,1.7746515e+06,4.75,90.21,72.58,39.75,10.37,3.8,0
2019-02-02,1.663992e+06,3.77,87.17,78.75,48.04,16.6,1.9,0
2019-02-03,1.649068e+06,2.16,78.71,44.96,68.42,14.9,0.0,0
2019-02-04,1.8761425e+06,0.89,81.12,96.21,21.79,13.57,1.3,0
2019-02-05,1.8074055e+06,2.51,86.42,54.33,96.54,8.04,0.0,0
2019-02-06,1.7369021e+06,7.69,90.17,95.08,35.25,13.3,2.9,0
2019-02-07,1.6936715e+06,8.7,78.0,63.21,87.08,20.47,2.6,0
2019-02-08,1.6787975e+06,8.24,81.5,98.54,28.42,24.79,0.3,0
2019-02-09,1.5036415e+06,9.02,73.96,63.92,76.96,25.79,1.0,0
2019-02-10,1.448241e+06,8.26,82.08,88.38,51.29,31.52,13.4,0
2019-02-11,1.6736365e+06,5.32,78.21,62.04,42.67,14.15,0.1,0
2019-02-12,1.722316e+06,2.29,86.0,65.96,89.5,4.85,0.0,0
2019-02-13,1.724572e+06,1.5,87.75,29.79,111.83,8.32,0.0,0
2019-02-14,1.679611e+06,3.44,85.25,20.0,118.12,8.4,0.0,0
2019-02-15,1.606327e+06,5.22,78.0,0.0,121.12,9.16,0.0,0
2019-02-16,1.4450525e+06,6.07,81.58,31.42,120.88,8.98,0.0,0
2019-02-17,1.3518575e+06,7.19,70.58,46.5,124.58,11.89,0.0,0
2019-02-18,1.5142005e+06,7.11,74.71,25.04,123.92,9.71,0.0,0
2019-02-19,1.5527505e+06,7.37,82.25,66.83,86.88,6.89,0.5,0
2019-02-20,1.5731581e+06,5.53,88.79,63.79,101.62,6.5,0.0,0
2019-02-21,1.5448245e+06,7.7,84.33,21.38,127.54,5.39,0.0,0
2019-02-22,1.491573e+06,7.13,88.33,45.96,109.04,5.48,0.0,0
2019-02-23,1.323842e+06,8.48,79.42,0.0,137.25,10.07,0.0,0
2019-02-24,1.28871e+06,5.88,60.71,1.08,140.21,9.2,0.0,0
2019-02-25,1.4511095e+06,6.62,68.92,0.0,141.54,9.6,0.0,0
2019-02-26,1.435808e+06,7.85,80.08,0.0,145.25,9.8,0.0,0
2019-02-27,1.4107255e+06,8.98,79.62,0.0,146.92,6.72,0.0,0
2019-02-28,1.4193795e+06,9.63,81.38,48.42,78.46,18.35,2.4,0
2019-03-01,1.4236985e+06,9.77,82.17,87.46,68.54,16.45,1.8,0
2019-03-02,1.311536e+06,9.9,76.12,93.62,75.04,15.6,2.8,0
2019-03-03,1.246474e+06,11.92,72.5,92.71,56.5,26.25,0.4,0
2019-03-04,1.4454985e+06,8.86,74.88,72.79,70.58,30.85,6.7,0
2019-03-05,1.485484e+06,7.43,82.21,73.33,48.62,19.1,6.1,0
2019-03-06,1.480628e+06,9.92,75.75,99.71,35.71,18.9,5.5,0
2019-03-07,1.465671e+06,9.05,76.67,61.12,111.46,25.44,8.5,0
2019-03-08,1.4735025e+06,8.28,69.17,53.21,124.96,19.64,0.2,0
2019-03-09,1.3220185e+06,10.85,76.62,98.96,86.79,22.1,3.4,0
2019-03-10,1.230094e+06,10.95,70.42,59.17,125.33,29.45,3.9,0
2019-03-11,1.465777e+06,6.26,68.21,44.17,156.21,22.33,2.7,0
2019-03-12,1.533092e+06,7.02,67.08,97.17,85.08,22.42,3.9,0
2019-03-13,1.5421255e+06,7.05,71.75,47.21,123.17,26.91,0.7,0
2019-03-14,1.563008e+06,8.51,82.62,97.5,25.5,27.15,7.4,0
2019-03-15,1.4772099e+06,11.73,81.17,99.5,40.62,25.93,3.3,0
2019-03-16,1.2838575e+06,11.1,71.79,67.75,125.79,24.99,0.0,0
2019-03-17,1.2620285e+06,7.73,73.08,70.46,139.42,23.09,5.3,0
2019-03-18,1.4958225e+06,6.71,73.75,60.96,140.33,14.22,1.2,0
2019-03-19,1.5089005e+06,5.98,78.08,65.96,128.5,4.07,0.0,0
2019-03-20,1.48902e+06,7.93,78.12,60.38,140.17,5.39,0.0,0
2019-03-21,1.441615e+06,8.9,79.67,4.33,194.92,8.03,0.0,0
2019-03-22,1.3855341e+06,9.01,79.04,13.62,202.58,6.02,0.0,0
2019-03-23,1.2352705e+06,8.27,80.62,51.0,191.25,7.52,0.0,0
2019-03-24,1.1716385e+06,8.3,81.0,64.75,80.67,9.95,0.1,0
2019-03-25,1.3698541e+06,6.68,66.96,35.79,159.12,15.5,0.0,0
2019-03-26,1.4150585e+06,6.84,71.17,42.88,187.0,10.42,0.0,0
2019-03-27,1.4121035e+06,7.44,73.38,73.5,125.33,9.16,0.0,0
2019-03-28,1.386468e+06,9.35,68.75,65.54,137.88,11.19,0.0,0
2019-03-29,1.335544e+06,10.37,73.29,21.58,204.71,8.82,0.0,0
2019-03-30,1.1741305e+06,11.35,67.58,31.29,210.58,8.35,0.0,0
2019-03-31,1.1095425e+06,11.89,66.96,5.75,218.71,10.02,0.0,0
2019-04-01,1.252104e+06,12.12,74.71,11.17,226.75,10.48,0.0,0
2019-04-02,1.295588e+06,10.95,76.46,80.96,168.96,14.48,4.2,0
2019-04-03,1.415339e+06,6.0,77.58,63.71,188.12,11.31,3.5,0
2019-04-04,1.4720675e+06,5.75,66.0,28.29,209.58,9.45,0.0,0
2019-04-05,1.440684e+06,7.62,58.96,70.42,160.62,12.82,0.0,0
2019-04-06,1.2937965e+06,9.73,69.33,67.71,211.96,11.75,0.2,0
2019-04-07,1.2180085e+06,10.25,70.5,94.42,149.88,9.14,0.0,0
2019-04-08,1.3590499e+06,10.49,71.25,79.12,167.0,7.35,0.0,0
2019-04-09,1.356915e+06,9.27,84.75,63.0,140.96,7.49,4.3,0
2019-04-10,1.3645345e+06,9.32,84.25,70.54,100.04,11.71,1.4,0
2019-04-11,1.3720965e+06,7.94,62.75,9.12,258.83,15.03,0.0,0
2019-04-12,1.3732019e+06,6.43,61.17,41.12,214.17,13.93,0.0,0
2019-04-13,1.2756625e+06,4.96,55.46,36.54,217.12,12.81,0.0,0
2019-04-14,1.253785e+06,4.31,62.21,38.46,222.46,10.35,0.0,0
2019-04-15,1.3788655e+06,8.06,66.83,49.08,254.96,13.11,0.0,0
2019-04-16,1.349815e+06,10.16,76.08,99.42,56.29,8.24,1.3,0
2019-04-17,1.304595e+06,10.92,78.29,74.71,235.67,7.89,0.0,0
2019-04-18,1.2356135e+06,15.28,66.88,76.62,252.67,12.61,0.0,0
2019-04-19,1.174792e+06,16.09,64.12,33.12,244.67,9.1,0.0,0
2019-04-20,1.0387615e+06,17.12,57.83,2.5,270.54,11.34,0.0,0
2019-04-21,972974.0,16.48,57.58,23.54,277.38,9.76,0.0,0
2019-04-22,987394.5,16.87,60.46,68.54,250.08,7.85,0.0,1
2019-04-23,1.1483925e+06,15.8,63.79,77.08,207.96,7.47,0.0,0
2019-04-24,1.1821115e+06,14.12,70.96,63.33,193.58,16.36,1.4,0
2019-04-25,1.2222325e+06,11.82,76.58,91.29,133.46,17.35,6.5,0
2019-04-26,1.2300385e+06,11.47,69.88,51.42,233.33,13.01,0.1,0
2019-04-27,1.1235415e+06,10.58,65.79,68.04,207.5,23.87,2.9,0
2019-04-28,1.1134705e+06,8.53,75.58,56.46,120.42,17.44,2.3,0
2019-04-29,1.253497e+06,9.59,73.96,48.0,189.58,7.21,0.0,0
2019-04-30,1.2300845e+06,11.35,72.0,21.83,275.92,9.53,0.0,0
2019-05-01,1.0311785e+06,11.95,75.62,66.08,213.88,6.88,0.0,1
2019-05-02,1.1961805e+06,11.23,83.12,97.58,95.71,12.05,5.9,0
2019-05-03,1.2267085e+06,10.98,79.5,62.25,222.33,8.97,1.2,0
2019-05-04,1.168771e+06,6.89,77.46,58.29,136.29,17.08,4.4,0
2019-05-05,1.174971e+06,7.5,65.54,33.67,207.17,16.36,0.9,0
2019-05-06,1.323602e+06,7.83,64.67,65.0,179.88,5.32,0.0,0
2019-05-07,1.288315e+06,10.41,62.0,96.12,203.96,9.24,0.0,0
2019-05-08,1.136883e+06,12.42,75.12,82.33,130.46,18.03,9.8,1
2019-05-09,1.252119e+06,12.16,74.88,67.21,189.08,19.71,6.8,0
2019-05-10,1.2382005e+06,11.67,75.04,65.42,175.96,8.52,11.4,0
2019-05-11,1.0998095e+06,11.3,83.75,79.62,151.38,14.89,26.3,0
2019-05-12,1.0493715e+06,9.83,66.33,33.33,250.21,13.74,0.0,0
2019-05-13,1.1984255e+06,10.98,60.83,3.58,315.25,17.14,0.0,0
2019-05-14,1.192037e+06,12.18,52.79,1.42,318.46,16.58,0.0,0
2019-05-15,1.183505e+06,12.16,58.67,2.92,319.42,12.85,0.0,0
2019-05-16,1.180969e+06,11.68,58.96,48.83,283.83,10.89,0.0,0
2019-05-17,1.1863745e+06,13.67,67.75,83.71,224.83,6.91,0.2,0
2019-05-18,1.070956e+06,14.39,79.67,87.42,200.12,6.68,0.4,0
2019-05-19,1.0253625e+06,14.01,85.83,90.38,179.46,8.69,2.4,0
2019-05-20,1.1813575e+06,13.64,80.04,80.96,152.88,12.5,2.4,0
2019-05-21,1.1786825e+06,14.31,81.0,29.42,260.33,10.05,2.2,0
2019-05-22,1.159489e+06,14.36,67.96,65.67,283.5,5.62,0.0,0
2019-05-23,1.144006e+06,16.25,61.29,64.17,272.88,5.75,0.0,0
2019-05-24,1.1249435e+06,16.62,63.71,59.33,260.08,9.86,0.1,0
2019-05-25,998516.0,15.38,78.38,51.83,219.12,8.28,3.2,0
2019-05-26,944246.5,15.34,76.58,62.75,200.38,10.75,0.1,0
2019-05-27,1.106037e+06,16.15,68.12,92.08,227.08,13.72,0.3,0
2019-05-28,1.140682e+06,13.29,71.0,46.17,247.75,14.65,3.4,0
2019-05-29,1.150504e+06,13.62,71.62,67.25,222.25,8.32,0.3,0
2019-05-30,996241.5,17.05,73.21,78.88,191.04,9.45,1.0,1
2019-05-31,1.03621e+06,17.47,74.0,43.88,232.96,6.35,0.0,0
2019-06-01,977917.5,20.28,69.33,6.92,329.38,8.4,0.0,0
2019-06-02,924960.5,23.57,60.21,49.83,315.42,13.55,0.0,0
2019-06-03,1.0870725e+06,18.23,70.71,78.08,134.42,8.9,2.1,0
2019-06-04,1.1165635e+06,18.73,79.92,79.62,198.62,13.98,5.7,0
2019-06-05,1.123776e+06,14.69,85.58,98.96,72.17,9.77,21.0,0
2019-06-06,1.120248e+06,14.08,76.71,54.29,257.17,9.6,1.3,0
2019-06-07,1.1132435e+06,14.98,68.5,82.71,163.96,26.44,6.3,0
2019-06-08,991563.5,14.98,61.67,51.21,257.04,25.38,0.7,0
2019-06-09,928295.5,15.33,73.33,78.0,212.25,6.63,0.1,0
2019-06-10,975105.5,14.21,79.96,68.33,254.62,11.8,2.6,1
2019-06-11,1.130097e+06,13.03,73.38,55.54,240.29,7.7,0.4,0
2019-06-12,1.1496445e+06,13.14,82.79,72.04,242.0,10.72,5.3,0
2019-06-13,1.138858e+06,14.25,77.79,51.88,200.25,16.49,0.7,0
2019-06-14,1.12515e+06,16.76,75.75,73.79,234.88,8.02,3.8,0
2019-06-15,993807.5,17.38,70.75,46.58,271.67,11.85,8.5,0
2019-06-16,934389.5,16.91,72.25,51.54,194.96,11.8,0.4,0
2019-06-17,1.098772e+06,18.95,70.46,51.25,280.33,6.3,0.0,0
2019-06-18,1.1302885e+06,20.6,72.71,83.33,236.88,9.63,0.0,0
2019-06-19,1.1293365e+06,20.44,72.83,67.67,193.83,12.81,6.3,0
2019-06-20,1.121707e+06,17.24,74.42,69.46,229.21,10.72,4.0,0
2019-06-21,1.106352e+06,16.81,65.92,62.58,263.67,8.15,0.0,0
2019-06-22,985461.5,18.1,65.08,48.92,294.79,9.75,0.0,0
2019-06-23,937847.06,21.93,66.79,78.42,298.46,10.88,0.0,0
2019-06-24,1.132997e+06,24.53,67.71,63.71,311.42,10.95,0.0,0
2019-06-25,1.184988e+06,25.94,67.75,65.92,303.58,9.6,0.0,0
2019-06-26,1.2076975e+06,26.1,69.46,8.67,314.58,17.44,0.0,0
2019-06-27,1.223572e+06,25.7,64.92,0.0,332.12,18.63,0.0,0
2019-06-28,1.203239e+06,24.86,49.04,21.17,338.96,13.7,0.0,0
2019-06-29,1.084437e+06,26.29,55.38,1.71,340.67,8.91,0.0,0
2019-06-30,1.00868e+06,23.32,58.92,15.58,326.88,13.48,0.0,0
2019-07-01,1.151944e+06,19.65,64.42,49.17,263.58,11.25,2.0,0
2019-07-02,1.166057e+06,18.89,59.83,1.75,341.88,10.85,0.0,0
2019-07-03,1.170847e+06,19.97,53.25,10.58,339.12,17.74,0.0,0
2019-07-04,1.1800225e+06,20.56,48.46,0.0,342.29,13.63,0.0,0
2019-07-05,1.187662e+06,22.23,50.21,20.75,342.54,6.89,0.0,0
2019-07-06,1.0602435e+06,23.98,51.54,12.25,325.21,9.33,0.0,0
2019-07-07,985102.0,20.85,57.42,57.04,289.88,9.84,0.0,0
2019-07-08,1.1393525e+06,18.94,49.21,70.92,297.5,15.65,0.0,0
2019-07-09,1.137411e+06,18.3,49.58,17.67,333.75,13.9,0.0,0
2019-07-10,1.1488255e+06,20.65,50.29,38.83,320.25,5.96,0.0,0
2019-07-11,1.1587055e+06,22.72,56.88,72.96,197.04,6.48,0.2,0
2019-07-12,1.151804e+06,20.82,59.5,47.71,219.79,14.84,0.6,0
2019-07-13,1.02451106e+06,20.33,61.25,30.0,285.67,11.7,0.0,0
2019-07-14,948472.5,17.94,63.25,52.12,198.88,16.01,0.0,1
2019-07-15,1.103107e+06,18.22,59.38,12.5,317.42,12.95,0.0,0
2019-07-16,1.1441085e+06,18.74,59.08,42.46,315.04,6.71,0.0,0
2019-07-17,1.1546795e+06,21.44,51.92,55.46,287.21,7.82,0.0,0
2019-07-18,1.153982e+06,20.59,59.25,86.0,220.71,11.59,1.2,0
2019-07-19,1.148191e+06,21.82,67.12,92.08,209.88,7.75,0.7,0
2019-07-20,1.027754e+06,22.38,63.12,57.62,226.92,14.22,2.8,0
2019-07-21,970274.0,21.42,61.79,66.92,272.92,9.18,0.0,0
2019-07-22,1.158332e+06,23.47,55.08,79.71,307.29,5.45,0.0,0
2019-07-23,1.2134855e+06,27.46,44.12,9.17,319.42,10.25,0.0,0
2019-07-24,1.229948e+06,30.15,39.25,9.75,310.0,8.29,0.0,0
2019-07-25,1.227984e+06,32.18,39.12,30.83,293.54,10.48,0.0,0
2019-07-26,1.164562e+06,25.25,58.58,54.17,227.29,14.27,7.2,0
2019-07-27,985692.0,18.68,78.92,92.38,148.58,14.85,11.6,0
2019-07-28,898260.5,19.09,67.04,72.42,230.92,15.63,0.6,0
2019-07-29,1.0468585e+06,20.07,63.54,4.79,307.29,8.15,0.0,0
2019-07-30,1.072599e+06,20.22,60.38,36.62,222.42,18.58,0.1,0
2019-07-31,1.0677695e+06,19.01,60.62,64.29,204.92,12.49,0.1,0
2019-08-01,1.0727445e+06,20.25,62.29,64.04,246.88,6.48,0.0,0
2019-08-02,1.060739e+06,20.97,58.79,51.12,265.17,10.1,0.0,0
2019-08-03,964265.5,19.54,67.33,59.75,211.0,8.13,0.0,0
2019-08-04,916836.5,22.26,59.08,71.5,246.67,6.92,0.0,0
2019-08-05,1.0262765e+06,21.91,61.92,77.67,190.46,12.26,1.0,0
2019-08-06,1.0401515e+06,19.38,85.46,88.12,65.04,7.73,30.2,0
2019-08-07,1.027398e+06,19.84,72.83,70.04,204.04,8.9,1.1,0
2019-08-08,1.0421415e+06,21.61,62.5,63.0,249.88,6.75,0.2,0
2019-08-09,1.0486315e+06,22.67,71.46,92.71,105.79,14.07,10.2,0
2019-08-10,941895.06,21.1,57.62,66.12,209.71,24.97,0.0,0
2019-08-11,882174.5,17.94,64.58,81.0,140.62,10.82,0.2,0
2019-08-12,967192.5,17.07,70.58,39.12,231.54,10.86,1.7,0
2019-08-13,977688.94,15.66,71.62,49.29,182.29,11.5,1.2,0
2019-08-14,984203.5,17.92,73.62,67.96,187.38,9.95,0.9,0
2019-08-15,902617.5,18.94,71.54,71.0,184.54,18.45,3.1,1
2019-08-16,956403.06,18.45,69.67,78.38,204.21,10.18,0.1,0
2019-08-17,922786.5,18.9,87.17,98.71,59.62,15.22,17.0,0
2019-08-18,889371.06,19.16,80.75,94.88,96.21,13.59,6.5,0
2019-08-19,1.0009395e+06,17.52,65.08,45.38,224.54,10.73,0.0,0
2019-08-20,1.02602706e+06,17.08,67.75,43.08,238.62,9.07,0.0,0
2019-08-21,1.035374e+06,16.71,67.04,27.96,255.75,7.16,0.0,0
2019-08-22,1.04442706e+06,18.36,61.92,9.0,269.12,7.65,0.0,0
2019-08-23,1.0503235e+06,20.01,61.75,39.54,263.5,8.84,0.0,0
2019-08-24,968449.5,21.7,60.83,52.92,258.0,8.0,0.0,0
2019-08-25,925700.94,23.89,53.29,16.5,261.58,6.58,0.0,0
2019-08-26,1.094976e+06,23.95,52.12,0.0,256.17,6.85,0.0,0
2019-08-27,1.131688e+06,24.66,51.58,51.21,209.88,9.74,0.0,0
2019-08-28,1.137937e+06,23.58,64.12,63.83,184.08,8.27,1.1,0
2019-08-29,1.1370615e+06,20.15,69.33,39.04,200.0,10.0,0.6,0
2019-08-30,1.1303655e+06,18.85,58.38,29.58,246.83,5.91,0.0,0
2019-08-31,1.0104915e+06,21.71,52.0,38.38,225.96,11.96,0.0,0
2019-09-01,941886.0,18.57,57.58,65.5,175.42,11.42,0.0,0
2019-09-02,1.0828545e+06,16.57,58.71,11.12,241.62,8.26,0.0,0
2019-09-03,1.1167875e+06,17.05,64.62,23.71,220.79,7.9,0.0,0
2019-09-04,1.124043e+06,17.25,65.62,24.71,184.79,13.27,0.4,0
2019-09-05,1.11381e+06,15.25,62.46,43.04,155.75,13.61,0.1,0
2019-09-06,1.102318e+06,14.58,59.88,42.92,218.12,9.24,0.2,0
2019-09-07,977608.5,15.67,69.5,53.33,156.79,12.42,0.1,0
2019-09-08,931620.94,13.98,66.08,31.75,169.25,12.33,0.0,0
2019-09-09,1.0998175e+06,13.58,64.79,75.71,117.96,7.12,0.0,0
2019-09-10,1.124298e+06,16.18,54.88,42.04,188.25,9.08,0.0,0
2019-09-11,1.127839e+06,17.27,65.33,62.42,171.04,10.4,0.0,0
2019-09-12,1.129791e+06,19.74,74.92,76.58,93.29,10.03,0.3,0
2019-09-13,1.114947e+06,18.97,77.83,65.0,116.46,7.13,0.0,0
2019-09-14,989339.06,19.83,67.67,46.25,192.75,11.47,0.0,0
2019-09-15,937018.0,19.4,62.75,1.12,213.38,6.77,0.0,0
2019-09-16,1.102477e+06,18.58,60.46,48.46,197.75,8.88,0.0,0
2019-09-17,1.1244175e+06,18.4,67.25,25.75,178.54,11.77,0.1,0
2019-09-18,1.1188995e+06,15.01,51.75,11.62,204.29,18.64,0.0,0
2019-09-19,1.115846e+06,14.99,53.29,2.12,203.08,17.56,0.0,0
2019-09-20,1.108449e+06,16.4,39.0,0.0,204.92,16.44,0.0,0
2019-09-21,985652.94,19.81,46.96,13.62,193.46,11.67,0.0,0
2019-09-22,924613.5,19.03,72.88,88.04,61.25,14.52,5.5,0
2019-09-23,1.0775275e+06,16.9,71.29,53.54,143.21,13.5,0.6,0
2019-09-24,1.1080255e+06,16.62,83.96,85.25,62.67,17.26,11.5,0
2019-09-25,1.1253875e+06,15.88,78.58,81.08,67.17,17.97,3.8,0
2019-09-26,1.133745e+06,17.92,80.38,94.96,61.21,21.15,1.6,0
2019-09-27,1.1149995e+06,16.85,75.62,64.71,123.0,19.6,3.9,0
2019-09-28,994527.5,16.25,68.83,64.04,106.21,19.41,0.0,0
2019-09-29,950208.5,16.79,73.33,49.38,96.08,27.4,2.0,0
2019-09-30,1.1095035e+06,16.1,69.96,73.96,120.42,17.18,0.0,0
2019-10-01,1.1396475e+06,17.37,82.25,72.04,80.79,20.17,4.0,0
2019-10-02,1.1492025e+06,13.5,70.5,62.71,112.88,15.84,0.9,0
2019-10-03,1.185669e+06,9.16,69.46,59.42,110.21,5.98,0.0,0
2019-10-04,1.1766605e+06,14.14,75.75,89.96,75.83,19.87,5.0,0
2019-10-05,1.0464105e+06,14.75,83.0,94.79,71.62,9.58,0.9,0
2019-10-06,992043.5,14.4,81.29,70.38,88.04,15.85,3.4,0
2019-10-07,1.161519e+06,14.0,71.54,84.0,92.71,13.49,0.0,0
2019-10-08,1.18531e+06,14.28,88.67,83.54,23.92,15.11,11.8,0
2019-10-09,1.196739e+06,12.85,79.33,63.08,98.21,19.5,1.9,0
2019-10-10,1.1984305e+06,13.5,72.21,48.12,115.0,17.7,1.5,0
2019-10-11,1.176181e+06,14.61,78.17,54.71,87.42,16.28,0.0,0
2019-10-12,1.03532e+06,15.96,82.92,42.79,83.33,12.65,0.4,0
2019-10-13,971305.5,18.79,77.38,35.42,118.04,16.67,1.0,0
2019-10-14,1.1251655e+06,18.19,77.79,70.71,112.83,15.3,2.0,0
2019-10-15,1.163576e+06,14.17,83.04,79.25,46.04,12.2,3.9,0
2019-10-16,1.197172e+06,13.82,83.17,88.38,51.0,23.5,11.2,0
2019-10-17,1.2001995e+06,14.27,84.46,84.04,55.12,12.7,1.0,0
2019-10-18,1.188392e+06,14.18,70.71,73.0,115.29,21.92,1.4,0
2019-10-19,1.0729785e+06,12.66,86.5,92.25,63.29,12.43,6.6,0
2019-10-20,1.03604894e+06,11.62,91.0,100.0,24.92,11.28,13.6,0
2019-10-21,1.217075e+06,12.12,83.04,84.54,80.25,12.52,3.0,0
2019-10-22,1.2768115e+06,10.3,89.92,74.5,51.54,6.8,0.2,0
2019-10-23,1.2600935e+06,12.87,89.58,92.33,70.25,9.98,0.6,0
2019-10-24,1.2396555e+06,13.82,85.79,70.71,78.71,15.25,0.7,0
2019-10-25,1.2229885e+06,12.7,90.38,90.46,39.92,14.73,0.1,0
2019-10-26,1.087566e+06,14.88,79.21,77.88,113.88,16.4,0.0,0
2019-10-27,1.053662e+06,11.4,86.21,98.67,18.25,12.39,8.0,0
2019-10-28,1.2587395e+06,9.77,71.79,97.46,86.12,14.92,0.4,0
2019-10-29,1.3024565e+06,9.92,71.42,99.5,45.38,15.31,1.5,0
2019-10-30,1.3128225e+06,8.53,89.04,98.25,25.33,10.38,4.8,0
2019-10-31,1.2988895e+06,9.77,93.08,95.17,38.0,10.23,4.0,0
2019-11-01,1.1380185e+06,12.23,94.79,96.96,20.79,14.26,14.8,1
2019-11-02,1.112173e+06,13.39,82.79,93.88,34.42,24.68,2.8,0
2019-11-03,1.1140335e+06,11.37,87.96,92.46,23.12,17.74,9.2,0
2019-11-04,1.3003395e+06,11.12,80.17,48.75,76.83,20.47,2.4,0
2019-11-05,1.3670255e+06,9.23,84.79,48.33,61.17,10.56,1.1,0
2019-11-06,1.390691e+06,9.12,88.67,68.46,60.54,10.22,1.7,0
2019-11-07,1.4360725e+06,8.7,79.17,55.29,78.33,17.49,10.2,0
2019-11-08,1.482507e+06,6.09,85.38,61.04,59.88,7.9,0.0,0
2019-11-09,1.3813625e+06,6.28,82.08,53.83,68.42,11.0,0.4,0
2019-11-10,1.3363625e+06,6.52,87.92,94.33,25.38,7.78,5.4,0
2019-11-11,1.3810225e+06,5.62,90.33,78.38,27.75,15.84,3.6,1
2019-11-12,1.5516739e+06,5.8,83.25,51.71,64.04,16.58,0.9,0
2019-11-13,1.5934295e+06,6.51,84.29,72.12,64.33,14.49,0.7,0
2019-11-14,1.6423355e+06,5.76,83.79,97.12,53.92,14.08,4.2,0
2019-11-15,1.670765e+06,3.54,95.38,99.96,9.71,11.42,19.4,0
2019-11-16,1.5324221e+06,5.06,90.62,95.42,26.0,13.48,1.3,0
2019-11-17,1.4678179e+06,3.72,91.42,79.21,67.21,6.7,0.0,0
2019-11-18,1.652909e+06,5.32,91.42,94.04,22.62,11.62,4.4,0
2019-11-19,1.681277e+06,5.7,82.62,83.62,51.71,5.75,0.0,0
2019-11-20,1.710395e+06,2.73,86.75,52.79,76.88,10.92,0.0,0
2019-11-21,1.6779195e+06,4.85,88.0,62.92,68.88,11.01,0.8,0
2019-11-22,1.585305e+06,8.27,81.21,73.21,70.0,18.33,0.2,0
2019-11-23,1.3954835e+06,9.61,86.21,97.46,14.71,18.29,7.8,0
2019-11-24,1.3426705e+06,8.34,91.58,95.67,33.08,7.48,0.8,0
2019-11-25,1.480655e+06,8.98,90.96,92.92,29.25,13.35,0.8,0
2019-11-26,1.4676259e+06,11.27,91.62,98.42,23.33,17.39,4.8,0
2019-11-27,1.4573625e+06,10.78,84.25,70.21,21.12,25.04,6.1,0
2019-11-28,1.4619181e+06,10.02,85.38,66.92,42.67,22.22,1.3,0
2019-11-29,1.4647915e+06,7.91,89.33,89.62,20.92,9.27,1.0,0
2019-11-30,1.422705e+06,5.98,82.83,83.83,56.96,12.85,0.0,0
2019-12-01,1.414671e+06,3.65,82.83,97.75,20.92,14.3,1.6,0
2019-12-02,1.6413015e+06,1.95,88.08,16.21,57.21,9.35,0.0,0
2019-12-03,1.734656e+06,2.14,94.46,45.62,38.83,8.41,0.0,0
2019-12-04,1.7675885e+06,0.76,90.67,7.92,63.58,6.78,0.0,0
2019-12-05,1.760279e+06,-0.9,96.54,91.96,24.08,5.86,0.0,0
2019-12-06,1.7340405e+06,2.92,94.25,97.67,13.46,18.22,2.7,0
2019-12-07,1.476116e+06,8.13,91.29,76.08,23.71,12.4,0.5,0
2019-12-08,1.3887795e+06,9.92,87.46,80.46,17.42,22.65,4.5,0
2019-12-09,1.5933299e+06,7.3,76.38,51.58,35.88,27.87,4.1,0
2019-12-10,1.676107e+06,3.31,84.29,72.29,50.29,14.82,0.7,0
2019-12-11,1.6956941e+06,7.05,87.5,94.17,29.75,15.11,9.6,0
2019-12-12,1.700569e+06,4.64,90.62,74.96,21.79,19.95,7.3,0
2019-12-13,1.625233e+06,7.32,79.0,61.5,41.62,26.82,5.8,0
2019-12-14,1.4425021e+06,8.57,76.04,78.0,23.21,24.88,3.0,0
2019-12-15,1.3542179e+06,9.3,81.21,89.17,40.67,20.04,3.8,0
2019-12-16,1.5034685e+06,8.76,93.25,96.71,17.88,9.2,4.7,0
2019-12-17,1.4679181e+06,10.89,83.08,93.62,33.12,13.8,1.3,0
2019-12-18,1.4783e+06,8.01,90.67,42.83,54.25,12.3,0.0,0
2019-12-19,1.443235e+06,11.58,79.58,83.5,14.17,18.64,0.4,0
2019-12-20,1.412555e+06,10.67,79.75,66.17,38.17,23.46,13.2,0
2019-12-21,1.3493375e+06,8.59,84.38,62.88,42.71,21.33,6.1,0
2019-12-22,1.317152e+06,8.65,81.54,77.54,30.04,23.57,2.7,0
2019-12-23,1.4186815e+06,8.46,77.5,76.33,37.54,21.48,0.9,0
2019-12-24,1.337749e+06,10.39,80.38,74.75,48.0,21.16,3.4,0
2019-12-25,1.219882e+06,8.71,76.17,82.29,37.96,12.88,0.0,1
2019-12-26,1.391956e+06,6.57,84.5,89.96,38.62,12.58,5.3,0
2019-12-27,1.383709e+06,8.94,89.71,91.0,24.33,15.6,8.5,0
2019-12-28,1.3577465e+06,6.58,87.71,95.96,31.0,7.81,0.0,0
2019-12-29,1.435435e+06,1.2,90.33,68.62,51.79,7.46,0.0,0
2019-12-30,1.582532e+06,0.9,89.17,15.38,59.96,7.85,0.0,0
2019-12-31,1.59918e+06,0.22,93.88,42.12,57.04,7.75,0.0,0
2020-01-01,1.458863e+06,2.58,97.21,98.88,18.17,7.94,0.5,1
2020-01-02,1.5591981e+06,7.07,94.17,94.25,27.33,10.41,1.5,0
2020-01-03,1.5319299e+06,9.73,87.75,93.54,25.21,19.42,1.0,0
2020-01-04,1.4623575e+06,5.94,87.21,72.0,48.17,11.04,0.0,0
2020-01-05,1.453236e+06,5.44,92.42,53.67,42.75,5.3,0.0,0
2020-01-06,1.677711e+06,3.02,89.88,46.0,55.62,11.45,0.0,0
2020-01-07,1.6449645e+06,7.86,90.96,92.58,29.54,12.24,0.1,0
2020-01-08,1.573101e+06,11.19,93.38,99.25,17.58,13.5,0.2,0
2020-01-09,1.5300185e+06,11.48,89.92,94.04,24.25,21.35,4.3,0
2020-01-10,1.5540605e+06,7.54,86.42,71.25,25.0,15.64,1.8,0
2020-01-11,1.4900335e+06,4.31,82.79,72.33,48.62,10.34,0.0,0
2020-01-12,1.4710455e+06,6.12,86.38,69.62,37.96,16.17,0.0,0
2020-01-13,1.6275025e+06,8.33,90.42,97.62,19.29,18.65,0.5,0
2020-01-14,1.615e+06,10.12,68.75,97.62,15.04,30.65,3.5,0
2020-01-15,1.5800141e+06,9.76,72.29,58.42,33.38,22.79,2.4,0
2020-01-16,1.5549485e+06,8.01,85.54,37.04,65.46,14.85,0.0,0
2020-01-17,1.5541095e+06,9.26,74.96,58.88,51.75,18.7,1.7,0
2020-01-18,1.509673e+06,4.71,82.29,41.67,56.21,11.37,0.0,0
2020-01-19,1.5337885e+06,2.95,84.0,18.21,58.67,12.92,0.0,0
2020-01-20,1.7551825e+06,2.45,87.46,13.08,68.33,12.68,0.0,0
2020-01-21,1.7968e+06,0.19,88.67,0.0,77.67,8.3,0.0,0
2020-01-22,1.8143925e+06,-1.28,91.58,26.21,67.92,8.9,0.0,0
2020-01-23,1.8045865e+06,0.18,87.25,13.42,74.46,9.84,0.0,0
2020-01-24,1.759492e+06,-0.52,92.42,22.17,70.67,4.95,0.0,0
2020-01-25,1.6011605e+06,0.51,97.62,73.58,30.29,6.62,0.0,0
2020-01-26,1.4834541e+06,4.67,93.62,97.67,37.21,10.16,1.0,0
2020-01-27,1.6371435e+06,8.38,89.17,96.75,18.25,23.37,6.6,0
2020-01-28,1.6617665e+06,6.05,78.88,67.12,67.88,29.0,4.4,0
2020-01-29,1.6418605e+06,6.07,80.67,72.04,51.21,18.43,0.3,0
2020-01-30,1.618936e+06,8.04,91.75,98.92,16.83,17.48,1.9,0
2020-01-31,1.483829e+06,11.88,87.08,99.42,41.58,17.63,0.1,0
2020-02-01,1.336128e+06,12.26,85.33,90.58,45.25,22.15,15.9,0
2020-02-02,1.2640725e+06,12.58,89.12,98.38,34.0,21.4,9.8,0
2020-02-03,1.4015605e+06,11.9,84.58,98.54,26.83,17.96,7.7,0
2020-02-04,1.524801e+06,6.6,75.38,58.92,69.17,23.91,5.0,0
2020-02-05,1.5899725e+06,6.27,78.0,79.0,46.75,8.63,0.0,0
2020-02-06,1.6406165e+06,3.58,81.92,26.17,102.33,8.29,0.0,0
2020-02-07,1.6370025e+06,4.74,78.42,30.83,101.62,10.31,0.0,0
2020-02-08,1.4442179e+06,8.57,86.42,74.17,32.12,13.29,2.5,0
2020-02-09,1.3700275e+06,9.55,83.42,93.92,24.54,32.5,3.0,0
2020-02-10,1.482551e+06,9.86,73.08,69.88,65.5,36.37,6.6,0
2020-02-11,1.5562095e+06,6.22,73.08,40.88,87.21,28.31,2.2,0
2020-02-12,1.5962275e+06,5.71,72.42,59.04,86.17,19.23,0.1,0
2020-02-13,1.6134175e+06,8.0,77.96,78.33,54.12,27.53,8.3,0
2020-02-14,1.5225605e+06,9.01,75.08,82.5,76.83,13.65,0.0,0
2020-02-15,1.3795615e+06,10.11,80.0,81.67,86.0,19.76,1.2,0
2020-02-16,1.2682295e+06,13.79,68.79,97.0,56.25,35.07,7.3,0
2020-02-17,1.4592195e+06,9.15,72.38,54.96,99.46,21.7,1.0,0
2020-02-18,1.541104e+06,7.08,73.04,50.79,86.38,20.12,0.0,0
2020-02-19,1.5559745e+06,7.17,80.33,79.54,58.96,18.65,7.1,0
2020-02-20,1.535852e+06,8.63,82.88,84.38,49.08,22.7,3.1,0
2020-02-21,1.5446179e+06,5.95,73.96,38.83,104.96,14.33,0.0,0
2020-02-22,1.4062805e+06,8.09,78.62,64.67,86.17,17.96,0.3,0
2020-02-23,1.291864e+06,11.26,83.92,99.75,26.33,25.15,1.1,0
2020-02-24,1.4172015e+06,11.56,82.71,99.62,53.46,23.06,1.2,0
2020-02-25,1.4772659e+06,8.58,80.0,81.42,78.83,23.01,6.9,0
2020-02-26,1.600297e+06,4.18,80.12,62.21,104.96,24.88,5.1,0
2020-02-27,1.6388845e+06,5.16,78.17,75.92,41.21,24.82,9.8,0
2020-02-28,1.6106205e+06,4.8,83.96,86.92,28.38,16.61,4.5,0
2020-02-29,1.4094955e+06,9.13,75.96,80.75,56.29,27.6,2.4,0
2020-03-01,1.3673585e+06,6.14,82.54,69.67,35.92,22.06,15.5,0
2020-03-02,1.5586485e+06,6.45,84.54,83.12,44.17,18.84,10.7,0
2020-03-03,1.6267021e+06,4.9,79.92,50.75,112.04,12.28,1.1,0
2020-03-04,1.621948e+06,5.23,87.21,89.21,47.12,13.83,2.1,0
2020-03-05,1.569285e+06,8.81,90.58,97.58,48.67,17.25,20.2,0
2020-03-06,1.590909e+06,6.43,77.33,71.29,104.29,19.84,1.7,0
2020-03-07,1.4507075e+06,6.26,77.79,54.58,93.29,10.19,0.1,0
2020-03-08,1.356544e+06,8.77,83.42,74.62,40.04,21.51,3.8,0
2020-03-09,1.5073985e+06,7.61,76.67,52.5,130.29,16.99,1.3,0
2020-03-10,1.5158005e+06,11.05,87.33,100.0,35.21,24.2,4.8,0
2020-03-11,1.4044015e+06,13.64,77.46,68.54,82.83,24.21,0.3,0
2020-03-12,1.398955e+06,10.72,70.17,68.92,88.54,22.28,0.9,0
2020-03-13,1.4227395e+06,7.34,65.92,42.12,119.54,15.58,0.0,0
2020-03-14,1.3160785e+06,7.59,85.25,88.17,57.33,10.79,2.5,0
2020-03-15,1.2142095e+06,9.89,79.33,68.25,124.0,14.42,0.0,0
2020-03-16,1.3445455e+06,8.64,84.25,90.38,80.38,7.45,0.9,0
2020-03-17,1.2894485e+06,9.57,79.12,77.71,105.21,4.46,0.0,0
2020-03-18,1.1951325e+06,11.14,81.33,54.17,135.17,5.87,0.0,0
2020-03-19,1.137453e+06,12.12,80.5,47.88,142.71,5.92,0.0,0
2020-03-20,1.1089185e+06,11.1,83.79,59.62,140.75,12.99,4.0,0
2020-03-21,1.098672e+06,7.4,77.67,84.17,92.08,19.99,0.2,0
2020-03-22,1.1108295e+06,7.3,61.54,75.08,105.88,20.79,0.0,0
2020-03-23,1.1943045e+06,5.79,49.54,0.0,220.71,16.59,0.0,0
2020-03-24,1.2218465e+06,5.2,48.96,0.0,221.67,11.55,0.0,0
2020-03-25,1.244737e+06,5.25,51.25,0.42,224.21,11.95,0.0,0
2020-03-26,1.2644335e+06,5.32,47.04,2.75,222.33,15.22,0.0,0
2020-03-27,1.2404705e+06,6.82,63.46,53.54,209.38,10.64,0.0,0
2020-03-28,1.128918e+06,9.01,70.79,31.04,212.62,13.18,0.0,0
2020-03-29,1.1560935e+06,6.1,53.92,61.17,165.25,28.42,0.0,0
2020-03-30,1.327054e+06,4.24,44.0,15.25,237.25,24.71,0.0,0
2020-03-31,1.2985345e+06,6.03,69.58,27.0,192.0,16.54,0.0,0
2020-04-01,1.257206e+06,5.66,59.54,0.0,236.96,9.24,0.0,0
2020-04-02,1.246484e+06,5.18,68.46,42.92,178.38,9.08,0.0,0
2020-04-03,1.2054435e+06,9.04,77.62,53.08,155.62,9.52,0.1,0
2020-04-04,1.0965355e+06,10.24,69.88,39.25,210.42,8.96,0.2,0
2020-04-05,998759.06,12.25,61.38,0.0,245.79,11.38,0.0,0
2020-04-06,1.0591795e+06,11.75,70.25,61.58,92.5,12.32,6.2,0
2020-04-07,1.060867e+06,14.32,77.29,83.5,208.75,9.15,0.5,0
2020-04-08,1.027818e+06,15.7,59.04,76.54,220.54,6.8,0.0,0
2020-04-09,1.0045335e+06,16.22,60.21,14.83,229.33,7.53,0.0,0
2020-04-10,975354.5,16.37,61.38,22.79,230.17,8.6,0.0,0
2020-04-11,911152.0,17.09,57.42,11.58,232.21,6.3,0.0,0
2020-04-12,880951.5,16.85,54.5,17.17,229.88,8.33,0.2,0
2020-04-13,906408.94,12.69,59.33,7.42,249.04,19.67,0.0,1
2020-04-14,1.025926e+06,7.97,48.83,0.33,265.92,18.18,0.0,0
2020-04-15,1.049694e+06,11.05,47.5,0.0,271.0,12.88,0.0,0
2020-04-16,1.021208e+06,15.41,58.0,41.08,244.17,8.64,0.1,0
2020-04-17,990808.5,16.86,65.46,74.83,194.04,8.86,0.9,0
2020-04-18,914058.5,16.52,73.5,71.67,170.0,7.94,5.0,0
2020-04-19,894903.06,14.24,73.33,65.67,257.21,13.6,0.0,0
2020-04-20,999850.5,15.66,56.62,58.04,249.17,16.93,0.0,0
2020-04-21,1.0219595e+06,15.9,43.67,74.17,265.71,14.72,0.0,0
2020-04-22,1.0219605e+06,15.99,46.67,19.0,282.08,11.68,0.0,0
2020-04-23,1.009428e+06,16.32,53.25,0.17,282.38,6.16,0.0,0
2020-04-24,987351.5,17.16,55.33,34.38,200.67,8.06,0.0,0
2020-04-25,907250.0,14.99,50.38,50.96,203.96,11.38,0.3,0
2020-04-26,884036.0,13.44,55.96,13.92,291.92,7.06,0.0,0
2020-04-27,985763.5,16.16,58.38,74.25,218.79,6.77,1.1,0
2020-04-28,1.024746e+06,15.14,72.08,75.46,186.71,18.14,3.8,0
2020-04-29,1.0464645e+06,12.7,75.88,71.17,121.83,18.15,4.5,0
2020-04-30,1.055699e+06,11.44,76.46,72.08,171.46,23.06,4.0,0
2020-05-01,954222.0,11.42,76.71,66.54,130.21,18.27,4.0,1
2020-05-02,956582.0,11.37,64.58,65.04,190.38,12.65,0.7,0
2020-05-03,923135.5,12.33,77.88,92.54,104.58,8.5,1.3,0
2020-05-04,1.0112475e+06,14.6,80.08,90.5,118.75,8.09,1.2,0
2020-05-05,1.0251935e+06,12.48,75.21,99.75,90.58,13.84,5.5,0
2020-05-06,1.015496e+06,14.05,60.71,37.33,267.21,8.99,0.0,0
2020-05-07,1.00317906e+06,13.96,59.42,63.33,271.5,7.99,0.0,0
2020-05-08,905478.0,15.8,61.71,85.92,170.29,7.9,0.3,1
2020-05-09,887776.5,17.53,76.75,92.29,162.62,6.74,4.4,0
2020-05-10,871111.06,16.78,87.5,97.46,184.21,7.19,4.1,0
2020-05-11,1.0438625e+06,10.13,60.5,91.71,226.08,30.48,2.8,0
2020-05-12,1.0987085e+06,9.56,49.92,78.88,271.08,15.15,0.0,0
2020-05-13,1.117492e+06,10.51,53.62,87.0,289.5,18.5,0.0,0
2020-05-14,1.120879e+06,10.33,48.67,38.5,304.54,22.15,0.0,0
2020-05-15,1.0926995e+06,11.5,50.96,5.58,326.58,16.89,0.0,0
2020-05-16,972670.5,12.78,56.29,20.67,303.62,9.57,0.0,0
2020-05-17,908663.5,13.47,60.83,38.67,315.42,6.58,0.0,0
2020-05-18,1.0207515e+06,15.47,62.75,39.75,298.96,8.13,0.0,0
2020-05-19,1.029568e+06,16.25,59.92,29.5,314.83,9.27,0.0,0
2020-05-20,1.0226775e+06,19.87,62.79,15.88,302.79,8.36,0.0,0
2020-05-21,914160.5,22.14,56.67,68.58,285.08,6.88,0.0,1
2020-05-22,951827.06,20.34,66.67,90.12,170.12,13.7,1.2,0
2020-05-23,902652.0,15.56,62.08,71.54,209.29,15.07,4.9,0
2020-05-24,859053.5,14.37,62.79,73.92,180.79,12.01,0.0,0
2020-05-25,999036.0,16.75,62.79,77.46,234.5,9.4,0.0,0
2020-05-26,1.0281165e+06,18.57,54.67,17.04,323.21,11.08,0.0,0
2020-05-27,1.0272935e+06,20.03,48.92,31.62,319.25,12.37,0.0,0
2020-05-28,1.0297855e+06,18.77,49.38,7.46,330.17,15.39,0.0,0
2020-05-29,1.0144805e+06,19.13,36.12,0.0,341.12,15.5,0.0,0
2020-05-30,911579.06,19.1,43.38,1.71,335.29,12.37,0.0,0
2020-05-31,854848.94,18.58,41.67,25.21,296.79,14.23,0.0,0
2020-06-01,897451.5,19.73,46.5,3.38,335.75,11.6,0.0,1
2020-06-02,1.029462e+06,21.78,50.92,38.5,317.0,7.27,0.0,0
2020-06-03,1.0470875e+06,20.37,54.0,83.71,245.08,9.29,2.5,0
2020-06-04,1.0486495e+06,14.45,75.54,92.67,157.42,13.59,5.7,0
2020-06-05,1.040798e+06,13.67,68.75,91.38,127.62,20.76,1.7,0
2020-06-06,930615.5,14.31,58.04,64.5,256.21,18.72,2.2,0
2020-06-07,885887.06,13.83,66.67,63.12,240.21,9.72,3.2,0
2020-06-08,1.0303285e+06,14.91,70.33,61.83,267.29,11.49,2.8,0
2020-06-09,1.0681975e+06,13.71,65.38,53.38,187.5,12.76,0.3,0
2020-06-10,1.0744865e+06,14.48,65.33,74.88,197.04,6.69,0.2,0
2020-06-11,1.07522e+06,16.67,69.71,87.12,262.54,8.77,4.2,0
2020-06-12,1.061763e+06,16.62,79.04,97.42,128.96,15.13,6.5,0
2020-06-13,944759.06,17.39,68.08,45.25,277.5,13.7,0.0,0
2020-06-14,893472.5,17.36,70.12,40.79,210.42,11.01,0.4,0
2020-06-15,1.03841294e+06,17.71,70.96,35.21,236.33,12.5,0.8,0
2020-06-16,1.066841e+06,17.75,72.92,71.62,256.54,9.32,0.9,0
2020-06-17,1.068019e+06,17.17,71.83,96.08,199.17,6.6,0.9,0
2020-06-18,1.0692135e+06,16.41,75.88,57.42,227.88,10.72,3.6,0
2020-06-19,1.052512e+06,16.45,73.62,66.46,214.79,11.3,0.8,0
2020-06-20,944196.0,18.54,71.54,69.42,246.42,3.65,1.5,0
2020-06-21,890085.5,17.83,72.25,75.42,165.75,13.96,1.4,0
2020-06-22,1.04613694e+06,17.2,66.79,11.17,326.04,6.88,0.0,0
2020-06-23,1.0812055e+06,21.27,55.21,24.83,339.33,9.93,0.0,0
2020-06-24,1.1019535e+06,25.02,47.12,14.29,339.62,13.36,0.0,0
2020-06-25,1.117547e+06,26.54,43.25,30.5,303.21,9.04,0.3,0
2020-06-26,1.090866e+06,25.02,57.5,75.92,211.25,13.01,5.9,0
2020-06-27,960236.5,20.32,73.71,65.46,166.25,21.2,0.6,0
2020-06-28,908554.5,18.82,58.21,85.08,174.79,18.02,0.0,0
2020-06-29,1.057396e+06,17.59,59.25,79.0,228.46,15.53,1.7,0
2020-06-30,1.0852185e+06,18.97,63.12,85.25,119.92,17.88,0.0,0
2020-07-01,1.1012405e+06,19.85,77.08,59.79,142.04,14.93,4.3,0
2020-07-02,1.096459e+06,17.67,70.58,73.54,196.25,14.2,0.9,0
2020-07-03,1.0754525e+06,17.34,63.5,42.83,247.21,11.75,0.0,0
2020-07-04,967103.5,19.15,66.83,78.29,174.0,19.3,0.0,0
2020-07-05,925552.0,20.6,72.79,76.38,145.46,21.36,0.5,0
2020-07-06,1.071491e+06,16.4,57.67,43.83,225.88,17.45,0.0,0
2020-07-07,1.1002385e+06,17.05,60.71,18.67,310.25,7.0,0.0,0
2020-07-08,1.114872e+06,19.93,63.42,39.58,252.25,13.07,0.0,0
2020-07-09,1.1328605e+06,22.96,62.04,30.12,295.08,11.82,0.0,0
2020-07-10,1.1109225e+06,19.35,60.54,60.71,182.96,15.96,0.1,0
2020-07-11,977408.94,17.61,51.62,18.58,291.21,10.56,0.0,0
2020-07-12,918108.0,18.9,49.83,41.46,331.5,11.99,0.0,0
2020-07-13,1.0189175e+06,20.76,44.46,42.38,333.0,10.68,0.0,0
2020-07-14,961383.5,18.29,62.33,93.58,151.83,9.42,1.7,1
2020-07-15,1.0821085e+06,18.4,65.71,93.5,154.75,10.51,1.3,0
2020-07-16,1.1024275e+06,18.34,69.42,99.33,93.54,12.38,0.1,0
2020-07-17,1.099008e+06,20.75,61.83,79.04,207.42,7.19,0.0,0
2020-07-18,985518.0,21.76,61.25,36.08,318.83,8.17,0.0,0
2020-07-19,930843.06,21.77,55.21,51.29,312.62,7.55,0.0,0
2020-07-20,1.0889665e+06,20.53,56.58,22.75,322.5,15.32,0.0,0
2020-07-21,1.1193265e+06,19.57,44.79,5.75,333.88,14.58,0.0,0
2020-07-22,1.117666e+06,19.55,44.04,38.67,309.46,12.4,0.0,0
2020-07-23,1.12218e+06,20.78,44.25,75.88,255.58,5.99,0.0,0
2020-07-24,1.101412e+06,20.87,56.33,48.58,238.12,11.95,0.7,0
2020-07-25,983398.5,21.12,64.12,92.58,182.12,13.03,0.5,0
2020-07-26,925908.0,20.74,62.25,77.46,229.17,15.41,1.3,0
2020-07-27,1.0826085e+06,22.93,49.21,18.29,312.0,16.31,0.0,0
2020-07-28,1.102386e+06,20.65,56.96,59.08,266.08,17.12,0.2,0
2020-07-29,1.1046055e+06,19.01,56.29,21.88,306.75,5.9,0.0,0
2020-07-30,1.121876e+06,22.9,46.33,0.0,309.75,8.87,0.0,0
2020-07-31,1.1164405e+06,28.09,36.79,26.12,236.79,11.75,0.0,0
2020-08-01,992239.06,23.88,59.79,52.33,225.79,11.77,0.0,0
2020-08-02,908867.5,20.51,53.33,85.38,246.79,14.03,0.0,0
2020-08-03,993947.06,18.28,56.92,70.29,197.96,12.67,0.3,0
2020-08-04,1.005868e+06,18.98,57.0,20.62,279.17,6.32,0.0,0
2020-08-05,1.0156035e+06,22.47,39.54,1.83,300.21,9.31,0.0,0
2020-08-06,1.03419294e+06,25.12,38.88,17.42,295.54,5.97,0.0,0
2020-08-07,1.050671e+06,27.64,38.25,0.0,295.0,9.2,0.0,0
2020-08-08,979244.5,28.85,39.88,23.54,246.0,9.26,0.0,0
2020-08-09,939154.0,30.45,38.25,46.96,248.5,10.74,0.0,0
2020-08-10,1.040222e+06,27.87,47.96,88.12,180.38,7.57,0.6,0
2020-08-11,1.062444e+06,28.48,47.67,54.71,227.0,4.74,0.1,0
2020-08-12,1.0533845e+06,28.2,50.83,46.12,254.33,8.05,1.6,0
2020-08-13,1.02374e+06,23.79,72.58,55.46,215.96,11.74,2.9,0
2020-08-14,1.00731506e+06,21.56,79.12,74.58,190.71,9.44,4.5,0
2020-08-15,921778.0,21.66,75.54,51.96,201.54,5.6,0.4,1
2020-08-16,880843.5,21.22,76.38,70.75,164.5,8.62,1.1,0
2020-08-17,986257.5,19.17,74.83,55.17,177.38,12.48,2.8,0
2020-08-18,1.018462e+06,20.6,67.04,50.46,219.42,6.84,0.1,0
2020-08-19,1.03689e+06,20.98,78.04,86.96,96.42,11.99,3.7,0
2020-08-20,1.064507e+06,24.74,66.58,66.71,213.12,11.18,0.5,0
2020-08-21,1.066156e+06,24.13,57.54,65.96,219.12,17.13,2.5,0
2020-08-22,963468.94,20.8,60.5,58.21,193.54,19.39,0.2,0
2020-08-23,900397.5,18.73,64.08,57.5,171.83,15.22,0.3,0
2020-08-24,1.0312755e+06,17.9,66.58,76.12,159.38,10.14,0.0,0
2020-08-25,1.0772645e+06,20.41,64.08,87.0,131.88,19.3,1.1,0
2020-08-26,1.0891965e+06,19.59,58.33,72.0,206.92,20.72,0.0,0
2020-08-27,1.088958e+06,18.38,68.46,74.5,172.21,11.57,2.1,0
2020-08-28,1.0676355e+06,16.96,78.17,49.58,165.12,14.82,4.0,0
2020-08-29,942701.5,14.88,80.04,53.04,147.5,14.63,0.7,0
2020-08-30,897976.94,14.96,82.96,68.29,116.96,15.01,4.9,0
2020-08-31,1.0484285e+06,15.58,69.21,59.92,180.71,9.59,0.0,0
2020-09-01,1.0813915e+06,15.27,70.42,44.54,169.75,8.05,0.0,0
2020-09-02,1.084049e+06,15.45,65.04,47.25,207.88,6.54,0.0,0
2020-09-03,1.0946405e+06,20.3,53.42,77.04,177.0,10.72,0.0,0
2020-09-04,1.0905595e+06,21.22,65.04,33.62,205.92,8.18,0.0,0
2020-09-05,960982.5,17.3,67.17,59.54,169.96,12.81,0.2,0
2020-09-06,908567.06,15.02,68.92,59.29,141.29,9.02,0.4,0
2020-09-07,1.0607065e+06,16.02,66.62,44.08,201.17,6.81,0.0,0
2020-09-08,1.095263e+06,18.51,71.25,65.29,136.67,6.5,0.0,0
2020-09-09,1.1018875e+06,20.41,71.42,40.67,201.29,9.13,0.0,0
2020-09-10,1.104376e+06,20.69,73.29,50.04,164.17,8.42,0.3,0
2020-09-11,1.091764e+06,20.47,60.0,41.29,186.0,6.58,0.0,0
2020-09-12,972038.0,17.26,68.38,5.54,217.17,8.73,0.0,0
2020-09-13,923310.5,18.95,61.25,20.12,214.62,6.15,0.0,0
2020-09-14,1.090731e+06,22.68,49.88,0.08,212.04,7.81,0.0,0
2020-09-15,1.1240425e+06,25.2,44.83,29.79,192.83,8.3,0.0,0
2020-09-16,1.1309475e+06,23.69,61.46,37.71,185.79,10.42,0.1,0
2020-09-17,1.116188e+06,21.06,51.21,10.54,203.25,18.12,0.0,0
2020-09-18,1.098989e+06,21.09,50.92,29.88,198.04,14.54,0.0,0
2020-09-19,983012.94,24.27,54.33,83.83,121.17,11.68,0.1,0
2020-09-20,917312.0,21.62,67.83,32.83,170.75,6.52,0.0,0
2020-09-21,1.0660245e+06,19.44,46.92,3.21,200.83,7.9,0.0,0
2020-09-22,1.087723e+06,17.62,57.42,1.21,195.67,6.41,0.0,0
2020-09-23,1.092456e+06,18.39,76.75,64.67,126.08,14.71,5.4,0
2020-09-24,1.0997595e+06,13.68,79.71,70.67,70.79,19.32,4.8,0
2020-09-25,1.1126165e+06,11.4,66.92,61.25,117.96,24.97,2.4,0
2020-09-26,1.03051906e+06,11.71,61.04,55.29,143.42,24.1,0.2,0
2020-09-27,1.0309015e+06,12.11,86.83,99.79,25.21,28.3,10.6,0
2020-09-28,1.1925355e+06,13.5,83.62,90.21,37.04,16.97,7.2,0
2020-09-29,1.1966605e+06,15.49,88.46,98.0,42.75,9.3,1.0,0
2020-09-30,1.171535e+06,15.69,82.67,81.29,85.46,10.46,0.4,0
2020-10-01,1.1794215e+06,14.02,79.25,94.79,80.58,16.13,10.3,0
2020-10-02,1.2049725e+06,12.8,87.96,100.0,30.92,14.51,14.7,0
2020-10-03,1.1053755e+06,11.7,84.79,75.5,100.46,9.6,7.2,0
2020-10-04,1.0700725e+06,11.48,78.79,69.71,112.12,23.32,3.2,0
2020-10-05,1.246561e+06,12.13,85.38,99.5,46.96,24.71,13.0,0
2020-10-06,1.260327e+06,13.32,77.33,77.83,84.12,24.59,1.9,0
2020-10-07,1.234731e+06,13.7,73.83,79.67,106.38,18.5,1.0,0
2020-10-08,1.214928e+06,15.99,77.62,96.08,69.21,20.52,0.3,0
2020-10-09,1.1867815e+06,14.88,80.88,83.83,77.71,11.85,4.6,0
2020-10-10,1.086593e+06,11.41,70.67,57.0,118.0,13.98,0.0,0
2020-10-11,1.0804865e+06,10.47,80.62,36.21,115.33,12.02,0.6,0
2020-10-12,1.279553e+06,9.8,78.62,60.96,107.75,8.59,0.2,0
2020-10-13,1.321907e+06,10.2,84.25,91.12,64.12,12.56,3.6,0
2020-10-14,1.3440221e+06,9.15,82.83,82.29,97.38,13.33,1.8,0
2020-10-15,1.3743575e+06,9.35,75.08,83.38,77.25,15.15,0.1,0
2020-10-16,1.366416e+06,9.09,77.67,63.83,93.17,10.35,0.0,0
2020-10-17,1.226565e+06,9.95,77.54,87.08,59.29,6.9,0.2,0
2020-10-18,1.1726495e+06,9.5,82.38,73.71,54.08,4.95,0.0,0
2020-10-19,1.3263255e+06,8.98,78.08,76.46,115.92,11.42,0.0,0
2020-10-20,1.307712e+06,12.88,83.0,99.5,20.46,18.22,6.5,0
2020-10-21,1.243836e+06,16.63,74.5,72.12,66.04,22.99,4.7,0
2020-10-22,1.2220505e+06,15.3,87.46,69.17,72.67,10.83,2.2,0
2020-10-23,1.2109655e+06,14.61,85.0,69.5,88.04,9.05,0.6,0
2020-10-24,1.1073575e+06,13.89,84.29,76.58,50.96,23.36,0.4,0
2020-10-25,1.091782e+06,12.79,81.71,94.29,26.5,19.12,10.3,0
2020-10-26,1.2951645e+06,9.91,81.0,40.0,102.17,18.05,0.5,0
2020-10-27,1.3519859e+06,10.07,89.92,72.79,21.33,20.49,3.2,0
2020-10-28,1.322834e+06,12.13,83.42,74.04,62.21,21.96,1.4,0
2020-10-29,1.292769e+06,12.35,84.33,98.67,31.21,17.85,1.8,0
2020-10-30,1.2447115e+06,14.29,82.12,74.83,54.62,15.66,0.1,0
2020-10-31,1.1296255e+06,13.45,85.42,56.79,92.58,15.39,2.1,0
2020-11-01,1.073784e+06,16.09,87.25,99.29,29.08,22.3,4.2,1
2020-11-02,1.1934305e+06,16.45,79.96,77.54,30.17,24.65,1.9,0
2020-11-03,1.287064e+06,8.8,75.71,46.92,61.33,12.55,0.0,0
2020-11-04,1.372751e+06,5.88,84.17,6.21,91.0,7.24,0.0,0
2020-11-05,1.392704e+06,6.38,81.67,1.42,100.46,11.67,0.0,0
2020-11-06,1.357639e+06,6.81,85.12,11.96,81.08,11.76,0.2,0
2020-11-07,1.187099e+06,10.84,88.17,66.33,86.38,9.24,0.0,0
2020-11-08,1.097539e+06,13.38,86.29,69.42,56.46,10.08,0.3,0
2020-11-09,1.228763e+06,11.83,92.96,71.21,80.67,7.15,0.0,0
2020-11-10,1.260855e+06,11.53,95.12,72.88,54.38,6.73,2.2,0
2020-11-11,1.166083e+06,10.38,92.62,85.71,30.58,8.99,0.2,1
2020-11-12,1.274443e+06,11.23,79.67,54.42,77.88,13.05,0.7,0
2020-11-13,1.2754835e+06,11.83,87.08,80.62,44.29,13.86,1.6,0
2020-11-14,1.1378405e+06,12.9,82.38,74.08,76.46,15.55,1.1,0
2020-11-15,1.1181665e+06,13.54,77.12,81.12,15.62,27.66,5.1,0
2020-11-16,1.2939595e+06,11.39,72.33,89.79,40.0,20.15,0.2,0
2020-11-17,1.3375115e+06,11.44,82.29,90.79,52.92,11.57,0.0,0
2020-11-18,1.337038e+06,10.77,83.04,30.58,76.29,12.42,0.0,0
2020-11-19,1.3583375e+06,9.97,80.12,46.71,58.88,19.14,1.8,0
2020-11-20,1.4248535e+06,6.35,85.5,74.29,47.92,6.51,0.1,0
2020-11-21,1.3628545e+06,6.49,80.17,69.92,66.67,10.55,0.0,0
2020-11-22,1.3399325e+06,6.75,85.25,91.42,45.96,6.27,0.2,0
2020-11-23,1.4875255e+06,8.86,90.88,84.04,25.17,5.71,0.1,0
2020-11-24,1.5268861e+06,5.85,90.54,80.71,47.0,9.1,0.0,0
2020-11-25,1.502767e+06,7.59,86.42,65.17,41.5,10.39,0.0,0
2020-11-26,1.4819005e+06,5.04,93.58,9.21,67.5,6.52,0.0,0
2020-11-27,1.4539901e+06,6.0,95.83,66.75,42.83,6.41,0.1,0
2020-11-28,1.3335145e+06,5.02,91.08,18.17,64.92,8.95,0.0,0
2020-11-29,1.3621705e+06,2.68,89.71,43.33,44.67,9.38,0.0,0
2020-11-30,1.6088735e+06,1.72,88.58,67.88,44.54,6.32,0.0,0
2020-12-01,1.6248555e+06,7.12,83.17,53.17,49.08,18.72,1.3,0
2020-12-02,1.6347821e+06,6.86,84.71,90.54,36.04,10.99,0.7,0
2020-12-03,1.6249865e+06,6.4,92.58,99.67,13.17,18.26,7.7,0
2020-12-04,1.6140935e+06,5.55,80.04,61.96,56.38,21.11,2.0,0
2020-12-05,1.547825e+06,3.7,87.5,67.88,29.08,17.25,2.5,0
2020-12-06,1.4989619e+06,3.88,89.17,80.21,33.04,8.8,1.2,0
2020-12-07,1.699208e+06,2.43,95.0,94.0,25.92,7.32,0.0,0
2020-12-08,1.716171e+06,1.19,92.29,47.96,48.42,8.48,0.0,0
2020-12-09,1.7509845e+06,1.24,93.75,64.5,29.42,9.69,0.0,0
2020-12-10,1.710065e+06,4.33,87.17,93.75,33.0,13.81,0.0,0
2020-12-11,1.6361435e+06,8.2,92.21,94.71,24.62,15.08,19.3,0
2020-12-12,1.4511315e+06,7.78,91.83,68.46,25.96,14.03,3.2,0
2020-12-13,1.428649e+06,5.22,90.71,84.79,12.08,15.18,1.2,0
2020-12-14,1.542981e+06,9.92,90.75,85.75,20.75,17.5,4.0,0
2020-12-15,1.5145425e+06,9.51,92.08,63.33,39.79,10.61,10.0,0
2020-12-16,1.540149e+06,8.06,92.58,89.96,31.58,14.08,0.1,0
2020-12-17,1.511148e+06,9.05,90.25,63.04,44.62,13.76,2.9,0
2020-12-18,1.49024e+06,7.53,92.54,48.88,53.17,13.12,0.0,0
2020-12-19,1.3585395e+06,9.14,90.58,87.25,16.58,17.64,1.3,0
2020-12-20,1.3066165e+06,8.56,89.54,62.33,46.83,13.59,0.1,0
2020-12-21,1.4544095e+06,9.89,91.83,99.79,8.08,20.64,12.0,0
2020-12-22,1.3728535e+06,13.9,89.67,98.5,15.58,23.0,3.0,0
2020-12-23,1.3511821e+06,12.21,86.0,76.42,14.58,19.1,21.5,0
2020-12-24,1.3663195e+06,6.61,84.88,82.79,14.46,20.98,9.5,0
2020-12-25,1.3804555e+06,3.47,88.54,44.88,45.29,14.77,0.6,1
2020-12-26,1.4935625e+06,2.47,87.42,81.67,26.75,13.47,0.0,0
2020-12-27,1.4953741e+06,6.25,86.42,94.12,7.92,30.18,17.0,0
2020-12-28,1.550852e+06,3.56,90.75,82.38,36.96,17.42,8.3,0
2020-12-29,1.5693101e+06,3.48,92.33,86.96,28.38,13.96,2.2,0
2020-12-30,1.588437e+06,3.73,90.04,69.92,48.71,12.3,0.8,0
2020-12-31,1.5683055e+06,3.71,90.42,74.04,26.88,13.84,3.9,0
2021-01-01,1.5162265e+06,0.15,90.33,53.58,39.67,6.0,0.0,1
2021-01-02,1.623044e+06,0.48,94.0,74.5,35.29,5.67,0.1,0
2021-01-03,1.6039885e+06,1.83,93.5,91.42,28.25,6.44,0.1,0
2021-01-04,1.81206e+06,2.0,90.25,99.08,15.29,12.53,0.2,0
2021-01-05,1.8709895e+06,1.93,90.12,96.71,17.25,12.15,0.2,0
2021-01-06,1.870137e+06,2.45,92.42,97.83,16.17,8.67,0.6,0
2021-01-07,1.891089e+06,1.52,95.17,89.08,26.96,6.8,0.9,0
2021-01-08,1.8926019e+06,0.65,91.12,52.08,45.21,5.78,0.0,0
2021-01-09,1.7982105e+06,0.54,88.08,50.25,57.92,11.05,0.0,0
2021-01-10,1.7491945e+06,-0.18,91.88,53.04,48.38,8.6,0.0,0
2021-01-11,1.9227021e+06,1.6,92.21,90.0,24.88,9.0,0.0,0
2021-01-12,1.870661e+06,6.79,89.42,100.0,6.92,20.37,8.4,0
2021-01-13,1.7272835e+06,7.24,94.42,99.08,9.21,13.15,1.4,0
2021-01-14,1.6773915e+06,8.8,89.62,97.67,11.29,23.08,5.9,0
2021-01-15,1.7346215e+06,1.82,77.04,85.92,53.33,16.24,0.8,0
2021-01-16,1.7162085e+06,0.69,81.5,98.67,11.42,12.0,7.1,0
2021-01-17,1.570796e+06,4.48,90.04,58.62,50.17,12.72,1.4,0
2021-01-18,1.7560781e+06,4.13,84.75,69.25,57.12,11.46,0.0,0
2021-01-19,1.7703615e+06,5.68,84.29,95.46,27.67,20.98,5.5,0
2021-01-20,1.6813295e+06,9.28,62.25,94.29,46.58,23.69,0.2,0
2021-01-21,1.6205385e+06,8.87,80.12,81.92,29.46,29.68,11.5,0
2021-01-22,1.609923e+06,5.35,87.62,94.46,47.96,10.05,4.0,0
2021-01-23,1.5602515e+06,2.92,92.67,68.08,24.62,14.53,6.3,0
2021-01-24,1.5738301e+06,0.86,89.38,59.83,23.04,14.08,3.1,0
2021-01-25,1.743287e+06,2.26,82.96,60.29,62.33,17.2,0.6,0
2021-01-26,1.8342835e+06,1.43,78.25,75.0,37.25,12.54,0.9,0
2021-01-27,1.7536179e+06,5.48,89.29,99.96,19.29,12.57,4.3,0
2021-01-28,1.588315e+06,11.3,88.79,95.12,40.58,20.34,9.3,0
2021-01-29,1.503979e+06,10.25,80.12,73.62,42.33,27.12,4.0,0
2021-01-30,1.402604e+06,9.48,87.62,94.38,52.71,13.89,12.9,0
2021-01-31,1.3674705e+06,8.38,94.12,99.46,27.5,6.92,11.4,0
2021-02-01,1.516357e+06,8.53,87.88,94.67,38.83,12.33,2.5,0
2021-02-02,1.4858155e+06,10.88,85.71,77.75,46.33,18.95,3.0,0
2021-02-03,1.474361e+06,10.8,81.67,70.88,53.17,23.75,4.8,0
2021-02-04,1.5063315e+06,7.9,90.33,73.71,45.71,9.21,2.2,0
2021-02-05,1.469623e+06,7.91,90.62,97.08,61.12,7.72,0.1,0
2021-02-06,1.3719135e+06,7.32,94.46,97.96,23.0,9.28,14.4,0
2021-02-07,1.4166175e+06,3.52,86.58,98.96,17.08,11.12,3.4,0
2021-02-08,1.7025955e+06,-0.47,74.54,94.54,43.88,8.03,0.2,0
2021-02-09,1.796492e+06,-2.0,72.17,95.71,39.79,12.64,0.1,0
2021-02-10,1.8218885e+06,-3.25,59.46,53.79,109.79,18.21,1.9,0
2021-02-11,1.8847085e+06,-3.14,60.96,51.88,111.25,15.58,0.0,0
2021-02-12,1.8975075e+06,-2.27,50.42,81.79,55.88,19.28,0.0,0
2021-02-13,1.81104e+06,-3.36,43.08,55.54,98.25,15.08,0.0,0
2021-02-14,1.7361865e+06,-1.56,48.54,60.58,96.83,15.34,0.0,0
2021-02-15,1.7498345e+06,4.13,79.75,98.12,40.83,15.64,3.3,0
2021-02-16,1.638901e+06,7.73,82.67,75.58,85.54,16.8,1.3,0
2021-02-17,1.5359341e+06,9.21,84.83,61.33,78.62,17.8,0.2,0
2021-02-18,1.5488075e+06,8.52,81.0,89.42,20.0,16.48,6.9,0
2021-02-19,1.4896105e+06,8.2,87.08,72.17,83.96,12.0,0.0,0
2021-02-20,1.297153e+06,12.18,69.5,76.46,113.12,18.04,0.0,0
2021-02-21,1.226678e+06,11.39,67.67,78.5,130.21,13.02,0.0,0
2021-02-22,1.3856461e+06,11.56,69.33,78.88,58.08,10.36,0.3,0
2021-02-23,1.3481e+06,12.94,78.29,38.38,101.96,15.47,0.0,0
2021-02-24,1.316086e+06,12.72,79.46,9.62,138.04,12.22,0.0,0
2021-02-25,1.3278485e+06,11.89,78.71,80.33,119.58,10.16,0.2,0
2021-02-26,1.3599365e+06,8.99,79.08,60.79,101.58,11.91,1.6,0
2021-02-27,1.3148895e+06,5.22,77.12,0.54,146.83,13.55,0.0,0
2021-02-28,1.286881e+06,5.62,76.04,0.21,153.46,14.17,0.0,0
2021-03-01,1.424003e+06,5.82,76.88,0.0,154.25,9.35,0.0,0
2021-03-02,1.429931e+06,7.38,80.79,9.54,153.17,8.02,0.0,0
2021-03-03,1.4138301e+06,10.36,76.79,36.33,136.42,7.39,0.8,0
2021-03-04,1.4146615e+06,8.86,87.08,52.04,102.46,11.09,1.0,0
2021-03-05,1.4698425e+06,4.68,66.21,89.71,68.5,15.84,0.0,0
2021-03-06,1.400257e+06,3.55,56.29,15.29,172.17,15.1,0.0,0
2021-03-07,1.3648979e+06,2.25,66.46,0.0,172.25,8.6,0.0,0
2021-03-08,1.515965e+06,2.38,70.21,24.71,170.29,9.56,0.0,0
2021-03-09,1.5409595e+06,4.8,72.75,47.42,143.33,8.38,0.0,0
2021-03-10,1.5455939e+06,5.43,76.38,84.25,86.71,15.85,1.4,0
2021-03-11,1.4569705e+06,10.34,77.04,75.83,121.5,30.48,3.4,0
2021-03-12,1.4501645e+06,7.57,75.08,56.83,114.25,24.04,4.6,0
2021-03-13,1.351376e+06,8.0,75.75,81.79,127.71,30.13,6.6,0
2021-03-14,1.3245405e+06,6.56,75.12,80.25,125.79,21.47,2.5,0
2021-03-15,1.480545e+06,8.45,80.04,76.83,129.62,20.62,3.9,0
2021-03-16,1.4969421e+06,6.82,91.83,78.71,35.29,10.41,2.7,0
2021-03-17,1.501299e+06,7.28,78.54,92.29,82.04,22.98,2.1,0
2021-03-18,1.5498535e+06,5.42,86.08,97.54,60.0,12.28,1.5,0
2021-03-19,1.548007e+06,5.46,70.5,60.38,140.38,20.89,2.2,0
2021-03-20,1.4348019e+06,3.8,76.71,36.33,156.04,12.25,0.0,0
2021-03-21,1.3845e+06,6.23,78.25,80.17,96.75,12.08,0.2,0
2021-03-22,1.5062915e+06,5.4,72.33,80.38,127.04,9.33,0.0,0
2021-03-23,1.461143e+06,6.66,74.54,44.12,198.42,5.02,0.0,0
2021-03-24,1.401533e+06,8.15,73.54,43.71,210.08,9.36,0.0,0
2021-03-25,1.3632225e+06,8.44,78.96,79.83,89.71,8.8,0.8,0
2021-03-26,1.35434e+06,9.0,71.58,60.04,131.67,16.52,3.2,0
2021-03-27,1.2410965e+06,7.6,72.33,37.67,144.88,18.07,0.2,0
2021-03-28,1.1743315e+06,9.62,68.5,59.0,214.62,12.0,0.0,0
2021-03-29,1.246962e+06,11.55,65.21,68.5,225.5,8.59,0.0,0
2021-03-30,1.198036e+06,13.06,69.33,8.17,229.38,9.11,0.0,0
2021-03-31,1.1646835e+06,15.09,68.33,1.17,227.75,8.18,0.0,0
2021-04-01,1.152194e+06,15.69,66.58,13.96,226.5,8.86,0.0,0
2021-04-02,1.1421205e+06,9.38,65.62,2.5,237.25,18.18,0.0,0
2021-04-03,1.117853e+06,7.02,63.5,50.67,179.04,19.23,0.0,0
2021-04-04,1.107002e+06,6.6,71.92,5.08,238.67,10.9,0.0,0
2021-04-05,1.170595e+06,4.91,77.17,64.88,66.46,14.18,0.7,1
2021-04-06,1.408305e+06,2.19,60.46,32.42,205.08,13.29,1.2,0
2021-04-07,1.481059e+06,3.48,61.33,38.25,219.79,12.76,0.1,0
2021-04-08,1.42438e+06,6.42,66.96,75.46,198.58,5.52,0.1,0
2021-04-09,1.3462861e+06,8.92,67.42,95.33,177.62,8.42,5.5,0
2021-04-10,1.2058925e+06,10.15,87.96,93.92,74.25,12.25,15.9,0
2021-04-11,1.208158e+06,6.2,76.71,85.83,77.17,16.22,1.9,0
2021-04-12,1.406696e+06,4.88,70.83,31.54,209.0,11.08,0.3,0
2021-04-13,1.4128805e+06,5.35,65.67,22.46,254.12,10.82,0.0,0
2021-04-14,1.4016325e+06,5.6,57.88,29.75,213.42,10.95,0.0,0
2021-04-15,1.4095055e+06,5.72,63.46,24.17,236.17,14.14,0.3,0
2021-04-16,1.4121779e+06,5.9,63.21,61.54,145.54,14.15,0.0,0
2021-04-17,1.2740445e+06,8.75,61.42,65.04,211.62,15.07,0.0,0
2021-04-18,1.1966325e+06,7.68,69.29,62.21,182.0,8.56,0.0,0
2021-04-19,1.2943585e+06,9.4,69.92,36.88,234.25,6.79,0.0,0
2021-04-20,1.2660895e+06,11.37,66.75,49.46,233.75,6.32,0.2,0
2021-04-21,1.2364135e+06,11.3,70.33,21.75,229.0,9.87,0.3,0
2021-04-22,1.208421e+06,10.84,59.62,16.38,281.92,15.4,0.0,0
2021-04-23,1.169183e+06,11.32,51.67,0.0,292.25,13.55,0.0,0
2021-04-24,1.036394e+06,12.25,49.96,36.79,289.46,14.41,0.0,0
2021-04-25,994091.06,11.29,49.46,31.0,294.17,20.05,0.0,0
2021-04-26,1.156465e+06,11.43,47.54,46.42,296.67,18.86,0.0,0
2021-04-27,1.1781415e+06,11.65,44.17,19.54,299.08,8.4,0.0,0
2021-04-28,1.1903255e+06,11.85,55.79,44.25,176.08,8.65,1.3,0
2021-04-29,1.2175205e+06,9.85,65.17,55.17,194.38,11.19,0.5,0
2021-04-30,1.2233665e+06,9.31,58.42,88.46,145.0,7.58,0.1,0
2021-05-01,1.09012e+06,8.69,70.46,90.38,106.25,6.57,2.6,1
2021-05-02,1.0923895e+06,8.55,74.04,33.71,265.25,7.66,2.0,0
2021-05-03,1.228459e+06,10.36,60.58,63.83,205.33,14.72,0.2,0
2021-05-04,1.2454965e+06,11.35,63.75,81.67,136.04,25.99,3.4,0
2021-05-05,1.2419255e+06,9.02,59.71,59.21,219.88,17.58,1.4,0
2021-05-06,1.281814e+06,8.42,76.67,96.67,72.88,10.3,6.6,0
2021-05-07,1.2253865e+06,9.86,63.33,51.5,258.67,9.02,0.0,0
2021-05-08,1.0300015e+06,14.01,63.54,88.42,170.42,16.34,0.6,1
2021-05-09,954305.5,18.92,63.0,78.08,237.08,19.03,0.4,0
2021-05-10,1.10325e+06,15.18,69.92,69.12,233.25,17.78,5.1,0
2021-05-11,1.1521115e+06,12.23,71.92,80.62,165.08,10.21,0.5,0
2021-05-12,1.1704085e+06,11.61,74.5,54.33,195.5,11.52,1.3,0
2021-05-13,1.056104e+06,11.62,75.08,68.42,216.33,12.87,3.4,1
2021-05-14,1.1020065e+06,10.55,81.62,58.96,195.88,12.62,4.4,0
2021-05-15,1.066606e+06,11.55,79.04,84.46,158.5,17.38,4.0,0
2021-05-16,1.03069106e+06,12.52,78.29,65.71,191.58,18.44,7.5,0
2021-05-17,1.1742295e+06,12.24,77.54,62.71,212.08,20.66,4.8,0
2021-05-18,1.198213e+06,12.07,72.71,45.5,227.33,13.8,2.6,0
2021-05-19,1.2029035e+06,11.27,75.88,57.96,221.46,15.49,6.2,0
2021-05-20,1.1922565e+06,12.0,68.42,81.25,159.12,15.65,0.0,0
2021-05-21,1.1703085e+06,13.72,58.67,63.62,222.29,25.78,0.3,0
2021-05-22,1.0633495e+06,12.32,63.92,42.67,251.38,24.38,2.5,0
2021-05-23,1.0004305e+06,12.46,65.0,49.0,208.92,17.75,0.1,0
2021-05-24,1.0570655e+06,12.4,65.62,77.42,221.0,24.39,5.2,1
2021-05-25,1.1909585e+06,11.32,68.75,74.42,214.75,22.85,2.2,0
2021-05-26,1.1981345e+06,11.92,77.83,84.5,159.46,18.1,8.1,0
2021-05-27,1.1612865e+06,12.8,72.04,33.46,283.54,5.46,0.0,0
2021-05-28,1.1106375e+06,14.77,71.46,48.71,306.12,9.55,0.0,0
2021-05-29,975275.06,15.91,65.17,68.96,261.12,10.95,0.0,0
2021-05-30,915784.0,16.82,58.17,25.46,316.08,13.21,0.0,0
2021-05-31,1.057386e+06,17.5,55.88,0.04,339.42,12.38,0.0,0
2021-06-01,1.0850425e+06,18.97,57.92,4.92,328.5,10.08,0.0,0
2021-06-02,1.0924345e+06,20.17,74.33,55.96,250.58,11.25,4.2,0
2021-06-03,1.0952425e+06,20.48,78.71,78.0,213.79,5.25,4.2,0
2021-06-04,1.0830265e+06,17.27,87.83,94.83,134.54,9.97,11.6,0
2021-06-05,959959.06,16.53,74.21,95.29,208.62,14.33,0.3,0
2021-06-06,912785.5,16.95,67.25,55.92,252.62,8.79,0.0,0
2021-06-07,1.0633875e+06,18.08,68.17,58.54,247.17,7.73,0.0,0
2021-06-08,1.0905235e+06,18.56,67.21,50.04,282.42,7.32,0.0,0
2021-06-09,1.1005725e+06,20.05,65.08,60.12,306.92,6.38,0.0,0
2021-06-10,1.1073175e+06,20.68,62.42,29.62,285.83,7.9,0.0,0
2021-06-11,1.1012695e+06,20.26,70.17,24.67,285.5,9.32,0.0,0
2021-06-12,985035.5,19.05,75.17,61.96,239.92,10.19,0.0,0
2021-06-13,931196.94,20.02,56.42,5.29,340.38,11.84,0.0,0
2021-06-14,1.101169e+06,21.84,54.88,0.08,343.46,7.11,0.0,0
2021-06-15,1.137978e+06,22.94,60.58,57.42,317.25,6.68,0.0,0
2021-06-16,1.1528475e+06,25.45,58.96,25.46,311.17,8.82,0.1,0
2021-06-17,1.13873e+06,24.1,68.12,89.25,229.75,11.12,6.6,0
2021-06-18,1.113303e+06,22.27,75.75,43.04,256.62,16.36,4.8,0
2021-06-19,994319.5,20.04,82.75,92.71,162.92,6.78,9.2,0
2021-06-20,928093.5,19.51,75.46,70.58,218.25,8.94,1.7,0
2021-06-21,1.07469e+06,19.75,74.33,64.88,271.08,7.43,2.4,0
2021-06-22,1.097648e+06,16.08,88.12,85.75,178.29,11.94,14.0,0
2021-06-23,1.10052e+06,14.7,78.54,93.12,144.17,14.52,0.2,0
2021-06-24,1.0937755e+06,15.39,68.92,56.46,191.67,10.48,0.0,0
2021-06-25,1.078726e+06,15.6,80.75,58.25,196.54,8.44,9.6,0
2021-06-26,969432.5,17.58,84.88,95.71,152.46,7.06,7.1,0
2021-06-27,926016.94,18.76,80.88,95.71,148.67,6.95,6.1,0
2021-06-28,1.074618e+06,18.38,82.5,69.58,225.21,6.41,6.4,0
2021-06-29,1.0983675e+06,15.44,85.75,80.46,164.79,5.34,3.9,0
2021-06-30,1.099248e+06,15.34,84.17,99.17,109.12,12.84,3.1,0
2021-07-01,1.1012255e+06,16.59,78.08,75.62,165.42,7.02,0.2,0
2021-07-02,1.0997175e+06,19.06,77.92,52.79,247.0,5.82,1.6,0
2021-07-03,981293.5,20.18,73.38,82.42,219.04,7.79,0.8,0
2021-07-04,926344.94,17.6,86.38,84.75,172.04,9.91,17.4,0
2021-07-05,1.0834995e+06,17.9,79.62,92.0,137.04,9.93,4.8,0
2021-07-06,1.1079135e+06,18.54,66.58,67.38,250.42,22.32,3.0,0
2021-07-07,1.1043155e+06,17.44,69.96,67.33,242.54,10.96,0.7,0
2021-07-08,1.1022775e+06,17.38,74.5,64.29,240.04,8.77,0.5,0
2021-07-09,1.0909545e+06,17.8,75.5,66.58,230.92,4.92,0.1,0
2021-07-10,979399.06,17.28,81.62,88.58,125.71,5.99,2.6,0
2021-07-11,924702.0,18.05,76.79,64.67,225.04,5.98,0.4,0
2021-07-12,1.0789665e+06,17.98,85.42,82.17,150.46,7.74,10.9,0
2021-07-13,1.092007e+06,16.83,90.75,96.0,74.79,12.57,20.4,0
2021-07-14,972681.5,17.17,82.92,99.54,99.96,17.85,8.3,1
2021-07-15,1.0805805e+06,19.86,71.46,80.33,224.58,20.96,0.0,0
2021-07-16,1.0775675e+06,17.4,75.54,85.0,163.92,14.57,0.0,0
2021-07-17,975118.5,18.5,76.29,69.42,212.58,12.12,0.0,0
2021-07-18,933932.5,21.59,71.96,0.04,326.46,15.02,0.0,0
2021-07-19,1.1018185e+06,22.55,69.29,23.42,313.75,11.48,0.0,0
2021-07-20,1.134081e+06,21.98,70.67,3.83,321.25,8.99,0.0,0
2021-07-21,1.1405935e+06,22.12,67.88,10.46,289.62,7.82,0.1,0
2021-07-22,1.145689e+06,22.43,61.96,18.33,317.0,10.1,0.0,0
2021-07-23,1.1294035e+06,23.04,63.12,59.88,264.29,12.45,0.0,0
2021-07-24,994421.5,21.74,63.21,58.54,236.71,11.62,0.2,0
2021-07-25,933804.94,19.0,81.79,79.33,188.0,15.08,9.9,0
2021-07-26,1.071416e+06,18.46,82.54,68.5,162.54,9.89,5.1,0
2021-07-27,1.0991355e+06,18.04,84.33,91.54,105.54,12.36,5.0,0
2021-07-28,1.0897925e+06,18.83,66.38,51.58,215.92,16.59,0.0,0
2021-07-29,1.085242e+06,18.55,61.58,54.5,208.62,12.86,0.0,0
2021-07-30,1.0633205e+06,18.67,63.83,50.17,225.67,18.29,0.0,0
2021-07-31,954800.0,17.92,66.67,49.38,212.25,14.18,0.6,0
2021-08-01,891903.5,17.77,70.88,42.0,266.58,10.35,0.6,0
2021-08-02,992272.5,17.69,77.58,60.5,216.75,8.52,3.5,0
2021-08-03,1.0139405e+06,16.44,78.67,88.5,146.04,7.56,3.7,0
2021-08-04,1.010492e+06,15.96,77.96,75.17,168.25,4.1,3.1,0
2021-08-05,997407.5,18.17,77.25,80.17,172.12,12.35,1.6,0
2021-08-06,984124.5,18.69,71.0,67.29,176.62,21.66,1.1,0
2021-08-07,907383.5,17.62,71.12,52.83,206.0,19.98,1.9,0
2021-08-08,863794.5,17.32,65.29,57.12,227.12,18.92,0.2,0
2021-08-09,962524.0,17.72,69.75,65.58,156.0,14.5,0.6,0
2021-08-10,992708.94,19.2,76.0,69.04,169.5,8.49,3.1,0
2021-08-11,1.01307e+06,19.79,71.62,65.67,257.67,4.0,0.0,0
2021-08-12,1.0276675e+06,21.56,71.5,68.83,240.54,6.4,0.4,0
2021-08-13,1.0322725e+06,21.3,66.96,28.54,262.75,8.62,0.0,0
2021-08-14,973694.0,21.36,60.62,1.58,282.58,6.15,0.0,0
2021-08-15,917499.06,22.24,63.46,44.38,250.25,10.62,0.0,1
2021-08-16,991350.5,18.24,67.29,89.17,137.17,16.28,1.8,0
2021-08-17,1.011052e+06,16.63,70.92,90.21,116.04,13.58,0.2,0
2021-08-18,1.0196905e+06,17.95,74.67,93.0,105.08,12.86,0.6,0
2021-08-19,1.0241585e+06,17.54,75.04,81.79,106.62,8.85,0.0,0
2021-08-20,1.0288295e+06,18.9,69.54,79.79,167.46,4.69,0.0,0
2021-08-21,958462.5,20.28,69.62,62.46,176.46,10.14,0.6,0
2021-08-22,911331.06,18.55,71.42,50.33,176.38,16.52,0.6,0
2021-08-23,1.035968e+06,18.08,77.54,58.12,128.62,14.72,0.4,0
2021-08-24,1.056187e+06,18.93,65.0,36.29,216.71,17.8,0.0,0
2021-08-25,1.064445e+06,18.6,59.21,16.96,254.71,14.82,0.0,0
2021-08-26,1.0797095e+06,16.71,73.04,68.71,114.04,13.59,0.0,0
2021-08-27,1.0663635e+06,17.11,66.21,52.21,197.67,12.6,0.0,0
2021-08-28,963863.5,16.28,73.12,43.12,152.96,13.02,0.2,0
2021-08-29,923083.5,16.23,74.29,44.21,137.21,13.55,0.5,0
2021-08-30,1.0744795e+06,17.66,74.08,80.83,138.33,15.33,0.1,0
2021-08-31,1.107612e+06,18.18,69.12,64.08,169.38,15.74,0.0,0
2021-09-01,1.1157185e+06,17.61,70.67,34.08,193.21,17.14,0.0,0
2021-09-02,1.1157475e+06,18.12,65.79,0.33,243.33,15.04,0.0,0
2021-09-03,1.103469e+06,19.84,68.33,15.5,226.38,7.54,0.4,0
2021-09-04,986274.0,20.82,76.5,42.25,170.12,5.95,1.7,0
2021-09-05,943984.94,21.62,79.83,46.62,205.17,5.85,1.3,0
2021-09-06,1.104139e+06,21.86,64.21,38.38,218.79,7.83,0.0,0
2021-09-07,1.1337895e+06,22.28,57.29,24.71,227.62,12.1,0.0,0
2021-09-08,1.1332665e+06,23.32,56.5,65.08,209.58,10.61,0.0,0
2021-09-09,1.1263295e+06,22.27,73.92,79.79,169.79,10.12,0.8,0
2021-09-10,1.1048255e+06,19.53,84.71,80.62,109.88,9.45,11.1,0
2021-09-11,978176.5,17.85,71.96,48.38,164.33,10.32,0.0,0
2021-09-12,929647.06,17.42,68.29,66.29,166.67,5.05,0.0,0
2021-09-13,1.0855795e+06,18.63,73.58,60.88,166.21,8.66,0.0,0
2021-09-14,1.12164e+06,20.0,83.79,97.96,87.33,7.74,10.5,0
2021-09-15,1.1240715e+06,18.96,90.5,82.21,88.0,8.31,22.0,0
2021-09-16,1.1132085e+06,17.19,77.0,58.04,139.0,6.96,0.0,0
2021-09-17,1.0928485e+06,16.95,74.29,27.29,189.33,6.82,0.0,0
2021-09-18,977543.5,17.23,75.33,49.62,155.62,7.12,0.1,0
2021-09-19,928842.0,17.43,79.54,96.38,130.79,10.28,0.9,0
2021-09-20,1.077809e+06,16.18,89.17,86.79,93.12,8.55,12.5,0
2021-09-21,1.101477e+06,14.35,74.42,43.79,148.83,11.53,0.0,0
2021-09-22,1.1069225e+06,13.84,73.79,53.04,190.04,7.35,0.0,0
2021-09-23,1.110218e+06,14.78,77.54,18.67,191.83,6.98,0.0,0
2021-09-24,1.097579e+06,16.01,82.17,57.92,112.54,6.12,0.0,0
2021-09-25,985393.5,16.48,82.46,55.33,140.46,6.3,0.4,0
2021-09-26,928230.0,17.5,89.17,73.79,101.12,10.21,5.2,0
2021-09-27,1.087286e+06,15.88,83.04,66.08,79.54,14.49,2.4,0
2021-09-28,1.118317e+06,13.7,72.62,73.5,137.58,8.33,0.0,0
2021-09-29,1.130263e+06,13.39,72.0,47.21,133.58,17.5,5.0,0
2021-09-30,1.1429e+06,11.8,69.83,46.71,136.88,9.26,0.0,0
2021-10-01,1.144742e+06,12.98,73.92,79.46,72.5,16.56,5.1,0
2021-10-02,1.0314705e+06,14.89,86.71,96.58,75.71,20.3,6.6,0
2021-10-03,984576.5,15.34,81.42,93.58,48.75,21.92,20.7,0
2021-10-04,1.135603e+06,12.98,72.75,28.33,144.29,14.7,0.2,0
2021-10-05,1.1744105e+06,13.48,81.04,49.46,68.5,21.68,5.3,0
2021-10-06,1.1961365e+06,12.91,70.75,23.17,143.17,19.23,0.0,0
2021-10-07,1.1979015e+06,11.78,83.79,60.62,85.17,5.8,0.0,0
2021-10-08,1.1780435e+06,12.2,81.83,2.96,155.25,10.66,0.0,0
2021-10-09,1.056818e+06,12.28,81.67,0.46,154.71,9.28,0.0,0
2021-10-10,1.0237615e+06,11.2,81.08,33.62,147.5,8.55,0.0,0
2021-10-11,1.1884565e+06,12.61,77.46,77.79,108.33,9.9,0.0,0
2021-10-12,1.237058e+06,10.74,82.04,62.62,102.88,10.47,0.2,0
2021-10-13,1.243849e+06,10.06,77.79,67.58,123.58,6.36,0.0,0
2021-10-14,1.2709425e+06,9.32,77.62,0.12,141.25,5.29,0.0,0
2021-10-15,1.255509e+06,10.65,83.75,81.29,112.38,5.59,0.0,0
2021-10-16,1.1360055e+06,10.34,83.33,12.67,137.25,6.69,0.0,0
2021-10-17,1.097604e+06,8.97,78.46,78.88,111.58,9.01,0.0,0
2021-10-18,1.235806e+06,11.16,86.96,84.54,78.62,10.43,1.0,0
2021-10-19,1.2083145e+06,17.62,75.17,54.92,125.38,14.33,2.5,0
2021-10-20,1.2012465e+06,17.52,74.58,94.58,65.67,24.41,1.9,0
2021-10-21,1.2163225e+06,11.06,79.33,47.5,66.42,25.26,6.3,0
2021-10-22,1.2579665e+06,7.96,83.0,42.46,93.0,11.19,0.0,0
2021-10-23,1.1562645e+06,9.87,79.46,65.33,91.42,6.41,0.1,0
2021-10-24,1.134067e+06,7.59,83.0,12.46,124.96,9.28,0.0,0
2021-10-25,1.2755065e+06,10.71,82.5,72.79,57.71,11.12,1.9,0
2021-10-26,1.28356e+06,11.08,87.67,68.21,68.33,10.56,0.0,0
2021-10-27,1.285233e+06,11.05,87.04,69.25,109.88,8.71,0.0,0
2021-10-28,1.286931e+06,11.2,81.38,3.21,112.38,13.01,0.0,0
2021-10-29,1.259464e+06,12.76,80.83,68.71,39.17,17.89,7.2,0
2021-10-30,1.13853e+06,12.92,90.75,99.83,29.46,15.12,10.7,0
2021-10-31,1.072646e+06,12.02,89.29,79.58,46.92,16.73,3.4,0
2021-11-01,1.127101e+06,9.95,81.71,39.42,82.12,17.38,1.2,1
2021-11-02,1.3172605e+06,8.86,83.58,87.71,82.83,11.38,1.3,0
2021-11-03,1.382803e+06,7.95,87.42,70.04,87.83,10.35,5.7,0
2021-11-04,1.445137e+06,7.04,87.17,83.12,66.79,13.98,0.9,0
2021-11-05,1.448591e+06,7.59,83.38,60.33,78.88,10.14,1.9,0
2021-11-06,1.3663821e+06,5.35,86.21,58.5,75.12,7.63,0.3,0
2021-11-07,1.292163e+06,9.73,81.25,99.79,44.46,13.46,0.4,0
2021-11-08,1.4384425e+06,7.53,83.88,84.79,72.38,6.17,0.0,0
2021-11-09,1.494196e+06,4.93,88.96,68.17,67.62,5.94,0.0,0
2021-11-10,1.527856e+06,4.38,92.04,86.71,49.17,3.57,0.0,0
2021-11-11,1.3708105e+06,4.32,93.75,71.17,58.67,4.8,0.0,1
2021-11-12,1.4256179e+06,5.9,87.83,80.71,72.83,9.45,0.0,0
2021-11-13,1.292451e+06,11.25,88.5,89.33,40.12,14.17,0.6,0
2021-11-14,1.2326275e+06,10.25,88.5,87.46,44.21,11.73,0.0,0
2021-11-15,1.452293e+06,6.77,89.04,59.29,44.42,11.15,0.0,0
2021-11-16,1.5007085e+06,7.12,85.5,96.0,21.67,6.37,0.1,0
2021-11-17,1.498729e+06,8.57,92.25,82.79,40.33,7.92,0.2,0
2021-11-18,1.5071925e+06,5.0,95.96,94.96,51.71,6.09,0.0,0
2021-11-19,1.499313e+06,8.03,90.62,97.08,27.83,4.56,0.0,0
2021-11-20,1.3974795e+06,8.15,91.96,100.0,28.0,4.98,0.0,0
2021-11-21,1.373896e+06,6.93,90.58,86.71,18.92,8.62,1.0,0
2021-11-22,1.5762825e+06,4.74,83.21,32.42,51.62,19.8,0.0,0
2021-11-23,1.633031e+06,3.52,78.17,0.25,73.29,13.96,0.0,0
2021-11-24,1.6464979e+06,4.04,91.96,79.71,33.42,10.37,0.0,0
2021-11-25,1.662357e+06,3.57,91.17,99.29,29.29,7.53,0.0,0
2021-11-26,1.669969e+06,4.41,89.67,94.96,33.25,16.62,2.7,0
2021-11-27,1.5682295e+06,2.92,87.92,77.42,36.58,15.65,2.0,0
2021-11-28,1.567191e+06,3.97,81.92,89.67,35.54,22.28,1.5,0
2021-11-29,1.7638485e+06,1.38,86.79,16.29,57.08,10.62,0.0,0
2021-11-30,1.7926535e+06,5.8,85.0,93.62,16.83,21.95,1.1,0
2021-12-01,1.6821939e+06,8.52,84.62,59.79,54.38,23.66,4.7,0
2021-12-02,1.719699e+06,3.67,82.08,32.5,58.25,15.75,0.8,0
2021-12-03,1.7655539e+06,2.69,89.92,94.71,7.12,15.04,8.9,0
2021-12-04,1.5133675e+06,8.67,85.25,84.21,25.67,21.11,5.8,0
2021-12-05,1.5251785e+06,4.06,89.38,77.12,33.33,16.48,4.4,0
2021-12-06,1.6927185e+06,4.74,90.17,77.96,31.38,13.89,3.8,0
2021-12-07,1.7153635e+06,5.4,89.21,73.62,31.75,19.01,2.1,0
2021-12-08,1.718159e+06,4.59,84.04,30.88,52.12,15.3,1.0,0
2021-12-09,1.7601625e+06,3.82,86.92,75.21,54.88,15.05,1.2,0
2021-12-10,1.732705e+06,6.03,81.08,62.79,47.33,24.72,14.5,0
2021-12-11,1.595073e+06,4.53,86.21,60.46,46.21,11.66,0.2,0
2021-12-12,1.488308e+06,8.47,93.42,98.83,14.71,11.73,0.6,0
2021-12-13,1.6257785e+06,7.82,95.75,97.25,26.42,8.7,0.0,0
2021-12-14,1.6835035e+06,5.14,95.29,100.0,19.0,4.08,0.0,0
2021-12-15,1.6847555e+06,6.97,92.75,91.17,28.83,4.78,0.0,0
2021-12-16,1.6765981e+06,7.57,91.0,77.17,26.17,7.17,0.0,0
2021-12-17,1.671621e+06,6.11,91.38,26.54,38.75,11.35,0.0,0
2021-12-18,1.5645555e+06,4.48,91.79,18.62,56.08,9.85,0.0,0
2021-12-19,1.5510645e+06,5.22,94.75,93.33,19.96,11.24,0.0,0
2021-12-20,1.7374965e+06,5.17,84.58,97.62,28.25,10.98,0.2,0
2021-12-21,1.802659e+06,-0.03,88.38,15.46,58.92,7.72,0.0,0
2021-12-22,1.8519015e+06,-2.62,91.0,58.71,46.04,8.82,0.0,0
2021-12-23,1.7113261e+06,2.79,88.29,79.92,49.58,10.02,0.0,0
2021-12-24,1.4737619e+06,6.89,96.67,99.38,17.75,8.04,8.3,0
2021-12-25,1.2885005e+06,7.56,96.79,100.0,20.42,6.34,0.6,1
2021-12-26,1.292245e+06,7.82,95.88,84.46,24.71,9.01,6.8,0
2021-12-27,1.391183e+06,9.16,91.79,88.17,24.5,15.24,5.0,0
2021-12-28,1.384823e+06,11.06,78.5,89.12,29.21,25.42,9.1,0
2021-12-29,1.3328485e+06,12.28,87.75,100.0,11.08,17.65,6.7,0
2021-12-30,1.2680285e+06,13.17,88.92,78.54,32.58,16.9,0.1,0
2021-12-31,1.2809725e+06,10.44,91.5,41.17,51.71,10.29,0.0,0
2022-01-01,1.2094255e+06,9.14,91.25,87.54,53.67,10.02,0.0,1
2022-01-02,1.2555005e+06,11.59,79.12,89.67,43.62,18.26,1.2,0
2022-01-03,1.4287135e+06,11.08,85.62,100.0,15.75,21.11,4.6,0
2022-01-04,1.492989e+06,8.94,89.33,99.88,14.75,16.74,20.8,0
2022-01-05,1.6400339e+06,3.17,79.38,21.58,57.12,14.0,0.0,0
2022-01-06,1.7415115e+06,1.92,83.33,53.71,57.54,8.74,0.0,0
2022-01-07,1.738319e+06,5.25,81.67,79.62,49.88,21.56,5.7,0
2022-01-08,1.5632055e+06,5.78,89.71,86.04,9.58,20.7,8.4,0
2022-01-09,1.498916e+06,4.44,85.38,72.29,33.92,17.62,3.2,0
2022-01-10,1.6704135e+06,2.41,94.71,96.42,26.0,7.81,0.2,0
2022-01-11,1.7427575e+06,-0.15,92.12,32.42,59.67,7.19,0.0,0
2022-01-12,1.8028419e+06,0.52,91.75,88.62,20.33,4.27,0.0,0
2022-01-13,1.8338155e+06,2.39,93.71,69.04,34.79,8.65,0.0,0
2022-01-14,1.8548925e+06,1.23,89.71,0.0,66.5,7.3,0.0,0
2022-01-15,1.7489885e+06,0.55,94.83,70.83,38.08,4.8,0.0,0
2022-01-16,1.6970755e+06,1.96,92.25,96.12,19.67,11.5,0.5,0
2022-01-17,1.792032e+06,5.25,93.08,76.67,29.29,6.31,0.1,0
2022-01-18,1.8023705e+06,3.77,91.42,63.33,61.38,9.99,0.0,0
2022-01-19,1.7994805e+06,4.1,92.25,89.62,24.42,9.9,2.3,0
2022-01-20,1.771139e+06,3.65,88.29,48.25,58.21,11.14,0.3,0
2022-01-21,1.805668e+06,2.72,88.5,70.29,39.17,9.47,0.0,0
2022-01-22,1.6896621e+06,3.91,84.92,99.42,36.46,6.07,0.0,0
2022-01-23,1.61838e+06,3.98,83.5,99.08,29.33,7.17,0.1,0
2022-01-24,1.7952865e+06,1.35,90.46,2.17,81.0,7.82,0.0,0
2022-01-25,1.8663475e+06,-0.15,96.0,87.42,27.21,4.43,0.0,0
2022-01-26,1.8809795e+06,1.27,94.67,100.0,22.42,6.36,0.0,0
2022-01-27,1.8598355e+06,3.96,88.17,97.29,35.5,12.58,0.5,0
2022-01-28,1.7839395e+06,5.16,90.54,94.38,36.38,7.62,0.2,0
2022-01-29,1.6112005e+06,8.35,88.62,100.0,19.75,16.74,0.4,0
2022-01-30,1.490619e+06,7.86,82.08,80.04,80.71,7.62,0.4,0
2022-01-31,1.6784315e+06,6.28,68.29,70.71,65.29,22.34,0.6,0
2022-02-01,1.724861e+06,6.02,85.04,88.54,13.12,17.15,0.8,0
2022-02-02,1.6150725e+06,9.51,85.04,99.62,30.46,15.33,0.1,0
2022-02-03,1.6223345e+06,6.62,86.17,96.54,34.83,11.03,0.0,0
2022-02-04,1.5961695e+06,7.11,84.67,71.04,37.42,16.6,0.8,0
2022-02-05,1.490271e+06,5.38,77.71,47.25,86.88,13.86,0.0,0
2022-02-06,1.4773625e+06,8.52,82.21,100.0,14.67,29.81,5.3,0
2022-02-07,1.5560465e+06,6.43,73.92,37.42,86.42,13.39,0.2,0
2022-02-08,1.5964775e+06,8.34,82.42,91.46,49.75,10.48,0.1,0
2022-02-09,1.5881101e+06,5.18,89.08,66.67,92.42,4.42,0.0,0
2022-02-10,1.579516e+06,6.77,87.04,96.71,29.92,12.96,3.1,0
2022-02-11,1.5996935e+06,3.38,84.21,36.42,88.38,8.42,0.0,0
2022-02-12,1.545013e+06,1.88,79.58,53.25,118.12,10.52,0.0,0
2022-02-13,1.4597895e+06,5.71,75.12,84.04,102.12,17.64,0.0,0
2022-02-14,1.5505535e+06,9.04,77.71,82.67,83.71,21.0,1.3,0
2022-02-15,1.6072005e+06,6.89,85.12,51.42,80.04,18.61,1.2,0
2022-02-16,1.5657135e+06,11.75,87.12,99.92,30.75,27.25,6.3,0
2022-02-17,1.461083e+06,11.6,68.25,73.54,101.62,25.02,0.6,0
2022-02-18,1.4408865e+06,10.1,75.54,91.21,27.04,26.08,1.0,0
2022-02-19,1.403791e+06,6.25,66.54,44.83,110.88,23.67,0.5,0
2022-02-20,1.3496125e+06,10.03,77.42,91.79,55.0,27.71,0.2,0
2022-02-21,1.521571e+06,8.07,70.5,57.0,91.75,31.62,2.2,0
2022-02-22,1.5311295e+06,8.48,80.83,71.38,42.58,18.01,0.2,0
2022-02-23,1.4930875e+06,7.62,83.79,69.54,79.88,9.34,0.1,0
2022-02-24,1.516491e+06,8.1,76.83,69.25,84.17,17.72,2.4,0
2022-02-25,1.5516525e+06,5.06,70.75,6.92,128.96,14.79,0.9,0
2022-02-26,1.457204e+06,3.56,76.33,6.88,147.46,11.29,0.0,0
2022-02-27,1.4219859e+06,3.67,65.12,0.62,153.42,12.95,0.0,0
2022-02-28,1.536676e+06,3.34,70.79,17.0,155.38,8.99,0.0,0
2022-03-01,1.5343655e+06,5.13,75.08,99.71,46.96,5.91,0.4,0
2022-03-02,1.514756e+06,6.43,74.04,99.54,82.29,7.34,0.0,0
2022-03-03,1.4807855e+06,7.76,87.5,89.21,75.29,7.06,0.4,0
2022-03-04,1.476572e+06,7.92,90.75,92.62,56.5,5.74,2.0,0
2022-03-05,1.401127e+06,6.95,81.04,67.17,114.88,5.62,0.0,0
2022-03-06,1.4007525e+06,4.4,70.04,32.67,158.0,13.85,0.0,0
2022-03-07,1.613004e+06,2.54,63.0,21.54,171.33,16.1,0.0,0
2022-03-08,1.612243e+06,4.38,65.83,0.0,171.17,12.05,0.0,0
2022-03-09,1.524877e+06,7.62,76.42,27.5,158.04,11.35,0.0,0
2022-03-10,1.464189e+06,9.22,71.67,54.04,170.04,10.94,0.0,0
2022-03-11,1.4537885e+06,9.67,78.92,80.75,76.67,17.58,4.2,0
2022-03-12,1.339861e+06,8.35,86.38,89.17,64.46,16.53,2.4,0
2022-03-13,1.313462e+06,8.63,81.38,100.0,65.0,18.23,5.6,0
2022-03-14,1.4455195e+06,8.38,79.17,66.92,172.83,10.5,0.0,0
2022-03-15,1.414101e+06,9.51,88.04,100.0,51.5,8.0,9.2,0
2022-03-16,1.395999e+06,11.47,88.17,72.29,141.17,9.71,1.2,0
2022-03-17,1.4222625e+06,8.84,75.38,97.62,149.79,15.28,0.4,0
2022-03-18,1.4364765e+06,8.08,64.25,0.29,200.0,17.2,0.0,0
2022-03-19,1.2872285e+06,10.09,55.29,0.0,200.0,19.72,0.0,0
2022-03-20,1.230321e+06,6.72,59.29,10.62,200.79,9.12,0.0,0
2022-03-21,1.3288325e+06,10.07,76.58,28.21,190.17,8.41,0.0,0
2022-03-22,1.3298325e+06,10.52,66.42,1.0,206.12,11.38,0.0,0
2022-03-23,1.3345865e+06,9.4,63.54,0.0,210.0,9.5,0.0,0
2022-03-24,1.321457e+06,10.41,62.79,0.0,211.92,8.64,0.0,0
2022-03-25,1.275382e+06,11.3,55.79,0.0,215.12,11.38,0.0,0
2022-03-26,1.1411505e+06,11.27,57.46,0.0,219.12,12.65,0.0,0
2022-03-27,1.0798325e+06,11.97,63.04,0.0,218.75,10.54,0.0,0
2022-03-28,1.207613e+06,11.9,69.04,68.12,197.46,6.96,0.0,0
2022-03-29,1.231342e+06,11.48,73.38,99.67,78.62,6.57,10.2,0
2022-03-30,1.2822315e+06,10.17,85.79,78.67,112.04,6.6,6.7,0
2022-03-31,1.3764325e+06,5.67,76.38,85.25,101.12,17.55,1.3,0
2022-04-01,1.5598465e+06,2.48,68.75,86.58,58.46,25.58,3.5,0
2022-04-02,1.5049101e+06,3.43,57.54,45.92,192.83,19.85,0.0,0
2022-04-03,1.449537e+06,3.86,58.67,57.12,189.25,12.73,0.0,0
2022-04-04,1.5567341e+06,4.38,70.71,73.12,126.33,14.59,0.4,0
2022-04-05,1.487853e+06,10.1,84.0,84.79,86.33,15.98,0.9,0
2022-04-06,1.4313581e+06,9.95,75.0,93.46,102.21,19.37,2.0,0
2022-04-07,1.402303e+06,11.33,74.17,93.5,111.42,30.91,1.9,0
2022-04-08,1.395592e+06,6.12,85.58,96.67,67.54,15.44,26.8,0
2022-04-09,1.299054e+06,5.46,78.12,61.5,170.71,11.38,2.2,0
2022-04-10,1.2363865e+06,6.3,70.58,56.71,245.58,7.86,0.0,0
2022-04-11,1.2993165e+06,10.86,64.12,88.58,233.25,13.76,0.0,0
2022-04-12,1.2489435e+06,14.35,69.21,93.46,177.54,12.05,0.0,0
2022-04-13,1.231542e+06,13.16,86.79,99.92,96.33,4.2,7.9,0
2022-04-14,1.1892195e+06,13.8,79.12,70.75,214.58,6.51,0.2,0
2022-04-15,1.128363e+06,13.72,74.12,62.5,245.42,7.62,0.0,0
2022-04-16,1.008578e+06,12.85,72.12,24.33,264.04,11.95,0.0,0
2022-04-17,956312.0,12.11,58.46,39.83,276.0,9.97,0.0,0
2022-04-18,981811.5,12.32,58.29,87.92,224.04,6.81,0.0,1
2022-04-19,1.1396125e+06,12.02,68.67,97.17,219.29,11.44,0.1,0
2022-04-20,1.179844e+06,12.43,62.54,86.25,249.83,12.04,0.0,0
2022-04-21,1.17336e+06,12.65,56.08,64.33,270.58,12.86,0.0,0
2022-04-22,1.1422765e+06,13.89,59.0,39.5,239.92,13.19,0.0,0
2022-04-23,1.0502875e+06,13.33,69.62,88.08,173.62,11.95,3.3,0
2022-04-24,1.0204745e+06,13.52,67.71,66.29,235.33,10.21,0.0,0
2022-04-25,1.1607565e+06,12.14,63.75,30.12,255.54,11.18,0.4,0
2022-04-26,1.1750905e+06,10.42,70.71,42.83,178.88,10.53,0.1,0
2022-04-27,1.161267e+06,11.77,63.75,26.62,228.88,13.42,0.0,0
2022-04-28,1.145695e+06,14.35,61.33,39.0,276.67,13.34,0.0,0
2022-04-29,1.122162e+06,13.9,63.96,69.17,243.42,11.68,3.1,0
2022-04-30,1.013024e+06,11.26,63.96,59.17,222.33,13.23,0.0,0
2022-05-01,952082.0,10.86,61.29,99.25,208.33,9.96,0.0,1
2022-05-02,1.1006015e+06,13.06,61.21,97.67,179.38,10.71,0.1,0
2022-05-03,1.1325945e+06,14.09,56.58,46.12,234.21,13.07,0.0,0
2022-05-04,1.143211e+06,13.08,65.5,85.04,154.5,8.9,0.0,0
2022-05-05,1.1489715e+06,13.58,71.25,60.79,192.42,12.41,0.4,0
2022-05-06,1.1333475e+06,15.05,68.25,50.04,262.21,8.93,0.0,0
2022-05-07,1.0012285e+06,15.15,68.92,64.25,228.5,7.85,1.0,0
2022-05-08,942966.5,15.92,68.71,11.54,279.83,11.01,0.1,1
2022-05-09,1.0831695e+06,17.14,63.5,39.38,284.08,5.27,0.0,0
2022-05-10,1.100633e+06,19.79,57.79,85.12,245.79,12.62,0.0,0
2022-05-11,1.101018e+06,18.35,66.08,25.58,282.08,14.61,0.0,0
2022-05-12,1.1018465e+06,16.06,63.0,80.62,222.08,9.95,0.0,0
2022-05-13,1.089172e+06,14.85,62.42,28.54,318.0,8.25,0.0,0
2022-05-14,975695.5,15.92,62.21,61.04,298.58,6.39,0.0,0
2022-05-15,921274.0,20.68,52.04,78.42,273.33,11.72,0.2,0
2022-05-16,1.070926e+06,20.11,66.38,65.38,269.67,11.88,0.5,0
2022-05-17,1.1044745e+06,22.18,56.71,54.88,277.54,7.67,2.7,0
2022-05-18,1.1194015e+06,21.75,65.46,71.5,290.58,9.85,2.2,0
2022-05-19,1.117093e+06,21.58,67.96,88.92,233.21,9.55,0.4,0
2022-05-20,1.0997725e+06,17.28,80.92,75.67,148.75,13.15,16.4,0
2022-05-21,981585.5,16.62,70.04,61.38,243.71,6.64,0.0,0
2022-05-22,931655.5,18.08,68.08,90.0,224.0,9.12,0.3,0
2022-05-23,1.0752515e+06,16.74,81.54,91.83,121.25,11.71,6.3,0
2022-05-24,1.0782775e+06,13.52,74.0,56.5,250.25,14.16,6.0,0
2022-05-25,1.083751e+06,14.44,68.38,49.04,259.75,12.4,0.1,0
2022-05-26,966439.5,16.3,70.38,97.67,163.92,13.55,0.3,1
2022-05-27,1.00047506e+06,15.74,71.21,58.33,184.29,13.62,0.7,0
2022-05-28,952128.94,14.21,67.29,33.83,279.42,11.27,0.1,0
2022-05-29,912474.0,11.85,59.88,48.0,178.12,12.81,0.0,0
2022-05-30,1.069431e+06,12.71,62.83,52.62,248.67,7.43,0.0,0
2022-05-31,1.0985755e+06,14.95,57.54,31.58,276.42,8.9,0.1,0
2022-06-01,1.1045115e+06,14.73,61.62,44.12,326.04,8.29,0.0,0
2022-06-02,1.1073275e+06,17.02,55.21,60.67,315.62,11.88,0.0,0
2022-06-03,1.0967785e+06,17.9,70.5,78.04,184.12,7.86,8.2,0
2022-06-04,984551.06,20.12,77.79,58.92,281.67,8.19,1.1,0
2022-06-05,913757.5,18.63,78.79,69.62,245.62,12.96,5.8,0
2022-06-06,951799.5,16.45,71.25,54.25,216.62,11.15,0.4,1
2022-06-07,1.0771885e+06,17.42,72.5,73.17,218.29,14.16,1.0,0
2022-06-08,1.094796e+06,16.75,75.38,68.58,192.25,14.62,17.0,0
2022-06-09,1.092213e+06,15.98,67.75,72.0,239.62,14.47,0.3,0
2022-06-10,1.0902545e+06,18.16,72.17,44.58,231.71,9.84,0.0,0
2022-06-11,983100.94,19.11,71.75,44.25,281.83,7.86,0.0,0
2022-06-12,936004.94,17.51,65.12,32.33,337.25,9.7,0.0,0
2022-06-13,1.084226e+06,16.49,64.83,14.17,330.88,8.93,0.0,0
2022-06-14,1.124469e+06,18.52,61.38,37.79,331.04,9.21,0.0,0
2022-06-15,1.151049e+06,21.67,56.67,21.04,323.0,8.37,0.0,0
2022-06-16,1.161026e+06,22.15,54.21,38.75,340.42,7.96,0.0,0
2022-06-17,1.1649405e+06,24.67,52.96,45.58,329.25,5.97,0.0,0
2022-06-18,1.058594e+06,27.83,49.62,9.29,333.88,8.53,0.0,0
2022-06-19,977970.0,20.78,68.04,63.42,281.67,15.68,1.6,0
2022-06-20,1.1131615e+06,17.92,76.96,80.79,246.5,14.02,18.9,0
2022-06-21,1.133284e+06,19.08,71.12,60.08,294.29,10.8,1.4,0
2022-06-22,1.1326995e+06,19.56,73.92,93.29,204.96,9.94,0.5,0
2022-06-23,1.1257005e+06,21.36,72.71,71.88,283.46,9.88,6.2,0
2022-06-24,1.091905e+06,19.95,72.25,77.88,255.29,15.06,7.5,0
2022-06-25,970150.5,16.81,81.79,95.46,86.88,9.77,8.8,0
2022-06-26,927600.5,16.46,75.42,87.46,238.38,9.14,0.4,0
2022-06-27,1.0710715e+06,17.25,69.92,69.88,246.5,8.59,3.7,0
2022-06-28,1.0957895e+06,18.42,66.5,26.46,324.12,7.12,0.0,0
2022-06-29,1.10821e+06,18.76,65.12,59.04,300.67,9.76,0.3,0
2022-06-30,1.1071085e+06,15.42,80.42,79.75,84.25,6.19,10.3,0
2022-07-01,1.0790185e+06,15.94,69.75,42.42,249.92,8.91,0.6,0
2022-07-02,979550.5,18.27,64.08,9.25,333.42,6.73,0.0,0
2022-07-03,912478.0,17.9,64.67,15.54,322.21,10.26,0.0,0
2022-07-04,1.09069e+06,18.08,65.54,7.08,339.25,7.95,0.0,0
2022-07-05,1.123284e+06,18.24,64.42,8.42,328.58,10.86,0.0,0
2022-07-06,1.1207285e+06,18.79,61.58,47.33,262.71,9.79,0.0,0
2022-07-07,1.1322115e+06,18.85,68.04,53.29,200.25,14.42,0.0,0
2022-07-08,1.125426e+06,18.51,59.29,0.0,334.29,9.4,0.0,0
2022-07-09,1.0167775e+06,21.42,59.17,43.54,314.71,10.7,0.0,0
2022-07-10,957674.0,20.0,57.12,14.08,329.71,13.68,0.0,0
2022-07-11,1.124017e+06,22.5,55.17,19.21,330.38,10.96,0.0,0
2022-07-12,1.1666905e+06,24.43,52.96,88.62,315.96,6.13,0.0,0
2022-07-13,1.171494e+06,26.72,40.08,71.38,293.83,8.2,0.0,0
2022-07-14,1.03983906e+06,24.38,50.42,33.88,325.79,13.1,0.0,1
2022-07-15,1.078964e+06,21.1,44.88,0.88,332.25,11.53,0.0,0
2022-07-16,1.0163215e+06,21.86,45.62,10.04,331.46,10.02,0.0,0
2022-07-17,978232.5,23.8,40.75,49.71,320.08,11.01,0.0,0
2022-07-18,1.160765e+06,27.51,35.83,15.62,324.12,7.82,0.0,0
2022-07-19,1.1922205e+06,30.13,35.12,4.88,325.58,15.75,0.0,0
2022-07-20,1.1678935e+06,21.65,75.88,79.67,147.58,11.0,15.1,0
2022-07-21,1.157346e+06,20.88,73.5,50.5,228.0,7.15,0.1,0
2022-07-22,1.1430955e+06,20.29,81.5,70.5,165.83,9.24,6.9,0
2022-07-23,1.01693906e+06,21.05,76.62,76.0,255.12,9.05,2.1,0
2022-07-24,974900.5,23.54,63.58,32.5,311.38,8.51,0.0,0
2022-07-25,1.1083575e+06,22.3,59.88,55.62,235.08,15.69,0.4,0
2022-07-26,1.110631e+06,19.11,65.25,47.54,171.04,11.62,0.4,0
2022-07-27,1.101208e+06,19.49,57.04,52.12,233.54,9.89,0.2,0
2022-07-28,1.1032375e+06,20.47,47.33,85.0,232.04,8.49,0.5,0
2022-07-29,1.077342e+06,21.97,47.0,37.33,280.08,7.65,0.1,0
2022-07-30,976220.94,23.53,51.71,63.04,266.62,8.77,0.1,0
2022-07-31,932292.0,22.31,66.17,22.08,247.33,10.98,0.0,0
2022-08-01,1.0488505e+06,21.87,67.62,64.42,186.42,7.88,0.5,0
2022-08-02,1.0769965e+06,23.19,58.83,57.38,285.33,6.52,0.0,0
2022-08-03,1.095352e+06,26.65,53.88,14.0,296.08,5.15,0.0,0
2022-08-04,1.088063e+06,23.7,64.33,78.42,213.46,11.95,4.9,0
2022-08-05,1.05237e+06,20.57,65.17,47.38,255.42,14.12,2.3,0
2022-08-06,958212.5,18.7,44.04,0.33,307.25,15.23,0.0,0
2022-08-07,908362.0,20.23,44.83,9.67,296.46,15.33,0.0,0
2022-08-08,1.0074545e+06,21.61,46.21,0.0,296.25,14.78,0.0,0
2022-08-09,1.03078706e+06,23.47,46.58,0.0,292.21,14.62,0.0,0
2022-08-10,1.04016894e+06,25.7,38.88,1.5,290.92,13.53,0.0,0
2022-08-11,1.0494125e+06,25.61,34.46,0.0,289.62,13.15,0.0,0
2022-08-12,1.0513345e+06,25.69,35.67,0.0,290.46,11.33,0.0,0
2022-08-13,967139.5,25.36,33.58,6.83,286.5,11.08,0.0,0
2022-08-14,892892.5,21.62,55.96,95.96,98.67,8.1,4.4,0
2022-08-15,902757.5,20.74,73.04,68.75,202.42,7.32,6.7,1
2022-08-16,1.00169694e+06,20.67,77.25,94.83,144.17,6.11,14.0,0
2022-08-17,997484.0,20.59,77.21,75.0,178.62,7.37,9.4,0
2022-08-18,995463.06,20.91,74.25,50.62,221.75,7.64,2.8,0
2022-08-19,995385.5,20.02,79.08,70.08,132.12,11.44,2.9,0
2022-08-20,930742.0,18.51,70.62,43.83,252.17,8.43,0.0,0
2022-08-21,890592.0,19.78,65.71,69.83,194.75,8.59,0.1,0
2022-08-22,1.02507906e+06,20.98,66.25,74.58,176.92,6.85,0.0,0
2022-08-23,1.0697215e+06,22.8,68.04,60.58,187.04,5.32,0.4,0
2022-08-24,1.0888085e+06,24.48,60.46,25.25,240.29,6.71,0.0,0
2022-08-25,1.0923535e+06,23.5,56.88,77.46,218.04,11.3,0.3,0
2022-08-26,1.0752895e+06,21.46,66.04,59.42,211.62,13.05,0.5,0
2022-08-27,964358.5,20.04,59.12,34.0,249.5,10.64,0.0,0
2022-08-28,915120.5,20.2,59.62,51.42,176.29,10.68,0.0,0
2022-08-29,1.070113e+06,22.27,47.62,34.21,240.79,12.95,0.0,0
2022-08-30,1.104337e+06,21.22,54.33,61.58,176.42,8.4,0.2,0
2022-08-31,1.1006735e+06,21.4,55.0,36.75,207.67,9.9,0.0,0
2022-09-01,1.103737e+06,22.19,59.38,61.62,197.33,8.91,0.0,0
2022-09-02,1.080682e+06,20.01,70.62,84.83,142.5,7.99,3.6,0
2022-09-03,963890.5,19.29,78.0,47.62,177.62,9.6,1.9,0
2022-09-04,928008.94,21.5,56.92,61.38,214.08,8.19,0.0,0
2022-09-05,1.081898e+06,22.04,55.83,53.12,170.17,7.18,0.1,0
2022-09-06,1.0979325e+06,20.43,73.12,42.25,190.96,8.75,13.8,0
2022-09-07,1.0895445e+06,18.21,84.92,74.0,138.21,10.53,6.5,0
2022-09-08,1.0743785e+06,17.63,77.54,54.04,188.62,16.62,3.8,0
2022-09-09,1.0644265e+06,16.89,75.83,70.12,146.0,19.79,4.0,0
2022-09-10,954550.0,16.44,81.42,69.04,84.58,15.1,1.7,0
2022-09-11,910437.5,16.33,80.83,54.58,190.42,6.31,0.0,0
2022-09-12,1.0637545e+06,19.07,73.08,28.75,213.17,8.38,0.0,0
2022-09-13,1.100296e+06,20.74,72.21,100.0,116.96,9.25,1.6,0
2022-09-14,1.096499e+06,20.85,82.67,87.67,142.29,11.0,17.5,0
2022-09-15,1.083281e+06,18.4,73.62,66.62,158.79,10.54,0.7,0
2022-09-16,1.0631215e+06,14.74,66.38,69.21,127.79,9.97,0.7,0
2022-09-17,946706.5,11.72,63.96,14.54,173.92,12.94,0.0,0
2022-09-18,906446.0,12.46,66.71,24.79,170.25,12.39,0.0,0
2022-09-19,1.048766e+06,12.84,67.38,29.0,164.83,9.38,0.0,0
2022-09-20,1.080044e+06,12.29,70.75,46.12,147.92,6.55,0.0,0
2022-09-21,1.07971e+06,12.82,72.17,18.12,181.17,8.8,0.0,0
2022-09-22,1.084304e+06,12.89,67.38,43.88,192.0,6.19,0.0,0
2022-09-23,1.0751555e+06,14.39,66.58,100.0,100.25,4.7,0.1,0
2022-09-24,964004.94,14.24,82.79,99.21,100.5,6.66,3.3,0
2022-09-25,920067.5,13.8,73.71,63.21,154.12,12.43,0.1,0
2022-09-26,1.085847e+06,12.46,75.96,97.75,59.5,17.77,6.7,0
2022-09-27,1.12455e+06,11.54,82.0,74.46,67.54,18.01,3.7,0
2022-09-28,1.124816e+06,11.92,79.75,92.12,122.17,10.82,1.8,0
2022-09-29,1.11798e+06,10.9,80.54,66.29,120.67,6.13,0.8,0
2022-09-30,1.1221535e+06,11.59,73.88,41.75,156.25,10.14,0.5,0
2022-10-01,1.01513906e+06,16.18,74.12,65.42,137.5,22.55,6.7,0
2022-10-02,942283.06,15.35,86.29,73.96,65.17,14.42,6.3,0
2022-10-03,1.081346e+06,11.84,87.08,78.83,115.17,6.2,0.0,0
2022-10-04,1.106779e+06,12.41,84.83,67.92,149.38,7.24,0.0,0
2022-10-05,1.099652e+06,15.98,78.29,37.04,145.29,16.24,0.1,0
2022-10-06,1.0917905e+06,13.85,73.33,34.62,151.5,7.54,0.0,0
2022-10-07,1.086256e+06,12.02,75.88,10.71,151.75,5.8,0.0,0
2022-10-08,977100.94,12.48,76.46,18.08,145.33,9.29,0.0,0
2022-10-09,943528.94,10.77,79.42,2.71,157.25,9.28,0.0,0
2022-10-10,1.0763555e+06,13.82,84.38,91.12,97.21,9.71,25.1,0
2022-10-11,1.0975365e+06,12.39,74.12,63.83,144.0,11.29,0.0,0
2022-10-12,1.110536e+06,11.57,82.42,56.04,123.71,5.14,0.0,0
2022-10-13,1.1143005e+06,13.68,86.04,96.58,33.71,10.89,6.5,0
2022-10-14,1.0980965e+06,15.06,93.25,100.0,24.88,10.76,5.6,0
2022-10-15,976520.0,16.22,82.46,99.54,76.5,15.73,2.4,0
2022-10-16,929829.5,16.42,85.5,93.71,74.67,8.91,0.4,0
2022-10-17,1.0542475e+06,17.15,89.08,97.88,20.42,10.61,15.5,0
2022-10-18,1.066633e+06,16.9,90.58,94.88,86.67,7.13,1.3,0
2022-10-19,1.0707495e+06,17.27,85.79,78.04,116.96,13.71,0.0,0
2022-10-20,1.070926e+06,17.42,83.17,68.0,101.88,13.77,5.2,0
2022-10-21,1.0617955e+06,16.71,81.88,81.29,102.29,16.01,4.7,0
2022-10-22,955677.5,16.12,79.58,65.12,107.79,11.68,0.0,0
2022-10-23,909211.06,17.57,74.12,94.67,78.83,17.33,0.8,0
2022-10-24,1.054179e+06,16.44,70.79,44.12,94.08,23.07,0.5,0
2022-10-25,1.0739505e+06,14.96,83.88,69.38,85.75,12.34,0.1,0
2022-10-26,1.0687275e+06,17.13,80.17,74.54,104.25,13.67,4.0,0
2022-10-27,1.0639385e+06,16.98,80.33,91.96,75.58,11.92,0.8,0
2022-10-28,1.051009e+06,18.51,74.04,95.04,93.5,11.88,0.0,0
2022-10-29,937187.5,18.43,75.5,98.33,91.58,10.35,0.2,0
2022-10-30,897524.0,14.42,84.75,99.33,65.71,8.05,0.2,0
2022-10-31,977906.5,14.9,86.0,82.88,93.04,12.3,5.6,0
2022-11-01,947196.94,14.3,72.67,42.46,87.62,23.39,1.0,1
2022-11-02,1.083584e+06,12.46,77.12,47.62,91.75,15.63,0.0,0
2022-11-03,1.1361015e+06,12.04,82.62,88.62,27.75,18.43,3.3,0
2022-11-04,1.1662865e+06,9.69,83.5,69.17,63.29,15.55,3.4,0
2022-11-05,1.098368e+06,8.46,85.04,81.12,33.21,10.9,0.1,0
2022-11-06,1.072202e+06,10.42,83.12,83.88,15.12,18.72,8.4,0
2022-11-07,1.183696e+06,13.12,82.33,79.92,62.12,21.42,0.1,0
2022-11-08,1.197784e+06,13.34,76.75,96.62,38.67,20.54,2.4,0
2022-11-09,1.195343e+06,12.47,83.33,65.46,72.12,15.75,0.7,0
2022-11-10,1.2115895e+06,9.39,89.21,46.67,73.62,10.02,0.0,0
2022-11-11,1.0932015e+06,8.38,92.38,73.58,70.5,8.91,0.0,1
2022-11-12,1.0754465e+06,9.68,94.5,45.62,82.75,8.04,0.0,0
2022-11-13,1.0545395e+06,8.9,95.5,66.12,78.33,7.28,0.0,0
2022-11-14,1.224726e+06,9.56,92.79,88.54,47.08,8.77,0.1,0
2022-11-15,1.2463795e+06,10.88,89.67,97.12,14.42,17.2,6.9,0
2022-11-16,1.251224e+06,10.78,86.67,77.08,47.62,21.53,6.4,0
2022-11-17,1.2456615e+06,11.73,75.83,66.67,63.08,24.67,1.3,0
2022-11-18,1.267701e+06,8.61,85.71,41.96,52.29,15.01,0.2,0
2022-11-19,1.204471e+06,6.77,87.71,16.33,69.58,10.47,0.4,0
2022-11-20,1.1858235e+06,6.66,85.67,69.25,14.88,15.59,2.5,0
2022-11-21,1.3707425e+06,7.2,91.04,87.04,17.88,17.22,4.9,0
2022-11-22,1.4065215e+06,7.54,79.5,54.12,48.33,22.67,2.9,0
2022-11-23,1.3959655e+06,7.87,84.58,33.71,29.54,17.63,3.8,0
2022-11-24,1.375399e+06,9.9,80.5,54.83,63.58,19.53,0.1,0
2022-11-25,1.3469075e+06,8.98,87.79,39.17,57.21,13.12,6.1,0
2022-11-26,1.276756e+06,5.93,94.17,89.75,36.83,12.02,0.0,0
2022-11-27,1.2422215e+06,7.58,86.54,100.0,10.96,14.95,8.3,0
2022-11-28,1.367875e+06,8.4,91.0,88.46,44.25,10.09,4.7,0
2022-11-29,1.441655e+06,5.96,95.42,84.92,32.96,5.05,0.7,0
2022-11-30,1.4751685e+06,6.31,90.46,98.46,24.17,8.99,0.0,0
2022-12-01,1.5170515e+06,5.2,87.54,88.38,29.67,13.66,0.0,0
2022-12-02,1.5444515e+06,4.55,84.62,98.21,13.46,13.72,1.7,0
2022-12-03,1.4525745e+06,3.37,84.21,100.0,25.75,17.36,0.1,0
2022-12-04,1.4213835e+06,2.63,83.62,98.88,15.5,12.23,0.8,0
2022-12-05,1.591607e+06,2.28,89.08,99.96,14.62,6.38,2.5,0
2022-12-06,1.6215741e+06,3.09,91.54,78.08,17.42,4.74,0.0,0
2022-12-07,1.6249805e+06,1.58,95.17,95.42,27.79,5.23,0.0,0
2022-12-08,1.6602395e+06,2.2,92.5,92.92,30.62,3.48,0.1,0
2022-12-09,1.6500179e+06,1.35,91.62,91.88,40.08,8.22,0.0,0
2022-12-10,1.5793645e+06,1.0,89.92,81.0,26.29,7.2,0.0,0
2022-12-11,1.6184365e+06,-2.12,88.79,27.0,50.54,8.54,0.0,0
2022-12-12,1.819207e+06,-2.33,86.04,59.33,48.83,8.85,0.7,0
2022-12-13,1.817728e+06,-1.91,68.71,97.29,48.38,9.87,0.0,0
2022-12-14,1.7174485e+06,-1.0,79.58,99.83,19.46,7.55,4.1,0
2022-12-15,1.71324e+06,-1.92,76.46,69.79,49.83,10.86,0.0,0
2022-12-16,1.7154255e+06,-1.83,88.58,4.17,59.79,9.13,0.0,0
2022-12-17,1.6899285e+06,-2.73,90.67,64.92,31.38,7.16,0.0,0
2022-12-18,1.628116e+06,-1.48,83.75,91.79,18.04,12.42,4.5,0
2022-12-19,1.532957e+06,7.58,84.04,99.71,16.17,20.21,5.5,0
2022-12-20,1.4270275e+06,11.18,84.29,99.5,8.08,18.68,24.4,0
2022-12-21,1.3655625e+06,10.02,93.67,92.5,17.62,16.04,14.5,0
2022-12-22,1.3261775e+06,12.26,86.58,95.75,19.5,25.03,12.0,0
2022-12-23,1.228786e+06,12.87,88.58,98.33,18.38,20.3,6.8,0
2022-12-24,1.123937e+06,10.7,89.71,99.58,20.92,13.38,1.3,0
2022-12-25,1.063115e+06,11.15,91.62,93.17,20.17,14.39,5.5,1
2022-12-26,1.176222e+06,9.49,87.42,70.75,34.62,16.33,1.8,0
2022-12-27,1.284726e+06,5.6,89.5,65.67,54.29,12.48,0.0,0
2022-12-28,1.292544e+06,9.99,84.92,99.58,24.88,24.96,2.6,0
2022-12-29,1.2549785e+06,9.94,82.25,68.25,48.5,22.76,1.1,0
2022-12-30,1.2558415e+06,9.69,90.08,84.08,12.17,24.49,8.4,0
2022-12-31,1.109381e+06,15.23,70.96,95.67,37.12,29.07,0.0,0
2023-01-01,1.034512e+06,13.37,71.62,99.71,6.17,19.18,3.8,1
2023-01-02,1.19347e+06,10.53,86.71,64.29,36.67,14.3,7.2,0
2023-01-03,1.343388e+06,7.5,90.67,52.92,44.42,15.49,1.2,0
2023-01-04,1.3665075e+06,11.65,88.46,100.0,9.29,25.69,3.1,0
2023-01-05,1.329729e+06,12.53,85.75,100.0,22.17,16.65,0.6,0
2023-01-06,1.325671e+06,11.14,84.21,90.5,22.83,16.78,0.0,0
2023-01-07,1.221352e+06,9.01,83.92,90.46,31.75,20.12,2.5,0
2023-01-08,1.1934005e+06,9.24,86.04,78.58,48.17,20.97,6.6,0
2023-01-09,1.413839e+06,6.95,77.17,59.67,40.88,24.04,0.1,0
2023-01-10,1.467565e+06,6.85,86.88,92.25,10.67,19.45,2.8,0
2023-01-11,1.413796e+06,10.73,82.21,82.71,55.08,22.16,7.9,0
2023-01-12,1.4167115e+06,10.9,76.88,99.42,20.96,28.11,0.7,0
2023-01-13,1.393903e+06,9.27,79.71,67.21,55.33,22.58,1.9,0
2023-01-14,1.283398e+06,10.43,87.17,100.0,10.96,25.19,8.5,0
2023-01-15,1.2792275e+06,7.05,76.62,82.54,59.83,25.13,3.1,0
2023-01-16,1.5212685e+06,5.09,85.25,75.12,23.71,27.12,8.4,0
2023-01-17,1.617855e+06,1.5,92.29,95.62,31.29,9.05,3.8,0
2023-01-18,1.6860475e+06,0.96,83.12,61.0,69.62,11.09,0.2,0
2023-01-19,1.7090325e+06,0.42,90.83,57.21,51.67,6.88,4.5,0
2023-01-20,1.7266979e+06,1.2,87.38,28.83,63.88,11.37,0.2,0
2023-01-21,1.6257379e+06,1.01,83.46,42.62,66.33,16.35,0.1,0
2023-01-22,1.660768e+06,0.38,78.75,99.67,28.38,15.66,0.0,0
2023-01-23,1.809407e+06,1.59,80.29,85.38,33.42,15.28,0.0,0
2023-01-24,1.7918485e+06,1.11,85.92,66.58,30.92,13.52,0.0,0
2023-01-25,1.8054695e+06,1.36,83.96,100.0,32.38,9.77,0.0,0
2023-01-26,1.7821025e+06,2.03,88.21,90.38,10.88,8.28,0.4,0
2023-01-27,1.7289095e+06,3.92,85.58,99.08,27.04,16.74,0.5,0
2023-01-28,1.616629e+06,2.27,78.46,79.38,40.42,14.35,0.0,0
2023-01-29,1.5797605e+06,1.4,80.67,81.25,56.92,6.91,0.0,0
2023-01-30,1.6928125e+06,5.21,85.08,86.46,22.42,14.44,0.0,0
2023-01-31,1.6167065e+06,3.49,88.12,59.5,36.25,11.49,0.0,0
2023-02-01,1.585771e+06,7.57,75.71,95.38,49.04,17.65,0.0,0
2023-02-02,1.5731139e+06,7.26,79.83,84.42,38.12,15.45,0.0,0
2023-02-03,1.539757e+06,8.32,79.58,97.79,34.5,15.39,0.0,0
2023-02-04,1.3863255e+06,8.83,86.38,93.29,50.5,10.36,0.0,0
2023-02-05,1.338597e+06,6.66,78.79,70.04,54.88,14.35,0.1,0
2023-02-06,1.5536485e+06,3.1,82.96,4.92,101.04,12.18,0.0,0
2023-02-07,1.615596e+06,1.63,80.83,7.38,105.67,11.19,0.0,0
2023-02-08,1.674949e+06,-0.53,77.08,12.88,107.33,9.04,0.0,0
2023-02-09,1.7131295e+06,-0.07,76.62,42.21,104.88,5.05,0.0,0
2023-02-10,1.6481325e+06,4.65,85.21,89.29,48.5,7.01,0.0,0
2023-02-11,1.498471e+06,4.43,92.88,89.42,50.88,4.08,0.0,0
2023-02-12,1.407724e+06,7.13,86.83,95.29,45.33,8.73,0.0,0
2023-02-13,1.5485741e+06,3.93,90.08,17.29,114.42,8.48,0.0,0
2023-02-14,1.5344225e+06,3.55,90.88,47.5,91.08,6.08,0.0,0
2023-02-15,1.5027935e+06,4.52,85.38,58.0,93.83,8.0,0.0,0
2023-02-16,1.453409e+06,7.02,84.08,79.0,38.25,11.88,1.4,0
2023-02-17,1.3817445e+06,12.08,86.04,99.12,42.75,16.31,0.2,0
2023-02-18,1.2442695e+06,10.84,76.46,99.46,46.33,16.35,0.0,0
2023-02-19,1.189421e+06,9.65,79.67,98.79,49.67,14.58,0.1,0
2023-02-20,1.3726215e+06,5.41,90.75,48.83,103.92,8.08,0.0,0
2023-02-21,1.3981939e+06,5.86,89.58,89.04,104.92,5.37,0.0,0
2023-02-22,1.3996975e+06,8.15,91.83,99.42,39.88,9.21,2.3,0
2023-02-23,1.4317395e+06,7.44,87.92,92.5,64.83,9.12,0.1,0
2023-02-24,1.410301e+06,6.65,81.79,62.75,90.0,12.32,0.0,0
2023-02-25,1.3581785e+06,5.21,74.75,55.67,101.92,14.35,0.1,0
2023-02-26,1.4219619e+06,2.07,58.04,9.33,140.62,22.08,0.0,0
2023-02-27,1.6628745e+06,1.99,56.38,0.25,152.33,21.9,0.0,0
2023-02-28,1.7018645e+06,1.4,63.12,36.04,123.46,14.64,0.0,0
2023-03-01,1.6759379e+06,1.64,65.38,25.75,143.33,14.0,0.0,0
2023-03-02,1.6397235e+06,2.53,74.54,13.25,152.46,9.49,0.0,0
2023-03-03,1.5867505e+06,3.26,79.92,11.38,156.25,11.22,0.0,0
2023-03-04,1.459e+06,2.78,80.0,55.0,91.21,9.65,0.0,0
2023-03-05,1.391201e+06,4.92,80.46,92.83,63.0,5.48,0.3,0
2023-03-06,1.543908e+06,4.65,76.33,99.0,80.33,12.36,1.4,0
2023-03-07,1.521611e+06,5.95,69.58,99.79,61.12,16.67,0.2,0
2023-03-08,1.4477315e+06,9.88,85.17,99.92,76.0,23.66,20.7,0
2023-03-09,1.355511e+06,11.3,80.88,91.04,110.79,24.95,7.6,0
2023-03-10,1.384513e+06,7.95,78.04,90.0,46.33,27.66,2.2,0
2023-03-11,1.276855e+06,4.6,80.92,98.62,59.04,9.02,4.7,0
2023-03-12,1.1528735e+06,10.59,80.21,95.54,92.75,17.68,4.7,0
2023-03-13,1.2306905e+06,13.2,80.83,87.58,89.42,26.73,2.2,0
2023-03-14,1.3084265e+06,8.45,76.12,64.92,142.79,23.97,5.5,0
2023-03-15,1.343119e+06,6.17,74.21,83.58,110.33,8.76,0.2,0
2023-03-16,1.3014145e+06,9.71,64.83,100.0,149.25,14.13,0.0,0
2023-03-17,1.245523e+06,11.14,77.62,99.71,86.75,12.3,7.1,0
2023-03-18,1.123224e+06,11.28,83.75,63.67,141.46,15.8,6.0,0
2023-03-19,1.095525e+06,8.94,83.5,56.42,97.21,11.84,2.8,0
2023-03-20,1.25465e+06,7.72,78.12,88.83,77.96,8.4,0.0,0
2023-03-21,1.245456e+06,11.05,79.79,76.0,127.83,12.84,3.4,0
2023-03-22,1.2436905e+06,10.7,83.58,95.62,59.83,19.93,10.8,0
2023-03-23,1.192165e+06,13.13,74.75,100.0,101.96,25.28,1.7,0
2023-03-24,1.1902735e+06,12.46,73.71,55.17,181.12,25.79,3.5,0
2023-03-25,1.116855e+06,10.54,68.92,72.96,151.88,25.21,0.5,0
2023-03-26,1.10159e+06,9.42,76.0,89.67,129.92,21.96,4.5,0
2023-03-27,1.2786385e+06,6.77,64.46,51.33,161.54,13.25,0.0,0
2023-03-28,1.3214935e+06,6.94,65.71,99.79,95.08,13.33,0.9,0
2023-03-29,1.2258945e+06,13.8,67.17,99.46,169.83,13.93,0.7,0
2023-03-30,1.1700315e+06,13.93,72.17,72.46,177.79,22.18,5.4,0
2023-03-31,1.1926995e+06,11.88,74.25,92.12,150.67,30.83,7.6,0
2023-04-01,1.1322835e+06,10.44,78.29,89.5,145.33,24.95,2.9,0
2023-04-02,1.135079e+06,8.43,81.0,100.0,61.0,19.3,0.5,0
2023-04-03,1.2983235e+06,7.51,66.38,53.29,221.46,14.61,0.0,0
2023-04-04,1.340493e+06,5.45,63.71,16.83,244.29,10.65,0.0,0
2023-04-05,1.3399975e+06,6.59,70.29,21.17,246.25,5.06,0.0,0
2023-04-06,1.2819795e+06,9.82,73.67,73.38,128.25,11.89,1.4,0
2023-04-07,1.2473415e+06,8.93,76.54,16.79,216.04,9.95,0.5,0
2023-04-08,1.131834e+06,8.17,78.0,22.62,211.79,8.91,0.0,0
2023-04-09,1.03641906e+06,9.88,74.25,71.38,214.88,7.87,0.0,0
2023-04-10,1.03754094e+06,11.43,77.67,100.0,84.88,15.02,5.2,1
2023-04-11,1.1887585e+06,10.24,77.42,99.5,122.29,18.25,5.9,0
2023-04-12,1.2397565e+06,10.37,72.88,66.21,211.25,23.98,9.7,0
2023-04-13,1.2705145e+06,7.89,74.62,78.0,195.92,17.6,4.2,0
2023-04-14,1.2899575e+06,6.59,89.42,98.75,67.25,13.43,6.7,0
2023-04-15,1.16749e+06,8.98,85.25,78.83,100.46,15.41,9.2,0
2023-04-16,1.104936e+06,8.6,72.29,74.08,226.96,11.78,0.0,0
2023-04-17,1.2199215e+06,8.17,80.58,70.17,143.88,12.97,0.1,0
2023-04-18,1.210077e+06,10.65,74.75,26.46,230.62,15.52,1.2,0
2023-04-19,1.1735205e+06,12.34,73.54,33.71,251.42,14.16,0.0,0
2023-04-20,1.1749835e+06,9.21,59.79,62.21,216.62,15.63,0.0,0
2023-04-21,1.1848675e+06,7.46,75.75,42.17,237.38,4.56,0.0,0
2023-04-22,1.066457e+06,10.66,77.58,82.96,118.29,10.9,8.0,0
2023-04-23,1.02738706e+06,11.14,81.5,71.33,133.21,19.39,6.1,0
2023-04-24,1.166871e+06,10.12,76.38,59.71,193.0,15.93,3.5,0
2023-04-25,1.202255e+06,8.44,78.0,78.79,153.38,10.37,0.8,0
2023-04-26,1.1971605e+06,8.2,74.88,99.96,79.5,7.15,0.4,0
2023-04-27,1.1439985e+06,12.73,76.71,88.38,180.25,8.84,1.7,0
2023-04-28,1.092622e+06,16.28,81.25,99.75,190.83,14.08,7.7,0
2023-04-29,988951.06,12.11,81.71,86.92,156.04,9.01,0.4,0
2023-04-30,939761.5,12.62,72.12,99.04,193.25,8.02,0.0,0
2023-05-01,930807.06,12.23,80.33,49.25,205.79,12.38,2.1,1
2023-05-02,1.081205e+06,12.28,79.54,25.21,241.54,8.68,0.4,0
2023-05-03,1.089264e+06,13.01,71.38,31.21,300.88,13.18,0.0,0
2023-05-04,1.0716455e+06,16.35,69.58,49.62,239.29,13.48,0.3,0
2023-05-05,1.0580225e+06,14.89,80.54,70.0,200.12,10.61,5.8,0
2023-05-06,949700.94,15.24,84.21,97.79,149.79,6.65,6.9,0
2023-05-07,899708.94,15.17,89.67,86.46,141.75,7.16,14.3,0
2023-05-08,923260.94,14.26,83.62,88.79,152.71,7.53,0.1,1
2023-05-09,1.061354e+06,14.05,88.0,95.21,75.46,12.06,16.9,0
2023-05-10,1.0954315e+06,12.28,82.54,74.38,171.04,14.52,3.4,0
2023-05-11,1.101399e+06,12.02,82.58,59.5,232.04,7.7,5.0,0
2023-05-12,1.101657e+06,11.64,84.54,81.04,171.29,11.65,1.5,0
2023-05-13,989958.5,14.61,81.38,34.88,287.38,12.26,4.5,0
2023-05-14,944544.0,13.52,79.5,52.67,284.38,11.2,0.1,0
2023-05-15,1.07652e+06,11.37,87.83,92.17,134.58,12.87,4.2,0
2023-05-16,1.1106765e+06,10.67,71.25,31.79,257.46,16.48,0.0,0
2023-05-17,1.1027955e+06,11.4,73.0,21.25,254.33,13.69,0.1,0
2023-05-18,979905.5,11.86,66.79,68.08,269.5,13.56,0.0,1
2023-05-19,996496.0,13.4,64.67,23.71,290.79,13.27,0.0,0
2023-05-20,943255.5,15.76,63.83,80.92,236.25,16.55,0.0,0
2023-05-21,905013.5,16.67,71.21,77.62,271.54,15.1,0.0,0
2023-05-22,1.0295675e+06,16.08,74.71,75.71,241.38,12.51,0.0,0
2023-05-23,1.049954e+06,14.8,72.83,76.04,227.54,17.8,0.0,0
2023-05-24,1.0552225e+06,13.15,63.5,67.54,302.17,15.54,0.0,0
2023-05-25,1.0536905e+06,15.2,66.46,19.08,329.08,16.67,0.0,0
2023-05-26,1.03820306e+06,15.72,68.92,2.17,329.62,14.87,0.0,0
2023-05-27,927889.5,17.41,63.04,29.92,312.21,12.47,0.0,0
2023-05-28,869383.06,19.03,60.42,13.79,328.25,14.19,0.0,0
2023-05-29,905472.5,18.09,62.96,13.17,331.08,20.42,0.0,1
2023-05-30,1.0243635e+06,16.62,54.0,49.88,327.75,19.38,0.0,0
2023-05-31,1.0458435e+06,18.91,59.12,26.83,329.46,18.32,0.0,0
2023-06-01,1.053339e+06,20.07,59.58,7.79,331.54,16.61,0.0,0
2023-06-02,1.0402935e+06,15.21,63.71,0.79,339.21,17.01,0.0,0
2023-06-03,931372.0,17.67,57.67,0.0,338.46,13.91,0.0,0
2023-06-04,878964.5,19.62,45.42,0.0,341.75,15.65,0.0,0
2023-06-05,1.01825694e+06,19.78,50.42,9.67,334.08,14.95,0.0,0
2023-06-06,1.0371735e+06,19.21,58.08,30.83,302.38,13.81,0.1,0
2023-06-07,1.0471e+06,21.1,55.88,16.25,310.29,14.49,0.1,0
2023-06-08,1.0564315e+06,21.19,58.12,5.12,318.54,11.56,0.0,0
2023-06-09,1.0491355e+06,23.3,53.0,59.25,292.46,12.43,0.0,0
2023-06-10,944556.0,22.95,65.29,46.75,265.0,8.2,1.0,0
2023-06-11,899783.06,21.28,81.62,91.0,197.67,6.3,24.2,0
2023-06-12,1.0356375e+06,21.02,76.83,74.58,277.54,9.14,0.9,0
2023-06-13,1.0556645e+06,22.31,61.42,13.38,331.25,10.64,0.0,0
2023-06-14,1.062455e+06,21.97,51.42,7.58,342.17,8.16,0.0,0
2023-06-15,1.066454e+06,21.83,52.46,46.58,316.92,7.87,0.0,0
2023-06-16,1.060226e+06,22.24,50.08,12.88,334.67,6.76,0.0,0
2023-06-17,956678.5,23.64,51.83,88.79,249.38,8.66,0.1,0
2023-06-18,900791.5,23.32,70.83,95.92,219.29,11.2,5.6,0
2023-06-19,1.03677506e+06,20.2,79.0,94.38,189.29,7.0,1.0,0
2023-06-20,1.0642745e+06,21.54,79.83,90.75,219.83,13.82,1.4,0
2023-06-21,1.0716345e+06,21.54,75.12,67.21,281.04,5.85,2.6,0
2023-06-22,1.0683935e+06,19.83,78.33,87.17,149.21,14.69,17.5,0
2023-06-23,1.0545775e+06,20.3,71.71,34.62,320.29,7.05,0.1,0
2023-06-24,955514.5,21.82,65.17,2.5,334.75,6.71,0.0,0
2023-06-25,917623.06,24.32,60.58,0.67,337.67,9.93,0.0,0
2023-06-26,1.054753e+06,19.74,58.79,62.83,276.29,15.67,0.0,0
2023-06-27,1.0659005e+06,19.25,58.46,78.0,259.92,9.55,0.0,0
2023-06-28,1.0735115e+06,20.51,63.67,84.38,195.75,5.72,0.9,0
2023-06-29,1.0832975e+06,21.4,71.0,85.42,238.04,9.92,1.6,0
2023-06-30,1.04429106e+06,19.72,59.46,70.0,264.46,14.42,0.3,0
2023-07-01,943390.5,19.61,69.08,91.38,152.88,19.88,2.8,0
2023-07-02,897436.0,18.95,57.42,51.88,255.33,16.42,0.0,0
2023-07-03,1.041926e+06,19.38,55.88,51.17,242.67,14.55,0.3,0
2023-07-04,1.0758865e+06,17.83,71.46,59.38,190.21,11.85,6.3,0
2023-07-05,1.0815935e+06,17.0,66.42,31.0,253.0,20.34,0.7,0
2023-07-06,1.087182e+06,18.91,61.12,43.62,260.33,5.98,0.1,0
2023-07-07,1.0953385e+06,22.59,54.42,32.54,289.42,11.05,0.0,0
2023-07-08,1.00275694e+06,26.13,53.33,29.12,301.54,9.88,0.5,0
2023-07-09,947843.06,23.36,70.17,60.71,222.17,9.15,4.4,0
2023-07-10,1.103097e+06,23.02,59.79,11.75,330.62,8.78,0.0,0
2023-07-11,1.142757e+06,24.5,53.67,28.12,301.67,11.64,0.2,0
2023-07-12,1.114213e+06,20.98,59.17,74.04,269.75,14.57,4.4,0
2023-07-13,1.092076e+06,20.15,55.21,56.83,209.58,12.14,0.3,0
2023-07-14,970003.06,22.78,52.25,51.71,296.62,15.11,0.0,1
2023-07-15,961048.94,22.89,55.75,50.54,174.42,21.19,6.4,0
2023-07-16,920704.94,20.35,51.21,39.33,254.67,21.71,0.0,0
2023-07-17,1.07245e+06,19.67,56.58,50.62,252.54,11.85,0.0,0
2023-07-18,1.118843e+06,21.51,53.92,34.33,300.75,6.76,0.0,0
2023-07-19,1.1180375e+06,20.64,55.38,51.54,226.58,16.07,0.0,0
2023-07-20,1.1075135e+06,19.91,60.88,75.46,219.88,7.6,0.1,0
2023-07-21,1.0824905e+06,19.32,57.33,67.67,242.17,12.3,2.4,0
2023-07-22,967351.5,19.62,51.42,70.92,222.54,14.22,0.0,0
2023-07-23,927142.0,19.8,68.12,97.54,120.42,20.53,6.9,0
2023-07-24,1.0483295e+06,19.31,76.0,66.38,234.46,16.05,15.7,0
2023-07-25,1.048898e+06,16.98,73.71,77.33,190.58,11.31,17.8,0
2023-07-26,1.0433665e+06,17.55,66.42,60.67,252.71,10.15,0.1,0
2023-07-27,1.0552115e+06,19.28,79.29,99.08,110.79,17.5,10.0,0
2023-07-28,1.0414755e+06,20.03,86.29,95.04,134.79,11.08,9.1,0
2023-07-29,940468.0,19.72,81.58,78.88,182.83,11.85,4.2,0
2023-07-30,886913.5,18.75,68.38,76.04,195.38,16.12,0.4,0
2023-07-31,986984.0,19.17,75.0,99.0,115.54,21.21,11.6,0
2023-08-01,1.004518e+06,18.68,75.83,73.08,213.58,22.33,1.8,0
2023-08-02,1.0206785e+06,19.55,75.67,85.42,188.46,30.8,24.6,0
2023-08-03,998934.5,17.17,79.71,90.54,126.08,20.35,9.1,0
2023-08-04,965391.06,17.22,80.21,67.96,230.58,11.31,2.7,0
2023-08-05,895396.94,15.86,80.46,90.25,133.33,18.13,4.8,0
2023-08-06,860735.06,16.03,69.04,56.88,226.38,23.28,1.8,0
2023-08-07,939770.5,16.56,73.58,45.17,251.67,10.92,0.5,0
2023-08-08,958468.0,18.32,70.29,97.21,172.5,10.0,0.5,0
2023-08-09,965070.0,19.4,74.38,81.08,148.46,9.26,0.2,0
2023-08-10,978624.5,19.98,75.08,30.96,233.5,7.43,0.0,0
2023-08-11,988458.0,21.3,79.29,53.25,209.92,8.62,3.6,0
2023-08-12,918392.0,21.31,77.92,83.29,203.71,10.65,9.0,0
2023-08-13,870737.5,19.42,70.79,83.46,202.92,9.71,0.0,0
2023-08-14,934314.0,20.42,74.0,66.12,209.67,10.25,0.0,0
2023-08-15,899976.5,20.26,77.38,63.54,218.54,8.38,0.8,1
2023-08-16,974798.0,20.68,71.29,73.88,236.92,9.23,0.1,0
2023-08-17,1.0044925e+06,22.0,76.04,46.46,259.29,9.39,0.7,0
2023-08-18,1.020134e+06,23.68,81.04,83.42,193.54,8.24,0.5,0
2023-08-19,961974.5,23.77,74.04,54.29,162.33,10.43,6.9,0
2023-08-20,924935.5,22.89,74.58,23.25,242.54,6.98,0.3,0
2023-08-21,1.0633585e+06,21.69,67.04,15.46,260.92,7.2,0.0,0
2023-08-22,1.110451e+06,22.86,65.96,6.88,249.75,5.95,0.0,0
2023-08-23,1.1295165e+06,24.12,65.12,39.42,244.25,7.45,0.0,0
2023-08-24,1.130251e+06,22.67,83.38,62.25,89.08,10.96,14.0,0
2023-08-25,1.0785355e+06,20.22,80.33,84.29,103.21,11.23,26.7,0
2023-08-26,950433.5,17.49,68.42,53.0,187.83,12.07,0.5,0
2023-08-27,883320.94,16.2,75.75,22.04,218.67,12.22,0.6,0
2023-08-28,1.00640706e+06,16.41,76.58,60.67,161.71,9.13,2.3,0
2023-08-29,1.034004e+06,15.85,77.96,27.96,197.96,8.21,1.0,0
2023-08-30,1.04149694e+06,16.31,69.21,63.21,171.54,12.45,1.3,0
2023-08-31,1.052982e+06,15.55,82.12,96.29,59.83,10.97,7.3,0
2023-09-01,1.05151e+06,19.02,84.54,97.12,149.38,12.71,3.2,0
2023-09-02,953065.5,21.0,79.25,39.88,213.42,8.68,0.8,0
2023-09-03,915526.0,22.99,73.04,75.88,225.67,10.43,0.0,0
2023-09-04,1.064065e+06,22.63,69.42,80.25,234.71,11.95,0.0,0
2023-09-05,1.1036195e+06,24.48,61.96,14.92,231.5,7.68,0.0,0
2023-09-06,1.109354e+06,24.13,69.88,15.83,229.12,6.8,0.0,0
2023-09-07,1.1124745e+06,22.81,67.71,0.0,231.12,6.61,0.0,0
2023-09-08,1.0981795e+06,25.51,59.12,11.0,217.12,7.11,0.0,0
2023-09-09,990938.5,25.95,58.04,4.62,217.83,8.27,0.0,0
2023-09-10,939985.5,26.27,51.42,27.46,216.71,9.35,0.0,0
2023-09-11,1.075564e+06,22.5,74.04,73.38,152.54,8.39,0.9,0
2023-09-12,1.0796855e+06,18.72,93.25,96.25,62.38,5.62,27.4,0
2023-09-13,1.072198e+06,18.74,83.92,43.96,164.17,5.44,0.8,0
2023-09-14,1.072404e+06,18.61,79.21,44.04,179.96,4.11,0.1,0
2023-09-15,1.062034e+06,19.24,72.33,9.92,196.5,7.76,0.0,0
2023-09-16,962332.94,19.27,78.96,88.38,153.71,6.55,0.0,0
2023-09-17,923974.0,20.21,86.08,88.67,126.58,8.41,3.2,0
2023-09-18,1.051517e+06,18.96,82.0,72.04,159.46,14.59,9.2,0
2023-09-19,1.060965e+06,17.01,72.54,96.17,122.04,15.63,0.8,0
2023-09-20,1.067529e+06,19.91,71.46,82.21,146.46,20.43,0.1,0
2023-09-21,1.0641955e+06,17.22,81.17,87.25,44.96,17.63,19.0,0
2023-09-22,1.0438465e+06,13.2,80.21,52.21,116.25,15.38,8.1,0
2023-09-23,934711.06,13.45,78.42,24.58,160.58,9.93,0.3,0
2023-09-24,897848.94,13.46,75.75,8.62,188.38,10.02,0.0,0
2023-09-25,1.03205506e+06,15.83,76.92,41.5,166.79,6.62,0.0,0
2023-09-26,1.050051e+06,17.49,77.25,75.08,130.46,7.09,0.0,0
2023-09-27,1.0584875e+06,18.62,78.33,93.38,127.75,8.9,0.0,0
2023-09-28,1.061624e+06,18.75,75.29,67.0,162.67,9.25,0.0,0
2023-09-29,1.0524135e+06,18.73,72.5,59.67,116.75,16.37,0.1,0
2023-09-30,943064.5,14.98,83.0,47.54,144.21,5.46,0.0,0
2023-10-01,906120.94,17.72,79.46,41.79,168.17,8.13,0.0,0
2023-10-02,1.0395965e+06,19.21,76.12,70.79,161.83,9.61,0.0,0
2023-10-03,1.0635635e+06,18.05,73.04,56.21,116.83,15.73,7.2,0
2023-10-04,1.0599915e+06,13.54,78.5,60.83,132.12,7.05,0.0,0
2023-10-05,1.065687e+06,13.5,79.83,94.67,143.12,5.17,0.0,0
2023-10-06,1.0617565e+06,14.15,76.08,68.83,160.04,6.65,0.0,0
2023-10-07,952513.5,15.76,76.83,0.04,155.38,7.11,0.0,0
2023-10-08,903918.5,17.56,72.12,16.62,155.0,5.95,0.0,0
2023-10-09,1.034968e+06,16.67,68.54,33.92,142.92,5.67,0.0,0
2023-10-10,1.061174e+06,18.04,64.75,47.38,148.17,7.77,0.0,0
2023-10-11,1.066438e+06,17.85,63.25,49.46,142.96,11.87,0.0,0
2023-10-12,1.0638e+06,18.82,73.46,93.04,76.29,11.85,2.4,0
2023-10-13,1.0546885e+06,20.66,69.33,75.83,99.25,19.52,0.0,0
2023-10-14,946871.06,13.88,74.04,67.21,87.88,17.0,1.6,0
2023-10-15,921478.5,10.09,70.75,54.67,138.67,9.06,0.0,0
2023-10-16,1.092794e+06,8.22,70.08,83.0,120.38,14.1,0.0,0
2023-10-17,1.137394e+06,10.51,69.38,99.25,98.5,11.39,0.0,0
2023-10-18,1.142225e+06,15.18,84.92,93.04,32.5,19.09,7.8,0
2023-10-19,1.115822e+06,16.92,84.46,85.75,82.79,17.6,3.6,0
2023-10-20,1.0998975e+06,14.93,89.58,90.79,73.29,9.02,6.5,0
2023-10-21,1.0122105e+06,12.97,80.88,76.38,53.5,28.05,6.9,0
2023-10-22,967224.94,12.86,80.83,56.58,106.71,15.92,3.0,0
2023-10-23,1.1323085e+06,10.06,90.67,95.12,24.67,9.64,4.5,0
2023-10-24,1.143619e+06,12.51,83.12,73.42,98.12,11.07,1.9,0
2023-10-25,1.159357e+06,12.8,86.54,95.21,45.92,16.34,14.7,0
2023-10-26,1.1602685e+06,13.06,88.5,98.33,61.62,13.01,14.8,0
2023-10-27,1.158341e+06,12.14,86.33,74.54,74.5,17.23,5.4,0
2023-10-28,1.065113e+06,12.36,85.67,86.17,51.21,23.98,5.0,0
2023-10-29,1.0101065e+06,13.56,78.54,71.62,63.29,24.35,3.8,0
2023-10-30,1.1507625e+06,11.68,90.42,84.12,20.5,11.1,9.1,0
2023-10-31,1.167268e+06,11.2,84.92,69.25,64.58,14.58,0.5,0
2023-11-01,1.0828705e+06,12.29,83.04,94.04,42.33,21.06,2.2,1
2023-11-02,1.1915505e+06,11.88,69.08,69.75,88.88,37.5,3.3,0
2023-11-03,1.257075e+06,8.27,80.92,65.42,74.42,17.92,0.1,0
2023-11-04,1.1781295e+06,10.32,83.46,82.04,56.46,25.71,10.3,0
2023-11-05,1.109327e+06,11.31,76.17,67.62,68.38,26.75,3.5,0
2023-11-06,1.2705205e+06,9.97,79.79,38.67,74.88,19.76,1.0,0
2023-11-07,1.315451e+06,9.13,82.0,22.88,90.42,16.15,0.6,0
2023-11-08,1.3420345e+06,9.16,86.17,78.83,34.67,20.29,10.9,0
2023-11-09,1.3438445e+06,10.25,84.38,91.5,58.96,20.79,5.3,0
2023-11-10,1.3626145e+06,8.51,80.96,54.21,57.75,23.53,0.6,0
2023-11-11,1.220433e+06,7.28,87.25,49.12,74.17,10.96,0.2,1
2023-11-12,1.1776885e+06,9.15,89.42,98.75,14.58,14.21,10.4,0
2023-11-13,1.2533815e+06,14.25,88.04,87.12,23.08,22.67,9.5,0
2023-11-14,1.2584635e+06,11.65,82.67,75.38,20.29,22.7,2.5,0
2023-11-15,1.2638965e+06,10.29,84.75,52.58,51.96,16.78,0.2,0
2023-11-16,1.322784e+06,8.49,93.38,95.33,19.96,13.94,12.7,0
2023-11-17,1.3117735e+06,7.91,87.12,58.29,68.42,12.43,0.3,0
2023-11-18,1.21007e+06,10.51,91.38,100.0,10.17,16.74,14.6,0
2023-11-19,1.1121145e+06,13.44,82.25,68.88,67.33,21.5,1.7,0
2023-11-20,1.281793e+06,10.86,81.5,72.38,42.96,20.82,4.1,0
2023-11-21,1.3157075e+06,9.69,91.38,71.5,41.12,11.77,0.5,0
2023-11-22,1.3645285e+06,7.14,84.0,87.58,69.46,10.13,0.0,0
2023-11-23,1.4197901e+06,10.25,85.83,99.83,27.29,11.95,0.0,0
2023-11-24,1.3865055e+06,9.23,76.71,79.08,28.12,17.73,0.5,0
2023-11-25,1.361299e+06,4.16,78.42,27.25,50.62,13.17,0.0,0
2023-11-26,1.391731e+06,2.92,84.67,98.88,49.21,8.59,0.0,0
2023-11-27,1.5336545e+06,6.4,86.58,98.75,9.25,18.42,5.9,0
2023-11-28,1.5163855e+06,5.05,84.5,54.58,62.96,12.58,0.2,0
2023-11-29,1.5700535e+06,3.57,89.17,69.75,54.62,8.24,0.0,0
2023-11-30,1.541132e+06,2.73,89.71,68.71,47.29,7.58,1.7,0
2023-12-01,1.53956e+06,2.09,86.75,94.33,37.17,11.92,0.0,0
2023-12-02,1.545916e+06,-0.9,80.54,46.75,64.29,9.02,0.0,0
2023-12-03,1.5586085e+06,0.54,73.08,88.83,33.38,15.44,0.1,0
2023-12-04,1.635225e+06,5.64,75.96,97.42,21.29,22.28,8.1,0
2023-12-05,1.5813845e+06,6.97,89.08,94.33,15.46,20.75,10.0,0
2023-12-06,1.604441e+06,4.8,90.83,71.58,53.71,7.13,0.1,0
2023-12-07,1.6564179e+06,4.09,89.38,99.79,23.5,14.3,4.6,0
2023-12-08,1.5220995e+06,6.69,94.54,76.04,24.75,9.0,6.3,0
2023-12-09,1.391519e+06,9.31,89.58,81.5,7.54,24.48,22.1,0
2023-12-10,1.29614e+06,10.14,82.38,78.75,33.54,24.75,1.5,0
2023-12-11,1.3672301e+06,10.46,87.21,94.12,47.62,15.81,0.1,0
2023-12-12,1.366705e+06,10.43,91.0,77.38,28.5,15.05,2.6,0
2023-12-13,1.414371e+06,8.02,89.79,62.25,24.42,13.9,1.4,0
2023-12-14,1.476523e+06,7.48,83.0,99.75,21.08,14.96,1.3,0
2023-12-15,1.453091e+06,7.21,92.33,99.75,15.5,7.56,1.0,0
2023-12-16,1.389253e+06,5.07,87.04,16.54,56.38,5.81,0.0,0
2023-12-17,1.4389699e+06,2.76,95.62,46.25,41.42,7.56,0.0,0
2023-12-18,1.6179845e+06,1.76,92.96,86.88,23.96,9.67,0.0,0
2023-12-19,1.6124145e+06,6.71,89.62,99.96,20.96,17.63,3.6,0
2023-12-20,1.5367355e+06,7.66,86.33,74.12,33.5,16.85,0.2,0
2023-12-21,1.4736099e+06,10.6,84.17,99.96,9.79,25.65,0.9,0
2023-12-22,1.3788085e+06,10.1,78.79,98.25,20.58,25.2,1.1,0
2023-12-23,1.259708e+06,9.75,80.38,95.54,23.46,20.58,0.5,0
2023-12-24,1.2001445e+06,10.23,80.5,94.54,22.79,22.4,0.1,0
2023-12-25,1.157784e+06,11.26,81.17,99.54,13.12,21.61,0.0,1
2023-12-26,1.274803e+06,10.7,82.29,100.0,15.88,15.82,0.0,0
2023-12-27,1.3241285e+06,9.25,80.04,100.0,45.71,17.29,1.7,0
2023-12-28,1.3181985e+06,10.25,85.79,75.33,44.0,20.99,0.0,0
2023-12-29,1.293829e+06,9.89,84.54,91.33,26.75,22.13,1.7,0
2023-12-30,1.226767e+06,9.34,88.58,95.75,23.67,18.24,0.2,0
2023-12-31,1.24175e+06,9.15,75.17,87.5,47.04,29.07,1.9,0
2024-01-01,1.2381185e+06,7.74,77.67,78.67,41.75,21.58,2.1,1
2024-01-02,1.3602625e+06,11.02,88.46,85.33,8.08,33.58,13.6,0
2024-01-03,1.379781e+06,9.88,83.46,48.62,36.0,27.02,2.7,0
2024-01-04,1.3934445e+06,8.91,82.38,63.29,37.79,21.7,1.7,0
2024-01-05,1.4248635e+06,6.94,83.71,20.54,55.5,15.65,0.0,0
2024-01-06,1.3935555e+06,4.72,87.33,75.12,38.71,12.74,1.6,0
2024-01-07,1.445707e+06,3.05,83.54,90.08,18.33,15.83,0.0,0
2024-01-08,1.7361139e+06,-1.76,69.79,81.42,23.38,18.24,0.3,0
2024-01-09,1.8606085e+06,-1.96,65.04,99.42,28.25,12.76,1.0,0
2024-01-10,1.8760215e+06,-2.25,72.71,89.17,41.17,8.2,0.0,0
2024-01-11,1.8422115e+06,-1.41,71.21,8.79,66.54,11.63,0.0,0
2024-01-12,1.817925e+06,1.5,83.54,92.17,29.67,11.61,0.0,0
2024-01-13,1.734443e+06,-0.8,87.92,99.96,27.46,4.91,0.0,0
2024-01-14,1.685553e+06,-1.52,84.58,98.54,38.0,6.02,0.0,0
2024-01-15,1.7297145e+06,1.07,77.46,73.83,54.17,11.75,0.3,0
2024-01-16,1.775868e+06,-1.57,81.12,69.88,70.67,5.11,0.0,0
2024-01-17,1.6819901e+06,0.8,95.04,100.0,6.17,9.3,27.4,0
2024-01-18,1.6469125e+06,-0.4,87.12,65.08,65.88,13.64,6.2,0
2024-01-19,1.7839625e+06,-2.1,86.42,14.67,72.58,7.14,0.0,0
2024-01-20,1.7412899e+06,-3.03,86.29,33.83,73.54,8.85,0.0,0
2024-01-21,1.629595e+06,3.68,76.12,98.12,41.46,20.4,0.1,0
2024-01-22,1.6043741e+06,10.04,81.21,71.58,39.92,29.43,3.6,0
2024-01-23,1.534765e+06,8.82,85.83,89.46,18.0,19.55,0.5,0
2024-01-24,1.425701e+06,12.3,80.83,96.29,49.38,20.77,0.5,0
2024-01-25,1.3935355e+06,10.74,90.29,100.0,30.21,9.63,1.5,0
2024-01-26,1.3899045e+06,9.2,83.5,66.58,60.33,16.58,1.9,0
2024-01-27,1.3657195e+06,2.25,86.96,67.42,66.54,6.02,0.0,0
2024-01-28,1.3526485e+06,3.16,88.25,77.42,64.21,9.23,0.0,0
2024-01-29,1.4323859e+06,7.62,87.12,96.62,68.54,10.62,0.0,0
2024-01-30,1.425881e+06,9.18,86.75,94.92,26.79,9.11,0.0,0
2024-01-31,1.4550835e+06,6.64,84.88,86.29,59.42,8.07,0.0,0
2024-02-01,1.443948e+06,9.23,89.67,99.88,18.79,11.39,1.3,0
2024-02-02,1.4406335e+06,5.89,93.75,98.38,43.88,10.35,0.0,0
2024-02-03,1.327864e+06,9.48,85.83,100.0,26.25,13.23,0.0,0
2024-02-04,1.295044e+06,9.83,80.96,99.38,38.62,15.02,0.0,0
2024-02-05,1.460941e+06,8.24,81.33,94.71,38.04,14.62,0.0,0
2024-02-06,1.4806625e+06,9.84,79.0,87.04,57.96,22.61,0.0,0
2024-02-07,1.4397035e+06,11.24,88.42,100.0,21.33,24.18,12.1,0
2024-02-08,1.386569e+06,12.04,88.12,100.0,26.75,21.55,6.3,0
2024-02-09,1.3492845e+06,11.45,80.46,89.29,47.12,22.45,5.5,0
2024-02-10,1.2636915e+06,8.0,92.71,94.33,21.58,8.92,8.0,0
2024-02-11,1.258994e+06,8.19,84.5,75.42,52.62,18.66,1.1,0
2024-02-12,1.422264e+06,6.04,87.75,67.96,74.0,8.64,0.5,0
2024-02-13,1.463543e+06,6.16,84.92,70.88,80.42,13.56,1.2,0
2024-02-14,1.3742185e+06,11.42,88.58,98.96,49.38,15.23,2.6,0
2024-02-15,1.315451e+06,12.32,81.29,96.88,94.33,11.92,4.9,0
2024-02-16,1.287154e+06,11.95,85.21,80.71,28.62,15.12,3.6,0
2024-02-17,1.203515e+06,9.66,74.75,86.67,86.29,6.98,0.0,0
2024-02-18,1.194984e+06,8.91,86.33,100.0,19.58,15.69,7.9,0
2024-02-19,1.320297e+06,10.47,86.75,99.75,41.08,15.19,0.4,0
2024-02-20,1.3621595e+06,8.33,87.04,99.79,56.75,11.19,0.0,0
2024-02-21,1.3963665e+06,8.6,85.46,100.0,22.25,18.43,10.1,0
2024-02-22,1.3863255e+06,11.29,84.92,92.0,57.42,28.0,16.5,0
2024-02-23,1.4558461e+06,6.0,74.71,60.79,87.75,22.07,1.5,0
2024-02-24,1.3791705e+06,5.0,82.17,61.83,99.38,17.74,4.0,0
2024-02-25,1.334176e+06,5.98,90.62,79.04,29.96,17.57,8.3,0
2024-02-26,1.442803e+06,6.77,92.58,86.71,30.08,16.92,7.9,0
2024-02-27,1.4879901e+06,6.42,77.96,98.29,80.92,19.63,0.0,0
2024-02-28,1.4805115e+06,5.93,83.46,72.17,93.46,9.06,0.0,0
2024-02-29,1.4299695e+06,9.32,90.0,100.0,23.04,17.65,1.4,0
2024-03-01,1.433291e+06,7.31,85.04,81.04,74.17,22.06,5.5,0
2024-03-02,1.3319705e+06,6.53,88.88,83.21,32.33,16.0,11.0,0
2024-03-03,1.309485e+06,5.82,86.42,91.08,71.88,8.73,3.9,0
2024-03-04,1.461103e+06,5.12,78.62,49.92,156.46,9.02,0.5,0
2024-03-05,1.452059e+06,6.92,83.42,90.96,90.12,12.88,7.5,0
2024-03-06,1.4482645e+06,6.21,86.88,73.67,95.25,5.65,2.5,0
2024-03-07,1.435904e+06,6.29,80.58,15.21,150.75,12.06,0.0,0
2024-03-08,1.4174865e+06,8.08,71.92,71.0,141.08,15.44,0.0,0
2024-03-09,1.2981715e+06,9.19,74.88,85.0,98.29,16.84,4.1,0
2024-03-10,1.243706e+06,7.92,88.21,99.92,65.0,6.87,2.7,0
2024-03-11,1.3856085e+06,7.27,85.79,67.46,116.54,12.35,2.0,0
2024-03-12,1.3904905e+06,8.82,90.04,99.29,35.58,13.94,5.6,0
2024-03-13,1.3181445e+06,11.52,82.5,100.0,99.12,11.44,0.0,0
2024-03-14,1.2753075e+06,10.75,83.0,64.42,153.88,11.18,0.0,0
2024-03-15,1.2276795e+06,13.01,81.58,89.17,126.83,20.08,9.5,0
2024-03-16,1.120396e+06,11.82,74.17,86.88,138.75,13.9,0.3,0
2024-03-17,1.0833985e+06,11.15,90.96,97.71,44.62,10.32,5.0,0
2024-03-18,1.182699e+06,12.7,82.25,79.67,135.58,8.18,6.7,0
2024-03-19,1.19564e+06,11.77,77.54,91.08,177.21,5.64,0.0,0
2024-03-20,1.1839025e+06,12.08,80.5,99.71,164.04,5.93,0.0,0
2024-03-21,1.1665515e+06,12.13,80.25,74.17,194.5,5.91,0.0,0
2024-03-22,1.149658e+06,10.96,84.0,77.79,161.5,10.3,0.2,0
2024-03-23,1.108722e+06,7.56,77.92,53.0,163.29,20.57,6.1,0
2024-03-24,1.129175e+06,6.92,75.04,24.29,171.42,18.92,0.6,0
2024-03-25,1.287332e+06,7.24,73.25,88.17,174.17,13.3,0.0,0
2024-03-26,1.3200015e+06,9.4,83.92,99.54,73.83,12.53,7.2,0
2024-03-27,1.360523e+06,8.02,77.58,88.58,120.58,18.75,1.2,0
2024-03-28,1.3527299e+06,9.0,69.12,73.62,172.21,28.06,2.7,0
2024-03-29,1.275574e+06,10.45,77.96,99.96,100.29,15.25,5.9,0
2024-03-30,1.173834e+06,8.92,81.54,99.83,95.33,8.95,11.2,0
2024-03-31,1.117738e+06,9.67,82.88,85.67,145.88,12.8,4.3,0
2024-04-01,1.142454e+06,9.66,78.21,69.96,147.12,15.03,4.4,1
2024-04-02,1.2801675e+06,10.56,74.5,61.83,135.46,21.7,0.6,0
2024-04-03,1.2609905e+06,12.59,78.12,84.46,155.25,20.84,7.6,0
2024-04-04,1.221828e+06,14.25,77.17,82.25,168.92,24.86,12.5,0
2024-04-05,1.1641155e+06,14.88,81.88,96.12,89.75,16.77,2.1,0
2024-04-06,1.022488e+06,16.95,67.96,91.12,210.04,15.62,0.0,0
2024-04-07,969091.06,15.29,77.62,99.29,102.42,12.08,9.6,0
2024-04-08,1.1147845e+06,14.35,81.12,81.83,172.83,12.43,8.3,0
2024-04-09,1.1850035e+06,9.96,69.42,50.71,183.21,21.88,3.3,0
2024-04-10,1.2198725e+06,9.83,70.42,50.0,205.29,9.27,0.0,0
2024-04-11,1.182689e+06,14.04,77.92,94.88,114.21,7.11,0.4,0
2024-04-12,1.1182955e+06,15.52,79.88,75.33,214.5,7.13,0.0,0
2024-04-13,974107.06,16.99,77.71,96.79,249.08,10.47,0.0,0
2024-04-14,915811.06,13.97,74.67,99.21,181.12,10.08,0.0,0
2024-04-15,1.077956e+06,9.93,74.67,68.38,132.38,21.84,3.0,0
2024-04-16,1.165655e+06,9.12,70.79,40.29,201.12,23.46,1.2,0
2024-04-17,1.215422e+06,7.24,77.25,37.92,200.79,13.57,2.4,0
2024-04-18,1.2519665e+06,7.24,71.54,74.75,195.96,10.28,1.0,0
2024-04-19,1.2554595e+06,9.36,75.79,89.0,66.42,18.98,1.3,0
2024-04-20,1.1403105e+06,6.8,71.83,49.0,166.42,14.79,0.2,0
2024-04-21,1.135586e+06,6.77,67.29,40.96,219.42,17.14,0.8,0
2024-04-22,1.3017685e+06,6.55,70.29,36.08,239.54,13.6,0.8,0
2024-04-23,1.330081e+06,6.2,67.0,48.17,240.54,11.58,0.0,0
2024-04-24,1.3355225e+06,7.53,71.71,66.5,190.38,15.92,1.2,0
2024-04-25,1.3023255e+06,7.36,70.79,46.29,188.62,7.3,0.1,0
2024-04-26,1.250801e+06,9.42,78.17,80.12,174.42,9.52,4.9,0
2024-04-27,1.122054e+06,11.69,86.5,100.0,115.96,11.13,15.7,0
2024-04-28,1.0657655e+06,12.13,72.42,51.33,227.42,19.59,4.3,0
2024-04-29,1.169565e+06,12.28,74.62,66.79,237.12,10.13,0.3,0
2024-04-30,1.1418595e+06,13.9,82.21,97.08,148.67,11.88,2.0,0
2024-05-01,996872.0,15.49,83.67,99.62,196.96,9.05,3.2,1
2024-05-02,1.1580095e+06,11.9,85.75,100.0,84.88,18.17,8.8,0
2024-05-03,1.163838e+06,11.78,74.83,62.67,239.08,15.02,2.8,0
2024-05-04,1.0657865e+06,10.68,81.67,51.62,204.25,8.81,0.7,0
2024-05-05,993813.5,12.94,84.79,99.62,127.46,8.82,2.9,0
2024-05-06,1.1097645e+06,13.57,77.54,74.38,252.0,12.28,2.8,0
2024-05-07,1.119733e+06,13.31,81.12,44.83,256.33,10.26,1.2,0
2024-05-08,1.0079555e+06,12.1,77.42,60.33,209.29,11.6,0.0,1
2024-05-09,965866.5,13.39,77.33,53.46,245.75,8.4,0.0,1
2024-05-10,966948.94,16.21,71.08,58.08,304.67,9.56,0.0,0
2024-05-11,916627.5,17.72,69.12,56.17,307.08,9.44,0.0,0
2024-05-12,885410.5,17.85,76.96,70.04,216.62,7.91,12.7,0
2024-05-13,1.0225535e+06,17.11,75.33,72.67,202.46,12.95,0.0,0
2024-05-14,1.061969e+06,14.71,87.92,100.0,72.04,11.42,15.9,0
2024-05-15,1.075239e+06,15.02,77.83,70.67,261.5,9.72,2.4,0
2024-05-16,1.085171e+06,14.75,75.33,73.04,281.42,9.23,3.9,0
2024-05-17,1.076293e+06,14.33,75.21,100.0,216.58,5.45,0.5,0
2024-05-18,963504.94,15.25,79.12,85.96,257.92,6.35,2.9,0
2024-05-19,907948.5,15.02,84.0,73.17,196.17,5.39,1.0,0
2024-05-20,940314.5,15.4,81.96,51.12,250.83,9.17,3.3,1
2024-05-21,1.0607865e+06,14.91,86.04,87.04,196.62,7.17,13.4,0
2024-05-22,1.0738585e+06,14.88,78.54,52.21,233.12,13.74,1.5,0
2024-05-23,1.081021e+06,14.88,77.08,58.04,239.42,7.17,2.9,0
2024-05-24,1.0701945e+06,14.24,81.62,45.04,251.0,7.25,1.8,0
2024-05-25,963597.5,15.17,78.12,75.96,246.75,6.3,2.1,0
2024-05-26,907369.5,16.66,76.92,78.25,234.04,13.23,3.3,0
2024-05-27,1.0408995e+06,13.77,78.62,67.58,183.5,9.6,1.2,0
2024-05-28,1.0665325e+06,13.47,84.21,85.21,62.79,14.68,3.8,0
2024-05-29,1.0795055e+06,15.2,87.58,93.25,96.96,16.67,22.5,0
2024-05-30,1.0824865e+06,13.66,82.58,83.42,177.71,15.88,4.2,0
2024-05-31,1.081174e+06,13.35,83.96,74.21,175.12,17.59,3.7,0
2024-06-01,982360.5,13.58,83.25,98.62,91.58,18.65,2.9,0
2024-06-02,941033.5,14.33,77.54,87.33,154.92,15.8,0.0,0
2024-06-03,1.060747e+06,14.28,78.04,54.21,253.0,7.73,0.1,0
2024-06-04,1.0614455e+06,17.25,79.29,76.58,248.96,9.12,0.8,0
2024-06-05,1.060395e+06,15.88,76.12,63.5,190.38,11.6,0.5,0
2024-06-06,1.064102e+06,14.09,71.88,31.04,274.83,8.11,0.0,0
2024-06-07,1.051587e+06,14.36,70.08,7.58,327.08,7.19,0.0,0
2024-06-08,965814.5,14.78,71.54,42.75,308.71,8.91,0.0,0
2024-06-09,900182.5,14.55,68.79,17.96,300.38,10.52,0.0,0
2024-06-10,1.0289275e+06,12.78,75.54,44.21,158.83,15.16,3.3,0
2024-06-11,1.053222e+06,12.0,72.79,20.04,275.08,7.82,2.5,0
2024-06-12,1.0595945e+06,11.92,79.67,31.54,267.54,5.84,4.4,0
2024-06-13,1.0622515e+06,14.63,67.5,69.71,232.62,10.72,0.7,0
2024-06-14,1.0519985e+06,16.8,70.71,78.12,240.92,18.55,8.4,0
2024-06-15,950652.0,14.61,69.71,59.04,185.96,22.44,2.6,0
2024-06-16,910837.5,15.48,78.42,77.62,154.46,17.87,5.1,0
2024-06-17,1.04621906e+06,17.49,79.17,84.29,236.25,8.18,3.5,0
2024-06-18,1.07243e+06,17.6,90.08,98.46,142.04,7.46,16.1,0
2024-06-19,1.0688975e+06,17.66,78.46,93.33,176.17,15.55,1.3,0
2024-06-20,1.072183e+06,18.37,78.92,96.88,176.25,11.59,1.8,0
2024-06-21,1.058758e+06,17.76,82.17,77.58,183.0,8.95,17.3,0
2024-06-22,944531.06,16.4,77.38,78.96,193.42,14.99,5.3,0
2024-06-23,906542.0,16.65,72.25,35.54,286.46,6.82,0.0,0
2024-06-24,1.0452275e+06,19.9,73.42,18.17,276.96,8.26,0.0,0
2024-06-25,1.074798e+06,22.42,68.88,36.21,277.92,8.12,0.0,0
2024-06-26,1.090057e+06,23.74,68.54,46.17,303.58,7.08,0.0,0
2024-06-27,1.101604e+06,22.93,70.92,52.25,270.58,9.94,0.2,0
2024-06-28,1.070687e+06,18.05,66.21,47.29,311.38,8.08,0.0,0
2024-06-29,957978.5,17.28,73.38,82.83,162.58,12.84,24.6,0
2024-06-30,904420.94,18.31,76.38,98.42,174.75,12.32,3.9,0
2024-07-01,1.041184e+06,17.58,73.33,79.25,237.58,12.8,2.0,0
2024-07-02,1.064148e+06,16.3,74.12,86.33,122.71,12.04,1.2,0
2024-07-03,1.069695e+06,15.73,73.29,93.88,141.88,12.41,0.2,0
2024-07-04,1.074149e+06,17.77,67.92,56.04,251.04,18.82,1.3,0
2024-07-05,1.066354e+06,18.33,63.79,89.46,255.62,12.15,0.0,0
2024-07-06,954884.94,17.72,59.75,62.96,238.46,18.7,0.1,0
2024-07-07,899186.0,15.7,61.0,56.12,227.71,12.73,0.1,0
2024-07-08,1.04710494e+06,17.58,66.92,65.25,183.25,6.14,0.0,0
2024-07-09,1.08923e+06,20.29,72.96,75.79,214.92,7.0,1.7,0
2024-07-10,1.0946155e+06,20.88,68.33,81.75,252.67,13.63,0.2,0
2024-07-11,1.106718e+06,19.48,67.96,60.42,228.0,7.42,0.0,0
2024-07-12,1.071988e+06,16.46,79.79,88.33,136.79,12.98,14.6,0
2024-07-13,952663.5,16.33,78.33,62.29,218.38,4.74,3.4,0
2024-07-14,912147.5,17.77,71.83,46.96,184.12,5.61,0.0,1
2024-07-15,1.0581745e+06,19.98,70.0,57.29,222.96,11.01,0.2,0
2024-07-16,1.082648e+06,19.02,67.12,42.92,251.21,20.02,0.4,0
2024-07-17,1.089412e+06,19.24,68.71,52.83,247.29,4.71,0.0,0
2024-07-18,1.1116795e+06,22.16,64.96,78.0,291.67,6.13,0.0,0
2024-07-19,1.1097155e+06,24.77,59.96,70.54,274.42,5.22,0.1,0
2024-07-20,1.0073125e+06,24.23,61.83,56.46,273.0,8.18,8.4,0
2024-07-21,928016.94,21.35,76.75,90.04,206.25,12.79,4.8,0
2024-07-22,1.04826494e+06,19.85,64.88,66.46,184.17,12.56,0.0,0
2024-07-23,1.0872595e+06,20.35,71.42,87.04,213.21,17.21,2.8,0
2024-07-24,1.0907605e+06,19.74,66.33,67.62,222.25,4.59,0.0,0
2024-07-25,1.097198e+06,22.8,59.21,81.33,236.5,9.45,0.0,0
2024-07-26,1.0833175e+06,20.87,80.96,98.42,131.67,6.52,7.5,0
2024-07-27,981620.94,18.67,87.83,99.83,78.33,6.43,9.9,0
2024-07-28,932400.0,18.3,73.21,32.38,306.62,8.79,0.0,0
2024-07-29,1.072244e+06,21.93,67.42,23.17,285.42,9.76,0.0,0
2024-07-30,1.121709e+06,26.24,69.17,38.38,280.33,5.08,0.0,0
2024-07-31,1.1269955e+06,25.49,76.71,61.38,223.79,8.1,4.3,0
2024-08-01,1.1120375e+06,23.13,84.92,49.62,214.67,8.88,30.9,0
2024-08-02,1.0767105e+06,22.18,75.12,32.0,252.17,10.58,1.1,0
2024-08-03,963408.0,19.8,72.12,71.62,165.46,9.97,1.8,0
2024-08-04,914214.0,19.99,70.21,93.08,249.21,9.18,0.0,0
2024-08-05,1.005652e+06,20.58,68.46,8.75,295.88,6.51,0.0,0
2024-08-06,1.031728e+06,22.18,65.92,38.75,279.17,9.25,0.0,0
2024-08-07,1.02183694e+06,20.25,63.88,78.92,224.83,10.72,1.1,0
2024-08-08,1.0253135e+06,21.43,61.42,72.33,203.96,7.14,0.0,0
2024-08-09,1.0294585e+06,21.82,69.42,65.0,148.88,12.87,0.2,0
2024-08-10,971024.94,21.58,67.75,36.88,280.54,4.88,0.0,0
2024-08-11,943911.06,24.78,54.17,55.62,273.0,11.2,0.0,0
2024-08-12,1.0380015e+06,28.27,56.88,8.33,270.67,10.31,0.0,0
2024-08-13,1.0309495e+06,23.15,73.38,83.25,153.79,7.59,1.3,0
2024-08-14,1.0037095e+06,22.03,76.83,91.46,185.38,5.28,18.5,0
2024-08-15,920939.06,21.59,69.75,46.67,236.88,9.16,0.7,1
2024-08-16,960446.0,21.22,70.17,65.25,141.38,12.42,0.7,0
2024-08-17,923546.0,20.2,85.96,99.75,53.25,7.64,26.9,0
2024-08-18,875275.06,17.74,73.67,91.21,170.29,14.8,6.4,0
2024-08-19,966960.0,16.86,73.21,41.0,264.33,5.66,0.0,0
2024-08-20,1.0049375e+06,18.09,79.38,52.5,137.38,12.85,24.1,0
2024-08-21,1.0052695e+06,16.33,70.46,77.79,193.0,10.63,0.0,0
2024-08-22,1.02009e+06,17.95,64.33,57.42,263.0,11.74,0.0,0
2024-08-23,1.0299975e+06,20.21,74.21,77.17,84.88,16.49,0.6,0
2024-08-24,960236.94,21.42,73.12,27.33,226.67,18.11,4.2,0
2024-08-25,899262.5,16.71,63.75,18.62,221.04,11.66,0.0,0
2024-08-26,1.0240855e+06,17.86,64.46,37.12,214.79,6.25,0.0,0
2024-08-27,1.0633015e+06,18.95,66.83,45.21,253.5,7.7,0.0,0
2024-08-28,1.0923135e+06,21.42,67.17,23.38,248.83,8.96,0.0,0
2024-08-29,1.0980015e+06,20.78,70.67,78.79,173.25,10.72,1.5,0
2024-08-30,1.081042e+06,17.55,85.17,96.96,85.5,12.55,13.7,0
2024-08-31,978243.5,19.32,87.67,62.75,158.25,8.37,1.2,0
2024-09-01,943761.5,22.52,78.33,55.38,210.42,10.67,0.2,0
2024-09-02,1.064657e+06,20.63,78.04,51.42,185.83,9.59,0.1,0
2024-09-03,1.0812505e+06,19.55,77.71,98.79,111.38,8.39,7.8,0
2024-09-04,1.0712325e+06,18.43,75.38,85.5,176.92,7.29,1.5,0
2024-09-05,1.067359e+06,16.05,84.62,99.96,57.46,12.76,24.1,0
2024-09-06,1.058392e+06,16.8,80.42,74.17,193.88,6.63,0.0,0
2024-09-07,957135.06,18.55,84.71,90.25,130.88,7.52,4.8,0
2024-09-08,913122.0,16.35,79.92,69.04,142.92,16.46,4.7,0
2024-09-09,1.0381265e+06,16.4,83.5,81.17,94.12,18.56,1.1,0
2024-09-10,1.058292e+06,14.86,73.5,91.0,111.58,18.12,0.0,0
2024-09-11,1.066843e+06,14.5,72.33,66.12,154.25,17.61,4.5,0
2024-09-12,1.0765415e+06,11.13,74.12,21.17,193.38,11.52,1.5,0
2024-09-13,1.083038e+06,11.4,78.33,27.83,170.83,11.99,2.5,0
2024-09-14,986162.0,11.49,76.21,44.83,170.46,7.82,0.0,0
2024-09-15,948068.0,12.12,75.42,22.96,210.79,6.29,0.0,0
2024-09-16,1.068864e+06,14.42,80.46,71.46,118.54,10.59,0.2,0
2024-09-17,1.0846565e+06,15.84,75.96,38.88,143.25,19.19,0.0,0
2024-09-18,1.082174e+06,18.2,73.21,20.58,184.08,18.25,0.5,0
2024-09-19,1.0777785e+06,19.44,60.58,4.58,192.54,17.48,0.0,0
2024-09-20,1.0565005e+06,16.2,79.54,37.67,124.83,10.64,17.8,0
2024-09-21,949065.5,17.34,81.25,44.33,160.88,9.14,1.8,0
2024-09-22,913909.5,17.25,86.54,95.79,102.67,8.65,15.4,0
2024-09-23,1.0404955e+06,15.42,86.42,66.88,123.21,12.96,7.0,0
2024-09-24,1.070532e+06,14.99,85.79,80.5,64.75,16.0,3.2,0
2024-09-25,1.084587e+06,14.52,89.96,92.29,44.79,13.65,16.0,0
2024-09-26,1.0924935e+06,16.01,85.96,78.42,66.08,21.52,10.4,0
2024-09-27,1.091564e+06,13.05,75.62,64.79,117.25,22.43,2.0,0
2024-09-28,1.0006685e+06,10.49,76.5,32.5,138.92,8.87,0.5,0
2024-09-29,999666.5,9.65,77.12,94.25,95.0,12.0,0.0,0
2024-09-30,1.113248e+06,14.77,78.62,94.25,58.33,23.42,0.3,0
2024-10-01,1.116287e+06,13.97,75.62,65.96,124.88,14.17,0.0,0
2024-10-02,1.1295785e+06,13.27,81.38,66.12,73.75,15.39,1.7,0
2024-10-03,1.146368e+06,11.58,78.08,65.21,103.46,14.83,0.2,0
2024-10-04,1.158959e+06,9.91,79.33,19.17,139.04,8.25,0.0,0
2024-10-05,1.0569935e+06,10.46,78.67,24.33,163.33,10.94,0.0,0
2024-10-06,1.011096e+06,12.81,85.54,93.75,36.79,14.51,4.4,0
2024-10-07,1.116365e+06,15.7,90.25,92.88,69.08,13.43,8.8,0
2024-10-08,1.1259345e+06,15.68,80.67,76.04,129.33,19.74,0.2,0
2024-10-09,1.139819e+06,14.36,91.5,97.21,11.79,17.22,54.5,0
2024-10-10,1.137856e+06,12.91,86.83,59.79,93.42,15.62,2.0,0
2024-10-11,1.147409e+06,9.37,82.0,44.25,132.33,6.67,0.0,0
2024-10-12,1.0647585e+06,11.45,85.54,95.25,66.25,9.57,1.4,0
2024-10-13,996287.5,11.65,78.67,99.75,117.67,8.35,0.0,0
2024-10-14,1.12143e+06,14.38,80.67,73.79,102.25,9.91,0.2,0
2024-10-15,1.123962e+06,15.21,90.83,99.83,80.46,11.9,0.2,0
2024-10-16,1.115055e+06,19.08,79.67,60.25,125.75,14.01,6.8,0
2024-10-17,1.112383e+06,16.61,92.67,88.92,29.08,10.04,13.1,0
2024-10-18,1.115158e+06,14.45,88.25,100.0,36.75,11.23,8.7,0
2024-10-19,1.0188415e+06,13.55,86.79,85.58,44.12,14.15,1.8,0
2024-10-20,979945.5,14.78,89.54,99.88,48.21,15.3,0.9,0
2024-10-21,1.0954565e+06,16.51,87.54,71.92,79.71,12.62,1.7,0
2024-10-22,1.123046e+06,12.57,86.71,34.42,110.12,8.02,0.0,0
2024-10-23,1.151606e+06,10.41,89.46,48.79,100.92,6.22,0.0,0
2024-10-24,1.1527245e+06,11.47,89.54,9.83,112.08,9.55,0.0,0
2024-10-25,1.126716e+06,14.7,89.5,63.75,86.96,10.49,2.3,0
2024-10-26,1.0301185e+06,14.29,94.58,82.75,62.88,4.83,5.9,0
2024-10-27,992087.5,14.31,92.46,96.33,37.75,7.07,3.1,0
2024-10-28,1.1268475e+06,13.26,91.0,57.0,67.83,6.02,0.0,0
2024-10-29,1.16051e+06,10.9,92.88,53.58,53.71,7.35,0.0,0
2024-10-30,1.167734e+06,12.53,88.58,97.58,53.17,6.44,0.0,0
2024-10-31,1.171402e+06,12.05,90.12,80.21,76.04,6.0,0.0,0
2024-11-01,1.074804e+06,10.85,91.75,100.0,39.29,3.98,0.1,1
2024-11-02,1.078592e+06,10.91,85.67,95.79,34.0,10.19,0.5,0
2024-11-03,1.0729625e+06,10.29,85.0,72.08,74.62,8.2,0.0,0
2024-11-04,1.2322205e+06,9.29,94.04,53.5,66.25,6.39,0.0,0
2024-11-05,1.24556e+06,9.27,97.21,81.79,31.42,4.21,0.0,0
2024-11-06,1.244007e+06,10.53,90.62,92.96,40.71,7.17,0.0,0
2024-11-07,1.252388e+06,11.17,87.33,98.0,27.38,9.88,0.0,0
2024-11-08,1.2579415e+06,9.45,85.88,100.0,29.75,7.94,0.0,0
2024-11-09,1.1393725e+06,10.59,92.17,87.25,51.54,4.66,0.0,0
2024-11-10,1.084663e+06,10.22,91.33,90.29,21.38,6.93,0.6,0
2024-11-11,1.1325655e+06,8.76,87.0,78.33,37.58,9.44,0.5,1
2024-11-12,1.3274485e+06,8.69,82.71,67.42,50.83,17.4,1.2,0
2024-11-13,1.3871515e+06,7.7,82.62,81.54,57.38,9.54,0.0,0
2024-11-14,1.4099235e+06,8.19,87.79,82.54,52.79,4.43,0.0,0
2024-11-15,1.4004395e+06,8.8,84.88,77.92,61.33,4.68,0.0,0
2024-11-16,1.309028e+06,7.59,81.17,83.5,71.25,2.86,0.0,0
2024-11-17,1.2656405e+06,7.5,87.12,81.17,25.88,9.67,0.4,0
2024-11-18,1.3859175e+06,8.76,90.92,90.0,14.21,16.05,4.7,0
2024-11-19,1.3923125e+06,10.5,89.46,96.92,12.21,22.79,18.1,0
2024-11-20,1.4555341e+06,4.25,80.92,59.0,65.29,11.92,0.9,0
2024-11-21,1.584059e+06,0.82,91.79,94.42,10.0,11.87,9.5,0
2024-11-22,1.6061315e+06,0.91,85.75,63.17,73.42,13.8,1.7,0
2024-11-23,1.4899855e+06,4.87,78.5,90.92,32.0,16.4,0.0,0
2024-11-24,1.24514e+06,15.07,58.46,91.46,40.25,23.87,0.0,0
2024-11-25,1.30366e+06,13.15,75.96,91.83,9.12,16.76,8.7,0
2024-11-26,1.3604085e+06,8.69,87.83,58.62,57.21,10.18,2.1,0
2024-11-27,1.377811e+06,10.46,89.04,94.79,24.62,16.84,8.6,0
2024-11-28,1.398007e+06,6.5,85.17,54.21,65.0,5.62,0.0,0
2024-11-29,1.4460285e+06,3.7,85.75,28.79,69.25,8.61,0.0,0
2024-11-30,1.3728145e+06,3.02,89.42,37.67,50.62,5.62,0.0,0
2024-12-01,1.3234055e+06,5.65,95.29,87.5,34.96,9.61,0.0,0
2024-12-02,1.388367e+06,10.27,88.88,58.5,51.46,13.18,0.1,0
2024-12-03,1.457072e+06,5.71,88.92,47.25,38.08,6.1,0.7,0
2024-12-04,1.538029e+06,4.57,94.62,92.25,26.79,5.19,0.0,0
2024-12-05,1.5579965e+06,7.69,89.83,100.0,10.58,16.69,3.4,0
2024-12-06,1.438704e+06,9.33,77.71,59.58,58.5,15.54,2.0,0
2024-12-07,1.357897e+06,8.96,82.0,79.42,47.0,22.23,9.2,0
2024-12-08,1.3796645e+06,7.32,84.96,97.54,13.71,20.51,5.3,0
2024-12-09,1.554431e+06,5.68,84.42,99.04,23.58,16.32,1.0,0
2024-12-10,1.6095525e+06,5.4,83.5,100.0,12.33,13.8,0.1,0
2024-12-11,1.6311805e+06,5.13,82.75,99.83,22.58,9.8,0.3,0
2024-12-12,1.6642555e+06,4.03,84.5,97.33,23.75,6.82,0.0,0
2024-12-13,1.6841315e+06,2.1,87.0,85.04,27.96,5.44,0.0,0
2024-12-14,1.540137e+06,1.72,94.25,96.04,25.42,4.95,0.0,0
2024-12-15,1.4574395e+06,6.04,91.42,69.42,21.12,10.61,0.0,0
2024-12-16,1.553629e+06,9.44,89.79,98.71,27.42,10.08,0.0,0
2024-12-17,1.5589901e+06,7.15,92.5,98.71,23.25,8.69,0.0,0
2024-12-18,1.4926685e+06,10.33,84.83,93.96,17.04,15.44,1.5,0
2024-12-19,1.4643685e+06,9.05,82.38,70.08,38.38,19.2,7.8,0
2024-12-20,1.5443101e+06,4.96,83.54,51.96,50.12,11.3,0.1,0
2024-12-21,1.4008265e+06,8.52,89.62,96.33,17.38,16.16,2.3,0
2024-12-22,1.3568665e+06,6.8,81.62,80.92,28.25,20.46,19.7,0
2024-12-23,1.4843975e+06,6.02,72.29,80.54,49.5,16.24,1.0,0
2024-12-24,1.404111e+06,6.81,93.29,100.0,13.88,5.87,1.0,0
2024-12-25,1.245706e+06,9.46,95.67,99.96,17.71,4.63,0.0,1
2024-12-26,1.3770825e+06,7.1,92.75,58.08,40.58,5.82,0.0,0
2024-12-27,1.4992555e+06,2.06,92.29,14.12,58.88,3.1,0.0,0
2024-12-28,1.5134345e+06,0.58,96.92,91.62,17.58,4.3,0.0,0
2024-12-29,1.4800395e+06,2.69,92.04,99.79,17.21,4.92,0.0,0
2024-12-30,1.5695835e+06,3.38,90.58,100.0,18.58,6.07,0.1,0
2024-12-31,1.5857445e+06,3.65,89.54,99.46,25.04,9.84,0.0,0
2025-01-01,1.4349775e+06,6.35,87.58,100.0,18.46,18.68,0.0,1
2025-01-02,1.4979245e+06,4.43,93.71,88.79,9.62,10.45,22.7,0
2025-01-03,1.576532e+06,0.4,89.08,2.0,62.08,5.48,0.0,0
2025-01-04,1.5914465e+06,-0.62,86.25,89.88,51.04,8.36,4.3,0
2025-01-05,1.374561e+06,9.33,88.42,99.79,12.83,20.72,14.5,0
2025-01-06,1.4503741e+06,9.82,75.92,67.88,32.33,23.34,3.8,0
2025-01-07,1.5553605e+06,5.0,76.54,66.62,51.96,16.72,2.2,0
2025-01-08,1.5541645e+06,5.88,93.33,100.0,5.25,11.53,16.4,0
2025-01-09,1.5300125e+06,6.32,85.62,85.83,30.46,15.02,6.0,0
2025-01-10,1.60054e+06,3.35,86.29,83.54,34.79,6.26,0.2,0
2025-01-11,1.536491e+06,0.99,91.79,89.46,36.0,6.07,0.0,0
2025-01-12,1.5996255e+06,1.61,92.04,66.92,38.21,5.85,0.0,0
2025-01-13,1.7844301e+06,0.62,82.42,8.33,71.96,6.7,0.0,0
2025-01-14,1.8727475e+06,-1.41,84.83,30.33,69.96,2.14,0.0,0
2025-01-15,1.8426505e+06,2.27,95.58,85.67,22.21,5.42,0.2,0
2025-01-16,1.759021e+06,3.6,92.12,79.67,38.83,7.63,0.0,0
2025-01-17,1.7933535e+06,0.91,93.29,70.25,44.75,4.22,0.0,0
2025-01-18,1.7186125e+06,0.64,89.88,84.79,23.0,6.35,0.0,0
2025-01-19,1.6608259e+06,-0.36,95.46,87.42,27.25,3.47,0.0,0
2025-01-20,1.787269e+06,-0.4,91.42,85.62,36.62,4.04,0.0,0
2025-01-21,1.7730895e+06,0.2,93.04,70.04,56.17,4.36,0.0,0
2025-01-22,1.6508505e+06,4.72,96.08,99.96,21.29,9.67,15.1,0
2025-01-23,1.5879815e+06,6.22,86.75,94.25,45.0,15.47,4.0,0
2025-01-24,1.5672715e+06,9.46,80.04,100.0,9.38,21.92,5.7,0
2025-01-25,1.359545e+06,9.83,88.17,99.46,23.21,11.77,11.0,0
2025-01-26,1.4029105e+06,4.98,86.75,90.79,25.42,17.85,3.8,0
2025-01-27,1.4656405e+06,9.81,78.54,61.83,67.0,23.5,3.0,0
2025-01-28,1.519143e+06,7.98,81.33,68.79,38.46,21.15,5.6,0
2025-01-29,1.5301175e+06,7.34,87.88,85.79,24.42,15.88,10.8,0
2025-01-30,1.5348745e+06,6.2,88.5,67.38,42.25,11.68,2.9,0
2025-01-31,1.600523e+06,2.32,92.21,76.17,22.92,8.05,4.5,0
2025-02-01,1.508189e+06,2.4,84.71,17.88,96.33,5.86,0.0,0
2025-02-02,1.509648e+06,1.24,88.0,0.0,96.33,4.19,0.0,0
2025-02-03,1.6717025e+06,1.19,96.17,73.62,50.54,3.01,0.0,0
2025-02-04,1.700247e+06,1.42,93.17,72.67,54.83,7.64,0.0,0
2025-02-05,1.6615765e+06,4.43,92.0,91.71,47.88,3.78,0.0,0
2025-02-06,1.6733181e+06,3.55,87.38,99.08,35.62,9.87,0.2,0
2025-02-07,1.680393e+06,4.07,78.54,100.0,38.88,12.83,0.8,0
2025-02-08,1.5181555e+06,5.79,81.21,95.38,56.92,12.72,2.1,0
2025-02-09,1.458497e+06,4.86,88.25,91.88,54.58,8.44,4.8,0
2025-02-10,1.5764445e+06,4.25,93.75,97.88,25.21,8.69,12.2,0
2025-02-11,1.5827485e+06,4.17,85.5,98.58,50.29,6.21,0.0,0
2025-02-12,1.5505181e+06,3.31,87.0,99.96,28.17,4.78,0.1,0
2025-02-13,1.540585e+06,4.52,80.17,89.92,75.83,5.31,0.1,0
2025-02-14,1.5732625e+06,1.57,77.46,39.33,117.88,8.96,0.0,0
2025-02-15,1.522261e+06,0.71,78.58,65.21,91.25,7.66,0.0,0
2025-02-16,1.465311e+06,1.88,79.75,41.62,119.25,7.48,0.0,0
2025-02-17,1.5742075e+06,1.88,80.29,39.71,122.71,6.82,0.0,0
2025-02-18,1.5809565e+06,2.74,78.62,89.17,121.5,8.52,0.0,0
2025-02-19,1.5302495e+06,4.85,79.96,93.75,77.33,7.9,0.0,0
2025-02-20,1.4295435e+06,9.62,92.38,98.38,43.17,10.29,2.0,0
2025-02-21,1.3622825e+06,12.1,83.92,99.42,71.46,11.14,0.0,0
2025-02-22,1.2367565e+06,10.78,83.08,79.46,58.67,11.73,4.0,0
2025-02-23,1.2238e+06,8.88,81.96,39.0,132.12,8.93,0.0,0
2025-02-24,1.354321e+06,10.4,81.71,86.79,25.58,13.46,3.3,0
2025-02-25,1.3923485e+06,8.08,94.38,88.29,16.04,12.95,16.3,0
2025-02-26,1.4589539e+06,7.14,82.29,54.79,98.08,14.2,3.6,0
2025-02-27,1.472785e+06,6.09,80.25,23.88,118.88,11.7,0.4,0
2025-02-28,1.478573e+06,5.03,83.17,27.25,109.83,8.49,0.4,0
2025-03-01,1.4129341e+06,3.74,82.33,39.33,94.25,12.7,0.0,0
2025-03-02,1.3547465e+06,4.67,77.38,26.08,156.5,9.76,0.0,0
2025-03-03,1.462261e+06,4.74,79.71,11.67,160.21,4.4,0.0,0
2025-03-04,1.4407085e+06,5.76,79.0,74.54,129.83,3.75,0.0,0
2025-03-05,1.3972205e+06,7.45,79.75,0.04,163.08,3.46,0.0,0
2025-03-06,1.3439135e+06,9.31,70.79,10.5,167.0,7.59,0.0,0
2025-03-07,1.282808e+06,10.73,69.29,17.04,153.96,8.84,0.0,0
2025-03-08,1.1590835e+06,11.72,66.58,41.58,157.88,10.89,0.0,0
2025-03-09,1.1231065e+06,12.32,66.67,75.38,121.79,7.73,0.0,0
2025-03-10,1.2652305e+06,10.82,83.29,99.12,71.21,4.62,3.5,0
2025-03-11,1.3260875e+06,7.09,90.0,94.96,85.96,6.02,0.0,0
2025-03-12,1.401647e+06,4.95,81.71,97.96,82.88,8.09,2.0,0
2025-03-13,1.4673085e+06,4.49,82.0,67.92,127.62,7.8,1.4,0
2025-03-14,1.5186765e+06,3.23,80.29,34.83,111.29,8.42,1.0,0
2025-03-15,1.4469125e+06,3.94,68.62,82.79,112.08,14.66,0.1,0
2025-03-16,1.3933435e+06,5.88,68.38,82.46,117.67,12.55,0.0,0
2025-03-17,1.480791e+06,5.91,66.04,9.21,186.33,11.17,0.0,0
2025-03-18,1.446009e+06,6.66,62.79,0.0,201.17,10.91,0.0,0
2025-03-19,1.3598535e+06,10.42,70.08,7.08,194.46,8.23,0.0,0
2025-03-20,1.3015135e+06,11.69,74.21,31.83,195.54,6.62,0.0,0
2025-03-21,1.2513325e+06,13.63,72.5,99.96,159.42,10.92,1.8,0
2025-03-22,1.129989e+06,12.81,86.83,96.67,108.67,9.95,8.1,0
2025-03-23,1.120314e+06,10.16,82.33,70.12,127.04,8.34,0.8,0
2025-03-24,1.2545525e+06,10.98,82.5,42.25,158.58,4.53,0.6,0
2025-03-25,1.2774865e+06,10.44,80.38,94.67,142.29,8.05,0.0,0
2025-03-26,1.2800755e+06,10.3,81.75,69.33,112.46,8.1,0.5,0
2025-03-27,1.271148e+06,8.95,78.21,0.33,220.79,5.85,0.0,0
2025-03-28,1.276203e+06,7.86,87.67,79.29,95.54,9.45,2.1,0
2025-03-29,1.19094e+06,8.97,69.54,34.54,221.5,11.31,0.4,0
2025-03-30,1.131864e+06,9.8,73.25,68.58,125.25,10.92,0.1,0
2025-03-31,1.217574e+06,9.13,77.62,4.21,223.88,7.92,0.0,0
2025-04-01,1.2414015e+06,9.15,63.38,1.12,231.62,14.16,0.0,0
2025-04-02,1.2573595e+06,11.08,61.04,7.88,232.58,14.25,0.0,0
2025-04-03,1.2125e+06,13.78,66.92,44.92,228.38,9.87,0.0,0
2025-04-04,1.1543605e+06,15.8,64.17,47.75,224.12,8.66,0.1,0
2025-04-05,1.00958306e+06,15.87,59.25,2.25,240.75,8.7,0.0,0
2025-04-06,963658.5,12.9,51.75,18.12,245.88,11.45,0.0,0
2025-04-07,1.1170085e+06,10.57,42.88,0.0,254.54,7.6,0.0,0
2025-04-08,1.1436975e+06,11.58,50.62,37.33,245.0,5.74,0.0,0
2025-04-09,1.140142e+06,12.32,54.58,1.0,250.12,9.8,0.0,0
2025-04-10,1.1480125e+06,10.81,64.29,4.25,252.58,10.19,0.0,0
2025-04-11,1.1276455e+06,13.61,55.38,0.0,256.83,6.86,0.0,0
2025-04-12,1.00552306e+06,14.7,58.58,60.0,191.5,10.75,3.2,0
2025-04-13,975230.0,14.32,74.96,70.17,175.0,12.06,3.1,0
2025-04-14,1.1096205e+06,13.75,67.04,70.58,185.62,8.16,0.1,0
2025-04-15,1.1371525e+06,14.39,73.83,84.08,168.79,12.19,2.8,0
2025-04-16,1.1916475e+06,11.35,59.38,99.83,161.33,7.72,0.0,0
2025-04-17,1.2280415e+06,12.0,59.62,76.33,200.04,4.56,0.0,0
2025-04-18,1.190736e+06,12.8,56.71,51.88,230.25,12.48,0.0,0
2025-04-19,1.063555e+06,13.85,61.96,87.42,190.25,11.76,4.0,0
2025-04-20,1.01320094e+06,13.18,73.21,89.04,175.12,11.32,3.3,0
2025-04-21,1.031762e+06,12.14,80.75,90.67,121.62,6.43,2.0,1
2025-04-22,1.138338e+06,12.32,78.75,72.12,201.96,3.96,0.1,0
2025-04-23,1.175524e+06,11.12,79.0,66.88,132.83,11.08,8.6,0
2025-04-24,1.1808285e+06,12.31,78.0,61.21,200.42,8.41,0.9,0
2025-04-25,1.160129e+06,11.61,78.5,71.92,142.5,8.1,0.5,0
2025-04-26,1.0324455e+06,13.41,71.75,69.5,246.33,9.07,0.2,0
2025-04-27,972270.0,15.48,66.62,34.42,252.79,8.48,0.4,0
2025-04-28,1.0664595e+06,16.92,60.92,5.54,282.62,7.66,0.0,0
2025-04-29,1.056665e+06,19.17,44.62,0.08,294.12,8.45,0.0,0
2025-04-30,1.047618e+06,21.29,39.38,0.17,293.42,5.92,0.0,0
2025-05-01,887124.0,22.62,41.79,27.96,280.04,8.35,0.0,1
2025-05-02,961199.5,22.59,48.29,39.33,277.75,6.17,0.0,0
2025-05-03,914712.0,19.04,71.58,60.62,224.42,8.61,13.4,0
2025-05-04,893900.0,12.28,65.71,71.83,202.12,14.46,0.8,0
2025-05-05,1.050137e+06,10.14,62.54,59.08,203.67,14.68,0.0,0
2025-05-06,1.092556e+06,11.15,60.58,42.42,225.67,14.06,0.0,0
2025-05-07,1.1090545e+06,11.78,65.75,67.08,200.58,12.94,0.0,0
2025-05-08,1.0041365e+06,13.27,58.83,71.62,232.71,10.82,0.0,1
2025-05-09,1.03008894e+06,14.76,46.25,43.42,238.62,10.83,0.0,0
2025-05-10,952147.5,17.22,42.88,19.33,276.96,10.98,0.0,0
2025-05-11,918400.0,18.04,59.0,43.38,247.83,9.22,11.5,0
2025-05-12,1.04601906e+06,15.87,74.83,97.21,207.83,7.35,1.1,0
2025-05-13,1.064612e+06,15.55,79.04,70.29,222.88,3.51,7.4,0
2025-05-14,1.062149e+06,17.58,66.5,12.54,277.25,5.34,0.0,0
2025-05-15,1.061971e+06,13.62,63.58,55.21,260.5,13.25,0.0,0
2025-05-16,1.056273e+06,14.2,60.71,1.21,322.38,11.54,0.0,0
2025-05-17,954656.94,13.68,60.67,73.38,179.38,10.95,0.0,0
2025-05-18,921882.0,14.54,63.62,23.08,296.79,6.8,0.0,0
2025-05-19,1.038956e+06,15.81,56.54,39.54,316.5,8.45,0.0,0
2025-05-20,1.054448e+06,18.77,46.71,45.75,299.75,9.67,0.0,0
2025-05-21,1.065278e+06,14.18,63.88,99.75,86.25,4.84,9.1,0
2025-05-22,1.0771755e+06,13.41,68.38,50.71,269.88,10.9,0.9,0
2025-05-23,1.0653235e+06,13.32,54.0,39.58,304.58,7.22,0.0,0
2025-05-24,962837.5,14.46,64.54,97.42,111.58,8.66,1.1,0
2025-05-25,911884.0,16.84,71.62,84.38,180.5,14.49,2.4,0
2025-05-26,1.0355385e+06,14.88,63.54,79.42,184.92,11.02,0.0,0
2025-05-27,1.06641e+06,16.31,68.96,93.0,147.92,15.95,0.0,0
2025-05-28,1.070428e+06,17.05,72.79,82.96,200.42,16.44,4.5,0
2025-05-29,956615.5,18.35,66.38,86.08,232.5,8.12,0.0,1
2025-05-30,988498.0,22.54,64.33,4.54,320.25,5.66,0.0,0
2025-05-31,937562.5,22.15,70.58,73.25,213.25,7.27,4.5,0
2025-06-01,896495.5,18.81,67.08,82.96,247.46,8.08,0.7,0
2025-06-02,1.0244315e+06,17.7,62.71,43.75,261.25,6.6,1.4,0
2025-06-03,1.049584e+06,19.01,52.04,21.33,316.12,10.74,0.0,0
2025-06-04,1.0604195e+06,16.57,64.92,84.04,106.33,9.41,2.5,0
2025-06-05,1.068475e+06,15.78,76.25,90.21,94.54,16.34,12.6,0
2025-06-06,1.054522e+06,17.05,75.25,83.83,250.17,14.37,6.1,0
2025-06-07,952914.5,16.22,74.46,85.29,208.75,15.72,4.1,0
2025-06-08,897860.0,15.23,69.83,48.0,256.17,15.37,6.3,0
2025-06-09,938747.06,16.16,69.42,31.29,291.04,4.62,0.1,1
2025-06-10,1.059323e+06,17.95,70.21,66.21,312.38,7.04,0.0,0
2025-06-11,1.089159e+06,20.55,66.5,28.33,333.67,7.8,0.0,0
2025-06-12,1.103691e+06,24.51,51.38,48.12,292.88,10.32,0.0,0
2025-06-13,1.1111415e+06,26.08,61.96,50.5,300.88,7.15,5.2,0
2025-06-14,986984.0,22.81,77.04,81.29,249.92,7.64,10.8,0
2025-06-15,920573.5,19.08,63.46,73.96,173.0,8.65,0.1,0
2025-06-16,1.055419e+06,19.38,59.29,22.04,318.33,6.04,0.0,0
2025-06-17,1.0887175e+06,22.42,53.62,26.12,291.42,6.25,0.0,0
2025-06-18,1.109476e+06,22.89,50.33,13.0,338.42,7.34,0.0,0
2025-06-19,1.130088e+06,24.71,49.67,0.0,337.88,10.33,0.0,0
2025-06-20,1.1332725e+06,25.56,43.42,40.38,302.62,9.52,0.0,0
2025-06-21,1.028584e+06,27.79,37.83,20.54,338.25,5.72,0.0,0
2025-06-22,974696.94,26.21,43.96,71.0,283.62,9.12,0.0,0
2025-06-23,1.1050055e+06,21.48,57.46,53.25,194.58,14.02,0.1,0
2025-06-24,1.1290575e+06,22.05,48.5,1.12,337.71,7.1,0.0,0
2025-06-25,1.1519065e+06,25.81,52.17,68.75,266.17,6.17,1.0,0
2025-06-26,1.1326635e+06,22.4,72.0,75.58,249.58,12.79,6.6,0
2025-06-27,1.130596e+06,23.34,68.96,80.79,208.79,8.61,0.4,0
2025-06-28,1.0429575e+06,24.06,68.12,27.92,253.58,5.16,0.0,0
2025-06-29,1.0093755e+06,24.32,65.79,18.21,317.17,7.05,0.0,0
2025-06-30,1.203536e+06,27.71,56.08,22.92,315.12,6.35,0.0,0
2025-07-01,1.2307345e+06,31.82,37.62,8.5,314.33,6.09,0.0,0
2025-07-02,1.2083645e+06,26.08,56.96,15.71,304.79,10.86,2.5,0
2025-07-03,1.1696785e+06,21.22,52.0,6.12,343.71,10.18,0.0,0
2025-07-04,1.157905e+06,21.26,43.38,17.62,343.38,7.02,0.0,0
2025-07-05,1.041038e+06,21.35,41.25,74.5,269.25,8.78,0.0,0
2025-07-06,956387.06,17.3,82.58,88.08,91.92,12.85,26.8,0
2025-07-07,1.0651625e+06,16.19,81.75,75.12,147.67,13.12,19.3,0
2025-07-08,1.0782795e+06,16.43,69.67,38.83,258.38,10.65,1.7,0
2025-07-09,1.090093e+06,17.89,66.79,15.04,324.29,3.02,0.0,0
2025-07-10,1.107788e+06,20.75,61.25,20.0,301.42,6.25,0.0,0
2025-07-11,1.112244e+06,23.66,55.62,0.46,326.04,9.27,0.0,0
2025-07-12,1.0036975e+06,23.88,52.96,17.21,269.21,7.65,0.0,0
2025-07-13,953165.5,25.03,45.5,19.5,309.54,6.78,0.0,0
2025-07-14,978634.0,23.03,63.42,64.46,272.33,12.46,6.0,1
2025-07-15,1.0970485e+06,20.84,52.92,79.29,210.25,10.6,1.1,0
2025-07-16,1.1182865e+06,20.25,68.67,90.83,83.21,14.12,4.4,0
2025-07-17,1.1357295e+06,21.24,74.17,63.46,233.67,3.81,0.5,0
2025-07-18,1.1319755e+06,25.04,58.58,67.79,291.17,6.58,0.0,0
2025-07-19,1.0055615e+06,23.95,58.5,81.88,232.04,11.98,2.0,0
2025-07-20,948075.06,19.8,75.79,68.67,156.21,11.25,16.7,0
2025-07-21,1.0550975e+06,18.24,77.71,85.79,178.04,15.2,14.5,0
2025-07-22,1.0647325e+06,18.95,71.17,67.75,211.0,14.13,0.2,0
2025-07-23,1.0661205e+06,18.18,81.17,86.38,187.21,4.19,13.5,0
2025-07-24,1.066486e+06,17.48,85.04,91.42,174.46,9.26,20.0,0
2025-07-25,1.0539115e+06,19.76,78.29,22.25,280.12,6.34,0.7,0
2025-07-26,960103.5,20.23,76.42,24.5,280.54,9.28,0.0,0
2025-07-27,912227.06,18.3,80.58,83.29,191.79,9.52,4.3,0
2025-07-28,1.0174155e+06,18.03,70.33,36.88,259.46,10.09,0.9,0
2025-07-29,1.0380685e+06,17.87,74.88,41.33,232.25,6.63,0.6,0
2025-07-30,1.0456075e+06,19.0,80.29,60.79,208.25,6.19,5.7,0
2025-07-31,1.052652e+06,19.55,76.21,46.5,236.62,8.76,1.0,0
2025-08-01,1.0295635e+06,18.86,77.08,59.88,228.42,9.63,1.4,0
2025-08-02,931684.94,16.94,72.29,56.12,221.79,8.9,0.2,0
2025-08-03,886897.5,18.07,68.71,53.58,280.33,6.08,0.0,0
2025-08-04,986333.5,21.79,71.62,76.83,162.79,9.74,0.2,0
2025-08-05,999116.94,19.67,67.12,23.92,290.71,12.02,4.2,0
2025-08-06,986207.5,17.66,64.54,73.29,273.71,3.78,0.0,0
2025-08-07,1.005418e+06,21.7,50.29,21.04,284.42,5.42,0.0,0
2025-08-08,1.018542e+06,21.76,61.92,45.42,257.04,6.85,0.0,0
2025-08-09,963382.0,21.5,62.12,35.46,283.17,7.98,0.0,0
2025-08-10,932314.0,20.69,57.83,0.0,292.79,6.22,0.0,0
2025-08-11,1.032084e+06,24.08,46.92,0.0,290.58,8.34,0.0,0
2025-08-12,1.0651835e+06,27.46,44.21,1.75,284.71,8.3,0.0,0
2025-08-13,1.0623915e+06,26.82,56.92,71.0,197.96,4.8,0.6,0
2025-08-14,1.0585905e+06,25.62,63.62,48.46,268.25,6.7,0.0,0
2025-08-15,994482.5,24.08,54.08,0.33,275.62,8.62,0.0,1
2025-08-16,984256.0,23.2,60.75,3.21,267.67,11.18,0.0,0
2025-08-17,936155.06,21.25,56.88,0.04,275.38,9.75,0.0,0
2025-08-18,1.024386e+06,22.14,56.12,10.54,271.21,8.3,0.0,0
2025-08-19,1.0343985e+06,22.68,57.75,78.46,182.71,5.49,0.5,0
2025-08-20,1.0151945e+06,19.69,79.29,98.54,108.83,7.76,3.9,0
2025-08-21,1.0075355e+06,18.65,69.21,60.25,226.04,12.1,1.6,0
2025-08-22,1.005252e+06,16.92,63.75,40.25,201.67,8.1,0.0,0
2025-08-23,931934.5,17.45,63.54,68.17,207.04,5.78,0.0,0
2025-08-24,896094.0,18.42,57.42,3.58,261.08,5.8,0.0,0
2025-08-25,1.0274745e+06,20.78,49.21,25.21,255.0,5.05,0.0,0
2025-08-26,1.0667975e+06,22.67,49.21,60.17,208.29,8.61,0.0,0
2025-08-27,1.0734145e+06,22.35,55.96,85.88,224.08,8.89,0.5,0
2025-08-28,1.069133e+06,20.2,57.58,64.29,186.17,10.68,0.5,0
2025-08-29,1.0483715e+06,17.35,74.5,71.62,128.62,13.66,3.3,0
2025-08-30,949046.0,17.75,73.04,54.92,153.33,12.9,0.1,0
2025-08-31,915664.0,18.8,82.5,98.12,93.54,11.96,5.6,0
2025-09-01,1.0364285e+06,16.9,79.92,58.46,193.79,9.96,4.9,0
2025-09-02,1.056945e+06,15.65,84.58,60.38,92.92,14.1,3.6,0
2025-09-03,1.084681e+06,19.53,76.92,69.17,132.17,19.81,0.4,0
2025-09-04,1.0757585e+06,17.61,76.29,60.42,153.62,13.32,1.1,0
2025-09-05,1.0644255e+06,16.6,74.46,40.67,192.46,6.71,0.9,0
2025-09-06,965446.5,17.78,69.08,47.79,233.5,9.68,0.0,0
2025-09-07,934428.94,21.47,66.67,36.88,208.88,10.32,0.0,0
2025-09-08,1.049295e+06,20.04,67.79,69.21,182.12,7.96,0.0,0
2025-09-09,1.061424e+06,17.64,60.5,52.62,202.12,4.79,0.0,0
2025-09-10,1.05349e+06,16.39,71.0,68.12,142.29,9.6,3.4,0
2025-09-11,1.0738195e+06,15.91,77.0,39.96,165.79,15.89,4.0,0
2025-09-12,1.0622505e+06,15.5,68.46,28.67,197.58,13.76,0.5,0
2025-09-13,954580.5,14.98,82.96,91.42,119.38,14.32,9.4,0
2025-09-14,925844.0,16.23,89.04,80.04,45.21,11.49,0.5,0
2025-09-15,1.061568e+06,18.08,70.79,49.17,174.5,20.63,0.7,0
2025-09-16,1.073428e+06,15.23,71.96,75.62,138.29,14.6,0.2,0
2025-09-17,1.0757325e+06,16.55,75.33,53.08,158.92,7.37,0.0,0
2025-09-18,1.066253e+06,18.18,75.42,3.25,200.08,5.11,0.0,0
2025-09-19,1.071471e+06,20.51,65.71,23.58,204.96,7.16,0.0,0
2025-09-20,971031.06,20.85,74.38,92.83,48.17,11.64,8.8,0
2025-09-21,917150.5,15.55,73.54,68.17,116.79,7.95,0.5,0
2025-09-22,1.04769294e+06,12.82,71.21,51.88,165.83,14.33,0.9,0
2025-09-23,1.0906045e+06,11.8,75.83,98.21,69.83,13.89,6.6,0
2025-09-24,1.1259305e+06,10.75,89.92,100.0,40.62,14.05,11.6,0
2025-09-25,1.1456185e+06,10.77,83.67,99.12,44.83,7.49,1.0,0
2025-09-26,1.145951e+06,11.41,83.79,76.58,78.71,4.15,0.6,0
2025-09-27,1.032228e+06,12.04,84.21,69.0,119.17,4.86,0.7,0
2025-09-28,984283.5,13.05,80.42,73.88,175.33,4.5,0.0,0
2025-09-29,1.095801e+06,13.9,79.46,37.58,154.21,4.78,0.0,0
2025-09-30,1.10923e+06,13.6,76.88,25.46,169.42,6.46,0.0,0
2025-10-01,1.122468e+06,13.25,78.29,35.42,159.46,3.93,0.0,0
2025-10-02,1.1210095e+06,13.0,73.42,59.46,144.71,5.55,0.0,0
2025-10-03,1.129607e+06,13.12,80.04,100.0,31.0,10.89,4.1,0
2025-10-04,1.0249765e+06,15.05,77.83,60.21,122.88,22.63,8.7,0
2025-10-05,995696.5,12.57,72.79,28.71,143.88,16.31,0.0,0
2025-10-06,1.129746e+06,12.68,80.67,73.54,81.71,7.68,0.0,0
2025-10-07,1.1304415e+06,13.2,85.42,57.54,144.38,2.22,0.0,0
2025-10-08,1.128553e+06,12.78,87.0,92.5,96.0,4.3,0.0,0
2025-10-09,1.1251215e+06,14.74,80.12,84.71,110.92,5.65,0.2,0
2025-10-10,1.1262465e+06,12.86,84.58,86.46,83.83,6.35,0.0,0
2025-10-11,1.01811106e+06,13.9,82.33,50.96,131.71,7.52,0.0,0
2025-10-12,980550.5,12.85,83.21,2.79,143.92,8.45,0.0,0
2025-10-13,1.1126735e+06,13.01,84.17,51.92,69.5,10.86,0.2,0
2025-10-14,1.130994e+06,13.85,81.21,68.0,120.79,10.8,0.0,0
2025-10-15,1.144712e+06,13.03,82.58,69.88,80.21,10.07,0.2,0
2025-10-16,1.1565895e+06,12.55,78.38,86.04,74.67,9.33,0.0,0
2025-10-17,1.153772e+06,12.42,78.88,27.88,120.5,8.91,0.0,0
2025-10-18,1.062452e+06,11.32,72.67,64.5,124.62,8.99,0.0,0
2025-10-19,1.03265906e+06,11.65,83.33,100.0,24.38,11.66,1.9,0
2025-10-20,1.13969e+06,14.98,85.42,86.21,69.25,17.49,3.9,0
2025-10-21,1.1497565e+06,14.19,81.42,75.38,84.21,14.32,1.1,0
2025-10-22,1.1439765e+06,13.85,88.67,97.71,46.17,7.67,2.7,0
2025-10-23,1.179516e+06,12.39,79.83,70.42,56.92,24.45,3.3,0
2025-10-24,1.2157665e+06,9.19,76.88,45.25,103.83,16.37,2.0,0
2025-10-25,1.1096595e+06,10.62,81.38,40.0,84.42,15.79,0.3,0
2025-10-26,1.0963355e+06,9.01,74.92,61.21,98.25,14.17,0.1,0
2025-10-27,1.235111e+06,11.86,77.79,80.04,74.0,19.28,4.9,0
2025-10-28,1.2206795e+06,12.55,82.75,81.92,58.54,15.1,0.3,0
2025-10-29,1.232363e+06,12.02,89.75,93.17,56.29,10.09,9.0,0
2025-10-30,1.2213025e+06,10.63,83.17,58.92,100.67,10.57,0.0,0
2025-10-31,1.2060405e+06,11.69,83.38,74.58,66.17,11.94,0.0,0
2025-11-01,1.068906e+06,13.91,83.04,80.29,25.79,15.47,6.0,1
2025-11-02,1.067288e+06,11.19,82.75,52.25,77.83,13.47,1.5,0
2025-11-03,1.213463e+06,11.16,85.71,55.46,51.58,11.75,0.0,0
2025-11-04,1.2269085e+06,12.22,83.5,81.08,92.42,10.91,0.0,0
2025-11-05,1.221134e+06,13.48,74.83,65.38,84.67,11.32,0.0,0
2025-11-06,1.2158465e+06,13.09,91.25,94.58,26.79,7.58,6.3,0
2025-11-07,1.2227265e+06,11.89,90.88,60.58,42.58,9.57,0.1,0
2025-11-08,1.1362785e+06,11.0,93.96,58.17,17.25,5.54,0.7,0
2025-11-09,1.1194585e+06,9.25,92.46,67.92,58.21,7.2,0.0,0
2025-11-10,1.2240405e+06,9.5,89.75,80.38,49.96,11.7,1.8,0
2025-11-11,1.1629695e+06,11.35,89.83,84.67,40.75,12.95,0.0,1
2025-11-12,1.2496155e+06,11.66,80.04,92.46,75.0,11.73,0.0,0
2025-11-13,1.2183375e+06,14.55,75.25,88.58,53.58,10.76,0.0,0
2025-11-14,1.1885525e+06,15.58,76.25,99.71,35.79,11.82,3.5,0
2025-11-15,1.085876e+06,12.36,95.62,97.25,33.75,6.65,24.9,0
2025-11-16,1.085399e+06,10.04,95.25,89.29,34.04,6.95,0.3,0
2025-11-17,1.2898025e+06,6.67,80.54,42.83,52.67,10.65,0.3,0
2025-11-18,1.458073e+06,3.72,85.29,44.29,59.79,7.15,0.0,0
2025-11-19,1.5199835e+06,5.78,84.25,87.58,32.12,16.81,3.0,0
2025-11-20,1.588711e+06,2.7,83.38,69.92,66.46,10.82,0.2,0
2025-11-21,1.674341e+06,1.78,85.67,59.46,33.5,9.5,0.3,0
2025-11-22,1.633249e+06,-0.56,90.08,80.12,53.33,8.26,0.0,0
2025-11-23,1.5272221e+06,3.35,93.67,100.0,10.83,14.64,15.3,0
2025-11-24,1.5151265e+06,7.16,89.96,75.5,55.79,13.48,2.5,0
2025-11-25,1.551075e+06,5.96,84.42,50.79,47.29,15.6,3.5,0
2025-11-26,1.6080965e+06,4.86,88.0,33.58,62.33,9.33,0.2,0
2025-11-27,1.6329699e+06,5.35,86.88,95.29,13.75,9.88,0.0,0
2025-11-28,1.551616e+06,9.12,95.0,89.58,15.79,11.49,7.2,0
2025-11-29,1.3730259e+06,9.46,95.29,100.0,15.79,13.22,4.7,0
2025-11-30,1.3414245e+06,6.51,87.42,48.83,56.92,9.02,0.1,0
2025-12-01,1.5691859e+06,4.74,84.33,91.0,36.08,12.93,0.0,0
2025-12-02,1.540501e+06,8.16,77.58,97.71,34.96,12.46,0.4,0
2025-12-03,1.5249705e+06,7.9,88.29,81.17,34.08,6.92,0.1,0
2025-12-04,1.546616e+06,6.47,92.29,79.62,18.92,12.0,2.1,0
2025-12-05,1.5833135e+06,3.68,90.79,63.71,47.25,9.73,1.0,0
2025-12-06,1.39238e+06,9.82,85.38,74.75,44.46,18.05,2.4,0
2025-12-07,1.2730615e+06,12.47,90.71,100.0,10.54,16.78,9.3,0
2025-12-08,1.3392445e+06,14.37,84.62,99.0,26.25,15.25,1.3,0
2025-12-09,1.357727e+06,11.92,82.96,92.88,52.79,12.61,0.2,0
2025-12-10,1.3533645e+06,12.11,89.62,96.75,28.83,8.55,0.3,0
2025-12-11,1.412933e+06,7.56,96.92,80.71,18.71,7.28,0.1,0
2025-12-12,1.389748e+06,9.76,94.83,95.5,27.96,7.05,0.1,0
2025-12-13,1.310947e+06,8.54,98.04,99.29,15.08,3.5,0.0,0
2025-12-14,1.325896e+06,6.88,96.17,100.0,15.12,9.22,0.0,0
2025-12-15,1.453551e+06,7.58,90.25,71.12,45.83,11.05,0.0,0
2025-12-16,1.416515e+06,10.21,88.08,56.96,47.46,6.96,0.0,0
2025-12-17,1.439177e+06,8.32,91.08,80.12,45.46,6.95,0.0,0
2025-12-18,1.423759e+06,10.72,79.33,96.0,38.29,16.62,0.0,0
2025-12-19,1.3569415e+06,10.58,89.79,99.79,22.33,9.84,5.7,0
2025-12-20,1.283696e+06,8.01,97.04,98.21,15.25,7.02,2.1,0
2025-12-21,1.2328235e+06,9.58,95.58,94.5,17.79,12.76,11.6,0
2025-12-22,1.381437e+06,9.23,89.17,99.88,32.38,8.36,0.1,0
2025-12-23,1.4555015e+06,5.17,86.38,97.33,25.67,8.47,0.0,0
2025-12-24,1.496581e+06,3.45,70.96,65.62,49.96,17.36,0.0,0
2025-12-25,1.4633045e+06,-0.05,73.0,35.25,55.58,14.18,0.1,1
2025-12-26,1.560836e+06,-0.6,83.42,12.42,57.29,7.51,0.0,0
2025-12-27,1.5442325e+06,0.11,84.21,4.38,56.5,7.35,0.0,0
2025-12-28,1.527264e+06,0.39,89.96,49.62,33.42,8.45,0.0,0
2025-12-29,1.642013e+06,-0.62,84.08,15.12,61.25,7.09,0.0,0
2025-12-30,1.655061e+06,2.42,84.96,41.71,57.08,9.62,0.0,0
2025-12-31,1.6811585e+06,0.03,90.54,17.88,50.46,4.55,0.0,0
2026-01-01,1.630079e+06,0.52,90.29,70.0,27.21,9.47,0.0,1
2026-01-02,1.683957e+06,2.15,92.42,59.88,26.83,13.65,2.5,0
2026-01-03,1.6847939e+06,-0.11,82.62,11.58,57.96,10.81,0.1,0
2026-01-04,1.7112535e+06,-1.04,80.79,27.29,62.33,6.46,0.0,0
2026-01-05,1.936328e+06,-1.95,89.71,55.79,25.04,7.3,3.6,0
2026-01-06,1.9815925e+06,-2.79,90.42,27.21,65.54,6.6,0.0,0
2026-01-07,1.9595955e+06,0.12,89.38,84.96,31.54,13.95,4.0,0
2026-01-08,1.7831341e+06,5.45,94.38,99.62,18.71,15.42,8.9,0
2026-01-09,1.694113e+06,6.12,81.21,95.12,17.71,26.2,5.0,0
2026-01-10,1.633031e+06,3.38,79.17,90.08,34.38,17.65,0.8,0
2026-01-11,1.6202579e+06,2.02,83.58,98.62,52.0,9.64,0.0,0
2026-01-12,1.6587295e+06,8.85,85.12,99.96,12.62,18.51,6.4,0
2026-01-13,1.5530781e+06,9.89,80.21,98.62,54.21,12.18,3.1,0
2026-01-14,1.4969125e+06,9.78,87.42,94.96,38.12,9.0,1.0,0
2026-01-15,1.4953315e+06,10.2,83.67,95.75,36.38,15.45,0.8,0
2026-01-16,1.4846015e+06,9.1,87.79,94.29,54.42,10.95,1.0,0
2026-01-17,1.3797795e+06,8.38,92.96,97.75,46.29,7.1,0.4,0
2026-01-18,1.3455485e+06,7.76,84.62,79.62,50.79,6.98,0.0,0
2026-01-19,1.5247755e+06,5.94,88.88,84.12,58.88,7.37,0.0,0
2026-01-20,1.5672025e+06,7.5,88.54,83.21,45.08,12.5,0.3,0
2026-01-21,1.562609e+06,9.63,78.79,92.79,59.04,15.8,7.0,0
2026-01-22,1.5400061e+06,8.65,87.25,75.92,43.71,13.87,3.0,0
2026-01-23,1.578621e+06,6.68,87.25,88.17,41.46,14.35,3.3,0
2026-01-24,1.5015175e+06,5.27,84.75,55.17,67.5,10.28,0.4,0
2026-01-25,1.464876e+06,5.36,92.04,88.5,29.58,9.8,2.7,0
2026-01-26,1.603936e+06,5.25,92.92,81.12,35.58,8.6,0.1,0
2026-01-27,1.622717e+06,6.43,91.0,99.62,9.38,14.74,12.9,0
2026-01-28,1.616449e+06,4.68,93.54,99.96,46.83,3.71,0.0,0
2026-01-29,1.6474915e+06,2.5,94.71,92.12,37.62,6.59,0.0,0
2026-01-30,1.582777e+06,6.92,88.38,87.17,52.54,12.07,3.5,0
2026-01-31,1.4459855e+06,6.86,91.71,88.04,41.67,8.26,0.0,0
2026-02-01,1.3790725e+06,6.73,95.58,80.71,21.88,10.02,2.9,0
2026-02-02,1.525707e+06,6.21,88.71,96.58,43.0,9.31,2.4,0
2026-02-03,1.514848e+06,8.02,90.62,91.79,24.75,12.03,8.1,0
2026-02-04,1.5442259e+06,6.93,85.12,49.71,89.33,11.3,0.0,0
2026-02-05,1.523691e+06,8.87,89.75,99.92,31.96,13.14,5.3,0
2026-02-06,1.4612019e+06,9.78,86.38,79.0,87.5,12.9,4.0,0
2026-02-07,1.3607725e+06,8.64,83.12,71.25,82.08,13.01,0.0,0
2026-02-08,1.3405005e+06,7.85,84.17,77.62,101.58,5.07,1.7,0
2026-02-09,1.5021981e+06,6.59,88.58,93.33,72.21,10.18,0.7,0
2026-02-10,1.480572e+06,10.25,90.29,95.5,55.88,14.35,17.3,0
2026-02-11,1.434969e+06,11.03,86.42,95.96,71.54,18.31,12.7,0
2026-02-12,1.4399815e+06,10.18,81.33,88.04,69.88,20.45,6.9,0
2026-02-13,1.471177e+06,8.08,91.88,88.29,32.21,9.36,9.6,0
2026-02-14,1.4602285e+06,3.32,77.71,88.79,65.25,15.3,5.7,0
2026-02-15,1.506945e+06,2.36,87.5,94.46,18.62,13.15,5.0,0
2026-02-16,1.534317e+06,7.76,77.75,52.25,98.58,20.58,3.6,0
2026-02-17,1.541444e+06,6.13,72.71,79.92,112.0,12.66,0.4,0
2026-02-18,1.566067e+06,5.08,90.29,100.0,26.67,13.31,19.0,0
2026-02-19,1.5450095e+06,8.03,90.17,97.83,47.04,12.85,5.1,0
2026-02-20,1.512988e+06,8.3,78.08,95.83,74.83,12.84,0.2,0
2026-02-21,1.3201005e+06,11.97,79.96,96.62,101.29,15.61,0.2,0
2026-02-22,1.2454225e+06,12.0,86.88,100.0,30.67,15.93,6.4,0
2026-02-23,1.3479661e+06,12.1,77.79,93.21,106.21,13.83,0.0,0
2026-02-24,1.3123465e+06,12.72,85.71,75.46,77.04,8.82,0.5,0
2026-02-25,1.2948405e+06,12.17,84.17,33.46,139.83,7.53,0.0,0
2026-02-26,1.275426e+06,13.09,76.75,34.92,140.29,9.34,0.0,0
2026-02-27,1.290829e+06,11.87,81.92,48.46,76.04,13.53,3.4,0
2026-02-28,1.2209405e+06,10.18,73.46,46.38,125.92,15.17,0.1,0
2026-03-01,1.216909e+06,8.1,77.33,45.42,114.71,10.2,0.0,0
2026-03-02,1.313896e+06,10.23,71.46,9.71,152.33,8.44,0.0,0
2026-03-03,1.301326e+06,10.49,76.88,32.67,151.71,4.7,0.0,0
2026-03-04,1.284083e+06,11.11,71.58,0.25,158.92,6.75,0.0,0
2026-03-05,1.2759845e+06,11.14,73.12,33.58,148.25,6.24,0.0,0
2026-03-06,1.2680625e+06,12.38,79.88,85.58,129.88,3.95,0.0,0
2026-03-07,1.1621395e+06,12.37,83.17,61.04,153.75,5.99,0.0,0
2026-03-08,1.126557e+06,10.58,89.04,39.17,144.38,3.12,0.0,0
2026-03-09,1.244144e+06,11.6,81.04,17.12,156.38,5.65,0.4,0
2026-03-10,1.268612e+06,11.85,81.71,76.88,125.29,8.09,5.1,0
2026-03-11,1.3108695e+06,10.45,81.42,66.62,75.42,15.42,10.6,0
2026-03-12,1.338911e+06,8.47,76.75,41.96,129.62,12.7,0.0,0
2026-03-13,1.3563785e+06,8.98,88.29,90.67,24.04,14.71,16.1,0
2026-03-14,1.3036265e+06,5.7,79.54,62.75,138.42,11.24,7.4,0
2026-03-15,1.3007785e+06,6.45,72.79,26.29,187.46,6.57,0.0,0
2026-03-16,1.372807e+06,9.62,71.54,94.54,82.96,12.25,0.0,0
2026-03-17,1.3130175e+06,10.41,75.42,40.42,185.21,7.72,0.0,0
2026-03-18,1.2833655e+06,10.87,63.29,0.0,198.75,13.28,0.0,0
2026-03-19,1.2757105e+06,10.57,63.21,5.92,200.92,10.36,0.0,0
2026-03-20,1.259692e+06,10.14,65.42,42.62,197.79,6.4,0.0,0
2026-03-21,1.159106e+06,10.4,71.29,26.38,194.5,7.4,0.0,0
2026-03-22,1.1409545e+06,9.61,70.75,29.33,182.08,8.42,0.0,0
2026-03-23,1.2757305e+06,10.04,70.75,75.62,201.54,5.62,0.0,0
2026-03-24,1.26692e+06,11.32,70.08,81.42,182.38,9.23,0.0,0
2026-03-25,1.331228e+06,8.14,70.71,67.42,149.83,20.94,4.9,0
2026-03-26,1.42566e+06,5.51,69.17,29.96,195.12,12.25,1.8,0
2026-03-27,1.4348485e+06,6.15,72.46,60.92,128.79,4.64,0.2,0
2026-03-28,1.316667e+06,8.22,74.0,60.54,184.96,14.1,9.5,0
2026-03-29,1.289391e+06,6.64,70.88,49.96,172.12,9.62,0.0,0
2026-03-30,1.3688555e+06,9.73,70.96,69.42,153.75,16.6,0.2,0
2026-03-31,1.3864695e+06,8.37,81.0,89.29,67.46,7.58,0.6,0
2026-04-01,1.3808225e+06,9.69,91.42,97.42,62.17,5.11,2.9,0
2026-04-02,1.3705555e+06,9.88,82.0,74.12,126.5,7.23,1.2,0
2026-04-03,1.349428e+06,8.24,82.88,76.25,109.0,10.32,0.6,0
2026-04-04,1.142577e+06,14.27,78.29,76.79,187.83,12.72,1.5,0
2026-04-05,1.0443185e+06,12.56,69.21,76.62,116.12,13.49,0.6,0
2026-04-06,1.0542295e+06,10.33,72.08,45.04,240.0,5.56,0.0,1
2026-04-07,1.1249205e+06,14.35,66.62,3.96,244.79,7.9,0.0,0
2026-04-08,1.1160535e+06,16.17,59.62,0.0,248.5,5.1,0.0,0
2026-04-09,1.1089835e+06,16.66,65.17,35.96,228.96,6.08,3.0,0
2026-04-10,1.1083305e+06,12.69,50.92,92.42,222.0,7.52,0.0,0
2026-04-11,1.024978e+06,11.77,70.62,99.0,91.58,11.93,5.2,0
2026-04-12,1.0529975e+06,9.95,66.46,100.0,174.75,7.42,0.2,0
2026-04-13,1.2292375e+06,10.08,75.58,79.83,165.0,4.29,6.4,0
2026-04-14,1.2321005e+06,11.12,64.17,42.42,251.79,5.08,0.0,0
2026-04-15,1.182615e+06,13.38,60.21,45.54,145.75,10.51,0.0,0
2026-04-16,1.144339e+06,14.6,62.88,63.54,223.21,7.1,0.0,0
2026-04-17,1.115789e+06,15.69,56.46,71.92,202.75,4.24,0.0,0
2026-04-18,996879.5,15.95,60.58,50.71,211.75,8.38,0.8,0
2026-04-19,962175.5,12.41,61.79,44.0,220.88,8.54,0.0,0
2026-04-20,1.096112e+06,11.64,56.79,66.88,237.38,11.65,0.0,0
2026-04-21,1.1331895e+06,10.98,55.67,28.0,224.62,14.0,0.0,0
2026-04-22,1.138166e+06,13.32,44.38,25.38,286.0,15.69,0.0,0
2026-04-23,1.1238665e+06,15.47,37.75,0.0,290.75,12.83,0.0,0
2026-04-24,1.097706e+06,16.0,35.62,1.62,294.62,10.24,0.0,0
2026-04-25,986033.5,15.76,42.33,29.29,291.21,7.16,0.0,0
2026-04-26,942739.5,16.04,37.0,48.5,284.83,7.09,0.0,0
2026-04-27,1.066815e+06,16.06,47.21,93.88,251.08,7.23,0.0,0
2026-04-28,1.078664e+06,15.88,47.75,45.92,266.38,11.31,0.2,0
2026-04-29,1.0866515e+06,18.39,38.38,57.58,267.96,16.55,0.0,0
2026-04-30,1.069889e+06,18.29,28.33,0.0,302.25,15.35,0.0,0
2026-05-01,906481.5,18.73,42.38,25.67,256.71,6.88,1.1,1
2026-05-02,924649.5,19.44,67.25,79.38,236.12,7.88,0.9,0
2026-05-03,917495.06,16.47,77.62,90.67,153.5,8.93,9.1,0
2026-05-04,1.0686835e+06,14.61,88.83,99.88,111.29,4.06,5.3,0
2026-05-05,1.1032995e+06,13.35,91.62,100.0,77.92,10.55,18.7,0
2026-05-06,1.124257e+06,11.51,80.96,97.29,140.04,11.89,8.5,0
2026-05-07,1.117182e+06,12.6,70.62,63.21,205.42,4.71,0.2,0
2026-05-08,987836.0,13.83,69.17,8.96,296.75,5.31,0.0,1
2026-05-09,940372.5,16.28,70.12,61.42,285.0,7.4,1.7,0
2026-05-10,926690.0,14.69,79.46,100.0,84.29,9.72,24.6,0
2026-05-11,1.073814e+06,11.12,78.83,86.54,156.96,12.48,5.9,0
2026-05-12,1.1030575e+06,10.52,69.67,59.12,220.92,5.5,0.2,0
2026-05-13,1.1164645e+06,11.19,75.08,61.83,204.12,14.97,4.6,0
2026-05-14,1.0511405e+06,9.23,76.96,53.29,226.79,11.28,4.1,1
2026-05-15,1.0990485e+06,8.77,76.75,52.92,244.92,7.41,2.7,0
2026-05-16,1.0480425e+06,10.76,72.54,57.5,248.96,7.67,0.6,0
2026-05-17,1.00049e+06,12.31,83.54,99.42,149.62,8.38,9.5,0
2026-05-18,1.118946e+06,11.82,78.29,83.92,223.08,7.07,2.7,0
2026-05-19,1.1295395e+06,13.56,81.71,83.83,148.08,12.76,4.5,0
2026-05-20,1.1041915e+06,16.08,74.08,62.46,221.42,13.36,2.8,0
2026-05-21,1.0913105e+06,17.54,73.25,37.67,298.0,4.23,0.0,0
2026-05-22,1.074661e+06,20.52,68.0,14.0,329.67,4.73,0.0,0
2026-05-23,964604.5,22.59,63.88,23.25,328.92,3.46,0.0,0
2026-05-24,915477.5,24.11,64.83,8.96,329.46,6.75,0.0,0
2026-05-25,970611.06,25.48,61.0,24.67,327.92,8.68,0.0,1
