Ngày,Tổng tiêu thụ điện (MWh),Nhiệt_độ,Độ_ẩm,Độ_che_phủ_mây,Bức_xạ_sóng_ngắn,Tốc_độ_gió,Tổng_lượng_mưa,Số_giờ_hợp_lệ,Ngày_lễ
2012-01-01,1235796.0,12.1375,92.29166666666669,99.95833333333331,6.333333333333333,23.2125,0.6,24,1
2012-01-02,1456407.5,8.470833333333333,84.95833333333333,70.41666666666667,39.41666666666666,18.4875,8.9,24,0
2012-01-03,1626290.5,8.6,83.66666666666667,91.08333333333331,11.75,28.704166666666666,8.8,24,0
2012-01-04,1632701.5,7.745833333333334,75.58333333333333,72.375,50.208333333333336,22.066666666666663,0.1,24,0
2012-01-05,1659777.5,9.395833333333334,74.70833333333333,77.20833333333333,17.666666666666668,34.0625,3.2,24,0
2012-01-06,1657422.5,5.883333333333333,73.58333333333333,39.708333333333336,47.708333333333336,16.854166666666668,0.0,24,0
2012-01-07,1515853.5,8.424999999999999,84.25,90.79166666666669,16.625,17.658333333333335,0.3999999999999999,24,0
2012-01-08,1416791.5,7.295833333333333,81.70833333333333,83.66666666666667,35.0,12.758333333333333,0.1,24,0
2012-01-09,1613687.5,7.733333333333333,88.95833333333333,82.125,34.0,9.533333333333331,0.7,24,0
2012-01-10,1645393.0,9.166666666666666,92.83333333333331,97.41666666666669,19.25,5.770833333333333,0.3,24,0
2012-01-11,1658030.0,7.175,91.20833333333331,64.95833333333333,39.16666666666666,4.258333333333334,0.0,24,0
2012-01-12,1715185.0,6.058333333333334,86.375,67.875,40.208333333333336,10.0625,0.0,24,0
2012-01-13,1706840.0,6.041666666666667,92.33333333333331,93.41666666666669,24.83333333333333,9.083333333333334,0.3,24,0
2012-01-14,1627089.0,1.65,85.58333333333333,14.208333333333334,64.70833333333333,10.070833333333336,0.0,24,0
2012-01-15,1632470.0,0.5,83.875,2.583333333333333,66.58333333333333,13.041666666666666,0.0,24,0
2012-01-16,1834024.0,0.5166666666666667,69.04166666666667,3.625,69.83333333333333,13.958333333333334,0.0,24,0
2012-01-17,1888282.5,-0.9916666666666668,83.33333333333333,37.875,68.625,5.904166666666666,0.0,24,0
2012-01-18,1885456.5,2.495833333333333,90.79166666666669,86.25,38.54166666666666,13.620833333333332,0.3,24,0
2012-01-19,1752653.0,9.754166666666666,93.41666666666669,97.83333333333331,10.875,23.29583333333333,1.2,24,0
2012-01-20,1673208.0,7.729166666666667,84.70833333333333,96.16666666666669,28.166666666666668,22.416666666666668,1.6,24,0
2012-01-21,1479461.5,10.0,87.66666666666667,99.83333333333331,16.708333333333332,23.97083333333333,0.0,24,0
2012-01-22,1382618.5,8.549999999999999,78.66666666666667,79.16666666666667,29.70833333333333,19.641666666666666,0.0,24,0
2012-01-23,1591847.0,6.883333333333333,83.5,79.29166666666667,48.0,12.158333333333331,0.0,24,0
2012-01-24,1654660.0,5.4375,91.33333333333331,97.625,24.375,9.191666666666666,4.9,24,0
2012-01-25,1637339.5,8.841666666666667,96.95833333333331,99.79166666666669,13.583333333333334,8.6625,0.0,24,0
2012-01-26,1642679.0,8.033333333333333,93.33333333333331,89.70833333333333,19.58333333333333,12.358333333333334,0.7000000000000001,24,0
2012-01-27,1660329.5,3.8708333333333336,85.125,46.875,76.08333333333333,7.8,0.0,24,0
2012-01-28,1564736.5,3.5625,91.95833333333331,91.54166666666669,34.375,7.670833333333333,3.5,24,0
2012-01-29,1575382.0,1.9416666666666669,86.95833333333333,76.45833333333333,74.33333333333333,13.254166666666668,0.0,24,0
2012-01-30,1849932.5,-0.6458333333333334,78.29166666666667,99.5,28.25,5.15,0.0,24,0
2012-01-31,1914193.0,-0.0916666666666666,74.79166666666667,90.70833333333331,41.29166666666666,10.904166666666669,0.0,24,0
2012-02-01,2005918.0,-2.1375,63.66666666666666,49.125,89.25,19.029166666666665,0.0,24,0
2012-02-02,2100576.5,-4.841666666666667,44.79166666666666,0.0,98.41666666666669,21.9625,0.0,24,0
2012-02-03,2141950.0,-5.195833333333334,48.708333333333336,21.25,98.70833333333331,15.279166666666669,0.4,24,0
2012-02-04,2043178.5,-4.4125000000000005,64.66666666666667,32.125,99.95833333333331,7.7,0.2,24,0
2012-02-05,1992523.0,-4.716666666666667,54.66666666666666,78.75,51.708333333333336,11.3125,2.9,24,0
2012-02-06,2115645.5,-3.625,61.41666666666666,54.41666666666666,79.54166666666667,4.925,0.0,24,0
2012-02-07,2188230.5,-5.454166666666667,53.16666666666666,5.333333333333333,108.125,14.3875,0.0,24,0
2012-02-08,2258320.5,-4.383333333333334,62.0,46.125,99.16666666666669,17.2,0.0,24,0
2012-02-09,2228835.5,-3.820833333333333,71.33333333333333,31.25,98.29166666666669,10.95,0.0,24,0
2012-02-10,2166303.5,-3.1875,69.33333333333333,35.041666666666664,101.5,12.054166666666667,0.0,24,0
2012-02-11,2110828.5,-4.358333333333333,57.66666666666666,2.7916666666666665,115.45833333333331,14.5125,0.0,24,0
2012-02-12,2044846.0,-3.8875,64.91666666666667,33.333333333333336,114.66666666666669,10.2125,0.0,24,0
2012-02-13,2082496.5,1.5875,89.45833333333333,98.41666666666669,39.66666666666666,9.520833333333334,0.9,24,0
2012-02-14,1979529.0,4.254166666666666,85.66666666666667,98.04166666666669,68.0,18.279166666666665,1.7000000000000002,24,0
2012-02-15,1899886.5,4.9875,86.95833333333333,84.875,55.958333333333336,18.466666666666665,0.2,24,0
2012-02-16,1814212.0,5.383333333333333,88.95833333333333,88.75,55.29166666666666,10.754166666666668,0.1,24,0
2012-02-17,1768188.0,4.370833333333334,92.75,84.41666666666667,27.416666666666668,9.2625,0.0,24,0
2012-02-18,1581153.5,7.808333333333334,92.41666666666669,98.79166666666669,28.20833333333333,13.9125,0.4,24,0
2012-02-19,1524328.0,4.279166666666667,74.45833333333333,29.08333333333333,118.58333333333331,15.2125,2.6,24,0
2012-02-20,1755957.5,0.9666666666666668,71.29166666666667,32.625,130.375,5.054166666666666,0.0,24,0
2012-02-21,1806185.0,0.9833333333333334,76.125,37.625,130.25,7.129166666666666,0.0,24,0
2012-02-22,1777064.0,2.025,74.66666666666667,44.79166666666666,129.41666666666666,9.325,0.0,24,0
2012-02-23,1716869.0,7.595833333333334,90.875,99.875,22.625,12.666666666666666,0.3,24,0
2012-02-24,1604633.5,9.479166666666666,93.91666666666669,99.16666666666669,56.41666666666666,8.345833333333333,0.0,24,0
2012-02-25,1428961.5,9.195833333333333,92.95833333333331,100.0,32.041666666666664,7.6875,0.0,24,0
2012-02-26,1349004.5,7.3625,81.16666666666667,87.16666666666667,84.41666666666667,6.520833333333333,0.0,24,0
2012-02-27,1579710.0,6.979166666666667,83.375,89.79166666666667,72.16666666666667,6.770833333333333,0.0,24,0
2012-02-28,1588306.0,8.258333333333333,88.33333333333333,93.75,47.208333333333336,5.070833333333334,0.0,24,0
2012-02-29,1528394.5,8.891666666666667,89.125,42.583333333333336,120.125,6.254166666666666,0.0,24,0
2012-03-01,1505890.0,8.579166666666667,93.66666666666669,87.58333333333333,57.29166666666666,8.208333333333334,0.0,24,0
2012-03-02,1478780.5,9.766666666666667,91.04166666666669,99.70833333333331,47.958333333333336,4.445833333333334,0.0,24,0
2012-03-03,1347111.5,9.275,85.95833333333333,79.58333333333333,88.83333333333333,10.258333333333333,0.8999999999999999,24,0
2012-03-04,1307897.0,7.429166666666667,91.83333333333331,98.375,43.66666666666666,14.7375,7.1,24,0
2012-03-05,1593238.5,5.308333333333334,72.875,68.20833333333333,105.875,24.729166666666668,1.2,24,0
2012-03-06,1655485.5,5.2375,81.41666666666667,79.0,105.91666666666669,11.8625,2.9,24,0
2012-03-07,1675453.0,4.033333333333333,86.91666666666667,89.54166666666667,64.25,16.670833333333334,4.7,24,0
2012-03-08,1622677.5,5.404166666666666,76.83333333333333,43.208333333333336,121.20833333333331,12.833333333333334,0.0,24,0
2012-03-09,1604754.0,5.616666666666667,79.75,54.458333333333336,136.5,4.8500000000000005,0.3,24,0
2012-03-10,1416423.0,8.754166666666666,85.375,96.08333333333331,70.0,7.258333333333333,0.0,24,0
2012-03-11,1305661.5,10.204166666666667,83.66666666666667,93.33333333333331,75.70833333333333,10.5375,0.0,24,0
2012-03-12,1448303.5,8.4625,85.75,40.04166666666666,176.375,9.191666666666666,0.0,24,0
2012-03-13,1443259.5,8.554166666666667,87.0,23.916666666666668,148.54166666666666,11.7875,0.0,24,0
2012-03-14,1417141.5,8.5375,83.20833333333333,30.041666666666668,186.375,9.308333333333334,0.0,24,0
2012-03-15,1398762.5,9.55,82.91666666666667,0.125,190.54166666666663,8.070833333333333,0.0,24,0
2012-03-16,1360593.0,11.45,81.20833333333333,16.916666666666668,182.58333333333331,8.1875,0.0,24,0
2012-03-17,1256634.0,9.383333333333333,83.20833333333333,90.04166666666667,73.70833333333333,13.866666666666667,1.2000000000000002,24,0
2012-03-18,1254338.0,8.120833333333334,87.04166666666667,92.83333333333331,108.5,10.108333333333333,4.8,24,0
2012-03-19,1476430.0,6.375,74.625,68.25,115.08333333333331,13.920833333333334,0.0,24,0
2012-03-20,1521967.0,5.8375,74.625,17.666666666666668,196.33333333333331,6.95,0.0,24,0
2012-03-21,1489685.0,8.191666666666666,70.79166666666667,14.291666666666666,204.16666666666663,12.954166666666666,0.0,24,0
2012-03-22,1414254.5,11.695833333333333,67.79166666666667,76.91666666666667,201.5,9.95,0.0,24,0
2012-03-23,1343491.5,11.583333333333334,74.66666666666667,6.041666666666667,207.75,6.875,0.0,24,0
2012-03-24,1166538.5,12.158333333333331,74.625,1.75,210.5,8.237499999999999,0.0,24,0
2012-03-25,1079036.0,12.920833333333334,76.5,4.166666666666667,211.33333333333331,11.379166666666668,0.0,24,0
2012-03-26,1240084.0,13.108333333333334,61.16666666666666,1.0833333333333333,221.375,13.720833333333331,0.0,24,0
2012-03-27,1261672.5,12.3625,63.04166666666666,0.125,220.66666666666663,12.666666666666666,0.0,24,0
2012-03-28,1253545.0,12.8875,67.20833333333333,0.0,221.08333333333331,12.1125,0.0,24,0
2012-03-29,1245866.0,12.233333333333334,66.875,9.75,227.95833333333331,11.633333333333333,0.0,24,0
2012-03-30,1231308.0,11.375,68.75,7.833333333333333,212.58333333333331,9.2125,0.0,24,0
2012-03-31,1129256.5,8.933333333333334,77.91666666666667,75.375,136.83333333333334,11.275,0.0,24,0
2012-04-01,1092866.0,7.175,56.125,30.291666666666668,233.95833333333331,15.4,0.0,24,0
2012-04-02,1293764.0,8.529166666666667,63.625,28.0,236.0,9.1625,0.0,24,0
2012-04-03,1329636.5,10.220833333333331,65.79166666666667,46.208333333333336,209.41666666666663,7.337499999999999,0.0,24,0
2012-04-04,1371027.5,9.0375,78.66666666666667,49.91666666666666,188.91666666666663,5.620833333333334,0.8,24,0
2012-04-05,1387105.0,9.204166666666667,78.04166666666667,47.708333333333336,182.79166666666663,13.754166666666668,0.0,24,0
2012-04-06,1350163.5,9.008333333333333,68.75,62.79166666666666,153.125,13.925,0.0,24,0
2012-04-07,1237478.0,7.529166666666666,69.08333333333333,72.29166666666667,141.79166666666666,11.495833333333332,0.7000000000000001,24,0
2012-04-08,1176853.5,5.720833333333334,68.58333333333333,70.54166666666667,131.375,8.85,0.0,24,0
2012-04-09,1191566.5,10.158333333333331,79.16666666666667,100.0,69.91666666666667,19.379166666666663,2.5,24,1
2012-04-10,1392099.0,9.379166666666666,85.33333333333333,97.70833333333331,44.75,18.079166666666666,10.7,24,0
2012-04-11,1423824.5,7.866666666666667,82.75,36.958333333333336,198.5,12.9375,3.9,24,0
2012-04-12,1412524.0,7.654166666666666,84.20833333333333,39.833333333333336,206.58333333333331,8.049999999999999,0.8,24,0
2012-04-13,1392008.5,8.620833333333334,71.79166666666667,63.208333333333336,234.33333333333331,4.333333333333333,0.7000000000000001,24,0
2012-04-14,1262242.0,8.254166666666666,74.08333333333333,87.20833333333333,215.54166666666663,11.316666666666668,0.2,24,0
2012-04-15,1244478.5,6.983333333333333,65.95833333333333,74.0,171.41666666666666,25.7375,0.0,24,0
2012-04-16,1479526.0,5.9375,60.41666666666666,47.41666666666666,189.0,18.53333333333333,0.0,24,0
2012-04-17,1520934.5,4.729166666666667,80.5,80.08333333333333,70.58333333333333,14.7625,5.9,24,0
2012-04-18,1489045.0,7.670833333333333,85.125,84.5,130.95833333333334,22.754166666666663,7.6,24,0
2012-04-19,1459475.5,8.887500000000001,78.41666666666667,54.0,234.0,14.575,0.1,24,0
2012-04-20,1429849.5,8.720833333333333,77.66666666666667,40.5,221.58333333333331,15.404166666666669,2.6,24,0
2012-04-21,1274779.5,8.7125,79.66666666666667,51.458333333333336,212.70833333333331,16.720833333333335,3.7,24,0
2012-04-22,1204574.0,8.575000000000001,74.125,59.583333333333336,208.625,18.84583333333333,2.2,24,0
2012-04-23,1424406.0,7.266666666666667,85.625,70.25,106.79166666666669,20.016666666666666,7.5,24,0
2012-04-24,1452479.0,8.866666666666667,84.58333333333333,86.45833333333333,169.125,15.945833333333333,6.6000000000000005,24,0
2012-04-25,1448671.5,9.533333333333331,80.16666666666667,93.66666666666669,105.41666666666669,25.079166666666666,5.4,24,0
2012-04-26,1388915.5,12.495833333333332,63.583333333333336,81.375,224.29166666666663,27.504166666666663,0.1,24,0
2012-04-27,1338335.5,11.825,74.54166666666667,99.75,152.70833333333334,12.7375,0.4,24,0
2012-04-28,1189962.0,13.095833333333331,86.375,99.79166666666669,99.45833333333331,10.466666666666669,7.6,24,0
2012-04-29,1094861.0,14.929166666666667,69.16666666666667,74.41666666666667,202.29166666666663,23.8625,4.0,24,0
2012-04-30,1196239.5,13.154166666666669,76.625,68.875,216.54166666666663,12.520833333333334,7.3,24,0
2012-05-01,1057115.0,13.233333333333334,71.83333333333333,48.583333333333336,242.0,8.1625,0.1,24,1
2012-05-02,1250816.0,11.545833333333334,83.20833333333333,88.91666666666667,109.75,11.4625,3.5,24,0
2012-05-03,1251778.5,13.520833333333334,77.79166666666667,64.16666666666667,254.08333333333331,6.870833333333334,1.2,24,0
2012-05-04,1231358.5,13.166666666666666,81.66666666666667,74.66666666666667,187.58333333333331,8.141666666666667,5.8,24,0
2012-05-05,1113930.0,11.420833333333334,89.08333333333333,97.79166666666669,140.33333333333334,9.020833333333334,4.7,24,0
2012-05-06,1055796.5,10.3875,82.83333333333333,98.125,112.625,9.054166666666667,11.1,24,0
2012-05-07,1157306.0,11.625,75.91666666666667,64.79166666666667,209.20833333333331,7.733333333333333,0.5,24,0
2012-05-08,1062504.5,13.908333333333331,78.20833333333333,91.75,128.16666666666666,16.2375,6.0,24,1
2012-05-09,1206876.5,16.920833333333334,79.375,94.33333333333331,207.29166666666663,17.554166666666667,1.3,24,0
2012-05-10,1201121.5,20.508333333333333,74.66666666666667,80.25,253.75,16.991666666666667,2.2,24,0
2012-05-11,1180262.5,16.537499999999998,79.16666666666667,83.08333333333333,181.25,12.925,2.7,24,0
2012-05-12,1040703.5,12.245833333333332,62.54166666666666,49.125,277.25,15.9,0.0,24,0
2012-05-13,977135.0,9.925,66.66666666666667,7.0,298.2916666666667,12.158333333333331,0.0,24,0
2012-05-14,1163711.5,12.258333333333333,63.708333333333336,16.25,317.875,5.758333333333333,0.0,24,0
2012-05-15,1220083.5,10.0125,72.58333333333333,46.708333333333336,247.41666666666663,18.683333333333334,3.2,24,0
2012-05-16,1243733.5,9.620833333333334,63.208333333333336,34.166666666666664,257.75,10.7125,0.1,24,0
2012-05-17,1074640.0,10.270833333333334,65.125,82.95833333333333,199.33333333333331,14.4625,1.1,24,1
2012-05-18,1121842.0,13.979166666666666,71.29166666666667,77.70833333333333,155.16666666666666,18.3125,0.3,24,0
2012-05-19,1054783.0,14.3875,76.79166666666667,87.75,195.58333333333331,7.4375,2.4,24,0
2012-05-20,1008133.5,15.683333333333332,83.83333333333333,87.0,187.875,8.379166666666666,3.7,24,0
2012-05-21,1238611.0,13.658333333333331,93.45833333333331,99.95833333333331,61.79166666666666,17.849999999999998,11.8,24,0
2012-05-22,1256992.0,15.116666666666667,83.25,95.66666666666669,144.91666666666666,21.675,0.5,24,0
2012-05-23,1210395.0,17.920833333333334,80.08333333333333,46.25,216.16666666666663,10.741666666666667,0.0,24,0
2012-05-24,1187829.5,19.758333333333333,81.54166666666667,26.25,272.9583333333333,11.670833333333334,0.2,24,0
2012-05-25,1158064.0,20.9125,66.91666666666667,18.58333333333333,327.9166666666667,16.670833333333334,0.0,24,0
2012-05-26,1004685.0,19.575,54.25,0.0,334.8333333333333,15.95,0.0,24,0
2012-05-27,914312.5,19.654166666666665,62.833333333333336,15.416666666666666,303.25,6.516666666666667,0.0,24,0
2012-05-28,952862.0,18.8125,69.16666666666667,19.166666666666668,273.0833333333333,12.5875,0.1,24,1
2012-05-29,1126975.0,18.370833333333334,65.33333333333333,10.5,306.7083333333333,7.595833333333334,0.0,24,0
2012-05-30,1156345.0,18.729166666666668,70.45833333333333,49.91666666666666,286.875,7.3,0.3,24,0
2012-05-31,1158131.5,17.35,72.33333333333333,85.875,267.9583333333333,11.6,0.6,24,0
2012-06-01,1143593.5,17.3,74.45833333333333,83.375,155.75,6.991666666666667,0.1,24,0
2012-06-02,1004634.5,19.870833333333334,69.0,77.33333333333333,299.625,8.720833333333333,0.0,24,0
2012-06-03,926845.0,18.04583333333333,74.20833333333333,90.95833333333331,190.125,15.729166666666666,8.9,24,0
2012-06-04,1113188.0,14.258333333333333,73.41666666666667,86.08333333333333,140.75,17.566666666666666,1.1,24,0
2012-06-05,1157013.0,12.483333333333334,71.25,84.33333333333333,210.0,8.991666666666667,1.3,24,0
2012-06-06,1158349.5,16.370833333333334,74.75,86.45833333333333,200.54166666666663,18.17083333333333,3.8,24,0
2012-06-07,1162442.5,17.45,77.5,68.41666666666667,173.125,16.595833333333335,7.9,24,0
2012-06-08,1135180.5,16.008333333333333,63.91666666666666,37.208333333333336,242.875,22.92083333333333,0.4,24,0
2012-06-09,998126.0,14.275,62.25,62.208333333333336,221.95833333333331,14.875,0.0,24,0
2012-06-10,945330.5,14.45,78.33333333333333,80.83333333333333,152.95833333333334,9.925,3.8,24,0
2012-06-11,1123005.0,15.308333333333332,79.5,82.04166666666667,202.29166666666663,14.95,6.4,24,0
2012-06-12,1163741.5,13.775,83.79166666666667,94.91666666666669,127.125,13.691666666666668,2.0,24,0
2012-06-13,1169933.5,13.425,77.08333333333333,85.375,172.125,8.808333333333334,3.7,24,0
2012-06-14,1161749.0,15.008333333333333,74.875,73.75,222.375,10.0125,0.0,24,0
2012-06-15,1145743.5,16.849999999999998,74.91666666666667,94.29166666666669,137.04166666666666,15.6875,3.7,24,0
2012-06-16,1009969.0,16.404166666666665,82.875,76.66666666666667,130.25,17.154166666666665,6.3,24,0
2012-06-17,929898.5,16.233333333333334,64.58333333333333,34.541666666666664,311.875,11.4625,0.0,24,0
2012-06-18,1121475.5,16.537499999999998,72.54166666666667,77.75,221.83333333333331,9.85,9.8,24,0
2012-06-19,1159519.5,16.3125,76.75,87.79166666666667,184.125,10.1375,4.1,24,0
2012-06-20,1161704.0,18.10833333333333,76.54166666666667,54.875,272.7916666666667,9.05,1.5,24,0
2012-06-21,1166280.0,18.92083333333333,78.95833333333333,73.41666666666667,209.5,16.141666666666666,7.9,24,0
2012-06-22,1134052.0,16.508333333333333,62.29166666666666,44.208333333333336,232.625,21.89583333333333,0.0,24,0
2012-06-23,993460.5,16.254166666666666,66.625,60.208333333333336,224.04166666666663,9.625,0.3,24,0
2012-06-24,933914.5,14.804166666666667,82.625,88.66666666666667,70.29166666666667,17.670833333333334,6.2,24,0
2012-06-25,1132517.0,15.7,75.54166666666667,79.58333333333333,251.0,7.8875,0.0,24,0
2012-06-26,1181936.5,17.208333333333332,84.75,96.29166666666669,68.66666666666667,5.1875,3.9,24,0
2012-06-27,1190492.5,21.008333333333333,78.91666666666667,91.16666666666669,220.0,5.929166666666667,0.0,24,0
2012-06-28,1199953.5,23.53333333333333,75.58333333333333,50.04166666666666,258.4583333333333,13.854166666666666,0.5,24,0
2012-06-29,1160500.5,18.758333333333333,73.58333333333333,65.16666666666667,147.375,13.991666666666667,5.7,24,0
2012-06-30,1020849.5,18.070833333333333,71.0,39.29166666666666,229.16666666666663,12.9125,0.0,24,0
2012-07-01,937126.5,16.3625,69.625,47.125,272.125,11.716666666666669,0.1,24,0
2012-07-02,1119647.0,17.104166666666668,63.0,66.79166666666667,247.25,9.504166666666666,0.0,24,0
2012-07-03,1165306.0,18.4625,71.66666666666667,61.833333333333336,188.04166666666663,9.020833333333334,0.0,24,0
2012-07-04,1175307.5,20.85,72.29166666666667,56.208333333333336,263.0,9.770833333333334,3.7,24,0
2012-07-05,1172864.5,19.22083333333333,80.41666666666667,64.79166666666667,220.16666666666663,6.504166666666666,2.6,24,0
2012-07-06,1141496.0,17.325,79.375,56.75,241.33333333333331,14.15,3.4,24,0
2012-07-07,1008334.0,17.716666666666665,78.20833333333333,67.83333333333333,175.04166666666666,12.883333333333333,4.7,24,0
2012-07-08,931909.0,17.616666666666667,78.45833333333333,78.0,185.375,16.595833333333335,7.6,24,0
2012-07-09,1123297.5,17.825,74.0,39.04166666666666,259.25,9.275,0.4,24,0
2012-07-10,1161736.0,17.554166666666667,71.5,61.083333333333336,221.41666666666663,12.583333333333334,0.0,24,0
2012-07-11,1162525.0,16.462500000000002,70.16666666666667,86.08333333333333,218.04166666666663,15.5125,3.0,24,0
2012-07-12,1169150.5,14.9,80.41666666666667,90.375,75.625,16.420833333333334,7.5,24,0
2012-07-13,1157000.0,15.833333333333334,84.83333333333333,98.375,131.83333333333334,17.108333333333334,14.7,24,0
2012-07-14,978585.5,15.9625,80.04166666666667,70.25,223.08333333333331,17.354166666666668,8.4,24,1
2012-07-15,931208.0,15.0875,76.83333333333333,50.75,227.66666666666663,14.408333333333331,0.2,24,0
2012-07-16,1118823.5,15.845833333333331,70.04166666666667,61.208333333333336,201.04166666666663,14.941666666666665,0.0,24,0
2012-07-17,1164687.5,18.966666666666665,68.16666666666667,75.25,211.45833333333331,14.933333333333335,0.0,24,0
2012-07-18,1178790.0,19.779166666666665,70.375,65.0,303.0833333333333,12.745833333333332,0.0,24,0
2012-07-19,1170427.5,17.791666666666668,67.41666666666667,93.83333333333331,178.83333333333334,15.183333333333335,0.5,24,0
2012-07-20,1148008.5,16.195833333333333,72.125,78.29166666666667,173.91666666666666,7.0625,0.0,24,0
2012-07-21,1004861.5,15.304166666666667,73.45833333333333,30.83333333333333,232.875,8.25,0.9,24,0
2012-07-22,929944.5,17.212500000000002,66.58333333333333,53.833333333333336,315.375,7.870833333333334,0.0,24,0
2012-07-23,1113865.5,18.59583333333333,60.75,0.0,323.375,9.95,0.0,24,0
2012-07-24,1160380.5,20.579166666666666,62.41666666666666,0.2083333333333333,320.9166666666667,7.774999999999999,0.0,24,0
2012-07-25,1174628.5,23.025,61.16666666666666,0.0,314.4583333333333,5.916666666666667,0.0,24,0
2012-07-26,1184441.5,24.3625,57.083333333333336,1.5,311.5416666666667,8.845833333333333,0.0,24,0
2012-07-27,1149122.0,23.9625,69.95833333333333,65.25,209.79166666666663,8.0,18.0,24,0
2012-07-28,997626.0,20.195833333333333,77.16666666666667,72.20833333333333,209.08333333333331,13.1375,4.6,24,0
2012-07-29,914023.5,16.058333333333334,69.91666666666667,45.66666666666666,207.0,14.15,5.4,24,0
2012-07-30,1059019.5,15.7125,74.79166666666667,74.91666666666667,177.29166666666666,9.270833333333334,0.4,24,0
2012-07-31,1092623.5,17.620833333333334,70.70833333333333,41.125,279.25,8.183333333333334,0.0,24,0
2012-08-01,1095946.5,20.454166666666666,71.54166666666667,31.95833333333333,216.41666666666663,11.1875,1.3,24,0
2012-08-02,1089158.0,19.98333333333333,65.70833333333333,56.208333333333336,227.41666666666663,14.345833333333331,0.0,24,0
2012-08-03,1067404.0,19.254166666666663,65.70833333333333,48.458333333333336,212.54166666666663,13.904166666666669,0.2,24,0
2012-08-04,959804.0,19.1375,66.70833333333333,63.54166666666666,225.20833333333331,11.133333333333333,0.1,24,0
2012-08-05,886388.0,18.204166666666666,74.83333333333333,67.5,167.5,10.533333333333331,2.7,24,0
2012-08-06,989075.0,17.579166666666666,69.41666666666667,64.875,197.08333333333331,17.416666666666668,0.0,24,0
2012-08-07,1006683.5,17.95,63.833333333333336,84.66666666666667,207.08333333333331,9.470833333333331,0.0,24,0
2012-08-08,1017800.5,20.195833333333333,60.16666666666666,38.25,275.0,3.841666666666667,0.0,24,0
2012-08-09,1034484.0,20.5125,71.04166666666667,61.0,212.54166666666663,8.245833333333334,0.0,24,0
2012-08-10,1035713.5,20.204166666666666,58.458333333333336,0.25,294.0,11.958333333333334,0.0,24,0
2012-08-11,954455.5,20.2375,56.708333333333336,23.75,294.7083333333333,12.420833333333334,0.0,24,0
2012-08-12,890408.5,20.879166666666663,61.5,43.875,246.16666666666663,9.55,0.0,24,0
2012-08-13,1005998.5,21.1625,68.66666666666667,93.0,180.66666666666663,8.608333333333333,0.0,24,0
2012-08-14,1028475.5,20.8875,70.33333333333333,79.29166666666667,125.66666666666669,6.341666666666666,0.2,24,0
2012-08-15,933438.0,23.379166666666663,57.333333333333336,75.125,172.54166666666666,16.787499999999998,0.2,24,1
2012-08-16,1017133.5,20.675,54.79166666666666,31.291666666666668,250.45833333333331,11.5875,0.0,24,0
2012-08-17,1046192.0,24.254166666666663,48.208333333333336,39.54166666666666,268.0,13.125,0.0,24,0
2012-08-18,984325.0,27.9875,45.29166666666666,3.0,267.9583333333333,11.791666666666666,0.0,24,0
2012-08-19,926804.5,28.9875,50.41666666666666,29.416666666666668,258.125,9.3375,0.0,24,0
2012-08-20,1083781.0,24.175,64.5,56.79166666666666,191.20833333333331,5.916666666666667,1.6,24,0
2012-08-21,1123272.5,23.85833333333333,67.0,56.875,220.5,9.983333333333333,0.5,24,0
2012-08-22,1107345.0,19.820833333333333,57.66666666666666,49.75,258.5,9.8625,0.0,24,0
2012-08-23,1107314.0,19.04583333333333,61.833333333333336,67.83333333333333,220.95833333333331,7.541666666666667,1.5,24,0
2012-08-24,1099483.0,19.83333333333333,68.0,72.41666666666667,187.41666666666663,10.725,1.5,24,0
2012-08-25,981452.5,20.1125,61.625,40.91666666666666,202.79166666666663,24.808333333333334,0.0,24,0
2012-08-26,897561.0,18.53333333333333,59.833333333333336,76.375,154.04166666666666,17.962500000000002,0.0,24,0
2012-08-27,1082522.0,20.7375,51.54166666666666,36.66666666666666,249.91666666666663,11.583333333333334,0.0,24,0
2012-08-28,1135480.5,21.15,52.04166666666666,73.45833333333333,197.625,11.941666666666668,0.2,24,0
2012-08-29,1147342.0,21.025,49.79166666666666,56.29166666666666,243.58333333333331,12.4625,0.0,24,0
2012-08-30,1140297.5,18.404166666666665,61.375,52.583333333333336,185.125,16.341666666666665,0.3,24,0
2012-08-31,1114145.5,14.920833333333334,59.66666666666666,64.95833333333333,161.83333333333334,19.183333333333334,0.0,24,0
2012-09-01,986387.5,15.0375,56.41666666666666,53.04166666666666,247.66666666666663,9.1125,0.0,24,0
2012-09-02,924950.5,17.4375,68.41666666666667,91.33333333333331,131.0,8.450000000000001,0.5,24,0
2012-09-03,1116799.0,18.3875,75.375,85.58333333333333,73.20833333333333,10.5,0.0,24,0
2012-09-04,1156746.0,19.4625,70.54166666666667,52.625,227.25,12.1875,0.0,24,0
2012-09-05,1165845.0,18.97083333333333,70.41666666666667,49.75,199.58333333333331,14.954166666666666,0.0,24,0
2012-09-06,1166490.0,16.779166666666665,60.66666666666666,31.75,226.875,11.516666666666666,0.0,24,0
2012-09-07,1151533.5,17.304166666666667,57.583333333333336,9.458333333333334,236.33333333333331,6.470833333333334,0.0,24,0
2012-09-08,1011205.0,19.820833333333333,45.083333333333336,3.0,229.5,8.104166666666666,0.0,24,0
2012-09-09,936096.0,21.504166666666663,41.583333333333336,8.166666666666666,227.79166666666663,8.845833333333333,0.0,24,0
2012-09-10,1133484.5,21.554166666666664,61.54166666666666,65.54166666666667,192.20833333333331,11.254166666666668,0.1,24,0
2012-09-11,1173280.0,17.64166666666667,79.16666666666667,89.20833333333333,58.083333333333336,12.754166666666668,6.8,24,0
2012-09-12,1160149.5,14.5625,63.083333333333336,85.45833333333333,119.16666666666669,11.416666666666666,0.2,24,0
2012-09-13,1152542.0,14.7,70.125,70.75,122.20833333333331,15.0,5.8,24,0
2012-09-14,1141069.0,13.883333333333333,76.58333333333333,59.29166666666666,89.95833333333333,13.066666666666668,0.0,24,0
2012-09-15,996459.5,16.629166666666666,68.0,40.54166666666666,177.625,6.016666666666667,0.0,24,0
2012-09-16,928900.0,16.441666666666666,67.875,37.66666666666666,199.58333333333331,6.154166666666666,0.0,24,0
2012-09-17,1118120.0,16.941666666666666,73.16666666666667,62.958333333333336,172.33333333333334,6.0,0.0,24,0
2012-09-18,1156832.0,15.683333333333332,70.83333333333333,57.875,123.08333333333331,11.475,0.0,24,0
2012-09-19,1156110.5,13.1,59.833333333333336,31.625,176.45833333333334,11.4625,0.0,24,0
2012-09-20,1172407.0,12.391666666666666,58.79166666666666,89.20833333333333,175.79166666666666,5.220833333333333,0.0,24,0
2012-09-21,1175240.0,12.6125,67.125,84.83333333333333,129.83333333333334,7.533333333333334,6.7,24,0
2012-09-22,1036307.5,13.308333333333332,72.41666666666667,76.91666666666667,161.375,9.1,0.2,24,0
2012-09-23,962775.0,16.854166666666668,68.08333333333333,99.33333333333331,105.33333333333331,14.104166666666666,1.0,24,0
2012-09-24,1146604.0,17.454166666666666,75.04166666666667,88.79166666666667,100.41666666666669,26.791666666666668,6.4,24,0
2012-09-25,1192789.0,14.183333333333332,81.625,98.66666666666669,111.25,23.02916666666667,5.3,24,0
2012-09-26,1211209.5,14.2375,76.0,81.66666666666667,122.33333333333331,20.075,1.3,24,0
2012-09-27,1207324.0,13.266666666666666,82.79166666666667,57.75,84.875,17.541666666666668,4.6000000000000005,24,0
2012-09-28,1182694.5,13.095833333333331,75.58333333333333,47.458333333333336,142.54166666666666,8.595833333333333,0.0,24,0
2012-09-29,1052423.0,13.195833333333333,71.25,31.291666666666668,128.0,9.804166666666667,0.0,24,0
2012-09-30,994050.0,10.970833333333331,73.16666666666667,2.2916666666666665,175.25,4.3500000000000005,0.0,24,0
2012-10-01,1187525.5,11.8125,73.25,44.083333333333336,168.08333333333334,10.916666666666666,0.0,24,0
2012-10-02,1212402.0,15.104166666666666,72.20833333333333,85.45833333333333,112.29166666666669,16.400000000000002,1.1,24,0
2012-10-03,1221728.0,14.970833333333331,79.20833333333333,79.0,72.875,23.29583333333333,4.3,24,0
2012-10-04,1221717.5,14.370833333333332,74.20833333333333,87.83333333333333,110.75,17.466666666666665,8.3,24,0
2012-10-05,1191743.5,17.266666666666666,76.83333333333333,83.41666666666667,67.66666666666667,22.03333333333333,0.1,24,0
2012-10-06,1055804.0,15.808333333333335,82.95833333333333,84.66666666666667,52.79166666666666,16.445833333333333,6.9,24,0
2012-10-07,992587.5,13.670833333333334,76.875,98.875,124.25,11.266666666666666,0.6000000000000001,24,0
2012-10-08,1203926.0,12.779166666666669,88.875,99.83333333333331,11.625,10.870833333333332,10.8,24,0
2012-10-09,1220117.0,14.895833333333334,90.79166666666669,99.58333333333331,33.625,10.025,2.5,24,0
2012-10-10,1229215.0,12.758333333333333,87.25,99.875,28.791666666666668,6.925,0.6,24,0
2012-10-11,1230911.5,14.575,93.0,90.875,30.33333333333333,10.616666666666667,7.6,24,0
2012-10-12,1208033.0,13.720833333333331,71.08333333333333,64.125,105.70833333333331,18.216666666666665,0.5,24,0
2012-10-13,1109201.0,10.666666666666666,83.25,78.41666666666667,47.04166666666666,17.254166666666666,6.9,24,0
2012-10-14,1085122.0,7.183333333333334,92.91666666666669,80.58333333333333,18.33333333333333,11.841666666666669,13.9,24,0
2012-10-15,1295284.5,8.895833333333334,78.20833333333333,47.75,118.75,15.708333333333334,0.5,24,0
2012-10-16,1341918.0,11.475,76.83333333333333,81.58333333333333,80.625,18.008333333333333,2.3,24,0
2012-10-17,1323707.0,12.9625,86.0,96.125,38.75,17.087500000000002,5.9,24,0
2012-10-18,1286938.5,16.029166666666665,84.41666666666667,95.75,57.458333333333336,9.8375,6.0,24,0
2012-10-19,1251729.5,17.079166666666666,77.0,98.375,73.375,10.754166666666668,4.0,24,0
2012-10-20,1107451.0,14.816666666666668,94.04166666666669,98.33333333333331,22.20833333333333,8.020833333333334,10.2,24,0
2012-10-21,1027865.5,17.025000000000002,88.70833333333333,81.66666666666667,92.08333333333331,7.341666666666666,1.4,24,0
2012-10-22,1200475.5,16.770833333333332,87.625,22.666666666666668,113.33333333333331,6.1000000000000005,0.0,24,0
2012-10-23,1238432.5,14.429166666666667,91.5,55.04166666666666,65.25,7.983333333333333,0.0,24,0
2012-10-24,1263086.0,11.266666666666666,85.66666666666667,28.791666666666668,109.41666666666669,9.166666666666666,0.0,24,0
2012-10-25,1283870.5,11.525,85.95833333333333,27.416666666666668,113.33333333333331,9.7375,0.0,24,0
2012-10-26,1309333.0,10.483333333333333,84.91666666666667,100.0,28.541666666666668,19.1875,0.0,24,0
2012-10-27,1273990.0,4.766666666666667,72.08333333333333,49.54166666666666,94.91666666666669,22.7375,1.2,24,0
2012-10-28,1299569.5,4.795833333333333,78.54166666666667,25.166666666666668,105.95833333333331,10.129166666666666,0.0,24,0
2012-10-29,1496368.5,7.516666666666667,80.75,98.0,68.20833333333333,12.420833333333334,1.4,24,0
2012-10-30,1515230.5,8.183333333333334,82.20833333333333,87.16666666666667,28.20833333333333,12.983333333333334,0.1,24,0
2012-10-31,1500009.5,7.070833333333333,81.08333333333333,16.333333333333332,97.41666666666669,11.666666666666666,0.0,24,0
2012-11-01,1310803.0,9.525,77.75,63.91666666666666,77.83333333333333,24.21666666666667,3.6,24,1
2012-11-02,1380090.5,7.170833333333333,83.33333333333333,42.66666666666666,27.125,20.066666666666663,5.0,24,0
2012-11-03,1276788.0,8.85,86.95833333333333,82.375,41.083333333333336,16.133333333333333,6.0,24,0
2012-11-04,1224052.5,7.6875,86.58333333333333,55.5,48.458333333333336,17.445833333333333,1.6,24,0
2012-11-05,1435298.5,8.0375,82.79166666666667,79.45833333333333,72.375,13.4,0.2,24,0
2012-11-06,1512256.5,5.829166666666667,84.41666666666667,50.75,70.29166666666667,9.1125,0.0,24,0
2012-11-07,1534398.0,9.516666666666667,77.91666666666667,88.41666666666667,52.66666666666666,12.604166666666666,0.0,24,0
2012-11-08,1531799.0,7.975,85.25,88.20833333333333,57.458333333333336,5.158333333333333,0.0,24,0
2012-11-09,1506442.5,7.391666666666667,88.45833333333333,88.04166666666667,40.29166666666666,8.883333333333333,3.5,24,0
2012-11-10,1308049.0,10.529166666666669,93.16666666666669,85.54166666666667,30.291666666666668,14.404166666666669,2.7,24,0
2012-11-11,1270866.0,6.3625,89.70833333333333,59.083333333333336,43.125,5.879166666666666,0.0,24,1
2012-11-12,1519519.5,6.058333333333334,87.5,75.45833333333333,73.70833333333333,8.975,0.0,24,0
2012-11-13,1551381.0,8.237499999999999,87.70833333333333,86.79166666666667,26.75,8.016666666666667,0.0,24,0
2012-11-14,1571385.5,4.929166666666666,91.125,54.625,68.66666666666667,8.35,0.0,24,0
2012-11-15,1570406.0,4.491666666666666,91.625,94.45833333333331,40.75,3.458333333333333,0.0,24,0
2012-11-16,1552748.0,5.079166666666667,96.58333333333331,90.20833333333331,36.29166666666666,7.566666666666666,0.0,24,0
2012-11-17,1372966.5,8.5375,94.5,98.29166666666669,32.0,8.854166666666666,2.3,24,0
2012-11-18,1286052.5,8.954166666666667,94.20833333333331,99.33333333333331,10.333333333333334,9.779166666666669,4.3,24,0
2012-11-19,1490105.5,9.516666666666667,95.25,99.83333333333331,19.58333333333333,8.054166666666667,0.0,24,0
2012-11-20,1528810.5,9.779166666666669,91.70833333333331,98.45833333333331,40.25,12.304166666666667,0.0,24,0
2012-11-21,1553461.5,8.495833333333334,87.83333333333333,75.0,30.541666666666668,15.7375,2.2,24,0
2012-11-22,1555517.0,6.45,92.0,66.79166666666667,46.083333333333336,13.933333333333332,0.0,24,0
2012-11-23,1535684.5,8.629166666666666,84.20833333333333,99.875,10.166666666666666,18.329166666666666,5.2,24,0
2012-11-24,1352362.5,9.125,89.58333333333333,91.33333333333331,16.583333333333332,12.075,0.0,24,0
2012-11-25,1251481.5,11.158333333333331,70.20833333333333,71.41666666666667,57.91666666666666,24.825,0.1,24,0
2012-11-26,1471017.0,9.920833333333333,77.04166666666667,57.208333333333336,52.79166666666666,19.929166666666667,0.1,24,0
2012-11-27,1560169.0,7.025,83.66666666666667,67.54166666666667,28.291666666666668,11.9125,0.5,24,0
2012-11-28,1623639.5,5.0875,88.79166666666667,54.66666666666666,46.833333333333336,13.970833333333331,0.0,24,0
2012-11-29,1679034.0,5.1375,81.66666666666667,59.66666666666666,35.208333333333336,19.075,0.0,24,0
2012-11-30,1718691.5,2.2375000000000003,90.08333333333331,76.66666666666667,29.625,5.233333333333333,0.0,24,0
2012-12-01,1639484.0,2.279166666666667,90.375,70.70833333333333,39.04166666666666,7.712499999999999,0.2,24,0
2012-12-02,1570004.0,2.325,85.125,37.083333333333336,59.91666666666666,10.141666666666667,1.0,24,0
2012-12-03,1720201.5,5.220833333333333,91.79166666666669,97.95833333333331,11.375,16.316666666666666,4.4,24,0
2012-12-04,1713486.0,5.333333333333333,88.79166666666667,91.625,39.54166666666666,16.6875,8.9,24,0
2012-12-05,1770503.0,3.641666666666667,88.33333333333333,91.33333333333331,26.25,11.845833333333331,1.6,24,0
2012-12-06,1834925.5,1.3583333333333334,82.70833333333333,68.41666666666667,42.708333333333336,10.870833333333332,0.0,24,0
2012-12-07,1850872.5,2.733333333333333,87.45833333333333,91.625,32.5,23.0375,10.1,24,0
2012-12-08,1677522.5,2.2958333333333334,86.20833333333333,79.20833333333333,31.625,10.783333333333331,0.2,24,0
2012-12-09,1627680.0,3.154166666666667,88.08333333333333,82.625,22.416666666666668,15.570833333333333,1.0,24,0
2012-12-10,1785950.5,4.670833333333333,85.375,64.91666666666667,38.208333333333336,16.433333333333334,1.2,24,0
2012-12-11,1859840.0,-0.075,86.45833333333333,21.166666666666668,57.208333333333336,9.229166666666666,0.0,24,0
2012-12-12,1951108.5,-1.3125,79.70833333333333,78.125,49.5,7.962499999999999,0.0,24,0
2012-12-13,1924519.0,0.0916666666666666,83.41666666666667,97.66666666666669,13.083333333333334,11.520833333333334,2.6,24,0
2012-12-14,1769014.5,7.004166666666666,91.66666666666669,97.625,4.625,24.166666666666668,7.1,24,0
2012-12-15,1506828.0,8.708333333333334,87.20833333333333,75.375,29.916666666666668,23.52916666666667,1.0,24,0
2012-12-16,1428951.0,7.879166666666666,87.5,81.375,40.5,19.716666666666665,0.3,24,0
2012-12-17,1608184.0,7.475,88.33333333333333,73.83333333333333,33.25,18.58333333333333,1.7,24,0
2012-12-18,1639793.5,6.275,90.125,68.625,37.833333333333336,13.558333333333332,2.5,24,0
2012-12-19,1657358.5,4.533333333333333,92.875,98.16666666666669,20.375,11.508333333333333,6.5,24,0
2012-12-20,1657414.0,7.191666666666666,91.33333333333331,93.45833333333331,7.625,16.783333333333335,13.0,24,0
2012-12-21,1579870.0,7.7,91.125,87.0,26.666666666666668,11.533333333333331,1.0,24,0
2012-12-22,1442817.5,8.529166666666667,93.375,100.0,2.6666666666666665,20.2375,17.3,24,0
2012-12-23,1295893.0,13.008333333333333,83.45833333333333,99.95833333333331,11.125,26.59166666666667,0.0,24,0
2012-12-24,1327596.0,10.804166666666667,79.54166666666667,98.875,36.208333333333336,19.079166666666666,0.0,24,0
2012-12-25,1213866.5,10.4625,76.79166666666667,65.875,44.375,25.04583333333333,2.4,24,1
2012-12-26,1374894.0,8.695833333333333,80.16666666666667,77.45833333333333,35.166666666666664,24.90416666666667,2.4000000000000004,24,0
2012-12-27,1422462.0,9.625,82.25,78.5,34.916666666666664,26.429166666666664,3.5,24,0
2012-12-28,1415959.0,8.829166666666667,87.91666666666667,98.875,10.125,17.104166666666668,0.9,24,0
2012-12-29,1336681.0,10.458333333333334,82.875,84.625,48.91666666666666,21.65,0.3,24,0
2012-12-30,1323906.5,8.012500000000001,78.29166666666667,48.125,52.0,23.35,0.2,24,0
2012-12-31,1397448.5,8.591666666666667,83.20833333333333,99.25,12.75,24.275,0.3,24,0
2013-01-01,1309122.0,7.520833333333333,85.45833333333333,58.875,41.04166666666666,16.583333333333332,8.700000000000001,24,1
2013-01-02,1548043.5,5.325,87.95833333333333,63.16666666666666,46.16666666666666,9.595833333333331,0.1,24,0
2013-01-03,1599625.5,9.458333333333334,94.0,100.0,13.25,11.6375,0.0,24,0
2013-01-04,1565946.0,9.195833333333333,91.41666666666669,94.54166666666669,17.708333333333332,8.595833333333333,0.0,24,0
2013-01-05,1443648.0,8.679166666666667,93.83333333333331,99.75,15.833333333333334,7.2375,0.0,24,0
2013-01-06,1405009.0,7.3625,91.375,99.54166666666669,18.666666666666668,4.804166666666666,0.0,24,0
2013-01-07,1628795.0,6.408333333333334,89.75,94.79166666666669,30.95833333333333,4.25,0.0,24,0
2013-01-08,1715953.0,5.033333333333333,89.95833333333333,99.875,20.08333333333333,5.841666666666666,0.0,24,0
2013-01-09,1750698.5,4.7375,86.91666666666667,99.875,10.125,8.379166666666666,0.1,24,0
2013-01-10,1718843.0,6.6125,97.66666666666669,100.0,4.5,8.0,3.6,24,0
2013-01-11,1681024.5,5.5,87.29166666666667,90.04166666666667,29.541666666666668,10.095833333333331,3.2,24,0
2013-01-12,1581883.5,4.129166666666666,93.41666666666669,93.41666666666669,26.875,9.545833333333333,2.0,24,0
2013-01-13,1551408.0,2.970833333333333,90.58333333333331,98.125,23.08333333333333,9.508333333333333,0.5,24,0
2013-01-14,1828366.0,-0.4499999999999999,76.58333333333333,73.125,62.54166666666666,12.854166666666666,1.4,24,0
2013-01-15,1882454.5,0.9583333333333334,89.83333333333333,50.333333333333336,42.333333333333336,16.658333333333335,3.2,24,0
2013-01-16,1908727.0,-3.1333333333333333,86.70833333333333,22.20833333333333,69.08333333333333,8.145833333333334,0.0,24,0
2013-01-17,2005960.5,-4.075,83.70833333333333,32.791666666666664,65.375,5.4625,0.0,24,0
2013-01-18,2040522.0,-2.4375,73.45833333333333,96.54166666666669,25.041666666666668,13.925,2.2,24,0
2013-01-19,1833489.0,-1.1,88.95833333333333,97.70833333333331,29.166666666666668,12.758333333333333,1.7,24,0
2013-01-20,1736155.5,-2.520833333333333,90.45833333333331,98.16666666666669,32.916666666666664,14.204166666666666,9.4,24,0
2013-01-21,1877189.5,-1.2083333333333333,92.91666666666669,83.375,43.083333333333336,11.05,2.0,24,0
2013-01-22,1889668.5,0.3208333333333333,95.83333333333331,88.66666666666667,35.75,11.7625,1.7000000000000002,24,0
2013-01-23,1876785.0,1.8333333333333333,94.375,97.54166666666669,40.208333333333336,5.083333333333333,0.3,24,0
2013-01-24,1884274.0,0.2916666666666667,93.375,96.0,33.875,10.970833333333331,0.0,24,0
2013-01-25,1950447.0,-2.3833333333333333,83.25,91.91666666666669,37.54166666666666,8.441666666666666,0.0,24,0
2013-01-26,1782182.0,-0.2166666666666666,87.125,99.20833333333331,36.16666666666666,11.820833333333333,0.8,24,0
2013-01-27,1625695.0,4.229166666666667,90.5,95.375,12.625,19.67083333333333,4.1000000000000005,24,0
2013-01-28,1744360.0,5.070833333333334,83.45833333333333,85.45833333333333,66.91666666666667,17.754166666666666,0.0,24,0
2013-01-29,1712544.0,10.654166666666669,87.83333333333333,100.0,9.791666666666666,28.58333333333333,2.4,24,0
2013-01-30,1607500.0,11.770833333333334,82.25,75.875,18.666666666666668,26.3375,2.8,24,0
2013-01-31,1609348.0,7.0125,85.45833333333333,78.58333333333333,24.166666666666668,20.279166666666665,0.8,24,0
2013-02-01,1585977.0,8.237499999999999,92.625,99.91666666666669,12.125,16.150000000000002,10.0,24,0
2013-02-02,1534545.0,4.095833333333333,83.29166666666667,43.833333333333336,83.91666666666667,18.28333333333333,0.7,24,0
2013-02-03,1575065.5,2.6166666666666667,78.95833333333333,87.54166666666667,54.375,15.554166666666667,1.2000000000000002,24,0
2013-02-04,1685148.0,8.375,87.75,95.29166666666669,26.75,19.27083333333333,0.8,24,0
2013-02-05,1719101.0,5.0125,82.5,89.375,58.875,22.85833333333333,3.8,24,0
2013-02-06,1797950.5,3.9583333333333335,82.45833333333333,81.875,75.0,23.479166666666668,5.4,24,0
2013-02-07,1847319.5,2.95,75.75,79.91666666666667,64.20833333333333,17.966666666666665,0.3,24,0
2013-02-08,1809398.5,0.9083333333333332,85.25,45.0,92.75,10.458333333333334,0.2,24,0
2013-02-09,1727346.5,0.5458333333333333,83.25,73.41666666666667,68.04166666666667,6.45,0.7000000000000001,24,0
2013-02-10,1667724.0,0.25,86.375,93.66666666666669,32.791666666666664,19.14583333333333,11.4,24,0
2013-02-11,1788790.0,4.995833333333334,88.79166666666667,92.625,54.0,9.879166666666666,6.8,24,0
2013-02-12,1849894.0,2.0458333333333334,87.54166666666667,94.54166666666669,29.916666666666668,9.033333333333331,0.0,24,0
2013-02-13,1855496.5,0.2166666666666666,71.375,93.625,60.91666666666666,7.520833333333333,0.0,24,0
2013-02-14,1848087.5,2.2916666666666665,81.33333333333333,85.33333333333333,20.625,14.079166666666666,3.9,24,0
2013-02-15,1732446.5,4.958333333333333,85.375,56.875,76.66666666666667,10.85,0.0,24,0
2013-02-16,1592212.5,2.8208333333333333,93.5,81.08333333333333,68.08333333333333,5.345833333333334,0.0,24,0
2013-02-17,1540649.0,3.045833333333333,85.41666666666667,25.125,125.5,11.370833333333332,0.0,24,0
2013-02-18,1702963.0,2.4208333333333334,80.91666666666667,0.4583333333333333,128.79166666666666,10.779166666666669,0.0,24,0
2013-02-19,1750517.0,1.85,82.91666666666667,3.8333333333333335,128.875,6.566666666666666,0.0,24,0
2013-02-20,1748963.5,2.0875,79.875,54.875,91.0,12.791666666666666,0.0,24,0
2013-02-21,1843818.0,0.1833333333333333,60.625,52.083333333333336,109.41666666666669,17.4875,0.0,24,0
2013-02-22,1896320.0,-1.2083333333333333,59.625,59.41666666666666,85.70833333333333,20.1,0.0,24,0
2013-02-23,1875987.0,-2.095833333333333,65.33333333333333,70.95833333333333,68.58333333333333,18.1125,0.0,24,0
2013-02-24,1808832.5,0.0666666666666666,75.08333333333333,97.95833333333331,75.04166666666667,17.333333333333332,1.0,24,0
2013-02-25,1924598.5,0.9083333333333332,91.16666666666669,99.58333333333331,48.708333333333336,13.204166666666666,6.1,24,0
2013-02-26,1908940.5,2.6583333333333337,84.25,98.5,105.29166666666669,12.516666666666666,0.6,24,0
2013-02-27,1878130.0,3.4166666666666665,90.0,99.625,35.083333333333336,13.633333333333333,0.7000000000000001,24,0
2013-02-28,1840023.5,3.1208333333333336,81.70833333333333,97.41666666666669,62.91666666666666,10.808333333333332,0.0,24,0
2013-03-01,1832477.0,2.9125,80.58333333333333,92.33333333333331,47.91666666666666,12.741666666666667,0.0,24,0
2013-03-02,1677671.5,2.6666666666666665,77.08333333333333,79.875,134.66666666666666,10.8375,0.0,24,0
2013-03-03,1558302.0,2.716666666666667,77.91666666666667,25.291666666666668,157.08333333333334,9.691666666666666,0.0,24,0
2013-03-04,1662610.5,5.4750000000000005,76.45833333333333,0.0416666666666666,158.45833333333334,12.45,0.0,24,0
2013-03-05,1601280.0,9.1875,62.54166666666666,64.95833333333333,94.33333333333331,14.829166666666666,0.0,24,0
2013-03-06,1545628.0,10.054166666666667,71.08333333333333,90.66666666666669,57.29166666666666,8.1625,0.0,24,0
2013-03-07,1494732.0,9.908333333333331,89.375,96.08333333333331,47.125,8.966666666666667,1.0,24,0
2013-03-08,1457010.5,9.466666666666669,94.29166666666669,91.91666666666669,22.791666666666668,13.091666666666669,6.5,24,0
2013-03-09,1311691.0,9.9125,82.0,88.58333333333333,149.29166666666666,8.9,0.1,24,0
2013-03-10,1291719.5,6.2250000000000005,85.04166666666667,88.33333333333333,86.75,10.595833333333331,0.9,24,0
2013-03-11,1584720.5,1.4291666666666665,85.83333333333333,100.0,36.833333333333336,16.787499999999998,7.2,24,0
2013-03-12,1732125.5,-1.25,88.91666666666667,100.0,35.625,21.133333333333333,18.2,24,0
2013-03-13,1829284.5,-3.3375,82.75,40.5,173.375,12.266666666666666,0.8,24,0
2013-03-14,1820699.0,-2.095833333333333,80.33333333333333,22.08333333333333,172.04166666666666,11.895833333333334,0.0,24,0
2013-03-15,1809074.5,0.9541666666666668,71.54166666666667,62.958333333333336,161.58333333333334,13.025,0.0,24,0
2013-03-16,1622444.0,5.1,69.20833333333333,99.25,103.5,22.025,2.1,24,0
2013-03-17,1489256.5,6.3125,86.25,79.25,127.83333333333331,18.683333333333334,3.7,24,0
2013-03-18,1680212.5,3.8625,87.16666666666667,78.16666666666667,101.79166666666669,13.65,4.2,24,0
2013-03-19,1675099.0,5.345833333333334,81.625,80.79166666666667,142.125,16.095833333333335,4.3,24,0
2013-03-20,1643626.5,5.7125,82.0,61.54166666666666,151.20833333333334,15.0625,4.3,24,0
2013-03-21,1630232.0,4.841666666666667,82.625,72.0,103.45833333333331,9.2375,0.8,24,0
2013-03-22,1535375.0,8.1,71.54166666666667,94.625,160.16666666666666,16.895833333333332,0.2,24,0
2013-03-23,1376262.0,8.920833333333333,73.54166666666667,92.75,155.04166666666666,7.116666666666667,0.8,24,0
2013-03-24,1353382.5,6.079166666666667,76.33333333333333,98.04166666666669,89.75,13.495833333333335,0.0,24,0
2013-03-25,1570565.5,4.383333333333334,59.458333333333336,93.79166666666669,121.0,12.691666666666668,0.0,24,0
2013-03-26,1623270.5,3.583333333333333,61.16666666666666,90.375,135.08333333333334,10.5875,0.0,24,0
2013-03-27,1631626.0,3.2125,64.875,94.16666666666669,91.29166666666669,8.6,0.0,24,0
2013-03-28,1641255.5,3.458333333333333,68.875,83.0,147.91666666666666,7.75,0.1,24,0
2013-03-29,1638406.0,1.4125,72.83333333333333,68.70833333333333,166.79166666666666,8.4125,0.0,24,0
2013-03-30,1503699.0,2.8083333333333336,65.16666666666667,91.75,122.375,14.7125,0.1,24,0
2013-03-31,1429879.0,1.9,69.625,62.375,143.375,11.791666666666666,0.0,24,0
2013-04-01,1443289.5,3.945833333333333,59.875,18.041666666666668,229.58333333333331,17.254166666666666,0.0,24,1
2013-04-02,1590826.0,4.479166666666667,56.208333333333336,9.333333333333334,226.70833333333331,16.3875,0.0,24,0
2013-04-03,1593174.5,4.645833333333333,65.54166666666667,73.0,180.33333333333331,12.341666666666669,1.2,24,0
2013-04-04,1633986.5,4.454166666666667,76.0,78.66666666666667,90.5,16.991666666666667,2.7,24,0
2013-04-05,1639592.0,5.3625,73.79166666666667,99.70833333333331,116.5,15.908333333333331,4.6,24,0
2013-04-06,1514957.0,4.7125,71.45833333333333,76.20833333333333,146.125,15.254166666666668,0.2,24,0
2013-04-07,1397423.5,5.245833333333334,69.33333333333333,49.29166666666666,182.33333333333331,10.116666666666667,0.0,24,0
2013-04-08,1541498.5,6.7625,70.625,93.25,133.41666666666666,8.512500000000001,2.2,24,0
2013-04-09,1537205.5,7.875,87.83333333333333,80.83333333333333,119.83333333333331,16.8,10.9,24,0
2013-04-10,1492368.0,9.504166666666666,81.29166666666667,97.16666666666669,112.83333333333331,21.08333333333333,8.0,24,0
2013-04-11,1436740.0,11.975,82.45833333333333,99.25,97.25,19.241666666666667,1.1,24,0
2013-04-12,1400230.0,10.4,83.16666666666667,73.79166666666667,148.5,23.166666666666668,4.7,24,0
2013-04-13,1240634.0,9.916666666666666,82.54166666666667,76.41666666666667,99.875,16.583333333333332,1.8,24,0
2013-04-14,1067264.5,16.241666666666667,71.41666666666667,56.708333333333336,257.7083333333333,14.895833333333334,0.0,24,0
2013-04-15,1200600.5,14.095833333333331,78.125,62.25,164.83333333333334,7.504166666666666,1.5,24,0
2013-04-16,1229594.0,13.833333333333334,75.04166666666667,98.0,160.04166666666666,11.929166666666667,0.3,24,0
2013-04-17,1206606.5,15.945833333333333,69.66666666666667,62.16666666666666,253.66666666666663,10.854166666666666,0.0,24,0
2013-04-18,1197584.0,13.516666666666666,64.375,72.0,196.33333333333331,16.708333333333332,0.0,24,0
2013-04-19,1242900.0,9.1625,71.625,50.91666666666666,216.58333333333331,14.383333333333333,2.3000000000000003,24,0
2013-04-20,1178396.0,7.354166666666667,72.45833333333333,62.04166666666666,148.0,17.520833333333332,0.0,24,0
2013-04-21,1116467.5,8.770833333333334,67.58333333333333,12.791666666666666,261.4166666666667,8.741666666666667,0.0,24,0
2013-04-22,1282623.0,8.6625,71.16666666666667,64.33333333333333,163.04166666666666,7.175,0.0,24,0
2013-04-23,1285414.5,11.029166666666669,77.20833333333333,69.75,105.91666666666669,8.016666666666667,0.0,24,0
2013-04-24,1239066.0,14.158333333333331,73.66666666666667,32.75,277.0833333333333,4.829166666666667,0.0,24,0
2013-04-25,1195495.5,16.841666666666665,68.54166666666667,0.3333333333333333,285.1666666666667,5.920833333333333,0.0,24,0
2013-04-26,1212047.0,12.191666666666668,78.875,87.5,115.58333333333331,13.579166666666666,1.8,24,0
2013-04-27,1171208.0,7.754166666666666,69.125,97.125,196.54166666666663,12.966666666666669,0.1,24,0
2013-04-28,1163720.0,7.858333333333333,66.08333333333333,77.41666666666667,184.16666666666663,9.891666666666667,0.0,24,0
2013-04-29,1343719.0,8.504166666666666,69.45833333333333,39.54166666666666,240.25,9.5,0.0,24,0
2013-04-30,1347106.0,9.570833333333333,69.79166666666667,99.45833333333331,148.33333333333334,16.508333333333333,4.3,24,0
2013-05-01,1115146.0,11.495833333333332,82.79166666666667,79.70833333333333,129.16666666666666,12.466666666666669,5.5,24,1
2013-05-02,1260278.0,11.783333333333331,81.29166666666667,66.16666666666667,224.625,6.629166666666666,0.0,24,0
2013-05-03,1252035.5,12.308333333333332,76.33333333333333,58.16666666666666,217.79166666666663,14.354166666666666,1.6,24,0
2013-05-04,1106826.0,11.816666666666668,70.95833333333333,54.0,261.7083333333333,10.020833333333334,0.0,24,0
2013-05-05,1007224.0,12.908333333333331,69.5,69.16666666666667,213.66666666666663,5.379166666666666,0.0,24,0
2013-05-06,1158025.0,13.0125,73.625,36.25,215.375,7.6,0.0,24,0
2013-05-07,1156404.5,14.220833333333331,73.70833333333333,39.91666666666666,223.04166666666663,4.470833333333333,0.3,24,0
2013-05-08,1006883.5,14.3375,85.58333333333333,61.41666666666666,142.95833333333334,14.3,6.8,24,1
2013-05-09,987074.0,13.420833333333334,68.08333333333333,83.5,222.375,12.4875,0.1,24,1
2013-05-10,1081324.5,11.770833333333334,69.75,68.54166666666667,131.0,15.8375,0.5,24,0
2013-05-11,1045699.5,12.804166666666667,71.29166666666667,68.95833333333333,219.54166666666663,16.900000000000002,0.2,24,0
2013-05-12,1007277.0,11.5125,62.583333333333336,73.375,196.16666666666663,16.579166666666666,0.1,24,0
2013-05-13,1199779.5,13.175,70.91666666666667,95.58333333333331,126.16666666666669,18.97083333333333,0.5,24,0
2013-05-14,1233718.5,12.4375,65.95833333333333,99.45833333333331,142.79166666666666,14.833333333333334,0.4,24,0
2013-05-15,1244909.5,12.1,65.625,97.95833333333331,181.16666666666663,16.241666666666667,0.0,24,0
2013-05-16,1277698.5,11.229166666666666,78.95833333333333,92.875,183.83333333333331,4.5875,3.9,24,0
2013-05-17,1258140.0,10.654166666666669,76.95833333333333,74.54166666666667,220.08333333333331,9.5125,0.2,24,0
2013-05-18,1132553.5,11.179166666666667,78.33333333333333,63.41666666666666,183.75,13.745833333333332,3.7,24,0
2013-05-19,1066038.5,11.933333333333332,83.54166666666667,99.125,136.25,7.379166666666666,4.2,24,0
2013-05-20,1123088.5,10.9625,93.70833333333331,99.95833333333331,48.208333333333336,13.354166666666666,19.3,24,1
2013-05-21,1302677.5,11.279166666666669,90.25,99.91666666666669,57.458333333333336,13.766666666666666,9.8,24,0
2013-05-22,1300117.0,11.408333333333331,73.79166666666667,74.29166666666667,171.0,14.504166666666668,0.0,24,0
2013-05-23,1309871.5,9.370833333333334,75.25,68.08333333333333,253.33333333333331,15.9875,3.3,24,0
2013-05-24,1357412.0,6.641666666666667,84.45833333333333,76.08333333333333,158.29166666666666,9.404166666666669,5.8,24,0
2013-05-25,1205725.0,8.8375,79.25,52.0,269.5416666666667,13.583333333333334,1.7,24,0
2013-05-26,1102970.5,10.2625,74.25,89.08333333333333,148.20833333333334,13.416666666666666,0.1,24,0
2013-05-27,1229729.0,11.625,67.83333333333333,38.458333333333336,241.70833333333331,7.1125,0.0,24,0
2013-05-28,1263447.0,12.004166666666668,77.625,90.625,131.29166666666666,13.325,6.2,24,0
2013-05-29,1295704.0,10.466666666666669,74.08333333333333,70.75,244.625,8.579166666666667,0.7000000000000001,24,0
2013-05-30,1308238.0,11.854166666666666,87.70833333333333,87.58333333333333,144.45833333333334,9.975,11.9,24,0
2013-05-31,1273222.0,12.554166666666667,86.45833333333333,93.25,105.45833333333331,18.48333333333333,0.0,24,0
2013-06-01,1091311.5,14.554166666666667,76.83333333333333,38.458333333333336,252.875,16.8,0.8,24,0
2013-06-02,991498.0,13.266666666666666,69.08333333333333,83.91666666666667,222.16666666666663,14.7625,0.0,24,0
2013-06-03,1165604.5,11.791666666666666,72.25,54.79166666666666,281.1666666666667,17.766666666666666,0.0,24,0
2013-06-04,1178956.5,12.7,71.5,41.958333333333336,338.5,16.3,0.0,24,0
2013-06-05,1167742.5,16.354166666666668,70.66666666666667,4.75,321.5416666666667,10.395833333333334,0.0,24,0
2013-06-06,1159370.0,19.2625,73.125,22.541666666666668,291.7083333333333,10.029166666666669,1.5,24,0
2013-06-07,1138179.5,20.65833333333333,61.41666666666666,12.208333333333334,329.1666666666667,12.341666666666669,0.0,24,0
2013-06-08,1000661.5,19.716666666666665,66.91666666666667,55.25,276.5,16.395833333333332,0.3,24,0
2013-06-09,935968.0,15.158333333333331,85.45833333333333,98.625,84.45833333333333,11.908333333333331,10.8,24,0
2013-06-10,1121000.5,14.7125,76.875,81.79166666666667,139.16666666666666,7.608333333333333,0.2,24,0
2013-06-11,1151257.0,15.770833333333334,79.70833333333333,89.79166666666667,149.58333333333334,10.095833333333331,0.6000000000000001,24,0
2013-06-12,1156875.0,17.716666666666665,81.20833333333333,95.91666666666669,115.29166666666669,17.554166666666664,0.1,24,0
2013-06-13,1154734.5,15.791666666666666,83.33333333333333,75.70833333333333,92.16666666666669,15.425,6.5,24,0
2013-06-14,1134654.0,14.045833333333334,73.75,86.08333333333333,187.29166666666663,6.841666666666666,0.3,24,0
2013-06-15,998274.5,15.958333333333334,67.75,71.66666666666667,231.16666666666663,17.095833333333335,0.0,24,0
2013-06-16,926992.5,16.283333333333335,66.625,63.91666666666666,302.9583333333333,8.133333333333333,0.0,24,0
2013-06-17,1130395.5,21.15,71.16666666666667,89.08333333333333,282.9166666666667,11.741666666666667,1.0,24,0
2013-06-18,1169390.0,22.42083333333333,75.41666666666667,77.70833333333333,242.91666666666663,5.466666666666666,0.1,24,0
2013-06-19,1170046.0,22.09166666666667,84.66666666666667,88.29166666666667,196.70833333333331,9.358333333333333,17.0,24,0
2013-06-20,1161462.0,19.08333333333333,87.58333333333333,83.125,175.875,7.816666666666666,4.3,24,0
2013-06-21,1136396.5,16.5,78.79166666666667,81.83333333333333,154.70833333333334,14.733333333333333,1.6,24,0
2013-06-22,999507.0,15.720833333333331,81.5,95.58333333333331,64.45833333333333,22.6375,0.3,24,0
2013-06-23,935178.5,15.2,73.625,81.95833333333333,214.04166666666663,21.875,2.2,24,0
2013-06-24,1119165.0,14.316666666666668,67.375,79.20833333333333,220.70833333333331,16.195833333333333,0.0,24,0
2013-06-25,1149675.0,13.875,71.375,53.04166666666666,206.66666666666663,8.2125,0.4,24,0
2013-06-26,1149956.0,14.616666666666667,68.45833333333333,50.958333333333336,211.875,9.3125,0.0,24,0
2013-06-27,1154266.5,15.220833333333331,70.54166666666667,74.33333333333333,237.83333333333331,8.375,0.7,24,0
2013-06-28,1143093.0,14.666666666666666,83.83333333333333,100.0,60.66666666666666,8.829166666666667,1.3,24,0
2013-06-29,1010814.5,16.766666666666666,75.08333333333333,88.29166666666667,219.25,15.854166666666666,0.4,24,0
2013-06-30,932418.0,17.145833333333332,71.25,44.083333333333336,242.0,5.179166666666666,0.0,24,0
2013-07-01,1117629.0,17.558333333333334,80.29166666666667,67.75,199.125,6.958333333333333,0.5,24,0
2013-07-02,1155647.0,18.4875,75.33333333333333,94.875,231.91666666666663,8.275,0.4,24,0
2013-07-03,1162862.0,17.066666666666666,79.54166666666667,99.5,90.41666666666669,14.908333333333331,1.4,24,0
2013-07-04,1161163.0,17.541666666666668,75.70833333333333,97.45833333333331,176.0,8.958333333333334,0.0,24,0
2013-07-05,1149705.0,19.241666666666667,73.875,56.125,255.16666666666663,7.2875,0.0,24,0
2013-07-06,1017358.5,21.129166666666663,72.25,54.79166666666666,292.125,9.908333333333331,0.0,24,0
2013-07-07,942662.0,23.3,65.25,20.291666666666668,293.4583333333333,14.5,0.0,24,0
2013-07-08,1145348.0,22.8375,61.083333333333336,0.0833333333333333,336.7083333333333,16.645833333333332,0.0,24,0
2013-07-09,1187022.0,23.191666666666663,62.29166666666666,17.041666666666668,309.9583333333333,15.608333333333334,0.0,24,0
2013-07-10,1191711.5,21.866666666666664,63.91666666666666,4.083333333333333,327.5416666666667,18.2625,0.0,24,0
2013-07-11,1179279.5,17.349999999999998,65.08333333333333,21.25,321.2083333333333,18.20833333333333,0.0,24,0
2013-07-12,1163448.5,18.133333333333333,65.25,0.125,333.0,14.883333333333333,0.0,24,0
2013-07-13,1026358.5,18.4,66.875,20.83333333333333,306.2916666666667,14.541666666666666,0.0,24,0
2013-07-14,943745.5,20.991666666666667,64.875,9.041666666666666,325.875,10.270833333333334,0.0,24,1
2013-07-15,1143848.0,22.45833333333333,64.83333333333333,76.58333333333333,265.1666666666667,6.416666666666667,0.0,24,0
2013-07-16,1183549.0,23.35833333333333,55.66666666666666,82.875,314.6666666666667,8.370833333333334,0.0,24,0
2013-07-17,1185355.5,23.92083333333333,56.25,50.04166666666666,276.6666666666667,11.504166666666668,0.2,24,0
2013-07-18,1184077.0,24.3625,56.79166666666666,35.25,280.5833333333333,15.091666666666669,0.0,24,0
2013-07-19,1169188.0,24.925,55.458333333333336,54.0,266.0833333333333,17.229166666666668,0.0,24,0
2013-07-20,1036655.5,24.7625,54.25,12.708333333333334,303.8333333333333,15.529166666666669,0.0,24,0
2013-07-21,965069.5,25.766666666666666,55.79166666666666,33.375,265.75,8.754166666666666,0.0,24,0
2013-07-22,1167004.0,26.72083333333333,56.625,29.791666666666668,265.5,5.341666666666666,1.7000000000000002,24,0
2013-07-23,1194484.5,25.316666666666663,66.625,62.625,243.91666666666663,6.195833333333333,1.8,24,0
2013-07-24,1186022.0,23.004166666666663,68.45833333333333,49.833333333333336,273.3333333333333,4.9875,1.4,24,0
2013-07-25,1196887.0,24.15416666666667,63.75,27.416666666666668,273.5416666666667,9.35,0.0,24,0
2013-07-26,1171687.0,23.89583333333333,74.41666666666667,74.0,185.0,6.55,7.9,24,0
2013-07-27,1022624.5,24.225,77.70833333333333,81.04166666666667,220.08333333333331,10.691666666666668,5.7,24,0
2013-07-28,930950.5,21.23333333333333,64.20833333333333,75.83333333333333,247.54166666666663,10.729166666666666,0.0,24,0
2013-07-29,1067187.0,20.65,63.875,56.333333333333336,230.5,16.341666666666665,0.4,24,0
2013-07-30,1095072.0,20.22083333333333,68.75,87.70833333333333,129.25,19.133333333333333,0.5,24,0
2013-07-31,1109818.5,22.5375,67.5,62.333333333333336,193.54166666666663,11.979166666666666,0.0,24,0
2013-08-01,1126942.0,25.92083333333333,58.5,0.0416666666666666,307.5,11.279166666666669,0.0,24,0
2013-08-02,1107899.0,26.6375,52.875,10.75,296.75,14.0,0.0,24,0
2013-08-03,973161.0,22.04583333333333,56.625,66.0,238.0,13.354166666666666,1.4,24,0
2013-08-04,908406.0,22.008333333333336,52.91666666666666,29.375,303.5,7.629166666666666,0.0,24,0
2013-08-05,1041377.0,23.65416666666667,51.5,47.333333333333336,245.83333333333331,10.670833333333334,0.0,24,0
2013-08-06,1048715.5,21.1875,57.41666666666666,81.54166666666667,247.79166666666663,5.858333333333333,0.0,24,0
2013-08-07,1024979.5,18.808333333333334,80.20833333333333,86.625,103.29166666666669,7.375,22.0,24,0
2013-08-08,1008469.0,18.65833333333333,70.875,50.54166666666666,206.125,9.354166666666666,0.0,24,0
2013-08-09,1001483.0,19.35833333333333,68.25,56.0,223.33333333333331,11.733333333333334,0.4,24,0
2013-08-10,916872.0,17.495833333333334,67.54166666666667,45.375,191.375,10.808333333333332,0.0,24,0
2013-08-11,863396.5,18.02083333333333,63.54166666666666,58.375,190.5,6.4125000000000005,0.0,24,0
2013-08-12,986462.5,18.641666666666666,68.91666666666667,56.333333333333336,204.16666666666663,10.058333333333334,0.4,24,0
2013-08-13,1004153.0,16.816666666666666,62.833333333333336,51.5,204.25,11.075,0.0,24,0
2013-08-14,1003770.5,17.266666666666666,63.583333333333336,31.291666666666668,187.79166666666663,5.658333333333334,0.0,24,0
2013-08-15,913219.5,20.70833333333333,58.708333333333336,30.375,243.58333333333331,5.158333333333333,0.0,24,1
2013-08-16,982310.0,21.441666666666663,56.5,25.041666666666668,263.4583333333333,8.320833333333333,0.0,24,0
2013-08-17,938416.0,21.508333333333336,65.41666666666667,80.08333333333333,211.0,11.775,0.2,24,0
2013-08-18,890094.5,20.9625,74.79166666666667,93.66666666666669,119.625,17.3625,3.0,24,0
2013-08-19,1020858.5,18.691666666666663,70.54166666666667,45.79166666666666,203.20833333333331,12.1625,0.1,24,0
2013-08-20,1042512.5,17.787499999999998,64.875,0.5833333333333334,270.2916666666667,5.445833333333333,0.0,24,0
2013-08-21,1051874.0,19.554166666666667,56.16666666666666,16.541666666666668,269.5833333333333,7.991666666666667,0.0,24,0
2013-08-22,1064382.5,21.120833333333334,54.29166666666666,81.29166666666667,212.20833333333331,11.525,0.0,24,0
2013-08-23,1070270.5,22.4,54.125,9.0,263.9166666666667,7.741666666666666,0.0,24,0
2013-08-24,967370.0,20.22083333333333,61.04166666666666,78.75,166.66666666666666,15.4375,0.6000000000000001,24,0
2013-08-25,897253.0,15.016666666666667,87.25,99.75,47.5,11.416666666666666,16.9,24,0
2013-08-26,1061494.0,16.895833333333332,77.20833333333333,76.83333333333333,169.33333333333334,11.908333333333331,0.5,24,0
2013-08-27,1113102.0,18.23333333333333,76.08333333333333,67.54166666666667,158.79166666666666,11.508333333333333,2.0,24,0
2013-08-28,1119629.0,18.329166666666666,68.45833333333333,20.291666666666668,225.5,10.983333333333334,0.0,24,0
2013-08-29,1128851.5,17.754166666666666,71.375,41.79166666666666,227.375,7.962499999999999,0.0,24,0
2013-08-30,1120861.0,17.6375,71.625,42.333333333333336,206.125,7.141666666666667,0.0,24,0
2013-08-31,991541.5,18.370833333333334,76.75,82.375,130.95833333333334,9.825,0.1,24,0
2013-09-01,918957.5,16.266666666666666,59.458333333333336,80.08333333333333,207.33333333333331,10.933333333333332,0.0,24,0
2013-09-02,1102568.0,16.304166666666667,69.66666666666667,41.125,228.29166666666663,8.512500000000001,0.0,24,0
2013-09-03,1152830.0,18.2625,71.58333333333333,1.4583333333333333,234.66666666666663,6.054166666666667,0.0,24,0
2013-09-04,1171462.5,21.85833333333333,66.0,0.0,233.95833333333331,7.183333333333334,0.0,24,0
2013-09-05,1174940.5,23.883333333333336,57.375,0.0,231.95833333333331,8.391666666666667,0.0,24,0
2013-09-06,1149577.0,19.83333333333333,68.75,62.54166666666666,177.16666666666666,8.895833333333334,0.5,24,0
2013-09-07,998312.5,17.691666666666666,55.54166666666666,62.583333333333336,222.25,8.245833333333334,0.3,24,0
2013-09-08,926246.0,17.191666666666666,55.0,54.958333333333336,192.45833333333331,7.7,0.0,24,0
2013-09-09,1109196.5,14.629166666666668,76.25,71.16666666666667,104.5,14.279166666666669,4.7,24,0
2013-09-10,1134555.0,14.458333333333334,72.20833333333333,58.79166666666666,172.5,14.5625,0.2,24,0
2013-09-11,1160363.5,14.233333333333334,73.79166666666667,90.08333333333331,73.125,16.087500000000002,0.2,24,0
2013-09-12,1173473.0,14.545833333333334,78.91666666666667,97.33333333333331,56.875,7.6875,1.3,24,0
2013-09-13,1159980.5,15.295833333333334,91.5,90.70833333333331,27.625,9.579166666666667,2.2,24,0
2013-09-14,1023232.5,15.066666666666668,92.45833333333331,100.0,17.916666666666668,13.241666666666667,17.8,24,0
2013-09-15,953778.0,14.808333333333332,72.33333333333333,79.91666666666667,167.58333333333334,17.395833333333332,0.5,24,0
2013-09-16,1142699.5,14.008333333333333,72.70833333333333,68.375,143.79166666666666,18.445833333333333,2.8,24,0
2013-09-17,1200180.5,12.604166666666666,78.0,86.83333333333333,58.875,21.7875,3.3,24,0
2013-09-18,1196288.5,15.325,81.83333333333333,89.25,86.375,20.8625,3.6,24,0
2013-09-19,1191950.5,14.279166666666669,69.91666666666667,89.91666666666667,127.25,14.241666666666667,0.0,24,0
2013-09-20,1161729.0,16.183333333333334,73.0,67.79166666666667,154.875,11.220833333333331,0.0,24,0
2013-09-21,1019609.5,14.558333333333332,80.33333333333333,86.95833333333333,159.41666666666666,4.608333333333333,0.0,24,0
2013-09-22,947686.5,18.1,81.5,99.66666666666669,76.45833333333333,4.079166666666667,0.0,24,0
2013-09-23,1127129.5,17.8875,79.33333333333333,54.208333333333336,155.83333333333334,8.429166666666667,0.0,24,0
2013-09-24,1160263.5,16.325,81.41666666666667,1.625,188.16666666666663,6.275,0.0,24,0
2013-09-25,1166229.0,17.529166666666665,80.04166666666667,70.58333333333333,160.5,4.470833333333333,0.9,24,0
2013-09-26,1167661.5,17.791666666666668,81.70833333333333,78.79166666666667,148.08333333333334,8.025,0.4,24,0
2013-09-27,1151438.5,17.029166666666665,80.95833333333333,90.91666666666669,153.04166666666666,11.170833333333334,0.0,24,0
2013-09-28,1013651.5,18.42083333333333,82.79166666666667,99.20833333333331,88.83333333333333,12.054166666666667,7.1,24,0
2013-09-29,947461.0,17.308333333333334,90.70833333333331,96.625,67.70833333333333,5.2125,7.8,24,0
2013-09-30,1129088.0,16.541666666666668,84.16666666666667,97.54166666666669,66.625,6.033333333333334,0.5,24,0
2013-10-01,1170628.0,16.958333333333332,84.20833333333333,94.08333333333331,70.70833333333333,8.637500000000001,1.9,24,0
2013-10-02,1177661.5,17.7125,82.58333333333333,99.375,77.70833333333333,7.208333333333333,0.3,24,0
2013-10-03,1181529.0,19.23333333333333,81.0,97.08333333333331,112.375,12.3875,2.2,24,0
2013-10-04,1163487.0,19.225,82.375,89.04166666666667,104.875,14.5625,2.7,24,0
2013-10-05,1020987.5,16.150000000000002,83.5,90.54166666666669,73.58333333333333,10.816666666666668,1.4,24,0
2013-10-06,957353.0,14.858333333333334,86.0,68.83333333333333,106.33333333333331,7.0,0.1,24,0
2013-10-07,1142326.0,14.7375,83.33333333333333,37.625,118.95833333333331,6.583333333333333,0.0,24,0
2013-10-08,1182689.5,14.4,81.875,91.25,110.83333333333331,6.6375,0.0,24,0
2013-10-09,1193562.0,14.9625,87.83333333333333,82.95833333333333,56.41666666666666,10.608333333333333,2.1,24,0
2013-10-10,1237885.5,10.375,74.33333333333333,67.625,95.0,20.054166666666667,1.6,24,0
2013-10-11,1276615.5,9.308333333333334,82.375,91.66666666666669,63.208333333333336,12.525,5.2,24,0
2013-10-12,1179065.0,8.908333333333333,80.20833333333333,83.41666666666667,63.833333333333336,10.545833333333333,1.4,24,0
2013-10-13,1129161.0,9.5,75.41666666666667,51.16666666666666,135.91666666666666,15.841666666666669,0.0,24,0
2013-10-14,1290380.5,11.620833333333332,79.29166666666667,69.16666666666667,76.04166666666667,16.375,5.1,24,0
2013-10-15,1310490.0,11.983333333333334,84.25,60.04166666666666,66.5,10.679166666666667,0.3,24,0
2013-10-16,1313352.5,9.4125,94.83333333333331,75.125,17.791666666666668,11.758333333333333,6.0,24,0
2013-10-17,1276805.5,13.108333333333334,84.54166666666667,43.458333333333336,82.45833333333333,14.4625,0.0,24,0
2013-10-18,1258651.5,11.1875,90.79166666666669,70.25,74.20833333333333,10.491666666666667,0.0,24,0
2013-10-19,1107896.0,14.133333333333333,88.66666666666667,63.54166666666666,68.875,12.6125,0.9,24,0
2013-10-20,1018803.5,15.329166666666666,87.20833333333333,91.95833333333331,86.75,15.670833333333334,5.4,24,0
2013-10-21,1190313.0,16.066666666666666,84.29166666666667,83.83333333333333,94.875,15.075,0.1,24,0
2013-10-22,1213552.0,17.724999999999998,83.125,73.45833333333333,91.83333333333331,17.895833333333332,3.8,24,0
2013-10-23,1209222.5,16.679166666666667,76.79166666666667,48.583333333333336,90.875,20.216666666666665,1.1,24,0
2013-10-24,1220560.5,14.245833333333332,85.0,89.0,84.375,11.9875,0.0,24,0
2013-10-25,1205348.0,16.554166666666667,86.83333333333333,99.25,50.625,14.1625,18.3,24,0
2013-10-26,1055214.5,16.9875,89.54166666666667,73.29166666666667,62.333333333333336,16.341666666666665,0.3,24,0
2013-10-27,1004664.5,15.254166666666668,77.375,84.125,66.625,30.15416666666667,5.1,24,0
2013-10-28,1193299.0,15.275,68.75,83.625,66.54166666666667,31.8875,4.2,24,0
2013-10-29,1270739.5,10.841666666666669,71.08333333333333,19.58333333333333,96.875,18.0875,0.0,24,0
2013-10-30,1322946.0,9.5125,78.91666666666667,32.875,97.375,8.441666666666666,0.0,24,0
2013-10-31,1348060.0,9.3125,78.875,60.375,97.375,13.1,0.0,24,0
2013-11-01,1197096.0,10.075,85.20833333333333,100.0,13.375,15.85,16.9,24,1
2013-11-02,1146250.0,13.879166666666668,84.95833333333333,99.66666666666669,43.958333333333336,22.891666666666666,7.8,24,0
2013-11-03,1129469.5,10.366666666666667,69.625,80.375,81.45833333333333,23.491666666666664,0.2,24,0
2013-11-04,1361943.0,10.7,82.5,76.0,41.25,25.79583333333333,7.5,24,0
2013-11-05,1448733.0,7.829166666666667,85.04166666666667,77.41666666666667,12.5,17.8125,4.2,24,0
2013-11-06,1378585.5,13.1875,82.70833333333333,95.66666666666669,39.41666666666666,21.370833333333334,2.7,24,0
2013-11-07,1335639.5,15.158333333333331,80.66666666666667,95.29166666666669,44.0,24.09583333333333,3.0,24,0
2013-11-08,1340341.0,11.075,91.33333333333331,92.95833333333331,27.45833333333333,12.2875,11.5,24,0
2013-11-09,1254226.5,8.370833333333334,86.79166666666667,52.583333333333336,49.083333333333336,19.76666666666667,4.4,24,0
2013-11-10,1201352.5,7.845833333333334,79.91666666666667,55.54166666666666,79.375,16.991666666666667,10.9,24,0
2013-11-11,1290275.0,5.341666666666666,81.5,68.25,72.70833333333333,10.433333333333334,0.0,24,1
2013-11-12,1470663.5,8.770833333333334,80.5,100.0,11.208333333333334,9.8625,1.3,24,0
2013-11-13,1492382.5,7.6,86.33333333333333,39.458333333333336,69.45833333333333,13.008333333333333,1.4,24,0
2013-11-14,1559201.5,5.345833333333334,89.375,55.0,59.5,14.2,0.7,24,0
2013-11-15,1590563.0,6.8625,81.91666666666667,58.79166666666666,45.41666666666666,20.29583333333333,0.0,24,0
2013-11-16,1474782.5,4.283333333333333,89.5,65.25,52.875,11.929166666666667,0.0,24,0
2013-11-17,1404536.0,4.4625,88.0,100.0,30.666666666666668,8.941666666666666,0.0,24,0
2013-11-18,1601904.5,5.416666666666667,87.70833333333333,98.08333333333331,26.08333333333333,4.291666666666667,0.0,24,0
2013-11-19,1648650.5,5.079166666666667,85.75,95.33333333333331,28.916666666666668,12.658333333333331,1.7,24,0
2013-11-20,1740382.0,3.233333333333333,84.625,53.04166666666666,60.083333333333336,18.52083333333333,6.3,24,0
2013-11-21,1742293.5,3.083333333333333,88.29166666666667,94.5,37.708333333333336,11.808333333333332,0.4,24,0
2013-11-22,1778233.5,3.608333333333333,80.29166666666667,87.20833333333333,49.625,19.6375,0.0,24,0
2013-11-23,1614135.5,5.0375,79.875,98.16666666666669,32.708333333333336,18.77083333333333,0.0,24,0
2013-11-24,1505632.0,5.866666666666666,79.29166666666667,74.0,41.0,16.5,0.0,24,0
2013-11-25,1673207.5,5.329166666666667,81.29166666666667,72.29166666666667,52.75,14.583333333333334,0.0,24,0
2013-11-26,1723971.0,5.2,87.625,85.125,21.291666666666668,11.920833333333334,0.0,24,0
2013-11-27,1757720.5,4.716666666666667,86.70833333333333,83.875,26.25,8.058333333333334,0.0,24,0
2013-11-28,1832164.5,3.279166666666667,91.625,79.70833333333333,27.33333333333333,4.754166666666666,0.2,24,0
2013-11-29,1772811.5,7.416666666666667,93.58333333333331,97.625,25.5,10.6125,0.4,24,0
2013-11-30,1586751.0,6.120833333333334,83.95833333333333,57.125,42.583333333333336,14.620833333333332,1.0,24,0
2013-12-01,1528514.5,5.1000000000000005,90.75,65.625,35.958333333333336,10.920833333333334,0.0,24,0
2013-12-02,1720080.0,5.8875,85.70833333333333,58.875,31.291666666666668,14.579166666666666,0.0,24,0
2013-12-03,1784351.0,1.1833333333333331,97.04166666666669,67.125,37.79166666666666,4.6625000000000005,0.0,24,0
2013-12-04,1814121.5,4.470833333333333,91.33333333333331,98.375,27.541666666666668,7.370833333333334,0.0,24,0
2013-12-05,1774565.0,6.291666666666667,85.125,82.66666666666667,44.833333333333336,13.2625,0.0,24,0
2013-12-06,1726253.0,5.720833333333334,80.45833333333333,52.0,43.083333333333336,13.870833333333332,0.8,24,0
2013-12-07,1589832.5,5.266666666666667,86.95833333333333,84.54166666666667,25.875,9.8875,0.0,24,0
2013-12-08,1540627.0,5.2,90.125,56.083333333333336,42.583333333333336,7.475,0.0,24,0
2013-12-09,1787556.0,0.1916666666666666,97.875,50.04166666666666,35.416666666666664,5.766666666666667,0.0,24,0
2013-12-10,1823808.5,-0.4666666666666667,91.83333333333331,32.416666666666664,54.75,6.675,0.0,24,0
2013-12-11,1814122.0,-0.9333333333333332,88.0,0.125,60.91666666666666,6.9750000000000005,0.0,24,0
2013-12-12,1821086.0,-0.4999999999999999,90.04166666666667,63.75,52.79166666666666,7.8625,0.0,24,0
2013-12-13,1793862.5,0.3916666666666666,95.0,60.66666666666666,29.75,9.15,0.9,24,0
2013-12-14,1608610.0,5.858333333333333,91.95833333333331,64.95833333333333,54.625,13.4625,2.2,24,0
2013-12-15,1528380.5,5.283333333333333,82.95833333333333,36.79166666666666,52.91666666666666,16.558333333333334,0.0,24,0
2013-12-16,1676606.5,5.6875,80.16666666666667,13.291666666666666,56.41666666666666,14.679166666666667,0.0,24,0
2013-12-17,1677508.0,5.729166666666667,85.08333333333333,67.83333333333333,46.04166666666666,12.5875,0.0,24,0
2013-12-18,1635844.5,8.395833333333334,88.75,95.5,24.08333333333333,16.3125,0.0,24,0
2013-12-19,1622289.5,8.0375,86.08333333333333,46.91666666666666,43.5,18.758333333333333,3.4,24,0
2013-12-20,1633547.5,4.433333333333333,89.45833333333333,29.33333333333333,56.375,11.954166666666666,0.0,24,0
2013-12-21,1537431.5,4.870833333333334,76.16666666666667,94.45833333333331,33.166666666666664,22.3,0.3,24,0
2013-12-22,1413442.0,8.479166666666666,82.91666666666667,91.375,19.166666666666668,26.8625,2.0,24,0
2013-12-23,1479022.5,8.879166666666666,84.58333333333333,91.79166666666669,16.25,25.5625,0.0,24,0
2013-12-24,1413016.0,10.341666666666669,80.75,100.0,5.791666666666667,36.6125,16.3,24,0
2013-12-25,1257212.0,7.370833333333334,88.625,79.16666666666667,38.79166666666666,16.5,7.7,24,1
2013-12-26,1445202.5,5.541666666666667,89.54166666666667,51.66666666666666,46.583333333333336,11.754166666666668,0.0,24,0
2013-12-27,1472046.0,8.941666666666666,86.33333333333333,95.83333333333331,6.125,29.2125,2.7,24,0
2013-12-28,1397881.5,8.658333333333333,86.66666666666667,83.08333333333333,40.125,14.895833333333334,11.2,24,0
2013-12-29,1399939.0,5.4,88.125,34.416666666666664,49.5,13.3125,0.0,24,0
2013-12-30,1559511.5,4.375,90.70833333333331,85.5,28.70833333333333,19.025,1.1,24,0
2013-12-31,1524390.5,6.816666666666666,81.0,93.0,26.375,18.429166666666667,2.3,24,0
2014-01-01,1366110.0,7.4875,88.95833333333333,73.95833333333333,15.833333333333334,23.90833333333333,2.4,24,1
2014-01-02,1453997.5,9.245833333333334,84.75,57.333333333333336,46.0,23.67083333333333,2.0,24,0
2014-01-03,1477531.0,10.179166666666667,80.83333333333333,60.91666666666666,41.625,26.754166666666663,1.8,24,0
2014-01-04,1404865.5,8.404166666666667,83.5,93.66666666666669,32.291666666666664,18.55,1.1,24,0
2014-01-05,1397003.5,5.9125000000000005,84.75,69.79166666666667,38.708333333333336,16.366666666666667,0.3999999999999999,24,0
2014-01-06,1544547.0,11.45,84.04166666666667,95.45833333333331,35.041666666666664,26.39583333333333,2.4,24,0
2014-01-07,1533467.0,9.970833333333331,87.08333333333333,44.083333333333336,22.791666666666668,19.5125,4.3,24,0
2014-01-08,1513608.5,10.225,88.75,77.54166666666667,37.25,13.875,0.3,24,0
2014-01-09,1540116.5,9.491666666666667,87.29166666666667,85.125,15.875,19.791666666666668,1.6,24,0
2014-01-10,1575932.0,5.391666666666667,92.0,77.95833333333333,23.83333333333333,8.875,0.0,24,0
2014-01-11,1438512.0,6.266666666666667,91.08333333333331,74.375,50.958333333333336,6.495833333333334,1.0,24,0
2014-01-12,1415405.5,4.579166666666667,93.66666666666669,96.83333333333331,23.625,12.6125,0.0,24,0
2014-01-13,1592815.5,7.658333333333334,90.29166666666669,52.083333333333336,53.41666666666666,14.633333333333333,0.1,24,0
2014-01-14,1662103.0,5.470833333333334,85.58333333333333,61.625,48.833333333333336,15.833333333333334,2.4,24,0
2014-01-15,1705208.5,5.8,91.83333333333331,99.29166666666669,8.958333333333334,18.52083333333333,3.2,24,0
2014-01-16,1654108.0,8.433333333333334,88.75,89.75,38.375,20.3875,8.4,24,0
2014-01-17,1617737.5,8.125,76.70833333333333,77.83333333333333,50.125,20.379166666666663,0.0,24,0
2014-01-18,1484755.5,6.404166666666666,82.79166666666667,92.41666666666669,61.583333333333336,12.629166666666668,0.0,24,0
2014-01-19,1414738.0,6.941666666666666,88.375,94.25,42.5,7.416666666666667,3.6,24,0
2014-01-20,1660827.5,5.108333333333333,87.125,99.91666666666669,50.125,7.891666666666667,0.0,24,0
2014-01-21,1735139.0,2.6625,91.45833333333331,70.08333333333333,31.08333333333333,9.916666666666666,0.0,24,0
2014-01-22,1751907.0,3.0875,86.25,97.66666666666669,33.416666666666664,12.104166666666666,2.6,24,0
2014-01-23,1729143.5,5.9875,90.125,92.625,48.79166666666666,14.195833333333333,2.9,24,0
2014-01-24,1699801.0,4.158333333333333,91.58333333333331,82.95833333333333,21.666666666666668,8.879166666666666,1.1,24,0
2014-01-25,1544577.5,4.770833333333333,89.83333333333333,95.66666666666669,21.625,13.804166666666667,2.9,24,0
2014-01-26,1452949.5,6.395833333333333,86.75,82.125,19.416666666666668,19.54583333333333,7.1,24,0
2014-01-27,1679787.5,4.741666666666666,77.04166666666667,84.45833333333333,49.16666666666666,21.4875,0.9,24,0
2014-01-28,1757115.0,4.1875,88.125,92.25,37.66666666666666,19.291666666666668,2.2,24,0
2014-01-29,1761896.0,4.666666666666667,89.20833333333333,99.875,23.08333333333333,11.770833333333334,4.8,24,0
2014-01-30,1734179.0,4.629166666666666,92.25,53.583333333333336,68.41666666666667,6.604166666666667,0.2,24,0
2014-01-31,1747011.5,2.9625,89.75,84.5,42.458333333333336,13.695833333333333,1.0,24,0
2014-02-01,1576001.5,7.116666666666667,80.58333333333333,73.875,53.083333333333336,22.0,11.3,24,0
2014-02-02,1507743.5,4.2625,83.125,29.33333333333333,82.75,13.616666666666667,0.0,24,0
2014-02-03,1686066.5,3.7708333333333335,84.83333333333333,23.166666666666668,95.20833333333331,14.141666666666666,0.0,24,0
2014-02-04,1688714.0,6.2,74.75,57.04166666666666,53.625,21.3375,0.0,24,0
2014-02-05,1717158.5,7.4375,73.95833333333333,84.83333333333333,53.208333333333336,28.4625,4.7,24,0
2014-02-06,1692799.5,7.645833333333333,81.29166666666667,78.33333333333333,19.83333333333333,22.933333333333334,4.6,24,0
2014-02-07,1611754.5,9.579166666666667,66.58333333333333,58.29166666666666,89.5,30.945833333333336,0.6000000000000001,24,0
2014-02-08,1519921.0,7.795833333333333,79.16666666666667,84.04166666666667,50.91666666666666,29.804166666666664,4.8,24,0
2014-02-09,1472127.0,6.1375,72.08333333333333,58.16666666666666,86.66666666666667,26.508333333333336,0.7000000000000001,24,0
2014-02-10,1629992.0,5.620833333333334,80.45833333333333,96.79166666666669,61.208333333333336,12.0625,0.9,24,0
2014-02-11,1694961.5,5.329166666666667,83.875,73.16666666666667,54.375,19.404166666666665,4.9,24,0
2014-02-12,1700359.5,5.233333333333333,83.08333333333333,56.75,89.04166666666667,23.09583333333333,3.8,24,0
2014-02-13,1688285.5,6.3625,82.58333333333333,63.625,50.29166666666666,21.416666666666668,9.2,24,0
2014-02-14,1661136.0,6.904166666666666,85.66666666666667,89.75,24.08333333333333,20.191666666666663,3.6,24,0
2014-02-15,1443516.5,9.575,69.625,80.20833333333333,67.20833333333333,28.09583333333333,0.0,24,0
2014-02-16,1390099.5,7.391666666666667,75.58333333333333,70.875,82.0,17.033333333333335,0.3,24,0
2014-02-17,1562923.0,6.6625000000000005,81.75,95.29166666666669,74.375,14.425,0.0,24,0
2014-02-18,1619814.5,6.533333333333334,81.66666666666667,82.83333333333333,90.54166666666669,11.258333333333333,0.6,24,0
2014-02-19,1591281.5,7.524999999999999,89.20833333333333,73.0,51.75,10.629166666666666,0.4,24,0
2014-02-20,1562406.0,8.608333333333333,92.125,84.29166666666667,14.75,19.8,1.7999999999999998,24,0
2014-02-21,1565860.5,7.054166666666667,75.75,43.41666666666666,106.20833333333331,18.570833333333333,0.8,24,0
2014-02-22,1456826.0,6.108333333333333,84.33333333333333,84.125,48.54166666666666,13.0125,5.5,24,0
2014-02-23,1337068.0,7.145833333333333,84.08333333333333,76.125,116.54166666666669,13.395833333333334,0.0,24,0
2014-02-24,1493503.5,8.525,75.29166666666667,63.91666666666666,132.5,16.125,0.0,24,0
2014-02-25,1551784.0,9.0375,77.04166666666667,81.875,68.79166666666667,22.195833333333336,3.2,24,0
2014-02-26,1572298.0,6.304166666666667,80.95833333333333,41.79166666666666,103.79166666666669,9.675,0.0,24,0
2014-02-27,1640848.5,5.070833333333334,90.0,73.625,33.416666666666664,17.4375,8.8,24,0
2014-02-28,1642837.0,5.7,87.95833333333333,88.20833333333333,76.66666666666667,13.470833333333331,8.5,24,0
2014-03-01,1499298.5,5.108333333333333,82.41666666666667,60.458333333333336,86.08333333333333,11.325,1.3,24,0
2014-03-02,1423165.5,3.829166666666667,76.70833333333333,48.958333333333336,92.79166666666669,13.75,0.0,24,0
2014-03-03,1602903.0,6.608333333333333,80.83333333333333,76.20833333333333,105.0,20.508333333333333,7.6,24,0
2014-03-04,1611989.5,5.3625,81.08333333333333,50.66666666666666,108.625,8.966666666666667,0.0,24,0
2014-03-05,1555521.5,6.879166666666666,78.33333333333333,33.208333333333336,137.95833333333334,7.495833333333334,0.0,24,0
2014-03-06,1544044.5,6.579166666666667,77.5,4.583333333333333,160.54166666666666,6.6875,0.0,24,0
2014-03-07,1504819.0,6.779166666666666,76.875,36.333333333333336,150.91666666666666,6.7,0.0,24,0
2014-03-08,1307948.5,8.979166666666666,77.04166666666667,6.416666666666667,172.41666666666666,11.229166666666666,0.0,24,0
2014-03-09,1188483.5,10.520833333333334,70.83333333333333,0.0,175.20833333333334,11.025,0.0,24,0
2014-03-10,1362537.0,10.0375,78.875,0.0,176.95833333333334,11.333333333333334,0.0,24,0
2014-03-11,1401060.0,9.766666666666667,80.95833333333333,28.75,168.95833333333334,16.729166666666668,0.0,24,0
2014-03-12,1400695.5,10.1125,75.0,17.0,181.45833333333331,10.020833333333334,0.0,24,0
2014-03-13,1395209.0,10.083333333333334,77.375,0.0,182.5,4.929166666666666,0.0,24,0
2014-03-14,1365652.5,9.504166666666666,83.125,0.5,183.625,6.795833333333333,0.0,24,0
2014-03-15,1250292.0,9.183333333333334,80.79166666666667,75.70833333333333,109.41666666666669,14.266666666666666,0.0,24,0
2014-03-16,1157816.5,9.925,82.41666666666667,4.791666666666667,184.33333333333331,12.308333333333332,0.0,24,0
2014-03-17,1330848.5,8.083333333333334,89.625,72.70833333333333,108.375,6.266666666666667,0.0,24,0
2014-03-18,1388311.5,9.279166666666669,82.04166666666667,95.29166666666669,72.91666666666667,9.595833333333331,0.0,24,0
2014-03-19,1364563.0,10.291666666666666,77.70833333333333,65.70833333333333,178.0,9.858333333333333,0.0,24,0
2014-03-20,1342195.0,11.195833333333333,74.125,29.291666666666668,200.625,14.920833333333334,0.0,24,0
2014-03-21,1325302.5,9.883333333333333,72.375,91.41666666666669,97.16666666666669,17.691666666666666,1.5,24,0
2014-03-22,1265725.0,8.6,69.25,78.25,130.0,18.695833333333333,0.9,24,0
2014-03-23,1273951.0,6.108333333333333,77.08333333333333,58.5,157.04166666666666,15.845833333333331,2.3,24,0
2014-03-24,1464778.0,5.416666666666667,73.79166666666667,60.125,146.95833333333334,7.1875,0.0,24,0
2014-03-25,1500748.0,5.304166666666666,80.91666666666667,95.70833333333331,50.208333333333336,11.0,4.3,24,0
2014-03-26,1493672.5,5.8375,72.58333333333333,52.708333333333336,206.20833333333331,11.591666666666669,0.2,24,0
2014-03-27,1497807.5,5.8625,72.16666666666667,71.54166666666667,208.33333333333331,6.2,0.0,24,0
2014-03-28,1449388.0,8.229166666666666,60.708333333333336,74.70833333333333,211.95833333333331,10.329166666666667,0.0,24,0
2014-03-29,1241009.0,11.75,61.708333333333336,60.41666666666666,214.5,14.570833333333333,0.0,24,0
2014-03-30,1133377.0,13.566666666666668,65.125,76.95833333333333,170.58333333333334,10.516666666666667,0.0,24,0
2014-03-31,1280060.0,13.554166666666667,72.29166666666667,74.875,191.625,7.625,0.1,24,0
2014-04-01,1278647.5,13.575,74.16666666666667,78.58333333333333,201.125,6.995833333333334,0.0,24,0
2014-04-02,1265754.0,14.033333333333331,74.08333333333333,89.375,180.33333333333331,10.408333333333331,0.0,24,0
2014-04-03,1288278.0,14.8375,68.375,93.41666666666669,145.41666666666666,12.758333333333333,0.7,24,0
2014-04-04,1287996.0,12.733333333333334,79.04166666666667,91.58333333333331,130.0,9.416666666666666,0.0,24,0
2014-04-05,1146427.0,12.004166666666668,75.875,60.833333333333336,170.08333333333334,9.3625,0.0,24,0
2014-04-06,1045915.5,14.116666666666667,82.41666666666667,89.20833333333333,63.458333333333336,12.35,0.1,24,0
2014-04-07,1203239.0,15.083333333333334,81.625,87.29166666666667,123.04166666666669,15.116666666666667,0.7999999999999999,24,0
2014-04-08,1254635.5,10.891666666666666,67.875,71.16666666666667,150.875,18.7375,0.0,24,0
2014-04-09,1280476.5,8.920833333333333,74.83333333333333,34.041666666666664,171.54166666666666,5.395833333333333,0.0,24,0
2014-04-10,1261084.5,10.675,72.75,6.75,254.75,6.533333333333334,0.0,24,0
2014-04-11,1229607.5,11.45,75.125,48.16666666666666,206.70833333333331,12.395833333333334,0.0,24,0
2014-04-12,1095670.5,11.054166666666667,72.66666666666667,84.54166666666667,195.79166666666663,8.9375,0.0,24,0
2014-04-13,1029993.5,10.395833333333334,75.5,64.95833333333333,142.5,8.4625,0.0,24,0
2014-04-14,1214887.0,10.158333333333331,71.0,41.208333333333336,196.41666666666663,13.108333333333334,0.0,24,0
2014-04-15,1259898.5,8.108333333333333,65.29166666666667,9.791666666666666,261.0,13.566666666666668,0.0,24,0
2014-04-16,1274499.5,9.166666666666666,59.625,14.916666666666666,273.5416666666667,11.879166666666668,0.0,24,0
2014-04-17,1261899.5,11.225,56.04166666666666,31.416666666666668,277.7916666666667,7.479166666666667,0.0,24,0
2014-04-18,1235861.5,11.054166666666667,59.54166666666666,80.875,141.04166666666666,14.870833333333332,0.0,24,0
2014-04-19,1148545.5,9.25,64.95833333333333,59.875,204.41666666666663,14.295833333333334,1.7000000000000002,24,0
2014-04-20,1078574.0,12.025,65.75,72.66666666666667,196.04166666666663,8.799999999999999,1.2,24,0
2014-04-21,1079185.0,12.129166666666668,69.75,99.66666666666669,114.33333333333331,4.608333333333333,1.2000000000000002,24,1
2014-04-22,1239143.5,12.55,79.04166666666667,50.0,227.41666666666663,7.962499999999999,1.1,24,0
2014-04-23,1243834.5,12.579166666666666,80.04166666666667,85.29166666666667,179.875,6.695833333333333,1.9,24,0
2014-04-24,1230447.0,14.291666666666666,77.41666666666667,81.58333333333333,204.20833333333331,8.083333333333334,5.2,24,0
2014-04-25,1224681.0,13.516666666666666,85.08333333333333,89.66666666666667,127.95833333333331,9.670833333333333,10.1,24,0
2014-04-26,1113223.5,10.283333333333331,87.45833333333333,78.625,76.95833333333333,15.045833333333334,5.6000000000000005,24,0
2014-04-27,1070453.0,10.670833333333334,84.29166666666667,68.41666666666667,174.29166666666666,16.650000000000002,6.6,24,0
2014-04-28,1243393.5,11.204166666666666,83.45833333333333,67.58333333333333,177.83333333333334,9.279166666666669,2.1,24,0
2014-04-29,1268699.0,10.304166666666667,85.33333333333333,76.70833333333333,147.83333333333334,7.433333333333334,8.3,24,0
2014-04-30,1242892.5,13.145833333333334,77.91666666666667,67.125,211.5,9.145833333333334,3.7,24,0
2014-05-01,1032663.5,12.320833333333333,88.375,83.54166666666667,143.83333333333334,9.345833333333331,11.5,24,1
2014-05-02,1150865.0,11.879166666666668,82.75,83.70833333333333,153.91666666666666,16.583333333333332,1.5,24,0
2014-05-03,1102354.5,10.270833333333334,62.5,49.333333333333336,215.70833333333331,16.025000000000002,0.0,24,0
2014-05-04,1037573.5,10.929166666666667,64.91666666666667,48.41666666666666,276.4166666666667,8.591666666666667,0.0,24,0
2014-05-05,1177756.0,13.220833333333331,66.41666666666667,60.41666666666666,308.25,9.541666666666666,0.0,24,0
2014-05-06,1187963.0,15.075,74.625,82.08333333333333,175.25,15.5625,5.3,24,0
2014-05-07,1189747.5,13.425,79.125,62.66666666666666,210.125,16.554166666666667,1.3,24,0
2014-05-08,1044643.0,12.854166666666666,78.58333333333333,99.41666666666669,116.375,18.28333333333333,3.8,24,1
2014-05-09,1102485.5,14.558333333333332,73.58333333333333,79.70833333333333,185.375,18.604166666666668,2.4,24,0
2014-05-10,1039271.5,12.216666666666669,83.79166666666667,87.83333333333333,80.79166666666667,20.041666666666668,8.5,24,0
2014-05-11,995839.5,11.695833333333333,72.375,54.16666666666666,236.625,22.508333333333336,5.2,24,0
2014-05-12,1199807.5,10.754166666666668,76.0,72.0,195.375,17.308333333333334,3.4000000000000004,24,0
2014-05-13,1242724.0,10.795833333333334,79.70833333333333,48.375,238.70833333333331,12.770833333333334,3.0,24,0
2014-05-14,1234423.5,11.308333333333332,80.33333333333333,45.083333333333336,224.58333333333331,10.904166666666669,0.4,24,0
2014-05-15,1218823.0,10.658333333333331,66.66666666666667,8.333333333333334,306.375,12.641666666666667,0.0,24,0
2014-05-16,1195281.5,12.508333333333333,66.04166666666667,14.541666666666666,302.5416666666667,14.016666666666666,0.0,24,0
2014-05-17,1036620.0,14.745833333333332,65.625,9.75,302.4166666666667,12.358333333333334,0.0,24,0
2014-05-18,948213.5,16.3125,67.54166666666667,20.375,296.5,6.833333333333333,0.0,24,0
2014-05-19,1121131.5,17.8,63.708333333333336,38.25,299.625,11.991666666666667,0.0,24,0
2014-05-20,1151965.5,17.545833333333334,69.58333333333333,84.58333333333333,179.91666666666666,12.266666666666666,8.3,24,0
2014-05-21,1169964.0,16.308333333333334,83.95833333333333,99.70833333333331,142.625,13.083333333333334,18.8,24,0
2014-05-22,1163479.5,15.433333333333332,64.16666666666667,48.333333333333336,251.5,17.8125,0.2,24,0
2014-05-23,1156323.5,13.841666666666669,75.25,82.91666666666667,204.91666666666663,15.479166666666666,1.3,24,0
2014-05-24,1031316.5,13.1375,76.5,66.625,211.04166666666663,19.72083333333333,4.2,24,0
2014-05-25,962180.0,14.254166666666668,72.875,60.54166666666666,230.91666666666663,8.004166666666666,0.0,24,0
2014-05-26,1150470.5,14.3375,83.58333333333333,95.95833333333331,128.95833333333334,6.458333333333333,5.5,24,0
2014-05-27,1189106.0,14.316666666666668,84.79166666666667,80.25,195.08333333333331,14.191666666666668,7.499999999999999,24,0
2014-05-28,1186381.5,12.625,90.16666666666669,87.70833333333333,92.375,9.983333333333333,6.4,24,0
2014-05-29,1012649.5,14.379166666666668,76.625,46.66666666666666,255.04166666666663,7.791666666666667,0.1,24,1
2014-05-30,1063155.0,15.370833333333335,77.70833333333333,64.25,209.95833333333331,7.5625,1.3,24,0
2014-05-31,989296.5,15.541666666666666,69.45833333333333,46.54166666666666,281.4583333333333,11.445833333333333,0.0,24,0
2014-06-01,931104.5,14.691666666666668,71.66666666666667,65.5,201.83333333333331,9.125,0.5,24,0
2014-06-02,1112742.0,14.833333333333334,79.75,78.29166666666667,179.29166666666666,6.866666666666667,0.2,24,0
2014-06-03,1145429.5,15.554166666666667,79.45833333333333,87.625,184.0,7.520833333333333,1.6,24,0
2014-06-04,1164588.0,13.895833333333334,84.875,83.5,103.83333333333331,13.566666666666668,16.2,24,0
2014-06-05,1157903.0,13.529166666666669,64.875,44.875,277.7916666666667,11.1875,0.0,24,0
2014-06-06,1142848.0,18.1,65.83333333333333,55.208333333333336,326.9166666666667,10.908333333333331,0.0,24,0
2014-06-07,1000671.5,21.175,71.0,60.25,233.16666666666663,10.766666666666666,0.3,24,0
2014-06-08,917187.0,21.445833333333336,78.66666666666667,39.25,282.125,5.579166666666667,6.0,24,0
2014-06-09,963028.0,21.916666666666668,82.0,62.333333333333336,258.0,7.233333333333333,22.0,24,1
2014-06-10,1134391.0,19.47083333333333,82.125,71.33333333333333,216.41666666666663,8.133333333333335,5.3,24,0
2014-06-11,1147851.5,18.98333333333333,71.41666666666667,57.833333333333336,278.8333333333333,9.866666666666667,0.1,24,0
2014-06-12,1160823.0,19.14583333333333,64.0,12.833333333333334,317.125,13.804166666666667,0.0,24,0
2014-06-13,1149722.0,18.72083333333333,68.20833333333333,14.125,334.9583333333333,13.15,0.0,24,0
2014-06-14,995501.0,17.3,71.08333333333333,44.16666666666666,267.4583333333333,16.816666666666666,0.4,24,0
2014-06-15,912426.0,15.375,71.33333333333333,46.958333333333336,227.95833333333331,18.758333333333333,0.3,24,0
2014-06-16,1100381.5,15.691666666666668,69.125,53.625,300.5833333333333,19.275,0.0,24,0
2014-06-17,1136290.0,15.791666666666666,70.875,93.625,230.25,18.4875,0.0,24,0
2014-06-18,1137861.0,16.745833333333334,69.79166666666667,42.125,276.6666666666667,17.412499999999998,0.0,24,0
2014-06-19,1144995.5,16.483333333333334,73.625,39.708333333333336,307.5416666666667,10.270833333333334,0.0,24,0
2014-06-20,1136176.0,16.454166666666666,67.95833333333333,52.04166666666666,253.91666666666663,11.720833333333331,0.0,24,0
2014-06-21,1004163.5,17.1875,62.333333333333336,9.125,345.5833333333333,10.991666666666667,0.0,24,0
2014-06-22,933877.0,19.320833333333333,57.66666666666666,45.16666666666666,327.75,12.2,0.0,24,0
2014-06-23,1123065.5,19.33333333333333,55.333333333333336,78.79166666666667,265.875,13.925,0.0,24,0
2014-06-24,1156935.0,19.779166666666665,58.333333333333336,22.25,313.0833333333333,11.141666666666666,0.0,24,0
2014-06-25,1153323.0,18.15833333333333,60.16666666666666,29.416666666666668,299.25,12.629166666666668,0.0,24,0
2014-06-26,1154359.0,18.2125,55.66666666666666,67.41666666666667,249.83333333333331,5.9875,0.6,24,0
2014-06-27,1141554.5,18.504166666666663,78.04166666666667,76.125,242.0,10.866666666666667,2.0,24,0
2014-06-28,1006011.5,15.854166666666666,87.70833333333333,98.0,82.41666666666667,6.479166666666667,13.0,24,0
2014-06-29,924062.0,15.233333333333334,83.5,79.625,172.625,8.520833333333334,11.8,24,0
2014-06-30,1097629.0,15.416666666666666,74.58333333333333,51.125,252.04166666666663,5.1625000000000005,0.0,24,0
2014-07-01,1140349.0,17.866666666666667,61.833333333333336,66.66666666666667,213.625,11.3,0.0,24,0
2014-07-02,1146573.5,18.42083333333333,60.375,44.0,332.8333333333333,12.320833333333333,0.0,24,0
2014-07-03,1164165.5,21.029166666666665,60.79166666666666,20.5,339.875,5.658333333333334,0.0,24,0
2014-07-04,1147208.5,20.691666666666663,72.29166666666667,74.58333333333333,191.58333333333331,11.170833333333334,4.4,24,0
2014-07-05,1005722.0,19.4875,78.54166666666667,82.79166666666667,94.0,21.4625,3.6,24,0
2014-07-06,931615.0,17.829166666666666,81.0,88.75,151.58333333333334,16.645833333333332,9.5,24,0
2014-07-07,1102252.0,16.4375,74.83333333333333,85.08333333333333,204.16666666666663,4.825,0.4,24,0
2014-07-08,1139949.5,15.970833333333331,80.75,84.58333333333333,206.29166666666663,7.766666666666667,6.1,24,0
2014-07-09,1151060.5,14.4125,88.0,89.25,113.66666666666669,15.3625,11.8,24,0
2014-07-10,1164210.0,15.1125,87.45833333333333,100.0,57.41666666666666,20.691666666666663,17.2,24,0
2014-07-11,1148244.0,16.070833333333333,88.79166666666667,91.375,138.16666666666666,11.404166666666669,6.7,24,0
2014-07-12,1004638.5,17.854166666666668,79.83333333333333,91.04166666666669,155.25,5.625,0.2,24,0
2014-07-13,927368.0,17.4375,90.33333333333331,90.5,106.16666666666669,10.254166666666666,15.9,24,0
2014-07-14,938312.5,17.150000000000002,76.58333333333333,63.375,151.70833333333334,9.929166666666667,1.0,24,1
2014-07-15,1122215.5,18.966666666666665,75.25,51.54166666666666,198.70833333333331,5.625,0.0,24,0
2014-07-16,1162969.0,22.041666666666668,72.20833333333333,30.541666666666668,280.2916666666667,4.979166666666667,0.0,24,0
2014-07-17,1184123.5,23.1125,70.5,10.5,323.625,9.358333333333333,0.0,24,0
2014-07-18,1179690.5,25.516666666666666,68.20833333333333,47.333333333333336,309.1666666666667,9.4625,0.0,24,0
2014-07-19,1028327.0,24.683333333333334,69.83333333333333,92.375,224.33333333333331,7.533333333333334,14.6,24,0
2014-07-20,932266.5,20.579166666666666,87.0,94.54166666666669,194.125,8.183333333333334,19.3,24,0
2014-07-21,1103176.0,19.15,84.79166666666667,72.5,155.25,15.3125,2.2,24,0
2014-07-22,1144934.5,19.570833333333333,82.25,70.08333333333333,133.875,15.066666666666668,0.2,24,0
2014-07-23,1158206.5,22.041666666666668,79.91666666666667,64.66666666666667,238.5,11.916666666666666,0.7,24,0
2014-07-24,1165382.0,22.90833333333333,70.83333333333333,24.666666666666668,292.0833333333333,8.725,1.2,24,0
2014-07-25,1128944.0,20.9,68.875,13.291666666666666,284.9583333333333,9.2625,0.0,24,0
2014-07-26,990403.0,20.1125,75.125,44.54166666666666,241.16666666666663,10.2625,0.6000000000000001,24,0
2014-07-27,922947.0,21.354166666666668,74.875,49.583333333333336,267.6666666666667,7.891666666666667,0.5,24,0
2014-07-28,1073647.0,19.216666666666665,79.04166666666667,76.5,196.79166666666663,10.654166666666669,6.2,24,0
2014-07-29,1092961.0,18.929166666666667,78.75,87.41666666666667,129.95833333333334,13.8375,2.0,24,0
2014-07-30,1095529.0,20.133333333333333,70.58333333333333,33.666666666666664,240.79166666666663,11.85,0.1,24,0
2014-07-31,1093781.0,19.20833333333333,71.20833333333333,39.54166666666666,294.125,5.154166666666667,0.0,24,0
2014-08-01,1069561.0,20.716666666666665,71.625,53.333333333333336,244.45833333333331,6.995833333333334,0.1,24,0
2014-08-02,949798.0,20.60833333333333,69.125,72.625,216.875,13.175,0.0,24,0
2014-08-03,876484.5,19.183333333333334,82.5,59.875,207.29166666666663,6.570833333333333,6.800000000000001,24,0
2014-08-04,993642.5,18.266666666666666,72.91666666666667,47.375,217.91666666666663,6.954166666666667,0.3,24,0
2014-08-05,1013915.5,19.679166666666667,66.16666666666667,45.333333333333336,236.29166666666663,5.008333333333334,0.0,24,0
2014-08-06,1019943.0,18.33333333333333,82.29166666666667,93.75,72.33333333333333,10.383333333333333,11.3,24,0
2014-08-07,1024979.0,19.129166666666663,87.58333333333333,81.54166666666667,153.83333333333334,4.541666666666667,2.4,24,0
2014-08-08,1022557.0,19.02083333333333,91.125,97.16666666666669,95.66666666666669,10.029166666666669,14.4,24,0
2014-08-09,921054.0,18.8625,75.0,85.45833333333333,161.33333333333334,13.9375,3.6,24,0
2014-08-10,871019.0,19.016666666666666,79.70833333333333,71.25,148.25,16.879166666666666,8.1,24,0
2014-08-11,972251.5,16.95,67.91666666666667,38.41666666666666,233.41666666666663,15.445833333333333,1.0,24,0
2014-08-12,986077.5,16.462500000000002,79.875,39.083333333333336,189.95833333333331,14.125,6.0,24,0
2014-08-13,986778.5,15.808333333333332,80.91666666666667,77.04166666666667,123.04166666666669,11.420833333333334,3.4000000000000004,24,0
2014-08-14,979571.0,15.933333333333332,80.5,60.958333333333336,204.95833333333331,12.191666666666668,9.7,24,0
2014-08-15,891908.5,15.341666666666669,81.41666666666667,52.708333333333336,199.29166666666663,14.433333333333332,1.3,24,1
2014-08-16,892462.5,16.358333333333334,73.20833333333333,23.625,228.75,7.345833333333334,0.0,24,0
2014-08-17,856452.0,16.154166666666665,70.54166666666667,83.95833333333333,193.29166666666663,15.5375,0.0,24,0
2014-08-18,988908.5,16.404166666666665,68.20833333333333,71.45833333333333,172.16666666666666,13.2875,0.0,24,0
2014-08-19,1020640.5,14.4625,71.70833333333333,45.75,188.125,11.170833333333334,0.0,24,0
2014-08-20,1028575.0,14.229166666666666,73.20833333333333,43.0,203.70833333333331,7.370833333333334,1.0,24,0
2014-08-21,1036473.5,13.6375,72.29166666666667,34.875,187.75,8.125,0.1,24,0
2014-08-22,1040670.5,15.1,68.20833333333333,67.875,190.79166666666663,12.6625,0.0,24,0
2014-08-23,949411.5,15.166666666666666,69.75,51.625,203.58333333333331,11.8125,0.0,24,0
2014-08-24,894415.0,14.616666666666667,72.20833333333333,58.083333333333336,168.5,7.383333333333333,0.1,24,0
2014-08-25,1075697.0,15.0625,87.91666666666667,100.0,42.125,13.166666666666666,20.5,24,0
2014-08-26,1121156.5,17.216666666666665,89.08333333333333,71.79166666666667,140.45833333333334,12.204166666666666,10.0,24,0
2014-08-27,1119755.0,17.154166666666665,84.875,72.66666666666667,133.54166666666666,7.379166666666666,1.2,24,0
2014-08-28,1127528.0,18.5875,79.54166666666667,92.625,112.375,12.870833333333332,1.2,24,0
2014-08-29,1113073.5,18.22083333333333,75.0,64.54166666666667,201.79166666666663,8.916666666666666,0.0,24,0
2014-08-30,985369.0,17.179166666666667,79.33333333333333,66.75,153.08333333333334,10.558333333333334,0.3,24,0
2014-08-31,919301.0,16.420833333333334,77.29166666666667,55.91666666666666,144.41666666666666,13.641666666666666,0.2,24,0
2014-09-01,1099393.5,15.8875,80.70833333333333,31.666666666666668,169.75,6.108333333333333,0.0,24,0
2014-09-02,1140603.5,17.429166666666667,81.20833333333333,40.583333333333336,183.79166666666663,6.945833333333333,0.1,24,0
2014-09-03,1145318.5,17.416666666666668,77.41666666666667,19.625,189.08333333333331,11.633333333333333,0.0,24,0
2014-09-04,1153846.0,17.708333333333332,79.33333333333333,64.04166666666667,110.83333333333331,8.479166666666666,0.1,24,0
2014-09-05,1145760.5,18.925,81.83333333333333,65.70833333333333,138.79166666666666,6.316666666666666,0.3,24,0
2014-09-06,1007249.0,18.7875,80.625,56.875,179.29166666666666,5.775,0.2,24,0
2014-09-07,939485.5,18.54583333333333,79.58333333333333,21.916666666666668,202.95833333333331,4.816666666666666,0.0,24,0
2014-09-08,1130637.0,18.779166666666665,76.0,5.458333333333333,214.91666666666663,9.591666666666669,0.0,24,0
2014-09-09,1160323.0,17.466666666666665,73.75,44.583333333333336,198.125,11.254166666666668,0.0,24,0
2014-09-10,1161796.0,15.854166666666666,72.41666666666667,32.541666666666664,202.45833333333331,14.2625,0.0,24,0
2014-09-11,1159858.0,15.1625,71.58333333333333,34.916666666666664,156.95833333333334,13.575,0.0,24,0
2014-09-12,1139565.0,15.983333333333334,73.625,1.4166666666666667,214.79166666666663,11.25,0.0,24,0
2014-09-13,1003932.5,16.595833333333335,76.29166666666667,36.125,147.08333333333334,13.954166666666666,0.0,24,0
2014-09-14,934610.5,17.333333333333332,74.08333333333333,78.125,97.79166666666669,13.154166666666669,0.0,24,0
2014-09-15,1124764.5,18.754166666666663,75.25,51.79166666666666,157.75,8.1625,0.0,24,0
2014-09-16,1156451.5,18.316666666666663,76.75,26.291666666666668,177.45833333333334,7.0125,0.0,24,0
2014-09-17,1162815.0,20.10833333333333,77.91666666666667,91.125,151.08333333333334,8.954166666666667,0.3,24,0
2014-09-18,1162637.5,19.5625,82.41666666666667,54.54166666666666,164.29166666666666,7.108333333333333,2.7,24,0
2014-09-19,1152834.0,19.9,80.91666666666667,82.91666666666667,155.0,7.5625,0.0,24,0
2014-09-20,1010369.5,19.8,81.95833333333333,58.833333333333336,165.20833333333334,7.458333333333333,3.1,24,0
2014-09-21,936471.5,17.2625,84.33333333333333,73.70833333333333,84.16666666666667,10.8625,4.6,24,0
2014-09-22,1111589.5,14.045833333333334,73.45833333333333,61.91666666666666,152.75,11.6375,0.0,24,0
2014-09-23,1151769.0,13.404166666666669,72.625,48.458333333333336,183.41666666666663,10.058333333333334,0.0,24,0
2014-09-24,1171054.0,13.083333333333334,78.0,81.29166666666667,127.83333333333331,8.783333333333333,0.1,24,0
2014-09-25,1167067.5,13.6375,76.91666666666667,43.125,131.08333333333334,5.958333333333333,0.0,24,0
2014-09-26,1152109.5,14.708333333333334,74.58333333333333,17.291666666666668,180.04166666666666,6.208333333333333,0.0,24,0
2014-09-27,1012600.0,16.150000000000002,78.0,27.166666666666668,177.75,8.379166666666666,0.0,24,0
2014-09-28,942395.0,17.425,75.66666666666667,75.33333333333333,160.75,8.991666666666667,0.0,24,0
2014-09-29,1135413.0,17.5625,82.75,88.0,97.0,9.316666666666666,5.1,24,0
2014-09-30,1166378.5,17.654166666666665,83.375,51.5,142.75,4.616666666666666,0.2,24,0
2014-10-01,1167683.5,17.254166666666666,78.83333333333333,39.79166666666666,155.0,4.9,0.0,24,0
2014-10-02,1165204.5,16.866666666666667,84.45833333333333,73.41666666666667,110.0,5.945833333333333,0.0,24,0
2014-10-03,1149838.5,16.854166666666668,82.45833333333333,41.16666666666666,147.20833333333334,4.954166666666667,0.0,24,0
2014-10-04,1012545.5,15.883333333333333,79.45833333333333,43.458333333333336,140.16666666666666,11.008333333333333,2.7,24,0
2014-10-05,959809.0,12.491666666666667,76.45833333333333,99.70833333333331,61.0,13.620833333333332,1.8,24,0
2014-10-06,1169801.0,12.020833333333334,79.0,99.5,52.458333333333336,15.320833333333333,7.0,24,0
2014-10-07,1205924.0,13.783333333333331,85.29166666666667,87.625,62.458333333333336,19.42083333333333,2.0,24,0
2014-10-08,1216683.5,15.1125,87.45833333333333,90.70833333333331,44.875,17.8875,15.2,24,0
2014-10-09,1202506.5,15.85,80.54166666666667,76.25,84.33333333333333,16.283333333333335,0.0,24,0
2014-10-10,1184700.5,14.316666666666668,80.79166666666667,96.625,124.25,8.979166666666666,0.0,24,0
2014-10-11,1046677.0,14.733333333333334,80.5,78.08333333333333,130.45833333333334,7.670833333333333,1.2,24,0
2014-10-12,1001329.5,13.0125,90.66666666666669,61.708333333333336,34.166666666666664,12.3375,7.0,24,0
2014-10-13,1173669.5,15.420833333333334,74.0,43.875,121.625,21.7375,0.0,24,0
2014-10-14,1208084.0,12.308333333333332,76.66666666666667,20.20833333333333,133.08333333333334,10.0875,0.1,24,0
2014-10-15,1220398.5,12.145833333333334,86.70833333333333,89.875,56.125,8.729166666666666,0.1,24,0
2014-10-16,1218755.0,15.9875,84.95833333333333,96.58333333333331,82.5,15.791666666666666,3.4000000000000004,24,0
2014-10-17,1191926.5,15.558333333333332,84.54166666666667,94.33333333333331,68.375,12.9,3.7,24,0
2014-10-18,1041583.5,17.708333333333332,81.79166666666667,14.625,126.45833333333331,12.633333333333333,0.0,24,0
2014-10-19,959272.5,17.875,83.83333333333333,8.708333333333334,120.79166666666669,13.104166666666666,0.0,24,0
2014-10-20,1148282.5,14.266666666666666,89.75,75.91666666666667,23.625,8.5625,3.0,24,0
2014-10-21,1211093.5,12.245833333333332,80.91666666666667,65.25,57.125,22.78333333333333,1.2,24,0
2014-10-22,1255371.5,10.795833333333334,63.583333333333336,56.833333333333336,80.79166666666667,16.037499999999998,0.2,24,0
2014-10-23,1282302.5,12.716666666666669,74.375,79.58333333333333,95.95833333333331,8.112499999999999,0.0,24,0
2014-10-24,1267650.5,12.058333333333332,78.54166666666667,94.95833333333331,62.41666666666666,10.091666666666669,2.3000000000000003,24,0
2014-10-25,1116675.5,12.870833333333332,90.33333333333331,86.75,32.666666666666664,3.4791666666666665,0.3,24,0
2014-10-26,1046025.5,13.6375,90.08333333333331,96.83333333333331,63.04166666666666,3.220833333333333,0.0,24,0
2014-10-27,1231666.0,12.504166666666668,91.875,85.375,87.25,4.9750000000000005,0.0,24,0
2014-10-28,1281365.5,10.358333333333333,93.25,79.16666666666667,71.20833333333333,8.633333333333333,0.0,24,0
2014-10-29,1278002.0,9.354166666666666,95.54166666666669,72.125,56.79166666666666,6.095833333333334,0.3,24,0
2014-10-30,1258547.5,12.4625,87.54166666666667,23.666666666666668,102.875,8.65,0.0,24,0
2014-10-31,1226692.0,13.858333333333334,81.45833333333333,87.91666666666667,102.33333333333331,10.579166666666667,0.0,24,0
2014-11-01,1072856.0,14.1,85.45833333333333,4.958333333333333,101.25,10.3,0.0,24,1
2014-11-02,1049025.0,13.958333333333334,88.83333333333333,62.208333333333336,47.66666666666666,17.3,1.9,24,0
2014-11-03,1269623.5,12.829166666666666,87.45833333333333,90.83333333333331,34.583333333333336,25.016666666666666,17.2,24,0
2014-11-04,1339840.0,9.229166666666666,85.66666666666667,99.54166666666669,57.91666666666666,7.399999999999999,5.8,24,0
2014-11-05,1407515.5,7.4375,82.875,32.458333333333336,82.41666666666667,10.533333333333331,0.0,24,0
2014-11-06,1449984.5,7.233333333333333,81.875,41.25,86.83333333333333,10.625,0.0,24,0
2014-11-07,1435970.0,10.641666666666667,71.79166666666667,63.5,66.125,23.925,2.0,24,0
2014-11-08,1274535.0,10.875,81.95833333333333,68.875,55.54166666666666,18.0,0.0,24,0
2014-11-09,1209443.5,10.408333333333331,85.45833333333333,96.25,29.08333333333333,12.195833333333333,1.3,24,0
2014-11-10,1325969.0,9.133333333333336,84.29166666666667,77.125,88.04166666666667,13.283333333333331,0.0,24,0
2014-11-11,1245881.5,10.616666666666664,84.29166666666667,77.70833333333333,82.58333333333333,13.091666666666669,0.0,24,1
2014-11-12,1394203.5,11.15,79.29166666666667,81.5,66.125,14.4375,0.3,24,0
2014-11-13,1431349.0,9.645833333333334,86.33333333333333,76.20833333333333,51.04166666666666,15.2,0.0,24,0
2014-11-14,1421351.5,9.8625,88.54166666666667,97.04166666666669,13.458333333333334,13.5375,12.4,24,0
2014-11-15,1274535.5,9.129166666666666,93.29166666666669,95.375,37.125,9.133333333333336,0.0,24,0
2014-11-16,1233932.5,8.375,91.95833333333331,94.20833333333331,33.041666666666664,9.175,3.0,24,0
2014-11-17,1450665.0,7.420833333333333,91.0,90.91666666666669,45.25,8.179166666666667,0.8,24,0
2014-11-18,1483833.0,7.025,92.16666666666669,70.375,42.54166666666666,7.158333333333334,0.1,24,0
2014-11-19,1513844.5,7.1875,90.79166666666669,83.79166666666667,36.54166666666666,6.791666666666667,0.0,24,0
2014-11-20,1511514.0,7.945833333333333,88.375,97.54166666666669,36.958333333333336,10.225,0.7,24,0
2014-11-21,1462802.0,8.5875,90.625,96.5,47.54166666666666,7.245833333333334,0.0,24,0
2014-11-22,1280455.0,10.191666666666666,91.75,71.54166666666667,61.083333333333336,9.0375,0.2,24,0
2014-11-23,1187871.0,10.8375,93.04166666666669,50.375,62.29166666666666,8.766666666666667,0.2,24,0
2014-11-24,1383108.0,9.483333333333333,87.875,84.66666666666667,27.666666666666668,14.4625,1.6,24,0
2014-11-25,1438438.0,9.758333333333333,86.41666666666667,99.41666666666669,22.541666666666668,10.85,3.8,24,0
2014-11-26,1433694.0,11.2,96.08333333333331,99.29166666666669,11.958333333333334,6.129166666666666,8.2,24,0
2014-11-27,1433987.0,10.720833333333331,95.125,98.66666666666669,34.0,6.633333333333333,0.1,24,0
2014-11-28,1405331.0,11.645833333333334,79.83333333333333,84.20833333333333,48.708333333333336,16.179166666666667,0.0,24,0
2014-11-29,1293083.5,8.4,83.45833333333333,57.29166666666666,64.625,11.145833333333334,0.0,24,0
2014-11-30,1286322.0,3.9125,92.45833333333331,53.125,59.04166666666666,6.154166666666666,0.0,24,0
2014-12-01,1545620.0,5.0125,87.875,97.875,18.041666666666668,15.129166666666668,0.2,24,0
2014-12-02,1632421.0,3.033333333333333,83.16666666666667,97.83333333333331,21.375,12.041666666666666,0.1,24,0
2014-12-03,1683581.0,2.2041666666666666,87.875,99.125,27.166666666666668,14.579166666666666,1.6,24,0
2014-12-04,1689590.0,3.1125000000000003,83.375,97.20833333333331,16.0,7.9375,0.0,24,0
2014-12-05,1666292.5,4.616666666666666,89.54166666666667,98.66666666666669,20.0,5.675,0.3,24,0
2014-12-06,1544575.0,3.9166666666666665,89.29166666666667,48.91666666666666,47.41666666666666,12.004166666666668,0.0,24,0
2014-12-07,1523532.0,2.3041666666666667,92.58333333333331,64.41666666666667,19.916666666666668,12.3,1.8,24,0
2014-12-08,1682117.5,3.9875,91.20833333333331,67.45833333333333,38.04166666666666,12.233333333333334,2.4,24,0
2014-12-09,1753430.0,1.9125,89.375,25.25,59.583333333333336,9.975,0.0,24,0
2014-12-10,1735819.0,6.8375,86.875,79.04166666666667,19.45833333333333,18.075,0.7999999999999999,24,0
2014-12-11,1669248.0,7.404166666666666,83.25,88.29166666666667,31.08333333333333,22.45833333333333,1.0,24,0
2014-12-12,1640672.5,9.4625,83.66666666666667,99.875,10.625,28.59583333333333,7.9,24,0
2014-12-13,1490125.5,4.795833333333333,93.70833333333331,99.58333333333331,4.333333333333333,10.741666666666667,20.1,24,0
2014-12-14,1474672.0,1.3125,96.58333333333331,92.375,29.166666666666668,5.608333333333333,0.0,24,0
2014-12-15,1632785.0,3.529166666666667,93.20833333333331,93.33333333333331,12.166666666666666,13.604166666666666,1.6,24,0
2014-12-16,1607863.5,6.45,92.91666666666669,82.08333333333333,35.583333333333336,8.308333333333334,0.3,24,0
2014-12-17,1633126.0,8.195833333333333,93.91666666666669,100.0,3.25,18.29583333333333,14.0,24,0
2014-12-18,1537222.5,11.45,89.29166666666667,99.83333333333331,17.875,19.779166666666665,1.2,24,0
2014-12-19,1491226.5,10.4875,84.875,91.95833333333331,4.541666666666667,22.75,3.5,24,0
2014-12-20,1394645.0,6.825,83.125,75.16666666666667,36.833333333333336,14.204166666666666,0.0,24,0
2014-12-21,1387725.0,6.741666666666667,83.83333333333333,88.04166666666667,30.5,13.095833333333331,0.0,24,0
2014-12-22,1538661.0,8.5,82.29166666666667,89.29166666666667,33.666666666666664,19.404166666666665,0.0,24,0
2014-12-23,1551412.5,8.495833333333334,86.29166666666667,99.375,18.08333333333333,15.35,0.0,24,0
2014-12-24,1470170.0,8.845833333333333,86.75,93.20833333333331,9.75,20.120833333333334,0.8,24,0
2014-12-25,1314732.5,5.8625,84.0,59.083333333333336,36.958333333333336,10.633333333333333,0.3,24,1
2014-12-26,1498023.0,2.591666666666667,92.5,70.54166666666667,34.25,9.783333333333331,2.3,24,0
2014-12-27,1507959.0,4.733333333333333,85.20833333333333,84.5,33.458333333333336,30.070833333333336,7.6,24,0
2014-12-28,1568947.0,-0.6416666666666666,69.75,58.333333333333336,44.708333333333336,21.8125,0.1,24,0
2014-12-29,1792576.5,-0.6083333333333333,84.25,46.04166666666666,41.66666666666666,11.845833333333331,0.1,24,0
2014-12-30,1770442.0,2.345833333333333,90.75,56.54166666666666,45.91666666666666,8.4375,0.0,24,0
2014-12-31,1721096.5,1.1958333333333333,90.0,33.208333333333336,47.875,4.9875,0.0,24,0
2015-01-01,1613817.0,-0.6166666666666667,95.08333333333331,62.04166666666666,36.75,8.616666666666667,0.0,24,1
2015-01-02,1656045.5,5.0,87.66666666666667,87.08333333333333,13.458333333333334,16.454166666666666,1.1,24,0
2015-01-03,1538261.0,5.866666666666667,95.25,94.33333333333331,5.333333333333333,19.104166666666668,3.7,24,0
2015-01-04,1413088.0,4.429166666666666,91.20833333333331,82.58333333333333,26.375,8.1625,1.1,24,0
2015-01-05,1710599.5,0.4875,93.79166666666669,57.458333333333336,50.79166666666666,6.4,0.0,24,0
2015-01-06,1810338.5,0.7541666666666668,92.83333333333331,70.375,31.916666666666668,9.3,0.0,24,0
2015-01-07,1784020.5,3.1166666666666667,96.95833333333331,88.16666666666667,28.95833333333333,6.95,0.0,24,0
2015-01-08,1720014.0,7.925,92.375,93.875,7.583333333333333,21.375,3.7,24,0
2015-01-09,1632115.5,9.445833333333333,90.08333333333331,97.33333333333331,8.458333333333334,25.066666666666663,0.7,24,0
2015-01-10,1386109.5,11.375,85.5,98.66666666666669,18.70833333333333,26.35833333333333,2.4,24,0
2015-01-11,1379918.0,6.170833333333333,76.16666666666667,70.45833333333333,53.125,17.825,0.0,24,0
2015-01-12,1642328.0,7.208333333333333,76.29166666666667,95.04166666666669,29.75,23.666666666666668,0.0,24,0
2015-01-13,1642547.5,9.220833333333331,80.45833333333333,76.625,21.20833333333333,26.15416666666667,1.3,24,0
2015-01-14,1642105.0,6.404166666666666,81.58333333333333,73.04166666666667,52.41666666666666,23.504166666666663,2.1,24,0
2015-01-15,1646339.5,8.887500000000001,80.25,99.91666666666669,13.291666666666666,31.0875,3.6,24,0
2015-01-16,1635446.5,5.933333333333334,87.375,84.95833333333333,59.79166666666666,10.279166666666669,3.1,24,0
2015-01-17,1563165.5,2.4125,86.33333333333333,49.958333333333336,63.29166666666666,10.083333333333334,0.0,24,0
2015-01-18,1563415.5,2.895833333333333,83.41666666666667,93.125,60.79166666666666,13.4125,0.0,24,0
2015-01-19,1781994.0,2.3541666666666665,88.75,92.125,28.666666666666668,8.766666666666667,1.6,24,0
2015-01-20,1845672.0,0.6125,89.33333333333333,80.875,46.16666666666666,6.1375,0.0,24,0
2015-01-21,1864542.5,1.2958333333333334,82.91666666666667,97.625,59.875,10.466666666666669,0.0,24,0
2015-01-22,1867123.5,0.6708333333333334,84.45833333333333,79.08333333333333,71.45833333333333,11.5375,0.0,24,0
2015-01-23,1892485.5,-0.0624999999999999,81.79166666666667,92.95833333333331,41.833333333333336,8.166666666666666,0.0,24,0
2015-01-24,1748997.0,1.8375,84.08333333333333,61.333333333333336,58.375,16.087500000000002,3.4000000000000004,24,0
2015-01-25,1658734.0,1.7791666666666668,89.625,47.083333333333336,66.0,7.945833333333333,0.0,24,0
2015-01-26,1795161.5,6.008333333333333,91.29166666666669,95.70833333333331,9.166666666666666,13.945833333333333,2.6,24,0
2015-01-27,1777152.5,4.141666666666667,88.5,82.04166666666667,42.625,10.341666666666669,0.1,24,0
2015-01-28,1784136.5,4.833333333333333,89.5,87.33333333333333,21.25,19.279166666666665,1.6,24,0
2015-01-29,1781801.5,3.9375,90.25,94.875,19.791666666666668,20.445833333333333,6.0,24,0
2015-01-30,1796684.5,2.154166666666667,86.45833333333333,71.04166666666667,46.625,19.475,1.6,24,0
2015-01-31,1663246.5,2.029166666666667,89.08333333333333,80.75,59.708333333333336,14.004166666666668,1.8,24,0
2015-02-01,1636949.0,2.3916666666666666,84.20833333333333,75.125,43.79166666666666,19.558333333333334,0.9,24,0
2015-02-02,1833206.0,1.3791666666666669,78.54166666666667,78.375,72.5,10.3375,0.4,24,0
2015-02-03,1898993.0,0.3208333333333333,73.91666666666667,94.58333333333331,71.58333333333333,7.6125,0.2,24,0
2015-02-04,1943350.5,0.875,80.83333333333333,90.20833333333331,72.875,16.833333333333332,0.0,24,0
2015-02-05,1970264.5,0.6833333333333332,78.91666666666667,44.16666666666666,83.66666666666667,17.712500000000002,0.0,24,0
2015-02-06,2030330.0,-0.5875,63.625,29.125,94.54166666666669,24.854166666666668,0.0,24,0
2015-02-07,1834879.0,0.4375,62.5,13.833333333333334,103.95833333333331,19.77083333333333,0.0,24,0
2015-02-08,1694812.5,4.441666666666666,79.125,68.04166666666667,67.66666666666667,18.5125,0.1,24,0
2015-02-09,1835134.0,1.2958333333333332,90.875,48.25,57.083333333333336,8.0625,0.0,24,0
2015-02-10,1831741.5,3.9,86.58333333333333,93.83333333333331,40.54166666666666,10.425,0.0,24,0
2015-02-11,1791335.5,3.0666666666666664,87.16666666666667,18.291666666666668,105.125,7.8875,0.0,24,0
2015-02-12,1780319.0,1.6583333333333332,91.79166666666669,45.125,89.41666666666667,3.2875,0.0,24,0
2015-02-13,1726465.5,4.704166666666667,84.33333333333333,49.875,86.70833333333333,18.4625,2.0,24,0
2015-02-14,1541736.5,6.454166666666667,90.54166666666669,94.66666666666669,37.41666666666666,15.7125,7.0,24,0
2015-02-15,1476189.0,5.291666666666667,89.16666666666667,77.91666666666667,42.16666666666666,8.0375,0.3,24,0
2015-02-16,1696855.0,5.020833333333333,87.58333333333333,77.58333333333333,102.875,8.804166666666667,0.0,24,0
2015-02-17,1713006.5,6.0625,86.20833333333333,90.91666666666669,24.375,14.3375,0.0,24,0
2015-02-18,1727660.0,3.2,89.33333333333333,76.5,65.41666666666667,6.65,0.0,24,0
2015-02-19,1729218.0,4.7125,81.45833333333333,68.375,103.79166666666669,11.6875,0.0,24,0
2015-02-20,1704582.5,6.170833333333333,87.79166666666667,95.33333333333331,15.958333333333334,24.425,9.6,24,0
2015-02-21,1567708.5,3.9375,92.375,77.54166666666667,73.04166666666667,13.154166666666669,7.5,24,0
2015-02-22,1537347.0,2.5541666666666667,78.91666666666667,48.625,118.375,13.016666666666666,0.3,24,0
2015-02-23,1677522.0,7.091666666666666,81.29166666666667,82.70833333333333,93.41666666666669,21.616666666666664,9.5,24,0
2015-02-24,1715517.0,4.6625000000000005,79.79166666666667,45.66666666666666,102.29166666666669,18.875,1.8,24,0
2015-02-25,1677264.5,4.520833333333333,92.91666666666669,89.41666666666667,21.375,11.7375,5.2,24,0
2015-02-26,1640542.5,8.179166666666667,96.625,96.66666666666669,22.70833333333333,10.65,4.6000000000000005,24,0
2015-02-27,1642262.5,5.645833333333333,69.54166666666667,47.66666666666666,119.75,16.579166666666666,0.0,24,0
2015-02-28,1539327.5,3.7,76.875,75.375,67.95833333333333,16.1125,0.0,24,0
2015-03-01,1393695.5,9.766666666666667,81.625,96.04166666666669,67.29166666666667,21.95833333333333,4.1000000000000005,24,0
2015-03-02,1529843.0,7.454166666666667,74.95833333333333,60.333333333333336,125.75,21.695833333333336,3.9,24,0
2015-03-03,1563584.5,5.2125,78.375,71.29166666666667,89.5,15.995833333333335,1.9,24,0
2015-03-04,1609523.5,4.408333333333333,74.70833333333333,30.625,140.79166666666666,15.229166666666666,0.0,24,0
2015-03-05,1634937.5,4.5875,78.04166666666667,7.25,145.25,9.041666666666666,0.0,24,0
2015-03-06,1602611.0,4.333333333333333,80.375,39.04166666666666,162.20833333333334,6.304166666666667,0.0,24,0
2015-03-07,1428554.5,5.920833333333333,77.20833333333333,67.29166666666667,154.625,8.758333333333333,0.0,24,0
2015-03-08,1314638.0,7.420833333333333,78.04166666666667,56.083333333333336,171.45833333333334,6.979166666666667,0.0,24,0
2015-03-09,1450605.5,8.579166666666667,86.04166666666667,96.75,120.41666666666669,5.8500000000000005,0.0,24,0
2015-03-10,1490649.5,8.045833333333333,91.5,97.25,27.25,7.529166666666666,0.8999999999999999,24,0
2015-03-11,1460586.5,8.333333333333334,76.08333333333333,86.08333333333333,156.0,9.645833333333334,0.0,24,0
2015-03-12,1463375.0,6.841666666666666,65.5,37.333333333333336,184.5,11.666666666666666,0.0,24,0
2015-03-13,1490685.0,6.354166666666667,68.125,99.625,113.20833333333331,9.154166666666669,0.0,24,0
2015-03-14,1411058.0,6.133333333333333,65.54166666666667,75.79166666666667,126.875,14.470833333333331,0.0,24,0
2015-03-15,1385434.5,5.95,81.70833333333333,98.20833333333331,81.875,12.416666666666666,0.8,24,0
2015-03-16,1531950.5,6.7625,79.625,33.5,175.70833333333334,6.175,0.0,24,0
2015-03-17,1495983.5,8.674999999999999,74.66666666666667,7.875,192.25,6.3875,0.0,24,0
2015-03-18,1442533.5,9.258333333333333,79.20833333333333,59.958333333333336,183.41666666666663,13.279166666666669,0.0,24,0
2015-03-19,1482551.0,6.3625,80.70833333333333,95.33333333333331,78.16666666666667,16.691666666666666,0.0,24,0
2015-03-20,1494275.0,8.516666666666667,79.41666666666667,55.79166666666666,168.33333333333334,13.9,0.0,24,0
2015-03-21,1383341.5,6.270833333333333,81.04166666666667,71.125,85.45833333333333,13.7375,0.0,24,0
2015-03-22,1344450.0,7.170833333333333,72.83333333333333,66.375,117.0,18.404166666666665,0.8,24,0
2015-03-23,1490897.5,6.358333333333333,74.45833333333333,1.6666666666666667,185.45833333333331,5.991666666666667,0.0,24,0
2015-03-24,1527442.5,5.770833333333333,82.33333333333333,93.29166666666669,83.125,8.470833333333333,7.2,24,0
2015-03-25,1579349.0,6.141666666666667,75.95833333333333,65.66666666666667,166.20833333333334,13.0625,2.0,24,0
2015-03-26,1603417.0,3.704166666666667,90.04166666666667,60.41666666666666,43.875,14.2875,3.2,24,0
2015-03-27,1512467.0,7.141666666666667,78.29166666666667,59.583333333333336,135.70833333333334,11.775,0.0,24,0
2015-03-28,1335072.0,9.675,85.66666666666667,92.66666666666669,51.16666666666666,16.820833333333333,0.3,24,0
2015-03-29,1254712.0,10.9,85.58333333333333,100.0,31.58333333333333,27.725,5.4,24,0
2015-03-30,1402809.5,10.154166666666669,75.33333333333333,95.95833333333331,110.54166666666669,21.370833333333334,5.3,24,0
2015-03-31,1410865.0,11.045833333333334,69.625,74.0,138.83333333333334,30.679166666666664,0.3,24,0
2015-04-01,1456094.0,7.6875,62.625,48.083333333333336,170.66666666666666,20.995833333333334,0.5,24,0
2015-04-02,1480442.5,7.954166666666667,85.04166666666667,95.04166666666669,20.0,17.0,3.2,24,0
2015-04-03,1436064.0,8.579166666666667,90.45833333333331,99.91666666666669,63.583333333333336,7.774999999999999,6.0,24,0
2015-04-04,1311812.0,7.991666666666667,86.70833333333333,82.04166666666667,54.958333333333336,14.758333333333333,0.3,24,0
2015-04-05,1263298.0,5.704166666666667,69.0,30.95833333333333,191.54166666666663,14.683333333333332,0.0,24,0
2015-04-06,1273756.0,6.745833333333334,70.83333333333333,20.08333333333333,213.70833333333331,11.1,0.0,24,1
2015-04-07,1400425.5,8.241666666666667,67.91666666666667,0.875,255.0,9.366666666666667,0.0,24,0
2015-04-08,1375866.0,8.904166666666667,69.625,0.0416666666666666,252.875,7.958333333333333,0.0,24,0
2015-04-09,1318584.0,10.729166666666666,70.66666666666667,21.666666666666668,258.5416666666667,7.383333333333333,0.0,24,0
2015-04-10,1267981.5,12.116666666666667,70.75,55.875,242.125,11.095833333333331,0.0,24,0
2015-04-11,1139880.5,11.8375,78.625,89.95833333333333,108.91666666666669,16.8,1.6,24,0
2015-04-12,1065006.0,11.120833333333332,75.375,58.708333333333336,167.25,7.895833333333333,0.1,24,0
2015-04-13,1194565.0,11.395833333333334,76.0,22.666666666666668,254.20833333333331,5.541666666666667,0.0,24,0
2015-04-14,1191038.0,14.241666666666667,72.33333333333333,48.0,266.2083333333333,7.0375000000000005,0.0,24,0
2015-04-15,1173393.0,15.425,70.0,29.83333333333333,257.2916666666667,7.370833333333334,0.0,24,0
2015-04-16,1173622.5,15.454166666666666,73.45833333333333,91.08333333333331,217.75,8.229166666666666,0.0,24,0
2015-04-17,1177724.5,13.741666666666667,72.16666666666667,72.79166666666667,189.66666666666663,10.058333333333334,0.0,24,0
2015-04-18,1069588.5,11.2375,55.208333333333336,52.75,257.625,20.22083333333333,0.0,24,0
2015-04-19,1023760.5,10.941666666666668,55.54166666666666,0.0,284.1666666666667,16.491666666666667,0.0,24,0
2015-04-20,1185109.5,12.833333333333334,59.875,22.0,270.4166666666667,11.858333333333334,0.0,24,0
2015-04-21,1189471.5,14.008333333333333,62.208333333333336,0.0,282.9583333333333,13.441666666666668,0.0,24,0
2015-04-22,1179612.5,13.383333333333333,62.5,0.0,287.25,17.675,0.0,24,0
2015-04-23,1179752.0,12.958333333333334,65.16666666666667,0.0,288.2916666666667,9.5,0.0,24,0
2015-04-24,1166334.5,14.0875,71.79166666666667,46.04166666666666,268.375,11.008333333333333,0.8999999999999999,24,0
2015-04-25,1037826.5,14.658333333333331,77.0,83.625,156.91666666666666,11.008333333333333,4.4,24,0
2015-04-26,986693.0,12.895833333333334,86.25,85.45833333333333,93.0,8.2125,8.200000000000001,24,0
2015-04-27,1191383.5,10.558333333333334,72.08333333333333,98.5,132.04166666666666,18.054166666666667,0.0,24,0
2015-04-28,1247214.0,9.0875,64.20833333333333,47.91666666666666,226.45833333333331,12.3375,0.0,24,0
2015-04-29,1261510.0,9.754166666666666,67.41666666666667,88.04166666666667,182.625,12.05,0.9,24,0
2015-04-30,1263413.0,9.05,91.41666666666669,83.33333333333333,36.333333333333336,12.625,12.5,24,0
2015-05-01,1076473.5,9.708333333333334,90.75,100.0,32.0,12.995833333333332,9.9,24,1
2015-05-02,1086823.5,11.225,89.79166666666667,99.95833333333331,63.375,8.495833333333334,10.1,24,0
2015-05-03,1016247.0,14.95,88.20833333333333,83.375,96.0,18.120833333333334,6.0,24,0
2015-05-04,1165859.0,15.320833333333333,80.58333333333333,93.25,182.04166666666663,14.004166666666668,14.4,24,0
2015-05-05,1167085.5,16.295833333333334,72.45833333333333,34.083333333333336,213.125,24.808333333333334,3.4,24,0
2015-05-06,1183170.0,12.666666666666666,66.29166666666667,22.08333333333333,242.95833333333331,23.84583333333333,0.1,24,0
2015-05-07,1187168.5,12.05,67.25,59.04166666666666,226.625,9.7,0.0,24,0
2015-05-08,1026593.0,13.558333333333332,77.08333333333333,82.83333333333333,147.33333333333334,7.758333333333333,3.0,24,1
2015-05-09,999660.0,15.116666666666667,72.0,64.375,224.33333333333331,17.775000000000002,0.0,24,0
2015-05-10,943534.5,15.491666666666667,75.54166666666667,61.16666666666666,269.4583333333333,8.083333333333334,0.0,24,0
2015-05-11,1112134.0,18.529166666666665,74.33333333333333,99.20833333333331,251.375,7.254166666666666,0.0,24,0
2015-05-12,1136460.0,15.95,74.25,94.58333333333331,262.0,10.566666666666666,0.0,24,0
2015-05-13,1140134.0,13.441666666666668,72.25,42.625,226.45833333333331,9.570833333333333,1.5,24,0
2015-05-14,998883.5,13.229166666666666,78.375,83.20833333333333,100.79166666666669,10.858333333333334,5.3,24,1
2015-05-15,1081429.5,11.025,80.08333333333333,85.45833333333333,138.625,13.691666666666668,0.3,24,0
2015-05-16,1026886.5,11.608333333333334,82.875,83.45833333333333,93.5,10.866666666666667,0.3,24,0
2015-05-17,955783.5,12.258333333333333,73.29166666666667,19.125,274.125,7.8875,0.0,24,0
2015-05-18,1130762.5,12.8875,75.125,54.125,265.5,13.6,0.4,24,0
2015-05-19,1179797.5,10.866666666666667,67.375,54.208333333333336,223.79166666666663,19.3625,1.0,24,0
2015-05-20,1205796.0,10.279166666666669,69.16666666666667,30.625,281.6666666666667,13.241666666666667,0.1,24,0
2015-05-21,1210168.5,11.608333333333334,70.33333333333333,40.79166666666666,230.95833333333331,9.4375,0.1,24,0
2015-05-22,1180221.5,13.058333333333335,71.33333333333333,40.0,281.4583333333333,7.941666666666666,0.0,24,0
2015-05-23,1032134.0,15.033333333333331,75.75,59.125,199.125,10.729166666666666,0.0,24,0
2015-05-24,939096.5,15.1375,69.95833333333333,49.25,260.5416666666667,10.054166666666667,0.0,24,0
2015-05-25,978292.0,14.475,77.41666666666667,73.625,162.79166666666666,12.654166666666669,1.6,24,1
2015-05-26,1141810.0,13.5875,66.625,82.20833333333333,147.95833333333334,9.575,0.0,24,0
2015-05-27,1158566.0,14.945833333333333,66.625,43.54166666666666,292.125,5.879166666666666,0.0,24,0
2015-05-28,1162160.5,15.104166666666666,70.125,82.45833333333333,235.45833333333331,10.154166666666669,0.0,24,0
2015-05-29,1149512.0,13.958333333333334,67.54166666666667,90.125,157.66666666666666,12.470833333333331,1.2,24,0
2015-05-30,1012674.0,14.025,62.875,95.58333333333331,257.875,11.495833333333332,0.0,24,0
2015-05-31,947141.5,14.4125,80.95833333333333,99.75,69.0,19.016666666666666,5.7,24,0
2015-06-01,1129523.0,13.070833333333333,66.5,87.58333333333333,269.0416666666667,10.133333333333336,0.3,24,0
2015-06-02,1164505.5,16.145833333333332,64.79166666666667,72.79166666666667,188.75,24.85833333333333,0.2,24,0
2015-06-03,1167549.5,16.554166666666667,69.41666666666667,61.583333333333336,182.83333333333331,11.216666666666669,0.0,24,0
2015-06-04,1176677.0,17.858333333333334,64.75,9.083333333333334,329.2916666666667,10.3625,0.0,24,0
2015-06-05,1170653.0,22.65833333333333,69.83333333333333,31.916666666666668,286.5416666666667,11.175,3.0,24,0
2015-06-06,1014270.0,16.587500000000002,59.54166666666666,16.291666666666668,331.75,12.241666666666667,0.0,24,0
2015-06-07,934413.0,15.575,59.29166666666666,56.375,337.4166666666667,13.433333333333332,0.0,24,0
2015-06-08,1116421.5,15.025,54.208333333333336,6.708333333333333,342.0833333333333,22.008333333333336,0.0,24,0
2015-06-09,1147066.0,14.920833333333334,56.208333333333336,70.5,240.04166666666663,23.666666666666668,0.0,24,0
2015-06-10,1150922.0,17.070833333333333,55.75,62.583333333333336,242.66666666666663,20.20833333333333,0.0,24,0
2015-06-11,1166666.0,21.695833333333336,63.958333333333336,43.125,317.3333333333333,13.141666666666666,1.0,24,0
2015-06-12,1143027.0,21.820833333333336,67.41666666666667,83.20833333333333,239.75,13.1125,1.1,24,0
2015-06-13,996061.0,19.775,60.75,76.08333333333333,313.8333333333333,9.529166666666669,0.0,24,0
2015-06-14,925965.5,18.641666666666666,60.04166666666666,87.41666666666667,199.91666666666663,12.570833333333333,0.2,24,0
2015-06-15,1105517.5,17.566666666666666,68.25,96.95833333333331,160.79166666666666,13.2375,0.1,24,0
2015-06-16,1133847.5,16.866666666666667,54.41666666666666,31.5,316.5,15.591666666666669,0.0,24,0
2015-06-17,1139669.0,17.808333333333334,59.0,40.91666666666666,290.8333333333333,10.3625,0.0,24,0
2015-06-18,1152803.0,17.108333333333334,82.16666666666667,96.33333333333331,60.91666666666666,13.75,2.9,24,0
2015-06-19,1123466.0,16.116666666666667,65.91666666666667,38.083333333333336,282.6666666666667,11.258333333333333,0.2,24,0
2015-06-20,992821.0,16.7,67.33333333333333,60.04166666666666,162.33333333333334,9.558333333333334,0.0,24,0
2015-06-21,924479.0,17.787499999999998,71.33333333333333,86.41666666666667,194.29166666666663,11.883333333333333,1.1,24,0
2015-06-22,1121851.5,14.720833333333331,72.95833333333333,87.54166666666667,82.95833333333333,13.0125,1.2,24,0
2015-06-23,1148898.0,14.733333333333334,68.08333333333333,49.458333333333336,217.66666666666663,11.791666666666666,0.0,24,0
2015-06-24,1151409.5,17.1125,61.5,25.83333333333333,296.875,5.1875,0.0,24,0
2015-06-25,1161856.0,21.09583333333333,55.04166666666666,67.79166666666667,325.2916666666667,4.279166666666667,0.0,24,0
2015-06-26,1159964.5,23.52916666666667,50.25,66.625,294.375,9.491666666666667,0.0,24,0
2015-06-27,1021989.5,19.954166666666666,58.208333333333336,77.70833333333333,269.5833333333333,13.15,0.0,24,0
2015-06-28,954786.5,21.28333333333333,53.16666666666666,53.083333333333336,327.5416666666667,8.391666666666667,0.0,24,0
2015-06-29,1151308.0,21.254166666666663,55.458333333333336,59.208333333333336,333.2083333333333,8.525,0.0,24,0
2015-06-30,1202829.0,24.508333333333336,47.833333333333336,0.0,337.7083333333333,10.0875,0.0,24,0
2015-07-01,1220421.0,29.204166666666666,41.625,11.75,327.75,11.729166666666666,0.9,24,0
2015-07-02,1225541.5,26.15,59.833333333333336,43.16666666666666,276.625,12.291666666666666,0.2,24,0
2015-07-03,1219118.0,26.4625,55.79166666666666,39.66666666666666,319.5,14.1625,0.0,24,0
2015-07-04,1083992.0,28.2875,51.708333333333336,46.91666666666666,287.1666666666667,8.025,0.3,24,0
2015-07-05,985921.0,22.28333333333333,61.875,62.708333333333336,206.33333333333331,11.420833333333334,5.4,24,0
2015-07-06,1179298.0,22.3875,55.833333333333336,15.875,322.0416666666667,7.695833333333333,0.0,24,0
2015-07-07,1218393.5,23.004166666666663,60.0,58.458333333333336,243.04166666666663,11.308333333333332,2.2,24,0
2015-07-08,1184955.0,17.733333333333334,61.66666666666666,76.25,147.125,19.629166666666663,0.5,24,0
2015-07-09,1175547.0,17.745833333333334,58.833333333333336,38.625,248.91666666666663,12.725,0.0,24,0
2015-07-10,1170967.0,19.8125,47.125,0.0,339.5416666666667,10.695833333333333,0.0,24,0
2015-07-11,1043655.5,21.829166666666666,48.833333333333336,22.666666666666668,329.875,13.320833333333333,0.0,24,0
2015-07-12,957395.0,19.433333333333334,61.66666666666666,74.58333333333333,205.375,8.466666666666667,0.1,24,0
2015-07-13,1071399.0,21.366666666666664,62.083333333333336,81.66666666666667,120.625,12.695833333333333,0.0,24,0
2015-07-14,1005439.0,21.191666666666663,64.625,68.375,178.20833333333334,11.166666666666666,0.0,24,1
2015-07-15,1176585.5,22.8125,64.5,13.75,237.75,7.445833333333333,0.0,24,0
2015-07-16,1215128.5,26.33333333333333,58.54166666666666,10.75,320.875,12.091666666666669,0.0,24,0
2015-07-17,1203987.0,25.229166666666668,57.16666666666666,57.5,264.2083333333333,15.491666666666667,0.0,24,0
2015-07-18,1052959.0,22.629166666666663,57.91666666666666,55.29166666666666,240.70833333333331,7.016666666666667,1.2000000000000002,24,0
2015-07-19,962983.0,21.995833333333334,66.20833333333333,91.33333333333331,178.70833333333334,12.175,0.7000000000000001,24,0
2015-07-20,1162001.0,22.65833333333333,72.75,98.16666666666669,81.20833333333333,14.083333333333334,2.5,24,0
2015-07-21,1206661.5,23.53333333333333,69.75,51.04166666666666,174.25,11.1625,0.0,24,0
2015-07-22,1191915.5,21.85,61.458333333333336,80.83333333333333,213.33333333333331,10.179166666666664,1.8,24,0
2015-07-23,1175277.0,20.5125,55.208333333333336,63.958333333333336,261.125,7.883333333333333,0.0,24,0
2015-07-24,1157641.0,21.7875,55.875,77.91666666666667,216.75,14.0625,2.3,24,0
2015-07-25,1005203.5,18.175,61.333333333333336,58.083333333333336,212.58333333333331,22.15,0.9,24,0
2015-07-26,929731.5,15.858333333333334,72.95833333333333,86.79166666666667,98.08333333333331,14.079166666666666,6.0,24,0
2015-07-27,1090358.5,18.366666666666667,68.29166666666667,82.08333333333333,151.375,24.1875,2.0,24,0
2015-07-28,1114391.0,16.32916666666667,62.79166666666666,98.04166666666669,138.45833333333334,17.504166666666666,0.2,24,0
2015-07-29,1110815.5,16.3125,62.625,69.5,209.91666666666663,12.9875,0.0,24,0
2015-07-30,1094420.5,16.075,59.958333333333336,33.666666666666664,231.33333333333331,11.304166666666667,0.0,24,0
2015-07-31,1069752.5,16.458333333333332,57.5,62.66666666666666,297.75,9.5875,0.0,24,0
2015-08-01,953647.5,19.175,51.04166666666666,34.583333333333336,304.375,10.320833333333333,0.0,24,0
2015-08-02,898395.5,21.02083333333333,50.04166666666666,19.125,311.0833333333333,9.108333333333333,0.0,24,0
2015-08-03,1038713.5,25.679166666666664,41.0,33.166666666666664,293.5416666666667,10.575,0.0,24,0
2015-08-04,1044862.5,21.5625,58.708333333333336,78.0,245.58333333333331,11.75,2.9,24,0
2015-08-05,1056352.5,22.3125,50.16666666666666,37.54166666666666,283.7916666666667,8.970833333333333,0.0,24,0
2015-08-06,1072626.5,23.5625,53.625,39.708333333333336,290.5,8.545833333333333,0.0,24,0
2015-08-07,1064753.0,22.92083333333333,56.458333333333336,25.916666666666668,243.375,12.4375,0.0,24,0
2015-08-08,958768.5,23.175,52.833333333333336,81.0,213.08333333333331,11.575,0.0,24,0
2015-08-09,880115.5,21.566666666666663,56.958333333333336,81.08333333333333,96.29166666666669,10.0,0.7,24,0
2015-08-10,985265.5,21.816666666666663,59.375,82.20833333333333,228.08333333333331,8.604166666666666,0.0,24,0
2015-08-11,1018078.5,23.28333333333333,65.58333333333333,72.70833333333333,217.25,11.929166666666667,0.0,24,0
2015-08-12,1036742.5,26.25,57.083333333333336,55.708333333333336,258.125,12.3125,0.0,24,0
2015-08-13,1030583.0,25.0125,67.66666666666667,96.66666666666669,168.375,12.4625,5.2,24,0
2015-08-14,1003541.0,20.466666666666665,79.45833333333333,77.20833333333333,177.41666666666666,11.7375,6.1000000000000005,24,0
2015-08-15,894647.5,17.720833333333335,75.875,90.625,172.08333333333334,16.724999999999998,3.6,24,1
2015-08-16,854140.0,17.095833333333335,68.16666666666667,72.95833333333333,147.875,6.558333333333334,0.2,24,0
2015-08-17,982846.0,17.679166666666667,57.25,97.04166666666669,169.375,10.3875,0.0,24,0
2015-08-18,1015637.5,16.9375,63.458333333333336,88.25,170.45833333333334,5.970833333333334,0.0,24,0
2015-08-19,1025141.0,19.25,57.208333333333336,64.16666666666667,203.08333333333331,6.291666666666667,0.0,24,0
2015-08-20,1040492.0,19.183333333333334,74.41666666666667,81.45833333333333,120.95833333333331,6.3375,6.7,24,0
2015-08-21,1047565.0,21.98333333333333,67.0,25.041666666666668,248.29166666666663,6.404166666666666,0.0,24,0
2015-08-22,960653.0,23.479166666666668,52.04166666666666,7.125,268.1666666666667,10.095833333333331,0.0,24,0
2015-08-23,895083.5,20.2125,63.0,75.04166666666667,106.41666666666669,11.1,4.7,24,0
2015-08-24,1053515.5,17.2625,75.95833333333333,80.125,145.375,25.179166666666664,13.8,24,0
2015-08-25,1086247.0,16.620833333333334,69.125,65.08333333333333,116.375,20.8375,0.2,24,0
2015-08-26,1110888.0,21.941666666666663,67.20833333333333,90.33333333333331,205.70833333333331,20.075,0.3,24,0
2015-08-27,1129356.0,16.4875,87.125,100.0,18.541666666666668,10.4375,19.3,24,0
2015-08-28,1117850.0,17.320833333333333,78.41666666666667,84.70833333333333,124.54166666666669,3.8625,0.2,24,0
2015-08-29,1008507.0,21.575,74.375,36.875,228.625,7.649999999999999,0.0,24,0
2015-08-30,948583.5,25.09583333333333,70.75,37.54166666666666,229.33333333333331,9.325,0.0,24,0
2015-08-31,1132029.0,22.05,78.16666666666667,80.08333333333333,137.91666666666666,11.179166666666667,5.9,24,0
2015-09-01,1141419.0,17.404166666666665,81.54166666666667,73.25,143.79166666666666,14.054166666666667,4.7,24,0
2015-09-02,1130498.5,15.116666666666667,72.91666666666667,34.833333333333336,197.0,7.708333333333333,0.0,24,0
2015-09-03,1136696.0,14.608333333333334,70.0,34.0,180.0,9.395833333333334,0.6000000000000001,24,0
2015-09-04,1124836.0,13.958333333333334,71.66666666666667,55.91666666666666,139.45833333333334,8.445833333333333,0.5,24,0
2015-09-05,993522.0,14.158333333333331,73.33333333333333,61.125,123.29166666666669,9.429166666666667,0.2,24,0
2015-09-06,935815.0,14.025,62.41666666666666,65.95833333333333,183.625,10.3375,0.0,24,0
2015-09-07,1118058.5,14.129166666666668,72.75,36.833333333333336,137.5,9.1375,0.0,24,0
2015-09-08,1148264.0,15.220833333333331,75.04166666666667,58.25,115.95833333333331,13.066666666666668,0.3,24,0
2015-09-09,1152982.0,16.537499999999998,66.66666666666667,8.791666666666666,214.83333333333331,13.245833333333332,0.0,24,0
2015-09-10,1153534.5,16.8125,57.083333333333336,1.5,226.5,11.491666666666667,0.0,24,0
2015-09-11,1142111.5,16.070833333333333,58.708333333333336,52.04166666666666,217.70833333333331,6.504166666666666,0.0,24,0
2015-09-12,1009096.0,17.183333333333334,78.16666666666667,96.04166666666669,54.79166666666666,10.220833333333331,8.200000000000001,24,0
2015-09-13,945803.5,15.1875,91.75,96.58333333333331,60.583333333333336,10.054166666666667,4.6,24,0
2015-09-14,1117840.0,15.391666666666666,76.125,63.5,152.70833333333334,21.316666666666663,2.2,24,0
2015-09-15,1160086.0,14.9,67.41666666666667,74.41666666666667,160.33333333333334,20.375,2.2,24,0
2015-09-16,1182785.5,17.483333333333334,79.20833333333333,78.58333333333333,60.458333333333336,24.04583333333333,17.4,24,0
2015-09-17,1176294.0,15.9875,77.29166666666667,81.29166666666667,126.45833333333331,17.104166666666668,2.8,24,0
2015-09-18,1155137.5,13.966666666666669,82.91666666666667,68.58333333333333,125.33333333333331,15.816666666666668,7.6,24,0
2015-09-19,1021879.5,14.379166666666665,81.04166666666667,41.66666666666666,145.25,10.533333333333331,0.0,24,0
2015-09-20,956167.5,13.0,78.5,40.958333333333336,161.625,5.895833333333333,0.0,24,0
2015-09-21,1134735.5,15.0875,71.79166666666667,70.54166666666667,150.20833333333334,8.570833333333333,0.0,24,0
2015-09-22,1176874.5,13.8875,78.125,76.75,107.29166666666669,19.995833333333334,7.5,24,0
2015-09-23,1187279.5,13.283333333333331,76.70833333333333,57.5,131.95833333333334,12.904166666666669,0.0,24,0
2015-09-24,1192669.0,13.15,82.83333333333333,72.875,56.04166666666666,12.1,0.5,24,0
2015-09-25,1167833.0,14.479166666666666,79.625,74.25,133.41666666666666,7.308333333333334,0.0,24,0
2015-09-26,1035554.5,13.729166666666666,72.0,58.708333333333336,141.625,12.845833333333331,0.0,24,0
2015-09-27,974678.0,14.079166666666666,69.29166666666667,8.125,182.16666666666663,17.133333333333333,0.0,24,0
2015-09-28,1154006.0,13.358333333333334,66.45833333333333,27.166666666666668,182.91666666666663,17.770833333333332,0.0,24,0
2015-09-29,1191723.5,13.533333333333331,60.125,4.041666666666667,182.75,20.320833333333333,0.0,24,0
2015-09-30,1198428.0,13.195833333333333,61.583333333333336,0.0,178.70833333333334,17.0625,0.0,24,0
2015-10-01,1210687.5,12.054166666666667,60.458333333333336,4.0,177.25,17.5625,0.0,24,0
2015-10-02,1205451.0,12.616666666666667,65.875,4.75,171.54166666666666,11.175,0.0,24,0
2015-10-03,1070310.0,13.5,75.16666666666667,33.583333333333336,161.5,4.6125,0.2,24,0
2015-10-04,1014512.0,12.9375,80.41666666666667,82.70833333333333,142.16666666666666,9.495833333333334,0.6000000000000001,24,0
2015-10-05,1190574.5,15.35,89.04166666666667,99.83333333333331,39.958333333333336,12.545833333333334,12.7,24,0
2015-10-06,1197477.0,16.916666666666668,87.70833333333333,83.66666666666667,84.125,16.683333333333334,10.4,24,0
2015-10-07,1208086.0,14.4875,71.83333333333333,84.41666666666667,85.20833333333333,17.495833333333334,1.6,24,0
2015-10-08,1216644.0,12.158333333333331,73.0,62.41666666666666,97.66666666666669,7.904166666666666,0.0,24,0
2015-10-09,1215683.0,12.408333333333331,76.45833333333333,60.0,83.875,9.154166666666669,0.0,24,0
2015-10-10,1092300.5,12.295833333333334,82.70833333333333,64.45833333333333,93.625,13.475,0.0,24,0
2015-10-11,1031775.0,12.133333333333333,78.75,89.20833333333333,92.375,13.029166666666669,0.0,24,0
2015-10-12,1236381.5,11.520833333333334,77.33333333333333,68.625,103.375,11.225,0.0,24,0
2015-10-13,1306973.5,8.929166666666665,75.41666666666667,36.5,129.375,15.104166666666666,0.0,24,0
2015-10-14,1387409.0,7.45,75.41666666666667,88.16666666666667,76.29166666666667,12.458333333333334,0.8999999999999999,24,0
2015-10-15,1450495.0,5.904166666666666,78.79166666666667,92.95833333333331,53.41666666666666,14.866666666666667,0.0,24,0
2015-10-16,1464058.5,6.216666666666666,89.04166666666667,91.45833333333331,26.45833333333333,7.358333333333333,3.8,24,0
2015-10-17,1284066.0,9.929166666666667,87.25,93.41666666666669,53.708333333333336,6.020833333333333,0.5,24,0
2015-10-18,1192514.5,9.2625,86.66666666666667,98.91666666666669,42.583333333333336,9.545833333333333,0.0,24,0
2015-10-19,1369019.0,9.6,84.625,67.75,76.375,7.820833333333333,0.0,24,0
2015-10-20,1393317.5,10.566666666666666,88.83333333333333,87.83333333333333,38.25,7.3875,0.1,24,0
2015-10-21,1410879.5,9.491666666666667,88.875,89.375,62.125,7.645833333333333,1.0,24,0
2015-10-22,1394161.5,12.775,89.16666666666667,99.33333333333331,40.91666666666666,12.608333333333334,1.4,24,0
2015-10-23,1343373.5,11.8625,79.25,94.625,64.375,4.608333333333333,0.0,24,0
2015-10-24,1199751.5,11.854166666666666,85.0,96.70833333333331,71.875,10.025,0.0,24,0
2015-10-25,1115615.5,11.979166666666666,82.54166666666667,84.20833333333333,64.79166666666667,10.129166666666666,0.0,24,0
2015-10-26,1295384.0,12.470833333333331,88.29166666666667,61.208333333333336,87.91666666666667,11.416666666666666,0.0,24,0
2015-10-27,1304348.5,14.025,81.04166666666667,54.5,99.83333333333331,10.4125,3.2,24,0
2015-10-28,1312734.0,13.2,90.04166666666667,90.20833333333331,47.583333333333336,9.175,7.1,24,0
2015-10-29,1331564.0,10.925,85.5,72.625,51.79166666666666,12.145833333333334,0.0,24,0
2015-10-30,1307207.5,11.4125,86.08333333333333,70.25,96.0,12.3625,0.0,24,0
2015-10-31,1166676.5,11.145833333333334,87.54166666666667,27.916666666666668,103.16666666666669,9.0375,0.0,24,0
2015-11-01,1111064.0,9.658333333333331,93.45833333333331,28.08333333333333,83.41666666666667,5.7250000000000005,0.0,24,1
2015-11-02,1331662.0,8.958333333333334,92.54166666666669,48.91666666666666,75.5,8.941666666666666,0.0,24,0
2015-11-03,1364625.0,11.95,81.125,87.54166666666667,15.708333333333334,13.916666666666666,4.0,24,0
2015-11-04,1335984.5,13.854166666666666,88.08333333333333,91.45833333333331,57.66666666666666,14.370833333333332,6.0,24,0
2015-11-05,1317178.0,14.216666666666669,87.08333333333333,83.66666666666667,66.04166666666667,12.658333333333331,1.9,24,0
2015-11-06,1280584.0,16.079166666666666,91.625,98.79166666666669,21.125,16.087500000000002,6.2,24,0
2015-11-07,1114386.5,17.479166666666668,88.25,82.375,75.79166666666667,12.416666666666666,0.5,24,0
2015-11-08,1054679.0,15.279166666666669,89.625,65.25,54.25,12.304166666666667,0.0,24,0
2015-11-09,1228700.0,14.983333333333334,79.16666666666667,63.16666666666666,79.16666666666667,17.0375,0.0,24,0
2015-11-10,1281532.0,11.841666666666669,85.08333333333333,60.04166666666666,65.625,12.775,0.0,24,0
2015-11-11,1166974.0,11.820833333333333,90.875,87.16666666666667,53.25,9.191666666666666,0.0,24,1
2015-11-12,1319958.5,12.5,92.66666666666669,95.45833333333331,45.04166666666666,7.141666666666667,0.0,24,0
2015-11-13,1341633.5,12.329166666666666,84.04166666666667,82.08333333333333,39.75,16.325,0.8,24,0
2015-11-14,1247716.5,10.083333333333334,73.70833333333333,98.04166666666669,56.125,16.733333333333334,0.0,24,0
2015-11-15,1165940.0,12.333333333333334,80.29166666666667,58.125,72.16666666666667,19.454166666666666,0.0,24,0
2015-11-16,1347239.0,11.979166666666666,84.25,78.875,30.666666666666668,19.8625,0.1,24,0
2015-11-17,1367565.0,14.975,88.375,99.04166666666669,19.33333333333333,26.820833333333336,2.5,24,0
2015-11-18,1336788.0,13.558333333333332,76.45833333333333,74.20833333333333,54.5,22.85833333333333,0.0,24,0
2015-11-19,1348468.0,14.058333333333332,82.29166666666667,90.625,30.33333333333333,23.633333333333336,2.2,24,0
2015-11-20,1359804.0,11.095833333333331,89.5,99.41666666666669,5.208333333333333,14.65,21.3,24,0
2015-11-21,1344313.5,5.495833333333334,79.75,66.83333333333333,52.54166666666666,22.695833333333336,2.0,24,0
2015-11-22,1389228.0,3.325,71.58333333333333,34.291666666666664,72.95833333333333,12.583333333333334,0.0,24,0
2015-11-23,1634423.5,1.775,84.45833333333333,51.0,62.16666666666666,5.091666666666667,0.0,24,0
2015-11-24,1728238.5,2.8125,89.33333333333333,99.5,10.791666666666666,17.404166666666665,4.9,24,0
2015-11-25,1637509.0,7.558333333333334,89.875,62.708333333333336,50.16666666666666,15.841666666666669,4.8,24,0
2015-11-26,1611741.5,5.545833333333333,87.04166666666667,41.208333333333336,57.125,8.991666666666665,0.0,24,0
2015-11-27,1640158.0,4.9375,88.0,59.833333333333336,42.04166666666666,11.675,0.3,24,0
2015-11-28,1503599.0,7.004166666666666,77.41666666666667,59.66666666666666,63.083333333333336,18.975,0.7,24,0
2015-11-29,1409273.5,10.4125,75.54166666666667,98.66666666666669,23.83333333333333,28.041666666666668,0.5,24,0
2015-11-30,1524971.0,11.5125,73.41666666666667,97.58333333333331,35.583333333333336,26.48333333333333,0.0,24,0
2015-12-01,1521773.5,11.5625,78.04166666666667,86.25,31.25,17.758333333333333,0.0,24,0
2015-12-02,1549102.0,8.320833333333333,83.16666666666667,29.95833333333333,57.625,8.549999999999999,0.0,24,0
2015-12-03,1592043.0,5.854166666666667,84.91666666666667,55.833333333333336,59.79166666666666,11.4875,0.0,24,0
2015-12-04,1551456.0,9.141666666666667,79.58333333333333,47.0,57.04166666666666,14.8,0.0,24,0
2015-12-05,1444584.5,4.7875000000000005,88.54166666666667,56.458333333333336,55.04166666666666,15.6,0.0,24,0
2015-12-06,1337356.0,8.799999999999999,87.70833333333333,81.04166666666667,31.5,17.7375,0.1,24,0
2015-12-07,1471121.0,9.0125,89.875,58.25,47.25,10.95,0.0,24,0
2015-12-08,1521300.5,8.879166666666666,91.91666666666669,59.958333333333336,24.916666666666668,14.5875,7.4,24,0
2015-12-09,1550956.0,6.158333333333334,92.45833333333331,5.125,59.16666666666666,9.570833333333333,0.0,24,0
2015-12-10,1656914.5,3.858333333333333,90.83333333333331,81.41666666666667,41.583333333333336,11.845833333333331,0.0,24,0
2015-12-11,1632749.0,6.0625,90.0,96.58333333333331,21.70833333333333,17.416666666666668,0.0,24,0
2015-12-12,1443749.0,9.316666666666666,92.75,93.375,24.041666666666668,14.279166666666669,0.2,24,0
2015-12-13,1420335.0,6.220833333333334,96.79166666666669,96.125,23.45833333333333,9.25,0.0,24,0
2015-12-14,1599725.5,4.979166666666667,93.375,90.04166666666667,44.04166666666666,9.45,0.0,24,0
2015-12-15,1581476.5,7.712499999999999,91.29166666666669,86.91666666666667,13.541666666666666,13.583333333333334,13.2,24,0
2015-12-16,1513868.0,12.220833333333331,93.125,93.91666666666669,18.70833333333333,16.995833333333334,0.0,24,0
2015-12-17,1469970.5,12.429166666666667,87.58333333333333,74.58333333333333,52.708333333333336,14.520833333333334,0.6,24,0
2015-12-18,1435492.0,11.5125,92.625,81.20833333333333,14.75,10.604166666666666,1.0,24,0
2015-12-19,1299116.5,11.054166666666667,89.375,80.91666666666667,43.29166666666666,13.829166666666666,0.0,24,0
2015-12-20,1243645.0,11.6875,81.41666666666667,92.41666666666669,39.29166666666666,16.875,1.8,24,0
2015-12-21,1394173.0,10.979166666666666,81.125,56.958333333333336,48.875,23.820833333333336,0.4,24,0
2015-12-22,1408094.5,12.316666666666668,68.41666666666667,97.125,19.375,23.79583333333333,0.0,24,0
2015-12-23,1383487.0,11.3375,77.95833333333333,75.20833333333333,48.75,17.175,0.0,24,0
2015-12-24,1312980.0,10.891666666666666,83.75,89.41666666666667,42.04166666666666,19.945833333333333,0.5,24,0
2015-12-25,1160566.0,10.9375,86.79166666666667,80.25,23.041666666666668,15.4875,4.1,24,1
2015-12-26,1215852.5,9.870833333333334,87.33333333333333,58.583333333333336,53.125,14.925,0.0,24,0
2015-12-27,1225541.0,9.279166666666669,88.95833333333333,73.54166666666667,54.0,14.1375,0.0,24,0
2015-12-28,1365110.5,7.683333333333334,85.16666666666667,84.25,48.04166666666666,13.104166666666666,0.0,24,0
2015-12-29,1373672.5,9.520833333333334,82.58333333333333,73.5,42.875,15.029166666666669,2.7,24,0
2015-12-30,1400937.5,7.804166666666667,83.125,77.83333333333333,49.91666666666666,17.808333333333334,0.0,24,0
2015-12-31,1367485.0,9.004166666666666,81.41666666666667,43.04166666666666,55.91666666666666,16.933333333333334,2.9,24,0
2016-01-01,1290957.0,6.620833333333334,90.95833333333331,85.16666666666667,41.04166666666666,13.8625,1.9,24,1
2016-01-02,1331505.5,9.058333333333334,85.29166666666667,86.70833333333333,41.708333333333336,21.675,1.9,24,0
2016-01-03,1362675.5,7.0125,87.79166666666667,90.75,12.375,22.008333333333336,11.4,24,0
2016-01-04,1546489.0,7.433333333333334,85.75,48.79166666666666,43.208333333333336,19.29583333333333,0.1,24,0
2016-01-05,1615913.5,7.116666666666667,85.41666666666667,68.83333333333333,33.666666666666664,20.14583333333333,2.4,24,0
2016-01-06,1633458.5,7.295833333333333,90.66666666666669,89.875,31.625,13.1,0.7000000000000001,24,0
2016-01-07,1626192.0,7.533333333333334,85.875,84.25,30.58333333333333,21.73333333333333,10.7,24,0
2016-01-08,1604489.5,5.025,89.70833333333333,89.75,42.375,9.429166666666667,0.0,24,0
2016-01-09,1427457.5,6.9375,88.29166666666667,79.5,34.083333333333336,17.479166666666668,2.1,24,0
2016-01-10,1391955.0,7.033333333333334,87.0,68.54166666666667,27.125,21.758333333333336,4.8,24,0
2016-01-11,1593349.5,6.6125,87.45833333333333,93.0,35.125,23.104166666666668,5.6,24,0
2016-01-12,1663075.5,6.4,79.45833333333333,77.25,39.5,22.604166666666668,1.2,24,0
2016-01-13,1719714.0,5.2375,76.41666666666667,61.083333333333336,59.125,18.7625,0.0,24,0
2016-01-14,1742669.5,4.533333333333333,86.66666666666667,62.458333333333336,46.66666666666666,17.8625,5.8,24,0
2016-01-15,1791258.0,2.9875000000000003,70.375,34.666666666666664,57.208333333333336,20.329166666666666,0.0,24,0
2016-01-16,1686532.5,1.5958333333333332,82.20833333333333,30.45833333333333,46.79166666666666,12.308333333333332,0.0,24,0
2016-01-17,1637093.5,0.2666666666666666,92.0,78.95833333333333,22.25,6.920833333333333,0.3,24,0
2016-01-18,1879308.5,-1.2666666666666666,77.41666666666667,94.25,39.66666666666666,13.1625,0.0,24,0
2016-01-19,1895955.5,-2.6625,84.29166666666667,66.54166666666667,57.91666666666666,6.083333333333333,0.0,24,0
2016-01-20,1883324.0,-1.55,84.33333333333333,31.58333333333333,69.79166666666667,4.7625,0.0,24,0
2016-01-21,1889532.0,-1.6958333333333335,85.75,29.791666666666668,72.0,7.6,0.0,24,0
2016-01-22,1854511.5,1.5958333333333332,88.125,86.375,25.75,14.225,7.7,24,0
2016-01-23,1570068.0,4.916666666666667,98.875,99.91666666666669,24.25,10.045833333333333,0.0,24,0
2016-01-24,1463470.5,7.329166666666667,94.33333333333331,97.875,20.95833333333333,10.058333333333334,0.0,24,0
2016-01-25,1595812.5,7.991666666666667,84.66666666666667,46.66666666666666,75.66666666666667,12.733333333333334,0.0,24,0
2016-01-26,1586988.0,9.008333333333333,87.79166666666667,81.54166666666667,49.91666666666666,16.970833333333335,0.0,24,0
2016-01-27,1580277.5,10.291666666666666,79.375,99.66666666666669,32.291666666666664,25.933333333333334,2.3000000000000003,24,0
2016-01-28,1577287.5,7.8125,85.04166666666667,88.70833333333333,39.333333333333336,9.316666666666666,3.7,24,0
2016-01-29,1600358.5,5.304166666666666,83.58333333333333,45.79166666666666,60.25,18.416666666666668,0.0,24,0
2016-01-30,1470709.0,8.470833333333333,84.375,99.91666666666669,6.375,26.366666666666664,8.4,24,0
2016-01-31,1359049.5,8.741666666666667,91.83333333333331,100.0,9.041666666666666,17.891666666666666,2.2,24,0
2016-02-01,1482843.0,11.325,79.20833333333333,99.95833333333331,33.583333333333336,22.366666666666664,0.0,24,0
2016-02-02,1512877.0,10.0375,86.45833333333333,91.0,9.916666666666666,20.975,4.1,24,0
2016-02-03,1590222.0,5.766666666666667,81.58333333333333,69.66666666666667,74.58333333333333,18.166666666666668,0.8,24,0
2016-02-04,1667488.5,6.895833333333333,87.0,82.70833333333333,13.166666666666666,18.195833333333333,0.3,24,0
2016-02-05,1561669.5,9.716666666666669,88.91666666666667,99.75,26.33333333333333,12.708333333333334,0.0,24,0
2016-02-06,1404760.5,10.008333333333333,77.25,98.45833333333331,68.625,23.225,0.0,24,0
2016-02-07,1357614.5,8.862499999999999,70.54166666666667,74.41666666666667,77.20833333333333,24.6625,3.5,24,0
2016-02-08,1560062.0,9.158333333333331,75.375,73.5,64.08333333333333,33.96666666666667,5.8,24,0
2016-02-09,1612678.5,7.429166666666667,82.79166666666667,88.41666666666667,44.625,26.2375,8.3,24,0
2016-02-10,1685348.0,4.854166666666667,75.875,66.45833333333333,75.70833333333333,21.433333333333334,0.2,24,0
2016-02-11,1687726.0,4.408333333333333,83.375,46.375,95.41666666666669,11.120833333333332,0.7000000000000001,24,0
2016-02-12,1694385.0,2.404166666666667,95.91666666666669,92.5,20.375,12.616666666666667,6.7,24,0
2016-02-13,1507881.5,5.833333333333333,93.91666666666669,95.29166666666669,40.04166666666666,16.620833333333334,12.2,24,0
2016-02-14,1419693.0,5.895833333333333,87.58333333333333,83.66666666666667,66.5,12.6125,2.8,24,0
2016-02-15,1694729.0,3.45,78.29166666666667,58.625,98.54166666666669,19.775,0.3,24,0
2016-02-16,1766823.0,1.0916666666666668,77.29166666666667,1.9583333333333333,124.91666666666669,11.0375,0.0,24,0
2016-02-17,1805891.5,-0.125,78.25,44.54166666666666,115.0,6.7250000000000005,0.0,24,0
2016-02-18,1802439.5,1.85,82.16666666666667,99.04166666666669,60.458333333333336,10.7,0.1,24,0
2016-02-19,1730331.5,3.295833333333333,81.0,22.08333333333333,109.20833333333331,13.054166666666667,0.0,24,0
2016-02-20,1537862.0,9.079166666666667,86.91666666666667,99.95833333333331,18.666666666666668,26.0,2.6,24,0
2016-02-21,1349517.0,10.825,82.79166666666667,100.0,32.208333333333336,23.245833333333334,0.0,24,0
2016-02-22,1518531.0,9.591666666666669,83.79166666666667,89.25,21.70833333333333,21.04583333333333,1.1,24,0
2016-02-23,1557179.5,6.829166666666667,78.875,67.29166666666667,87.0,11.958333333333334,6.4,24,0
2016-02-24,1612284.0,3.6916666666666655,82.33333333333333,94.29166666666669,55.375,8.775,2.5,24,0
2016-02-25,1631244.5,2.9791666666666665,80.375,27.791666666666668,129.83333333333334,7.920833333333333,0.0,24,0
2016-02-26,1655379.0,2.4208333333333334,68.83333333333333,83.70833333333333,80.66666666666667,8.470833333333333,0.0,24,0
2016-02-27,1552847.0,3.3875,65.5,99.54166666666669,118.66666666666669,17.904166666666665,0.0,24,0
2016-02-28,1505525.0,3.3208333333333333,65.45833333333333,73.5,146.45833333333334,22.97083333333333,0.0,24,0
2016-02-29,1710834.0,2.6875,66.5,18.125,154.70833333333334,20.004166666666663,0.0,24,0
2016-03-01,1718342.5,2.908333333333333,88.20833333333333,79.66666666666667,36.79166666666666,15.066666666666668,2.9,24,0
2016-03-02,1641842.0,7.420833333333333,77.875,82.16666666666667,111.625,23.35833333333333,2.6,24,0
2016-03-03,1678595.0,5.2125,77.45833333333333,75.875,123.58333333333331,20.775,1.5,24,0
2016-03-04,1639450.0,5.9750000000000005,84.45833333333333,98.5,74.0,12.370833333333332,16.5,24,0
2016-03-05,1514908.0,3.75,86.29166666666667,81.04166666666667,103.41666666666669,12.8,10.8,24,0
2016-03-06,1482906.0,4.104166666666667,75.33333333333333,44.625,136.20833333333334,13.445833333333333,0.6000000000000001,24,0
2016-03-07,1681766.0,2.0458333333333334,85.75,40.04166666666666,138.54166666666666,12.891666666666666,1.6,24,0
2016-03-08,1717914.0,3.725,76.45833333333333,56.79166666666666,124.08333333333331,8.700000000000001,0.2,24,0
2016-03-09,1692321.5,5.4625,80.0,87.08333333333333,58.333333333333336,22.325,10.6,24,0
2016-03-10,1666106.5,6.275,83.125,93.45833333333331,76.08333333333333,6.183333333333334,0.0,24,0
2016-03-11,1617306.5,6.875,73.54166666666667,66.20833333333333,143.75,8.954166666666667,0.0,24,0
2016-03-12,1452299.0,6.9750000000000005,72.25,52.0,165.08333333333334,9.7,0.0,24,0
2016-03-13,1393601.0,5.645833333333333,75.16666666666667,27.08333333333333,159.29166666666666,16.583333333333332,0.0,24,0
2016-03-14,1558135.0,5.9,71.70833333333333,36.125,168.91666666666666,16.75,0.0,24,0
2016-03-15,1555576.5,5.970833333333334,68.95833333333333,36.29166666666666,186.0,12.891666666666666,0.0,24,0
2016-03-16,1612140.5,6.020833333333333,67.29166666666667,38.333333333333336,125.875,19.7625,0.2,24,0
2016-03-17,1599975.5,5.958333333333333,67.95833333333333,1.7083333333333333,194.20833333333331,11.291666666666666,0.0,24,0
2016-03-18,1546603.5,5.404166666666666,79.29166666666667,0.9166666666666666,195.54166666666663,10.841666666666669,0.0,24,0
2016-03-19,1418566.0,5.4750000000000005,80.45833333333333,84.29166666666667,97.58333333333331,13.008333333333333,0.0,24,0
2016-03-20,1352540.0,5.808333333333334,75.875,70.54166666666667,141.25,13.058333333333332,0.0,24,0
2016-03-21,1497613.0,6.941666666666666,78.29166666666667,84.58333333333333,84.04166666666667,12.633333333333333,0.0,24,0
2016-03-22,1490058.5,7.233333333333333,73.29166666666667,36.583333333333336,151.29166666666666,11.5375,0.0,24,0
2016-03-23,1514998.0,6.758333333333333,79.45833333333333,68.45833333333333,82.5,13.320833333333333,0.0,24,0
2016-03-24,1498483.0,7.233333333333333,74.625,93.29166666666669,94.95833333333331,8.375,0.0,24,0
2016-03-25,1474728.5,8.275,85.75,86.91666666666667,51.29166666666666,12.816666666666668,6.0,24,0
2016-03-26,1289393.0,10.0875,86.625,94.375,62.875,18.39583333333333,0.0,24,0
2016-03-27,1226047.5,9.729166666666666,76.54166666666667,78.04166666666667,162.20833333333334,23.2875,8.9,24,0
2016-03-28,1258825.5,10.095833333333331,71.95833333333333,77.79166666666667,145.66666666666666,31.5125,6.3,24,1
2016-03-29,1422883.5,9.025,76.95833333333333,61.583333333333336,154.625,20.091666666666665,2.1,24,0
2016-03-30,1415646.5,8.729166666666666,83.79166666666667,99.95833333333331,67.125,9.683333333333334,2.4,24,0
2016-03-31,1425158.5,6.895833333333333,88.25,99.45833333333331,40.375,18.654166666666665,13.3,24,0
2016-04-01,1461451.5,7.558333333333334,77.04166666666667,61.16666666666666,189.66666666666663,10.241666666666667,0.0,24,0
2016-04-02,1325159.0,9.066666666666666,83.58333333333333,67.91666666666667,150.79166666666666,10.733333333333334,4.4,24,0
2016-04-03,1166470.5,13.945833333333333,86.25,65.04166666666667,195.75,11.420833333333334,6.1,24,0
2016-04-04,1315966.5,12.470833333333331,75.125,83.5,188.33333333333331,13.704166666666666,4.7,24,0
2016-04-05,1341504.0,11.379166666666668,76.08333333333333,71.54166666666667,192.45833333333331,8.8125,0.0,24,0
2016-04-06,1351518.5,9.291666666666666,79.04166666666667,66.29166666666667,140.20833333333334,15.425,0.4,24,0
2016-04-07,1382980.5,7.929166666666666,75.79166666666667,37.125,209.08333333333331,15.204166666666666,3.3,24,0
2016-04-08,1412132.5,7.9875,81.66666666666667,38.75,199.75,7.541666666666667,1.8,24,0
2016-04-09,1280586.5,7.279166666666668,86.08333333333333,77.41666666666667,117.58333333333331,12.3875,2.5,24,0
2016-04-10,1181343.5,9.1375,77.875,51.75,220.91666666666663,14.320833333333333,0.0,24,0
2016-04-11,1299284.5,10.9,80.625,75.20833333333333,86.83333333333333,11.704166666666666,9.2,24,0
2016-04-12,1304220.5,9.7375,81.91666666666667,47.54166666666666,178.45833333333334,9.166666666666666,0.9,24,0
2016-04-13,1294045.0,10.970833333333331,81.95833333333333,75.125,200.16666666666663,7.433333333333334,3.2,24,0
2016-04-14,1299108.0,10.729166666666666,82.75,86.33333333333333,189.75,8.4,3.5,24,0
2016-04-15,1267340.5,11.716666666666669,76.375,64.79166666666667,166.33333333333334,19.95833333333333,2.0,24,0
2016-04-16,1142481.5,10.8875,74.70833333333333,84.08333333333333,205.95833333333331,14.35,0.4,24,0
2016-04-17,1121060.5,7.15,73.16666666666667,43.5,231.91666666666663,11.541666666666666,2.1,24,0
2016-04-18,1321135.5,7.1000000000000005,68.75,9.708333333333334,265.2083333333333,7.066666666666666,0.0,24,0
2016-04-19,1313314.5,8.779166666666667,72.91666666666667,9.541666666666666,267.9583333333333,9.2,0.0,24,0
2016-04-20,1268643.5,11.25,66.125,64.375,279.4166666666667,18.716666666666665,0.0,24,0
2016-04-21,1247012.5,14.0375,65.41666666666667,99.25,223.58333333333331,9.120833333333334,0.0,24,0
2016-04-22,1223327.5,13.4,81.08333333333333,95.75,139.20833333333334,6.120833333333334,1.7,24,0
2016-04-23,1148892.5,9.583333333333334,71.29166666666667,80.875,154.625,16.245833333333334,1.1,24,0
2016-04-24,1173152.0,5.929166666666667,74.5,46.91666666666666,224.95833333333331,12.5,3.5,24,0
2016-04-25,1393851.0,7.095833333333334,77.125,92.16666666666669,146.95833333333334,17.595833333333335,1.8,24,0
2016-04-26,1407639.5,6.7625,79.20833333333333,67.79166666666667,230.83333333333331,14.445833333333333,4.0,24,0
2016-04-27,1430940.5,6.033333333333334,75.45833333333333,52.375,251.66666666666663,11.733333333333334,2.1,24,0
2016-04-28,1401430.0,6.2875000000000005,69.33333333333333,39.66666666666666,244.625,8.516666666666667,0.2,24,0
2016-04-29,1365189.5,8.795833333333333,73.20833333333333,76.5,225.16666666666663,16.858333333333334,4.2,24,0
2016-04-30,1245076.5,7.820833333333333,85.16666666666667,89.08333333333333,114.41666666666669,12.304166666666667,8.3,24,0
2016-05-01,1173497.0,8.420833333333333,67.625,4.708333333333333,303.3333333333333,14.679166666666667,0.0,24,1
2016-05-02,1289440.0,10.275,71.04166666666667,69.66666666666667,275.375,7.6625,0.0,24,0
2016-05-03,1265483.5,11.645833333333334,67.83333333333333,61.66666666666666,228.33333333333331,13.15,0.5,24,0
2016-05-04,1239918.5,10.6375,68.29166666666667,17.416666666666668,305.125,7.904166666666666,0.0,24,0
2016-05-05,1045951.0,12.729166666666666,60.833333333333336,18.58333333333333,312.2916666666667,13.083333333333334,0.0,24,1
2016-05-06,1065744.5,15.625,68.16666666666667,34.541666666666664,309.625,9.7375,0.0,24,0
2016-05-07,990223.5,16.6125,67.375,64.875,275.5,11.554166666666667,0.0,24,0
2016-05-08,936792.0,17.908333333333335,60.708333333333336,76.91666666666667,274.7916666666667,13.166666666666666,0.0,24,1
2016-05-09,1126452.0,18.366666666666667,66.125,99.45833333333331,190.45833333333331,14.629166666666668,2.0,24,0
2016-05-10,1159557.0,16.554166666666667,88.20833333333333,98.79166666666669,123.58333333333331,8.895833333333334,12.7,24,0
2016-05-11,1171658.0,15.75,89.54166666666667,91.125,141.95833333333334,5.3125,8.8,24,0
2016-05-12,1181946.0,14.975,88.625,99.5,144.375,6.45,1.8,24,0
2016-05-13,1175952.5,16.270833333333332,85.5,75.5,208.54166666666663,11.125,5.4,24,0
2016-05-14,1057276.0,10.904166666666669,69.41666666666667,68.58333333333333,192.25,17.145833333333332,0.0,24,0
2016-05-15,998113.0,9.595833333333331,68.95833333333333,43.625,198.5,8.204166666666667,0.3,24,0
2016-05-16,1033249.0,11.4375,76.66666666666667,59.04166666666666,219.375,8.179166666666667,0.5,24,1
2016-05-17,1165462.0,12.079166666666666,75.04166666666667,46.958333333333336,213.66666666666663,7.479166666666667,0.0,24,0
2016-05-18,1176075.0,13.183333333333332,77.375,85.91666666666667,155.58333333333334,15.616666666666667,3.4,24,0
2016-05-19,1191683.0,12.229166666666666,79.91666666666667,88.95833333333333,171.33333333333334,16.370833333333334,2.8,24,0
2016-05-20,1171860.5,14.2125,81.75,94.95833333333331,114.45833333333331,12.279166666666669,0.8,24,0
2016-05-21,1014617.0,17.9875,75.66666666666667,93.29166666666669,265.9166666666667,13.354166666666666,0.5,24,0
2016-05-22,956620.5,15.025,90.95833333333331,99.04166666666669,63.29166666666666,10.0625,29.1,24,0
2016-05-23,1158459.0,12.3,88.41666666666667,88.54166666666667,143.91666666666666,15.808333333333332,11.5,24,0
2016-05-24,1182392.5,11.3625,78.83333333333333,77.54166666666667,177.0,9.779166666666669,0.0,24,0
2016-05-25,1158845.5,13.641666666666666,71.66666666666667,53.208333333333336,242.875,10.125,0.0,24,0
2016-05-26,1133246.0,16.337500000000002,76.04166666666667,73.70833333333333,231.0,8.204166666666667,0.8,24,0
2016-05-27,1114297.5,18.14583333333333,80.0,31.166666666666668,270.875,4.175,9.6,24,0
2016-05-28,982784.5,17.5625,85.95833333333333,55.41666666666666,223.16666666666663,5.9625,12.3,24,0
2016-05-29,922605.5,16.125,92.08333333333331,99.875,93.45833333333331,11.591666666666669,10.0,24,0
2016-05-30,1123802.5,13.575,93.58333333333331,99.58333333333331,38.75,20.3625,22.1,24,0
2016-05-31,1174651.5,13.520833333333334,95.41666666666669,100.0,40.16666666666666,18.25,35.0,24,0
2016-06-01,1166577.0,16.1375,87.54166666666667,96.45833333333331,145.54166666666666,13.516666666666666,2.7,24,0
2016-06-02,1178960.5,13.8875,89.95833333333333,100.0,76.66666666666667,18.4625,2.0,24,0
2016-06-03,1166165.5,12.166666666666666,87.70833333333333,100.0,51.458333333333336,12.4375,1.3,24,0
2016-06-04,1022611.0,15.283333333333331,84.625,99.79166666666669,129.25,10.945833333333333,0.0,24,0
2016-06-05,940787.0,16.895833333333332,85.45833333333333,95.5,130.29166666666666,7.462499999999999,0.4,24,0
2016-06-06,1100232.0,18.475,87.29166666666667,76.33333333333333,227.20833333333331,4.991666666666666,2.6,24,0
2016-06-07,1116649.5,19.4625,85.75,36.66666666666666,277.5416666666667,8.779166666666667,0.7,24,0
2016-06-08,1117443.0,18.825,81.04166666666667,54.16666666666666,236.75,11.5875,0.7,24,0
2016-06-09,1117501.0,16.920833333333334,77.33333333333333,28.625,326.7916666666667,9.558333333333334,0.0,24,0
2016-06-10,1101897.0,17.837500000000002,76.41666666666667,96.875,198.58333333333331,5.8500000000000005,0.2,24,0
2016-06-11,976956.5,17.754166666666666,82.54166666666667,95.79166666666669,164.08333333333334,4.641666666666667,4.7,24,0
2016-06-12,921109.5,16.125,87.375,83.70833333333333,128.45833333333334,12.6,6.0,24,0
2016-06-13,1096032.5,15.420833333333334,81.95833333333333,81.95833333333333,147.0,13.3375,1.5,24,0
2016-06-14,1114561.0,15.483333333333334,82.75,91.16666666666669,213.375,15.016666666666666,6.2,24,0
2016-06-15,1131462.0,14.6625,84.875,88.375,229.0,9.8875,9.6,24,0
2016-06-16,1138027.0,14.816666666666668,84.58333333333333,94.83333333333331,215.04166666666663,6.1875,6.9,24,0
2016-06-17,1126714.5,15.2625,85.08333333333333,76.75,224.0,11.491666666666667,3.9,24,0
2016-06-18,998307.5,14.75,84.41666666666667,65.08333333333333,241.5,11.3375,5.3,24,0
2016-06-19,934116.0,16.033333333333335,77.20833333333333,79.125,200.66666666666663,6.004166666666666,0.9,24,0
2016-06-20,1115360.0,15.333333333333334,88.41666666666667,99.83333333333331,35.833333333333336,16.825,8.2,24,0
2016-06-21,1148640.5,17.804166666666667,89.66666666666667,100.0,94.75,10.204166666666667,1.4,24,0
2016-06-22,1158021.0,22.291666666666668,80.70833333333333,54.91666666666666,257.1666666666667,9.316666666666666,0.3,24,0
2016-06-23,1162787.0,24.291666666666668,78.66666666666667,50.29166666666666,285.75,8.791666666666666,1.4,24,0
2016-06-24,1138426.5,20.129166666666663,76.25,72.58333333333333,254.41666666666663,10.283333333333331,0.0,24,0
2016-06-25,996009.5,17.066666666666666,70.5,71.125,211.125,11.470833333333331,1.1,24,0
2016-06-26,927968.5,15.791666666666666,75.41666666666667,40.083333333333336,251.58333333333331,10.683333333333332,1.9,24,0
2016-06-27,1104113.0,16.716666666666665,80.04166666666667,95.04166666666669,127.54166666666669,11.491666666666667,1.4,24,0
2016-06-28,1134896.0,16.675,78.875,64.375,138.45833333333334,10.183333333333334,0.3,24,0
2016-06-29,1144348.5,17.8125,67.70833333333333,78.375,260.1666666666667,13.483333333333334,0.0,24,0
2016-06-30,1153325.0,18.291666666666668,76.45833333333333,74.95833333333333,175.0,16.775000000000002,1.6,24,0
2016-07-01,1143396.5,18.383333333333333,80.20833333333333,78.91666666666667,157.29166666666666,19.525,1.7000000000000002,24,0
2016-07-02,1002512.5,16.070833333333333,67.0,69.58333333333333,220.5,14.404166666666669,0.9,24,0
2016-07-03,936299.0,14.616666666666667,79.79166666666667,86.75,56.625,8.733333333333333,1.0,24,0
2016-07-04,1121310.0,17.616666666666667,80.125,83.75,190.5,8.237499999999999,0.5,24,0
2016-07-05,1152764.5,18.2125,75.54166666666667,75.95833333333333,213.04166666666663,10.741666666666667,0.3999999999999999,24,0
2016-07-06,1157088.5,17.095833333333335,70.66666666666667,43.125,307.8333333333333,5.445833333333333,0.0,24,0
2016-07-07,1169331.0,19.2125,68.625,4.291666666666667,336.6666666666667,6.95,0.0,24,0
2016-07-08,1163980.5,20.4125,71.5,56.208333333333336,297.7083333333333,9.741666666666667,0.0,24,0
2016-07-09,1038549.5,20.016666666666666,74.41666666666667,0.5,323.7916666666667,7.129166666666666,0.0,24,0
2016-07-10,975980.5,22.17083333333333,68.45833333333333,53.79166666666666,313.0416666666667,11.575,0.0,24,0
2016-07-11,1138484.5,19.9125,65.79166666666667,86.0,185.20833333333331,15.958333333333334,0.0,24,0
2016-07-12,1146363.5,17.591666666666665,72.79166666666667,54.54166666666666,241.29166666666663,10.7125,6.5,24,0
2016-07-13,1127933.5,15.733333333333334,73.125,45.875,264.7083333333333,13.6125,3.0,24,0
2016-07-14,974035.0,15.4625,71.33333333333333,36.125,244.58333333333331,12.025,1.0,24,1
2016-07-15,1038856.0,16.508333333333333,67.75,58.708333333333336,259.625,6.208333333333333,0.0,24,0
2016-07-16,980548.0,18.775,74.45833333333333,66.375,165.54166666666666,6.545833333333333,0.1,24,0
2016-07-17,934011.0,21.4375,72.75,26.75,259.875,6.641666666666667,0.0,24,0
2016-07-18,1133498.5,22.77916666666667,71.125,18.08333333333333,316.75,7.433333333333334,0.0,24,0
2016-07-19,1184254.5,25.291666666666668,63.66666666666666,0.0,324.5416666666667,10.545833333333333,0.0,24,0
2016-07-20,1183458.0,25.3,61.333333333333336,43.833333333333336,239.54166666666663,11.316666666666668,1.7,24,0
2016-07-21,1172919.0,21.925,69.125,76.5,249.5,9.633333333333333,0.0,24,0
2016-07-22,1139612.5,20.741666666666667,70.20833333333333,93.5,149.04166666666666,10.995833333333332,0.4,24,0
2016-07-23,1004164.5,21.216666666666665,65.66666666666667,26.416666666666668,275.375,12.654166666666669,0.0,24,0
2016-07-24,937201.0,20.566666666666663,69.58333333333333,37.5,228.70833333333331,7.4875,0.0,24,0
2016-07-25,1113141.0,21.73333333333333,72.29166666666667,70.08333333333333,179.83333333333334,6.733333333333333,1.0,24,0
2016-07-26,1135481.0,19.58333333333333,65.625,58.16666666666666,227.875,10.825,0.7,24,0
2016-07-27,1132868.0,19.166666666666668,69.125,76.29166666666667,138.25,8.487499999999999,0.0,24,0
2016-07-28,1131931.0,20.679166666666667,71.70833333333333,92.375,171.25,11.679166666666667,5.2,24,0
2016-07-29,1110411.5,21.0375,71.75,71.91666666666667,151.70833333333334,15.0875,1.6,24,0
2016-07-30,988562.0,20.025,68.875,72.375,163.91666666666666,6.708333333333333,0.0,24,0
2016-07-31,910217.0,19.1875,71.08333333333333,55.25,218.625,8.070833333333333,0.3,24,0
2016-08-01,1026404.5,18.64583333333333,63.41666666666666,74.08333333333333,282.1666666666667,7.825,0.0,24,0
2016-08-02,1053366.0,19.3375,71.08333333333333,99.95833333333331,97.375,16.054166666666667,2.9,24,0
2016-08-03,1063053.5,21.05,71.29166666666667,96.91666666666669,155.75,17.079166666666666,0.0,24,0
2016-08-04,1057193.0,19.1875,73.45833333333333,92.75,117.16666666666669,9.291666666666666,1.0,24,0
2016-08-05,1023523.0,17.575,73.25,66.41666666666667,145.41666666666666,10.870833333333332,0.4,24,0
2016-08-06,934231.5,18.029166666666665,72.45833333333333,40.5,184.08333333333331,8.700000000000001,0.0,24,0
2016-08-07,888663.5,20.841666666666665,68.58333333333333,7.5,287.3333333333333,6.808333333333334,0.0,24,0
2016-08-08,1004405.0,19.308333333333334,67.75,70.70833333333333,157.79166666666666,12.545833333333334,0.0,24,0
2016-08-09,1012696.5,17.245833333333334,60.458333333333336,40.375,241.08333333333331,12.5125,0.0,24,0
2016-08-10,999192.0,15.479166666666666,66.04166666666667,39.75,204.0,12.304166666666667,0.0,24,0
2016-08-11,1003276.5,16.05,68.875,81.75,157.54166666666666,10.670833333333334,0.0,24,0
2016-08-12,1012580.5,19.45833333333333,69.83333333333333,28.5,249.58333333333331,6.920833333333333,0.0,24,0
2016-08-13,948408.5,20.245833333333334,66.45833333333333,22.791666666666668,285.875,6.341666666666666,0.0,24,0
2016-08-14,889249.5,20.6875,68.75,46.625,268.2916666666667,9.879166666666666,0.0,24,0
2016-08-15,911202.5,21.425,64.41666666666667,4.083333333333333,283.125,13.979166666666666,0.0,24,1
2016-08-16,1035508.0,22.4,63.833333333333336,0.5833333333333334,266.4583333333333,10.991666666666667,0.0,24,0
2016-08-17,1053686.0,23.066666666666663,57.79166666666666,9.875,285.1666666666667,8.054166666666667,0.0,24,0
2016-08-18,1052347.5,21.004166666666663,75.33333333333333,79.29166666666667,171.29166666666666,6.8875,5.2,24,0
2016-08-19,1048373.0,19.4875,81.79166666666667,92.125,159.91666666666666,10.554166666666667,4.3,24,0
2016-08-20,956828.0,19.2875,65.70833333333333,48.16666666666666,193.25,17.154166666666665,0.0,24,0
2016-08-21,888716.0,18.17083333333333,58.91666666666666,59.16666666666666,147.20833333333334,16.400000000000002,0.0,24,0
2016-08-22,1054078.5,21.175,60.083333333333336,29.45833333333333,257.2916666666667,7.725,0.0,24,0
2016-08-23,1113144.5,23.8875,58.333333333333336,0.0,260.0416666666667,10.779166666666669,0.0,24,0
2016-08-24,1137452.0,26.791666666666668,57.04166666666666,0.0,259.4166666666667,9.458333333333334,0.0,24,0
2016-08-25,1154479.5,27.9625,55.833333333333336,3.4166666666666665,255.41666666666663,6.4375,0.0,24,0
2016-08-26,1150319.0,27.47083333333333,58.54166666666666,42.41666666666666,238.91666666666663,7.866666666666667,0.0,24,0
2016-08-27,1037959.5,27.0875,61.333333333333336,46.16666666666666,218.125,8.4625,0.8,24,0
2016-08-28,954385.0,23.933333333333334,52.083333333333336,45.5,235.79166666666663,14.5125,0.0,24,0
2016-08-29,1116429.0,21.0,64.375,61.04166666666666,158.125,11.641666666666666,1.4,24,0
2016-08-30,1146720.5,20.7,62.66666666666666,29.95833333333333,203.5,10.066666666666666,0.0,24,0
2016-08-31,1159514.5,22.191666666666663,56.583333333333336,24.875,227.45833333333331,7.820833333333333,0.0,24,0
2016-09-01,1165700.5,20.47083333333333,64.79166666666667,38.875,217.125,6.920833333333333,0.0,24,0
2016-09-02,1157752.0,21.758333333333336,62.125,88.875,223.54166666666663,6.15,0.0,24,0
2016-09-03,1025998.0,21.67083333333333,64.33333333333333,75.58333333333333,208.04166666666663,8.216666666666667,0.0,24,0
2016-09-04,961326.5,20.354166666666668,70.95833333333333,99.0,59.125,12.5,1.0,24,0
2016-09-05,1134977.0,18.83333333333333,80.16666666666667,98.83333333333331,41.458333333333336,5.6125,2.7,24,0
2016-09-06,1173551.0,20.98333333333333,81.04166666666667,94.375,79.125,5.920833333333333,0.0,24,0
2016-09-07,1168938.5,21.820833333333336,62.66666666666666,3.333333333333333,231.66666666666663,9.808333333333334,0.0,24,0
2016-09-08,1165624.0,20.154166666666665,65.66666666666667,5.291666666666667,222.5,11.558333333333332,0.0,24,0
2016-09-09,1152378.0,19.3375,61.958333333333336,2.4166666666666665,219.33333333333331,7.091666666666666,0.0,24,0
2016-09-10,1020169.0,20.225,59.458333333333336,40.875,209.25,8.041666666666666,0.0,24,0
2016-09-11,955057.0,21.3375,71.20833333333333,93.95833333333331,98.58333333333331,5.833333333333333,0.6,24,0
2016-09-12,1140176.5,24.15,61.79166666666666,50.333333333333336,178.95833333333334,7.383333333333333,0.0,24,0
2016-09-13,1171525.0,26.291666666666668,49.5,59.583333333333336,197.95833333333331,11.870833333333332,0.0,24,0
2016-09-14,1154167.0,24.8,52.29166666666666,48.54166666666666,195.54166666666663,10.525,0.0,24,0
2016-09-15,1139850.0,20.016666666666666,73.375,93.58333333333331,84.20833333333333,9.504166666666666,2.0,24,0
2016-09-16,1123607.5,17.1375,78.20833333333333,74.04166666666667,135.625,14.345833333333331,8.4,24,0
2016-09-17,993916.5,15.6625,77.16666666666667,82.41666666666667,73.04166666666667,14.870833333333332,0.0,24,0
2016-09-18,942744.5,16.833333333333332,80.08333333333333,80.41666666666667,110.45833333333331,12.779166666666669,0.2,24,0
2016-09-19,1111712.0,17.587500000000002,79.95833333333333,90.95833333333331,117.04166666666669,10.4625,0.8,24,0
2016-09-20,1138824.5,16.875,75.75,77.20833333333333,127.66666666666669,6.966666666666666,0.1,24,0
2016-09-21,1140118.0,16.395833333333332,68.20833333333333,34.0,178.41666666666666,3.5875,0.0,24,0
2016-09-22,1141720.0,17.0125,69.91666666666667,70.75,148.41666666666666,6.0,0.0,24,0
2016-09-23,1128349.0,17.616666666666667,71.70833333333333,41.583333333333336,155.875,5.525,0.0,24,0
2016-09-24,1000601.0,17.4875,65.20833333333333,9.625,191.08333333333331,11.395833333333334,0.0,24,0
2016-09-25,936101.0,17.087500000000002,67.70833333333333,49.333333333333336,88.625,13.1375,0.8999999999999999,24,0
2016-09-26,1114113.5,14.625,70.125,66.79166666666667,126.54166666666669,6.0625,0.0,24,0
2016-09-27,1147342.5,15.204166666666666,68.83333333333333,71.79166666666667,127.625,7.425,0.0,24,0
2016-09-28,1146167.0,18.441666666666663,71.04166666666667,67.41666666666667,114.33333333333331,9.991666666666667,0.2,24,0
2016-09-29,1146731.5,17.537499999999998,78.875,51.458333333333336,83.45833333333333,14.525,0.0,24,0
2016-09-30,1135959.0,16.104166666666668,77.0,80.54166666666667,105.25,5.9625,5.7,24,0
2016-10-01,1018484.0,14.654166666666669,77.75,55.91666666666666,135.54166666666666,11.283333333333331,1.7999999999999998,24,0
2016-10-02,963832.5,12.945833333333333,70.83333333333333,33.0,94.66666666666669,14.095833333333331,0.0,24,0
2016-10-03,1137511.0,11.983333333333334,73.875,19.291666666666668,161.08333333333334,7.375,0.0,24,0
2016-10-04,1174251.5,13.6625,75.58333333333333,1.1666666666666667,164.875,14.825,0.0,24,0
2016-10-05,1187621.0,12.891666666666666,62.0,18.541666666666668,164.66666666666666,19.329166666666666,0.0,24,0
2016-10-06,1215351.0,11.0,59.833333333333336,29.95833333333333,147.54166666666666,18.541666666666668,0.0,24,0
2016-10-07,1232162.0,12.783333333333331,70.58333333333333,89.875,63.54166666666666,13.808333333333332,0.1,24,0
2016-10-08,1103568.5,12.8,74.125,53.708333333333336,111.20833333333331,11.029166666666669,0.0,24,0
2016-10-09,1059792.0,10.754166666666668,67.79166666666667,37.91666666666666,121.75,6.979166666666667,0.0,24,0
2016-10-10,1280972.0,9.129166666666666,76.5,32.375,126.83333333333331,7.008333333333333,0.3,24,0
2016-10-11,1332619.0,8.674999999999999,81.20833333333333,53.333333333333336,110.0,8.762500000000001,0.0,24,0
2016-10-12,1365947.5,9.258333333333333,73.54166666666667,33.25,127.79166666666669,11.9625,0.0,24,0
2016-10-13,1391088.5,9.733333333333333,75.33333333333333,90.54166666666669,68.70833333333333,14.15,4.0,24,0
2016-10-14,1361129.5,11.4875,88.91666666666667,95.625,48.208333333333336,7.225,8.0,24,0
2016-10-15,1176203.0,13.35,79.54166666666667,71.54166666666667,129.125,14.845833333333331,1.2,24,0
2016-10-16,1092754.5,14.633333333333333,75.45833333333333,35.125,127.16666666666669,12.183333333333332,0.6,24,0
2016-10-17,1254850.5,13.425,85.79166666666667,61.833333333333336,98.375,8.379166666666666,0.9,24,0
2016-10-18,1295402.0,11.254166666666668,84.91666666666667,72.45833333333333,79.33333333333333,12.175,0.4,24,0
2016-10-19,1332133.0,10.675,79.20833333333333,55.41666666666666,81.70833333333333,12.766666666666666,0.1,24,0
2016-10-20,1350368.0,10.5375,81.54166666666667,51.16666666666666,81.95833333333333,12.8625,0.3,24,0
2016-10-21,1353686.5,10.275,85.79166666666667,63.208333333333336,52.75,9.05,0.0,24,0
2016-10-22,1241210.5,8.554166666666667,89.125,65.70833333333333,71.04166666666667,4.8625,0.0,24,0
2016-10-23,1192567.5,8.683333333333334,89.20833333333333,92.70833333333331,68.04166666666667,12.783333333333331,8.5,24,0
2016-10-24,1313137.0,11.104166666666666,97.20833333333331,98.58333333333331,30.58333333333333,4.745833333333334,5.8,24,0
2016-10-25,1316632.0,12.075,91.875,79.20833333333333,49.625,4.833333333333333,0.0,24,0
2016-10-26,1324551.0,12.1125,85.875,87.45833333333333,89.33333333333333,6.045833333333333,0.0,24,0
2016-10-27,1337097.0,12.4625,84.54166666666667,92.33333333333331,57.958333333333336,3.1,0.0,24,0
2016-10-28,1337864.5,12.204166666666666,84.875,92.20833333333331,83.58333333333333,3.35,0.0,24,0
2016-10-29,1206076.5,12.904166666666669,84.25,83.25,61.125,8.033333333333333,0.0,24,0
2016-10-30,1134693.5,11.545833333333334,84.25,14.916666666666666,105.625,10.8,0.0,24,0
2016-10-31,1231624.5,11.25,83.70833333333333,8.0,103.0,9.425,0.0,24,0
2016-11-01,1177520.0,8.799999999999999,95.29166666666669,77.29166666666667,52.0,5.470833333333334,0.0,24,1
2016-11-02,1353688.0,9.879166666666666,81.375,78.91666666666667,29.08333333333333,8.125,0.0,24,0
2016-11-03,1441801.5,6.254166666666666,80.91666666666667,19.625,101.20833333333331,6.183333333333334,0.0,24,0
2016-11-04,1471810.0,5.9125000000000005,90.83333333333331,95.04166666666669,41.958333333333336,8.704166666666667,5.6,24,0
2016-11-05,1297163.5,8.666666666666666,83.375,85.5,60.958333333333336,10.379166666666666,3.1,24,0
2016-11-06,1293402.5,5.1875,82.75,38.083333333333336,82.91666666666667,9.279166666666669,0.0,24,0
2016-11-07,1571982.5,3.520833333333333,93.16666666666669,89.0,21.75,11.541666666666666,2.2,24,0
2016-11-08,1632701.5,4.6375,84.75,82.16666666666667,48.833333333333336,9.233333333333333,0.7000000000000001,24,0
2016-11-09,1627195.0,7.3625,87.08333333333333,89.45833333333333,20.625,21.15,11.8,24,0
2016-11-10,1566773.5,8.733333333333333,89.5,88.20833333333333,43.958333333333336,15.625,5.2,24,0
2016-11-11,1386407.5,6.333333333333333,82.16666666666667,32.5,70.29166666666667,13.970833333333331,0.3,24,1
2016-11-12,1445810.5,2.8541666666666665,85.125,95.70833333333331,39.125,11.7875,5.3,24,0
2016-11-13,1352986.5,8.008333333333333,92.25,98.54166666666669,23.08333333333333,11.779166666666669,0.7000000000000001,24,0
2016-11-14,1543075.0,7.570833333333333,89.25,96.91666666666669,33.958333333333336,6.5375000000000005,0.0,24,0
2016-11-15,1558825.5,10.341666666666669,95.08333333333331,99.16666666666669,11.791666666666666,11.65,1.1,24,0
2016-11-16,1512005.5,12.216666666666669,93.66666666666669,99.91666666666669,19.70833333333333,15.866666666666667,1.8,24,0
2016-11-17,1482714.0,11.7125,85.5,95.66666666666669,27.666666666666668,23.745833333333334,0.8,24,0
2016-11-18,1487494.0,9.545833333333333,74.29166666666667,73.79166666666667,61.0,25.1375,3.2,24,0
2016-11-19,1391265.5,6.891666666666667,75.08333333333333,70.875,44.79166666666666,18.391666666666666,0.0,24,0
2016-11-20,1292619.0,11.208333333333334,77.66666666666667,94.79166666666669,21.58333333333333,27.429166666666664,6.6,24,0
2016-11-21,1423214.0,12.225,85.95833333333333,78.25,24.875,21.445833333333336,4.0,24,0
2016-11-22,1479783.5,10.108333333333333,80.125,80.375,38.5,16.570833333333333,0.0,24,0
2016-11-23,1480194.5,10.258333333333333,90.625,99.08333333333331,53.41666666666666,9.366666666666667,6.8,24,0
2016-11-24,1470856.0,10.504166666666666,84.29166666666667,97.08333333333331,35.208333333333336,14.341666666666669,0.1,24,0
2016-11-25,1495758.5,9.2625,80.41666666666667,97.75,36.16666666666666,15.991666666666667,0.0,24,0
2016-11-26,1377786.5,7.708333333333333,90.08333333333331,87.5,21.541666666666668,6.3375,0.0,24,0
2016-11-27,1337985.0,5.991666666666667,87.875,59.66666666666666,35.791666666666664,12.691666666666668,0.0,24,0
2016-11-28,1594888.0,4.425,68.75,23.83333333333333,67.04166666666667,19.316666666666663,0.0,24,0
2016-11-29,1738341.0,0.3791666666666666,63.0,0.0,69.0,14.554166666666667,0.0,24,0
2016-11-30,1755562.5,-0.6458333333333334,79.0,0.3333333333333333,65.95833333333333,4.445833333333334,0.0,24,0
2016-12-01,1769301.5,-0.2416666666666666,85.45833333333333,0.125,65.20833333333333,5.370833333333334,0.0,24,0
2016-12-02,1763686.5,2.2291666666666665,95.83333333333331,66.20833333333333,24.166666666666668,6.854166666666667,0.0,24,0
2016-12-03,1600787.5,3.845833333333333,87.91666666666667,57.25,45.333333333333336,13.875,0.0,24,0
2016-12-04,1561225.5,1.5,83.66666666666667,1.3333333333333333,62.583333333333336,10.429166666666667,0.0,24,0
2016-12-05,1689220.0,2.904166666666667,92.375,3.25,59.125,7.629166666666666,0.0,24,0
2016-12-06,1693875.0,2.245833333333333,96.54166666666669,76.33333333333333,41.458333333333336,6.145833333333333,0.0,24,0
2016-12-07,1705814.5,4.116666666666666,92.375,73.54166666666667,54.458333333333336,8.491666666666667,0.0,24,0
2016-12-08,1701278.0,3.65,88.95833333333333,53.375,54.458333333333336,10.6125,0.0,24,0
2016-12-09,1663497.5,5.029166666666667,92.625,59.91666666666666,55.833333333333336,9.404166666666669,0.0,24,0
2016-12-10,1542471.5,4.491666666666666,96.20833333333331,55.625,36.75,10.545833333333333,0.0,24,0
2016-12-11,1473175.5,7.541666666666667,92.04166666666669,81.83333333333333,48.91666666666666,10.395833333333334,0.1,24,0
2016-12-12,1644237.5,4.058333333333334,94.20833333333331,91.08333333333331,15.291666666666666,8.762500000000001,0.6,24,0
2016-12-13,1669444.0,6.591666666666666,91.58333333333331,76.0,33.375,9.216666666666669,2.0,24,0
2016-12-14,1664521.0,4.341666666666667,89.79166666666667,30.58333333333333,56.125,8.108333333333333,0.0,24,0
2016-12-15,1684765.0,2.6875,97.75,65.29166666666667,26.25,7.9125,0.0,24,0
2016-12-16,1625556.0,4.904166666666667,92.875,27.875,50.79166666666666,7.654166666666666,0.0,24,0
2016-12-17,1542511.0,3.25,98.04166666666669,90.58333333333331,27.416666666666668,5.275,0.0,24,0
2016-12-18,1536039.5,4.029166666666667,97.58333333333331,100.0,16.208333333333332,5.0125,0.0,24,0
2016-12-19,1738854.5,4.641666666666667,89.08333333333333,79.54166666666667,27.666666666666668,9.279166666666669,0.0,24,0
2016-12-20,1747533.5,3.4125,88.29166666666667,78.75,39.29166666666666,7.358333333333333,0.1,24,0
2016-12-21,1736071.5,3.9416666666666655,86.20833333333333,97.125,40.41666666666666,14.7,1.3,24,0
2016-12-22,1659248.0,7.620833333333334,95.66666666666669,96.20833333333331,8.0,12.2375,15.0,24,0
2016-12-23,1595168.5,4.983333333333333,95.83333333333331,95.58333333333331,23.416666666666668,10.575,0.0,24,0
2016-12-24,1411219.5,8.404166666666667,89.08333333333333,91.5,35.333333333333336,15.620833333333332,0.0,24,0
2016-12-25,1289566.5,7.916666666666667,90.58333333333331,94.58333333333331,29.08333333333333,15.6875,0.0,24,1
2016-12-26,1392791.5,9.370833333333334,88.75,82.5,18.375,12.4,0.1,24,0
2016-12-27,1522917.0,1.7083333333333333,90.66666666666669,19.70833333333333,57.208333333333336,6.945833333333333,0.0,24,0
2016-12-28,1605767.0,0.9458333333333332,90.41666666666669,58.79166666666666,57.833333333333336,9.933333333333334,0.0,24,0
2016-12-29,1689107.0,-0.6333333333333333,90.5,3.208333333333333,59.66666666666666,8.304166666666667,0.0,24,0
2016-12-30,1739091.0,-2.8833333333333333,96.91666666666669,99.75,29.375,3.170833333333333,0.0,24,0
2016-12-31,1725394.5,-3.5625,96.0,100.0,24.20833333333333,4.65,0.0,24,0
2017-01-01,1651622.5,-2.075,90.91666666666669,95.5,17.666666666666668,9.475,0.3,24,1
2017-01-02,1764965.0,0.4291666666666667,94.625,93.33333333333331,17.208333333333332,6.416666666666667,0.6000000000000001,24,0
2017-01-03,1883199.5,-0.1124999999999999,95.625,92.54166666666669,29.0,6.3625,0.0,24,0
2017-01-04,1921998.5,3.4166666666666665,89.45833333333333,88.83333333333333,9.375,16.204166666666666,0.2,24,0
2017-01-05,1884837.5,1.3625,88.125,27.33333333333333,56.66666666666666,9.125,0.1,24,0
2017-01-06,1958566.0,-2.4625,83.70833333333333,41.375,60.958333333333336,6.879166666666666,0.0,24,0
2017-01-07,1878499.5,-1.2958333333333334,82.33333333333333,99.66666666666669,7.375,7.491666666666667,0.1,24,0
2017-01-08,1698739.0,2.4291666666666667,100.0,100.0,10.041666666666666,5.7,0.0,24,0
2017-01-09,1805006.0,4.8375,97.54166666666669,100.0,13.541666666666666,9.604166666666666,1.9,24,0
2017-01-10,1801388.0,5.275,90.04166666666667,66.875,42.25,11.491666666666667,3.3000000000000003,24,0
2017-01-11,1764647.5,6.875,90.29166666666669,87.0,10.916666666666666,15.308333333333332,1.1,24,0
2017-01-12,1731000.5,6.279166666666666,82.70833333333333,97.83333333333331,21.08333333333333,21.575,5.9,24,0
2017-01-13,1792481.5,2.4125,80.16666666666667,51.333333333333336,48.625,23.34583333333333,2.9,24,0
2017-01-14,1706155.5,1.525,85.16666666666667,52.0,51.25,13.995833333333332,1.0,24,0
2017-01-15,1665996.5,0.8375,93.58333333333331,84.91666666666667,25.20833333333333,8.9,5.1,24,0
2017-01-16,1831935.5,1.6708333333333334,91.95833333333331,93.83333333333331,27.666666666666668,7.445833333333333,0.1,24,0
2017-01-17,1971502.0,-2.895833333333333,82.5,12.5,68.91666666666667,11.0125,0.0,24,0
2017-01-18,2061276.5,-2.4166666666666665,64.83333333333333,2.125,71.91666666666667,14.891666666666666,0.0,24,0
2017-01-19,2078752.5,-2.441666666666667,63.375,0.9583333333333334,72.70833333333333,11.8875,0.0,24,0
2017-01-20,2054723.0,-3.0500000000000003,70.375,3.7916666666666665,73.66666666666667,9.895833333333334,0.0,24,0
2017-01-21,1900078.0,-2.970833333333333,76.83333333333333,1.6666666666666667,74.29166666666667,6.216666666666666,0.0,24,0
2017-01-22,1819179.5,-3.033333333333333,78.75,53.458333333333336,72.25,7.191666666666666,0.0,24,0
2017-01-23,1960912.5,-2.191666666666667,85.70833333333333,32.416666666666664,73.875,8.670833333333333,0.0,24,0
2017-01-24,2006716.0,-2.0125,93.375,69.70833333333333,22.416666666666668,4.4750000000000005,0.2,24,0
2017-01-25,2042350.5,-1.7583333333333335,84.5,35.916666666666664,73.33333333333333,8.175,0.0,24,0
2017-01-26,2037339.0,-2.3541666666666665,72.125,7.125,81.83333333333333,9.875,0.0,24,0
2017-01-27,1914911.5,3.7083333333333335,75.29166666666667,80.75,64.375,14.429166666666667,0.7,24,0
2017-01-28,1636673.5,6.3375,77.66666666666667,80.95833333333333,39.208333333333336,14.825,0.3,24,0
2017-01-29,1558854.0,4.3,91.04166666666669,82.04166666666667,45.333333333333336,13.658333333333331,2.8000000000000003,24,0
2017-01-30,1683607.5,8.7875,92.66666666666669,99.375,12.916666666666666,13.229166666666666,11.1,24,0
2017-01-31,1613590.0,9.7,97.95833333333331,99.875,19.666666666666668,6.108333333333333,2.6,24,0
2017-02-01,1585781.0,9.625,91.29166666666669,88.0,49.79166666666666,13.25,1.4,24,0
2017-02-02,1579554.5,9.641666666666667,85.45833333333333,98.29166666666669,44.04166666666666,15.958333333333334,3.3000000000000003,24,0
2017-02-03,1593825.5,8.475,83.45833333333333,84.91666666666667,60.458333333333336,21.4875,2.3,24,0
2017-02-04,1493149.5,5.625,88.75,79.16666666666667,25.08333333333333,15.4,8.1,24,0
2017-02-05,1457488.5,5.9125000000000005,86.375,88.875,45.79166666666666,10.75,3.4,24,0
2017-02-06,1665175.0,6.054166666666667,82.5,99.875,43.16666666666666,12.304166666666667,0.0,24,0
2017-02-07,1659268.0,6.808333333333334,85.45833333333333,93.79166666666669,48.66666666666666,12.708333333333334,8.0,24,0
2017-02-08,1698119.0,4.670833333333333,85.5,76.33333333333333,52.29166666666666,10.5625,0.2,24,0
2017-02-09,1758610.0,3.583333333333333,80.58333333333333,84.70833333333333,44.208333333333336,9.8125,0.1,24,0
2017-02-10,1776642.5,0.9791666666666666,79.70833333333333,87.95833333333333,53.375,9.425,0.6000000000000001,24,0
2017-02-11,1676550.5,-1.0916666666666666,87.0,57.25,53.083333333333336,6.545833333333333,0.8,24,0
2017-02-12,1561158.5,2.766666666666667,89.41666666666667,90.41666666666669,50.29166666666666,10.204166666666667,2.1,24,0
2017-02-13,1633620.0,5.966666666666666,72.125,53.958333333333336,109.95833333333331,16.733333333333334,0.0,24,0
2017-02-14,1602903.0,7.316666666666666,74.25,71.375,45.875,13.141666666666666,0.0,24,0
2017-02-15,1532354.0,9.558333333333334,81.125,31.041666666666668,109.91666666666669,11.2375,1.3,24,0
2017-02-16,1523999.5,8.308333333333334,89.875,79.33333333333333,70.33333333333333,4.679166666666666,1.3,24,0
2017-02-17,1524774.5,5.845833333333334,90.33333333333331,85.58333333333333,61.833333333333336,5.641666666666667,0.0,24,0
2017-02-18,1415860.5,5.179166666666666,86.0,45.125,105.58333333333331,7.879166666666666,0.0,24,0
2017-02-19,1385093.0,4.75,89.08333333333333,75.91666666666667,90.95833333333331,6.566666666666666,0.0,24,0
2017-02-20,1529590.0,9.333333333333334,86.16666666666667,99.16666666666669,29.416666666666668,12.779166666666669,0.0,24,0
2017-02-21,1504187.5,10.891666666666666,87.16666666666667,100.0,26.20833333333333,17.108333333333334,0.0,24,0
2017-02-22,1494675.0,10.725,77.20833333333333,99.25,35.416666666666664,21.791666666666668,0.0,24,0
2017-02-23,1512292.0,9.6375,74.375,93.79166666666669,33.583333333333336,26.4875,0.3,24,0
2017-02-24,1524732.5,5.679166666666667,70.75,37.333333333333336,114.25,15.520833333333334,0.3,24,0
2017-02-25,1446841.5,4.379166666666666,74.95833333333333,55.29166666666666,127.95833333333331,11.629166666666668,0.0,24,0
2017-02-26,1349865.5,8.104166666666666,79.29166666666667,89.29166666666667,45.66666666666666,15.470833333333331,1.7000000000000002,24,0
2017-02-27,1516922.0,9.216666666666669,81.33333333333333,90.125,32.375,27.258333333333336,8.9,24,0
2017-02-28,1606304.0,5.4875,76.79166666666667,64.66666666666667,78.83333333333333,22.875,4.3,24,0
2017-03-01,1620062.5,7.754166666666666,83.91666666666667,83.83333333333333,25.5,22.84166666666667,10.4,24,0
2017-03-02,1535722.5,7.804166666666667,69.29166666666667,53.958333333333336,136.70833333333334,18.966666666666665,0.0,24,0
2017-03-03,1491750.5,9.275,74.45833333333333,99.29166666666669,86.79166666666667,14.079166666666666,2.4,24,0
2017-03-04,1378100.0,8.733333333333333,87.08333333333333,96.41666666666669,20.791666666666668,13.545833333333334,21.8,24,0
2017-03-05,1388483.0,6.329166666666667,82.83333333333333,64.41666666666667,47.875,22.620833333333334,7.0,24,0
2017-03-06,1563999.5,6.358333333333333,77.83333333333333,83.95833333333333,37.54166666666666,20.566666666666663,7.3,24,0
2017-03-07,1594014.5,6.558333333333334,76.54166666666667,84.70833333333333,76.875,14.566666666666668,0.9,24,0
2017-03-08,1568697.0,9.7375,88.04166666666667,97.75,29.20833333333333,18.329166666666666,2.1,24,0
2017-03-09,1461762.0,12.116666666666667,88.0,100.0,27.291666666666668,16.7375,0.2,24,0
2017-03-10,1402264.5,9.0,89.33333333333333,76.20833333333333,77.20833333333333,7.504166666666666,0.0,24,0
2017-03-11,1247562.5,7.875,80.08333333333333,62.125,155.83333333333334,8.424999999999999,0.0,24,0
2017-03-12,1192877.0,9.741666666666667,78.75,84.33333333333333,160.0,7.654166666666666,0.0,24,0
2017-03-13,1370392.5,9.891666666666667,82.45833333333333,58.25,102.83333333333331,12.641666666666666,0.1,24,0
2017-03-14,1404680.5,8.25,84.0,73.58333333333333,134.41666666666666,8.566666666666666,0.0,24,0
2017-03-15,1380424.0,10.7625,80.91666666666667,87.58333333333333,78.29166666666667,6.808333333333334,0.0,24,0
2017-03-16,1349895.0,10.895833333333334,80.41666666666667,2.958333333333333,183.54166666666663,7.899999999999999,0.0,24,0
2017-03-17,1331488.0,9.454166666666667,79.0,85.91666666666667,76.58333333333333,12.845833333333331,0.2,24,0
2017-03-18,1254854.0,10.308333333333334,78.33333333333333,99.91666666666669,29.541666666666668,24.241666666666664,1.1,24,0
2017-03-19,1168626.0,12.070833333333333,78.04166666666667,98.875,65.29166666666667,17.554166666666667,0.0,24,0
2017-03-20,1342529.0,10.575,74.58333333333333,97.91666666666669,70.04166666666667,16.870833333333334,0.0,24,0
2017-03-21,1389549.5,9.0125,73.91666666666667,95.29166666666669,112.125,14.1375,0.7000000000000001,24,0
2017-03-22,1444974.5,7.208333333333333,76.45833333333333,61.458333333333336,121.29166666666669,14.1,2.7,24,0
2017-03-23,1457285.5,8.637500000000001,84.04166666666667,95.58333333333331,94.83333333333331,10.979166666666666,20.7,24,0
2017-03-24,1450670.5,9.2625,84.625,95.375,101.83333333333331,9.55,3.6,24,0
2017-03-25,1274246.5,11.2375,64.625,24.416666666666668,216.29166666666663,19.979166666666668,0.0,24,0
2017-03-26,1174416.5,11.466666666666669,64.54166666666667,36.583333333333336,203.20833333333331,10.708333333333334,0.0,24,0
2017-03-27,1294164.5,11.070833333333333,74.04166666666667,30.166666666666668,215.29166666666663,8.875,0.0,24,0
2017-03-28,1288979.0,11.766666666666666,75.04166666666667,31.291666666666668,174.5,11.375,0.2,24,0
2017-03-29,1268023.0,11.825,75.33333333333333,57.5,137.16666666666666,9.154166666666669,0.0,24,0
2017-03-30,1234906.0,14.4375,70.91666666666667,73.20833333333333,220.75,11.495833333333332,0.0,24,0
2017-03-31,1203828.0,14.666666666666666,65.45833333333333,95.20833333333331,160.58333333333334,15.529166666666669,0.4,24,0
2017-04-01,1127650.0,11.5625,71.95833333333333,92.0,132.625,9.2625,0.2,24,0
2017-04-02,1097785.5,10.304166666666667,79.29166666666667,46.79166666666666,194.83333333333331,6.9375,0.5,24,0
2017-04-03,1246256.5,11.620833333333332,75.125,25.125,213.45833333333331,6.1000000000000005,0.0,24,0
2017-04-04,1257593.0,10.945833333333333,77.0,53.0,148.41666666666666,10.3,0.0,24,0
2017-04-05,1268958.0,11.029166666666669,74.79166666666667,80.25,166.70833333333334,14.245833333333332,0.0,24,0
2017-04-06,1291244.0,8.762500000000001,68.45833333333333,55.125,168.125,12.445833333333333,0.0,24,0
2017-04-07,1272506.5,9.5625,76.83333333333333,0.2916666666666667,243.08333333333331,7.1125,0.0,24,0
2017-04-08,1096786.0,11.820833333333333,77.16666666666667,0.0,247.29166666666663,7.083333333333333,0.0,24,0
2017-04-09,999729.0,13.958333333333334,72.70833333333333,0.0,252.20833333333331,7.2875,0.0,24,0
2017-04-10,1158159.0,12.045833333333334,70.41666666666667,61.083333333333336,136.875,14.5,0.0,24,0
2017-04-11,1207064.0,9.9,64.625,48.16666666666666,249.04166666666663,7.004166666666666,0.0,24,0
2017-04-12,1224185.0,10.354166666666666,70.95833333333333,10.666666666666666,255.0,11.841666666666669,0.0,24,0
2017-04-13,1226128.5,10.341666666666669,77.5,63.29166666666666,124.125,8.295833333333333,0.5,24,0
2017-04-14,1201978.5,11.425,69.75,96.08333333333331,134.66666666666666,8.195833333333333,0.5,24,0
2017-04-15,1106000.5,10.275,79.04166666666667,82.625,85.25,12.154166666666669,1.8,24,0
2017-04-16,1043744.5,9.904166666666669,68.83333333333333,79.0,136.33333333333334,13.066666666666668,0.2,24,0
2017-04-17,1079097.0,9.754166666666666,72.70833333333333,63.25,137.29166666666666,14.670833333333334,0.3,24,1
2017-04-18,1271788.0,6.9,65.16666666666667,26.125,246.125,11.3125,1.5,24,0
2017-04-19,1340229.0,6.483333333333333,60.125,6.708333333333333,278.5,15.1,0.0,24,0
2017-04-20,1363272.0,5.958333333333333,57.375,25.291666666666668,284.125,7.733333333333333,0.0,24,0
2017-04-21,1321433.0,9.008333333333333,62.54166666666666,13.5,279.0416666666667,5.479166666666667,0.0,24,0
2017-04-22,1152421.0,10.179166666666667,76.91666666666667,67.0,156.625,9.625,0.5,24,0
2017-04-23,1072295.5,8.695833333333333,65.625,50.125,215.41666666666663,9.995833333333334,0.0,24,0
2017-04-24,1228552.0,9.608333333333333,61.66666666666666,55.583333333333336,278.625,7.1625000000000005,0.0,24,0
2017-04-25,1283244.0,8.475,56.54166666666666,99.70833333333331,175.08333333333334,12.6625,0.6000000000000001,24,0
2017-04-26,1373596.5,5.854166666666667,63.958333333333336,40.625,249.75,11.833333333333334,2.1,24,0
2017-04-27,1416035.5,6.279166666666666,64.625,31.95833333333333,263.0,12.158333333333331,0.8,24,0
2017-04-28,1393774.5,8.0,72.41666666666667,68.875,178.25,7.625,2.2,24,0
2017-04-29,1202734.5,10.354166666666666,66.875,48.54166666666666,180.25,11.195833333333333,0.0,24,0
2017-04-30,1104333.0,12.0125,59.5,82.83333333333333,204.29166666666663,18.254166666666663,8.4,24,0
2017-05-01,1109896.0,10.525,65.20833333333333,80.375,227.125,21.75,1.8,24,1
2017-05-02,1290235.5,11.129166666666668,70.25,78.08333333333333,225.91666666666663,8.804166666666667,1.5,24,0
2017-05-03,1313931.5,9.983333333333333,85.08333333333333,97.45833333333331,120.875,7.2625,6.4,24,0
2017-05-04,1300274.0,10.8125,81.04166666666667,53.958333333333336,230.5,8.295833333333333,2.8000000000000003,24,0
2017-05-05,1255824.0,12.25,75.79166666666667,36.16666666666666,192.33333333333331,12.875,0.0,24,0
2017-05-06,1128568.5,12.275,80.45833333333333,97.625,81.375,10.4625,2.6,24,0
2017-05-07,1058714.5,11.5875,82.0,95.75,82.91666666666667,16.162499999999998,2.0,24,0
2017-05-08,1092300.0,9.9375,78.125,79.95833333333333,118.0,12.520833333333334,0.0,24,1
2017-05-09,1233110.0,10.8,66.375,12.833333333333334,315.375,13.9125,0.0,24,0
2017-05-10,1223164.5,12.654166666666669,65.5,37.875,315.9583333333333,10.520833333333334,0.0,24,0
2017-05-11,1212213.0,15.266666666666666,75.5,85.0,212.95833333333331,12.0375,3.2,24,0
2017-05-12,1187273.0,14.804166666666667,82.66666666666667,69.29166666666667,186.375,12.254166666666668,6.6,24,0
2017-05-13,1044660.5,14.995833333333332,72.75,46.625,217.08333333333331,13.458333333333334,0.1,24,0
2017-05-14,973478.0,14.375,70.29166666666667,64.04166666666667,178.625,11.783333333333331,1.4,24,0
2017-05-15,1134323.0,16.154166666666665,69.91666666666667,88.25,225.75,9.220833333333331,0.0,24,0
2017-05-16,1142647.5,20.195833333333333,62.083333333333336,55.79166666666666,262.25,9.079166666666667,0.0,24,0
2017-05-17,1141727.0,20.34583333333333,68.0,75.20833333333333,257.5,10.504166666666666,1.4,24,0
2017-05-18,1148897.5,16.054166666666667,86.41666666666667,93.5,159.08333333333334,12.816666666666668,12.1,24,0
2017-05-19,1146183.0,11.620833333333332,75.83333333333333,76.58333333333333,219.25,12.783333333333331,11.0,24,0
2017-05-20,1028417.0,12.333333333333334,72.41666666666667,42.16666666666666,248.16666666666663,8.8375,0.8,24,0
2017-05-21,955967.5,14.870833333333332,69.79166666666667,51.458333333333336,253.54166666666663,8.333333333333334,0.0,24,0
2017-05-22,1113736.0,17.683333333333334,63.66666666666666,77.83333333333333,270.9166666666667,8.525,0.0,24,0
2017-05-23,1132370.5,17.829166666666666,73.66666666666667,57.625,281.5833333333333,12.633333333333333,0.0,24,0
2017-05-24,1132086.0,17.229166666666668,79.16666666666667,72.95833333333333,147.375,7.466666666666666,0.2,24,0
2017-05-25,983239.0,19.625,65.75,1.375,325.0416666666667,12.754166666666668,0.0,24,1
2017-05-26,1033562.0,21.379166666666663,55.958333333333336,0.0,328.0416666666667,14.833333333333334,0.0,24,0
2017-05-27,980234.5,23.195833333333336,63.875,34.333333333333336,292.625,8.700000000000001,0.3,24,0
2017-05-28,930443.5,23.15,68.125,81.70833333333333,269.5,8.450000000000001,0.6,24,0
2017-05-29,1117354.5,23.2125,71.54166666666667,66.66666666666667,247.54166666666663,8.4375,7.2,24,0
2017-05-30,1141826.5,18.725,73.875,76.45833333333333,165.58333333333334,11.095833333333331,0.5,24,0
2017-05-31,1140964.0,17.495833333333334,68.875,77.45833333333333,237.75,7.575,0.0,24,0
2017-06-01,1148265.5,20.275,65.45833333333333,29.70833333333333,264.1666666666667,7.7875,0.0,24,0
2017-06-02,1138213.0,21.42083333333333,71.79166666666667,63.875,225.875,5.5,6.9,24,0
2017-06-03,997024.5,17.316666666666666,80.33333333333333,98.5,121.625,10.9625,3.2,24,0
2017-06-04,910093.0,15.15,61.208333333333336,60.54166666666666,262.1666666666667,10.179166666666667,0.1,24,0
2017-06-05,951108.0,17.349999999999998,57.125,65.70833333333333,230.66666666666663,13.391666666666666,0.0,24,1
2017-06-06,1107647.5,14.808333333333332,62.91666666666666,63.875,253.75,28.166666666666668,8.6,24,0
2017-06-07,1125512.0,14.883333333333333,57.04166666666666,63.75,184.91666666666663,20.341666666666665,0.4,24,0
2017-06-08,1136256.0,18.84583333333333,62.0,86.875,308.4166666666667,13.0625,0.8,24,0
2017-06-09,1126992.5,18.375,68.83333333333333,68.125,245.25,12.975,9.3,24,0
2017-06-10,1001365.5,19.679166666666667,62.5,13.833333333333334,326.1666666666667,8.358333333333333,0.0,24,0
2017-06-11,942778.0,21.604166666666668,62.083333333333336,40.625,263.2916666666667,11.0,1.2,24,0
2017-06-12,1119920.5,17.162499999999998,62.083333333333336,35.958333333333336,298.4583333333333,12.033333333333331,0.0,24,0
2017-06-13,1158702.5,17.3125,65.70833333333333,59.0,315.4583333333333,7.55,0.0,24,0
2017-06-14,1170001.0,21.504166666666663,59.375,52.5,283.7083333333333,8.441666666666666,0.0,24,0
2017-06-15,1182466.5,22.6,63.875,45.66666666666666,292.9583333333333,12.195833333333333,0.0,24,0
2017-06-16,1158095.5,18.016666666666666,60.25,51.125,296.2083333333333,14.545833333333334,0.0,24,0
2017-06-17,1026701.5,20.0125,62.79166666666666,33.708333333333336,267.2083333333333,8.045833333333333,0.0,24,0
2017-06-18,968361.5,23.4875,57.91666666666666,2.208333333333333,333.0,12.620833333333332,0.0,24,0
2017-06-19,1172381.5,25.304166666666664,51.125,0.0,336.7916666666667,7.154166666666666,0.0,24,0
2017-06-20,1220465.0,26.525,50.5,43.125,297.2083333333333,6.366666666666667,0.0,24,0
2017-06-21,1235708.5,28.03333333333333,51.04166666666666,44.91666666666666,290.1666666666667,7.712499999999999,2.3000000000000003,24,0
2017-06-22,1243126.0,26.52083333333333,56.79166666666666,52.54166666666666,312.5416666666667,12.170833333333334,1.4,24,0
2017-06-23,1192802.0,19.870833333333334,61.04166666666666,42.25,292.9166666666667,12.445833333333333,0.0,24,0
2017-06-24,1042094.5,20.241666666666667,55.5,44.91666666666666,245.08333333333331,12.216666666666669,0.0,24,0
2017-06-25,964082.0,21.166666666666668,60.333333333333336,71.04166666666667,176.33333333333334,13.154166666666669,0.0,24,0
2017-06-26,1145830.0,21.47083333333333,64.20833333333333,39.125,261.0416666666667,8.691666666666666,0.0,24,0
2017-06-27,1175096.5,21.03333333333333,72.95833333333333,96.04166666666669,142.95833333333334,6.579166666666667,2.0,24,0
2017-06-28,1147643.5,18.779166666666665,81.16666666666667,84.25,187.375,11.670833333333334,5.0,24,0
2017-06-29,1129894.0,17.429166666666667,69.91666666666667,78.45833333333333,210.20833333333331,13.483333333333334,1.6,24,0
2017-06-30,1117554.5,16.6875,74.08333333333333,82.16666666666667,168.29166666666666,12.495833333333332,4.4,24,0
2017-07-01,999010.0,16.141666666666666,82.5,82.41666666666667,70.66666666666667,15.454166666666666,4.2,24,0
2017-07-02,938457.0,16.775000000000002,78.75,69.79166666666667,106.79166666666669,12.133333333333333,0.8,24,0
2017-07-03,1114694.5,18.0625,71.20833333333333,43.625,257.0416666666667,9.654166666666669,0.1,24,0
2017-07-04,1154542.0,19.370833333333334,70.45833333333333,17.958333333333332,328.75,4.354166666666667,0.0,24,0
2017-07-05,1174193.0,22.97083333333333,65.20833333333333,41.66666666666666,315.2916666666667,7.85,0.0,24,0
2017-07-06,1192135.5,25.454166666666666,61.79166666666666,51.5,250.79166666666663,9.3625,2.1,24,0
2017-07-07,1193931.5,24.975,59.958333333333336,21.375,321.2916666666667,10.333333333333334,0.0,24,0
2017-07-08,1053757.0,23.34583333333333,55.75,31.83333333333333,319.0833333333333,10.375,0.0,24,0
2017-07-09,966358.5,22.6125,66.33333333333333,91.58333333333331,188.20833333333331,8.979166666666666,6.3,24,0
2017-07-10,1128295.5,19.40833333333333,79.16666666666667,84.875,139.625,9.779166666666669,5.2,24,0
2017-07-11,1152013.5,19.0375,67.83333333333333,82.16666666666667,157.0,9.083333333333334,1.4,24,0
2017-07-12,1167716.5,19.73333333333333,69.375,88.5,122.83333333333331,17.325,6.5,24,0
2017-07-13,1150733.5,17.650000000000002,67.54166666666667,96.29166666666669,95.125,8.387500000000001,1.5,24,0
2017-07-14,995622.5,18.5875,61.583333333333336,62.79166666666666,223.29166666666663,14.720833333333331,0.1,24,1
2017-07-15,981508.5,18.816666666666663,63.125,71.08333333333333,243.625,7.895833333333333,0.0,24,0
2017-07-16,948186.0,21.554166666666664,65.875,59.66666666666666,175.875,9.2,2.4,24,0
2017-07-17,1146294.5,22.754166666666663,66.125,42.04166666666666,271.5416666666667,8.291666666666666,0.0,24,0
2017-07-18,1192400.5,25.52916666666667,58.5,72.04166666666667,277.5833333333333,12.15,2.7,24,0
2017-07-19,1189701.0,24.941666666666663,62.04166666666666,73.5,192.16666666666663,14.195833333333333,2.0,24,0
2017-07-20,1160387.0,20.154166666666665,66.66666666666667,79.125,175.375,16.845833333333335,2.2,24,0
2017-07-21,1135438.5,19.945833333333333,54.083333333333336,34.083333333333336,309.4166666666667,10.895833333333334,0.0,24,0
2017-07-22,1007675.5,18.704166666666666,63.16666666666666,75.04166666666667,105.0,13.795833333333334,2.4,24,0
2017-07-23,938350.0,17.533333333333335,63.16666666666666,68.5,152.83333333333334,18.066666666666663,3.3,24,0
2017-07-24,1097641.5,16.354166666666668,80.70833333333333,88.25,103.04166666666669,17.120833333333334,5.3,24,0
2017-07-25,1121531.0,17.779166666666665,71.875,76.5,185.54166666666663,15.866666666666667,1.2,24,0
2017-07-26,1128528.5,18.304166666666667,74.5,70.58333333333333,162.83333333333334,12.0,0.5,24,0
2017-07-27,1127356.5,18.75,73.83333333333333,90.75,123.04166666666669,11.366666666666667,1.9,24,0
2017-07-28,1104509.5,19.2125,61.375,77.29166666666667,154.04166666666666,12.970833333333331,0.0,24,0
2017-07-29,989754.5,21.633333333333336,64.125,69.70833333333333,152.125,16.2375,1.8,24,0
2017-07-30,923591.5,21.566666666666663,59.29166666666666,72.25,201.0,19.883333333333333,0.2,24,0
2017-07-31,1054788.5,19.6625,62.16666666666666,90.16666666666669,205.75,8.858333333333333,0.9,24,0
2017-08-01,1081597.0,19.95833333333333,66.75,69.66666666666667,193.875,8.195833333333333,0.9,24,0
2017-08-02,1093085.0,21.025,56.29166666666666,90.75,121.91666666666669,7.441666666666666,0.0,24,0
2017-08-03,1100667.0,22.15,54.583333333333336,70.58333333333333,218.04166666666663,18.904166666666665,3.0,24,0
2017-08-04,1088841.5,20.741666666666667,59.083333333333336,82.25,132.625,14.733333333333334,0.5,24,0
2017-08-05,979878.0,19.308333333333334,66.20833333333333,61.29166666666666,201.04166666666663,13.833333333333334,5.1,24,0
2017-08-06,899988.0,17.608333333333334,59.625,11.0,283.0,7.845833333333334,0.0,24,0
2017-08-07,1008736.0,19.53333333333333,50.333333333333336,59.708333333333336,284.9583333333333,8.970833333333333,0.0,24,0
2017-08-08,1013778.0,16.695833333333333,75.08333333333333,76.0,152.04166666666666,10.4,9.7,24,0
2017-08-09,1003195.0,15.058333333333332,79.66666666666667,56.41666666666666,179.75,4.979166666666667,7.5,24,0
2017-08-10,1002421.5,15.008333333333333,79.41666666666667,53.16666666666666,216.33333333333331,7.879166666666666,1.7000000000000002,24,0
2017-08-11,997597.5,16.229166666666668,75.5,61.083333333333336,159.54166666666666,10.141666666666667,0.7,24,0
2017-08-12,921904.0,16.8875,77.04166666666667,95.91666666666669,57.29166666666666,13.995833333333332,1.5,24,0
2017-08-13,871495.5,17.458333333333332,69.625,58.75,212.95833333333331,5.941666666666666,0.0,24,0
2017-08-14,958330.0,19.445833333333333,62.66666666666666,34.666666666666664,262.4583333333333,6.3125,0.0,24,0
2017-08-15,914276.5,21.725,67.125,89.16666666666667,166.625,11.495833333333332,1.2000000000000002,24,1
2017-08-16,1006638.0,19.241666666666667,71.0,71.375,203.66666666666663,6.370833333333334,0.0,24,0
2017-08-17,1034314.5,19.404166666666665,79.79166666666667,86.75,92.20833333333331,14.616666666666667,8.1,24,0
2017-08-18,1038343.5,18.675,81.83333333333333,83.875,91.79166666666669,12.916666666666666,21.9,24,0
2017-08-19,945999.5,16.041666666666668,68.25,33.625,180.91666666666663,14.016666666666666,1.2,24,0
2017-08-20,892822.5,15.991666666666667,69.0,40.54166666666666,202.20833333333331,7.158333333333334,0.0,24,0
2017-08-21,1045001.0,18.77083333333333,70.45833333333333,95.41666666666669,96.20833333333331,5.425,0.2,24,0
2017-08-22,1087832.5,20.841666666666665,79.83333333333333,59.16666666666666,213.375,6.566666666666666,0.0,24,0
2017-08-23,1098440.5,21.495833333333334,72.41666666666667,46.29166666666666,236.75,11.154166666666669,0.2,24,0
2017-08-24,1108317.0,18.98333333333333,70.91666666666667,88.75,181.45833333333331,4.258333333333334,0.5,24,0
2017-08-25,1107510.5,19.354166666666668,83.20833333333333,66.29166666666667,138.95833333333334,8.9,17.0,24,0
2017-08-26,1002870.0,21.379166666666663,80.33333333333333,74.91666666666667,198.66666666666663,5.404166666666666,0.0,24,0
2017-08-27,942388.0,22.254166666666663,73.375,54.125,234.16666666666663,6.1375,0.0,24,0
2017-08-28,1131650.5,22.95833333333333,73.70833333333333,34.708333333333336,239.83333333333331,7.4125,0.0,24,0
2017-08-29,1172360.0,25.066666666666663,65.33333333333333,20.166666666666668,236.83333333333331,6.595833333333334,0.0,24,0
2017-08-30,1167612.5,20.079166666666666,80.375,80.79166666666667,61.083333333333336,13.3375,4.300000000000001,24,0
2017-08-31,1133078.0,15.866666666666667,73.04166666666667,55.458333333333336,181.83333333333331,11.433333333333332,1.9,24,0
2017-09-01,1111331.0,16.354166666666668,68.20833333333333,57.41666666666666,209.875,6.295833333333333,0.4,24,0
2017-09-02,988131.5,15.370833333333332,73.33333333333333,35.708333333333336,203.0,8.841666666666667,0.7,24,0
2017-09-03,936762.0,15.858333333333334,65.875,95.33333333333331,163.0,7.658333333333334,0.0,24,0
2017-09-04,1108781.5,19.02083333333333,67.95833333333333,96.16666666666669,99.91666666666669,6.545833333333333,0.0,24,0
2017-09-05,1143176.5,19.78333333333333,77.08333333333333,74.75,103.75,13.6875,0.4,24,0
2017-09-06,1143394.0,17.416666666666668,66.25,91.0,108.66666666666669,17.429166666666667,0.2,24,0
2017-09-07,1140952.0,16.466666666666665,69.875,86.95833333333333,125.08333333333331,11.991666666666667,0.7,24,0
2017-09-08,1138148.0,16.391666666666666,79.54166666666667,94.25,41.79166666666666,20.841666666666665,9.2,24,0
2017-09-09,1004660.5,14.641666666666666,79.125,54.79166666666666,156.70833333333334,15.704166666666666,6.0,24,0
2017-09-10,945414.5,14.9,72.375,54.91666666666666,123.83333333333331,15.354166666666666,1.0,24,0
2017-09-11,1123964.5,15.0625,71.04166666666667,63.958333333333336,125.125,23.504166666666663,1.6,24,0
2017-09-12,1142028.5,14.8125,70.29166666666667,45.79166666666666,147.29166666666666,18.84583333333333,0.2,24,0
2017-09-13,1175801.0,16.2875,79.375,98.875,66.16666666666667,24.825,25.9,24,0
2017-09-14,1176015.5,13.5375,71.95833333333333,60.04166666666666,160.75,20.991666666666667,8.3,24,0
2017-09-15,1167575.0,11.891666666666666,80.16666666666667,42.5,145.33333333333334,9.741666666666667,0.9,24,0
2017-09-16,1052558.0,10.6125,84.04166666666667,51.66666666666666,138.70833333333334,5.025,4.2,24,0
2017-09-17,1011035.5,11.266666666666666,86.625,79.29166666666667,146.75,4.558333333333333,5.3,24,0
2017-09-18,1191146.0,11.483333333333334,83.125,45.833333333333336,149.58333333333334,9.029166666666669,3.8,24,0
2017-09-19,1221849.5,12.454166666666666,79.375,72.20833333333333,139.41666666666666,9.629166666666666,6.6,24,0
2017-09-20,1223660.0,12.025,79.54166666666667,48.625,106.45833333333331,6.529166666666666,0.1,24,0
2017-09-21,1201699.5,14.125,73.16666666666667,53.04166666666666,191.125,8.2875,0.0,24,0
2017-09-22,1182401.5,14.395833333333334,79.58333333333333,52.083333333333336,128.16666666666666,7.375,0.2,24,0
2017-09-23,1047050.5,13.341666666666669,78.375,57.25,177.79166666666666,6.395833333333333,0.0,24,0
2017-09-24,976105.5,15.195833333333333,78.5,68.83333333333333,181.66666666666663,7.358333333333333,0.0,24,0
2017-09-25,1150578.0,16.195833333333333,75.79166666666667,95.20833333333331,83.70833333333333,6.466666666666666,0.0,24,0
2017-09-26,1176084.5,16.345833333333335,85.58333333333333,74.70833333333333,106.45833333333331,4.683333333333334,1.0,24,0
2017-09-27,1179201.0,15.208333333333334,85.375,92.125,102.79166666666669,6.895833333333333,0.0,24,0
2017-09-28,1175488.0,17.220833333333335,84.375,90.08333333333331,72.95833333333333,8.408333333333333,1.7000000000000002,24,0
2017-09-29,1156421.0,18.729166666666668,80.875,75.875,124.20833333333331,10.620833333333334,3.3,24,0
2017-09-30,1035087.0,15.641666666666666,74.70833333333333,85.16666666666667,115.875,10.925,1.9,24,0
2017-10-01,990826.5,13.875,86.83333333333333,99.91666666666669,14.875,16.420833333333334,7.2,24,0
2017-10-02,1164244.0,17.275000000000002,82.41666666666667,95.16666666666669,73.58333333333333,16.900000000000002,1.9,24,0
2017-10-03,1183757.0,14.070833333333333,75.20833333333333,78.29166666666667,102.79166666666669,11.258333333333333,3.9,24,0
2017-10-04,1200471.0,12.3125,77.875,81.91666666666667,143.20833333333334,8.229166666666666,0.0,24,0
2017-10-05,1215441.5,12.933333333333332,83.33333333333333,37.375,65.20833333333333,15.3875,1.7,24,0
2017-10-06,1211170.5,11.133333333333333,74.79166666666667,45.833333333333336,120.66666666666669,12.379166666666668,0.1,24,0
2017-10-07,1108592.0,10.679166666666667,75.70833333333333,64.125,90.25,13.166666666666666,2.0,24,0
2017-10-08,1036859.0,14.004166666666668,84.79166666666667,87.5,72.0,10.479166666666666,1.1,24,0
2017-10-09,1200620.5,13.3625,80.16666666666667,69.625,111.25,6.6000000000000005,0.0,24,0
2017-10-10,1216343.0,15.120833333333332,81.16666666666667,95.83333333333331,69.75,10.604166666666666,2.5,24,0
2017-10-11,1215949.0,15.5625,75.20833333333333,72.875,91.79166666666669,12.170833333333334,0.3,24,0
2017-10-12,1204225.5,16.108333333333334,81.875,68.20833333333333,58.875,12.341666666666669,1.1,24,0
2017-10-13,1183610.5,16.295833333333334,82.70833333333333,41.66666666666666,116.375,6.520833333333333,0.0,24,0
2017-10-14,1049579.5,15.483333333333334,84.125,12.041666666666666,135.70833333333334,6.133333333333333,0.0,24,0
2017-10-15,982873.0,16.208333333333332,81.75,19.70833333333333,135.91666666666666,10.4,0.0,24,0
2017-10-16,1150703.0,18.716666666666665,77.5,8.291666666666666,133.29166666666666,11.458333333333334,0.1,24,0
2017-10-17,1180019.0,16.483333333333334,88.08333333333333,87.91666666666667,117.16666666666669,6.366666666666667,0.0,24,0
2017-10-18,1190054.5,15.358333333333334,82.04166666666667,47.25,100.5,8.604166666666666,0.0,24,0
2017-10-19,1189872.5,16.25,76.95833333333333,33.041666666666664,101.20833333333331,15.791666666666666,0.1,24,0
2017-10-20,1190743.0,14.0875,70.66666666666667,55.54166666666666,95.91666666666669,18.370833333333334,5.800000000000001,24,0
2017-10-21,1076319.0,14.695833333333333,68.25,42.66666666666666,87.5,22.95,1.5,24,0
2017-10-22,1054602.0,11.225,68.58333333333333,55.25,86.125,23.45,0.9,24,0
2017-10-23,1254595.0,11.979166666666666,85.83333333333333,94.16666666666669,16.541666666666668,14.179166666666667,4.7,24,0
2017-10-24,1253878.0,15.25,90.54166666666669,94.83333333333331,42.958333333333336,11.170833333333334,3.0,24,0
2017-10-25,1233375.0,14.7375,86.91666666666667,69.0,84.66666666666667,8.341666666666667,0.0,24,0
2017-10-26,1239355.5,12.120833333333332,97.0,90.66666666666669,50.958333333333336,2.9125,0.1,24,0
2017-10-27,1228556.5,12.520833333333334,84.625,69.04166666666667,78.41666666666667,10.025,0.9,24,0
2017-10-28,1148055.0,9.654166666666669,81.875,54.54166666666666,74.08333333333333,12.991666666666667,0.0,24,0
2017-10-29,1110779.5,12.516666666666666,80.875,94.25,21.666666666666668,17.5625,1.1,24,0
2017-10-30,1306906.0,8.1875,77.0,39.583333333333336,83.75,10.175,0.0,24,0
2017-10-31,1390869.5,6.695833333333333,85.20833333333333,39.833333333333336,103.29166666666669,4.995833333333334,0.0,24,0
2017-11-01,1254727.0,8.0625,80.625,97.58333333333331,84.83333333333333,8.433333333333334,0.0,24,1
2017-11-02,1348261.0,10.791666666666666,84.29166666666667,93.41666666666669,47.958333333333336,8.066666666666666,0.1,24,0
2017-11-03,1323653.5,11.75,86.66666666666667,89.33333333333333,64.0,7.0875,0.0,24,0
2017-11-04,1197370.5,12.075,88.16666666666667,74.58333333333333,38.208333333333336,16.0,1.3,24,0
2017-11-05,1187922.5,7.962499999999999,80.16666666666667,38.54166666666666,81.04166666666667,15.120833333333332,3.7,24,0
2017-11-06,1467625.5,5.9625,78.75,10.208333333333334,92.04166666666669,10.120833333333334,0.0,24,0
2017-11-07,1564033.5,3.7625,81.125,6.333333333333333,95.91666666666669,4.8625,0.0,24,0
2017-11-08,1582042.5,4.554166666666666,81.54166666666667,92.83333333333331,36.0,5.833333333333333,0.6000000000000001,24,0
2017-11-09,1561227.5,7.383333333333333,81.54166666666667,97.04166666666669,47.583333333333336,6.6875,0.0,24,0
2017-11-10,1521034.5,9.995833333333334,86.875,90.83333333333331,19.666666666666668,14.995833333333332,0.6000000000000001,24,0
2017-11-11,1318452.0,10.745833333333332,88.375,99.45833333333331,5.666666666666667,19.8,7.9,24,1
2017-11-12,1260972.0,8.916666666666666,84.41666666666667,70.08333333333333,36.04166666666666,20.7125,13.1,24,0
2017-11-13,1542668.5,6.6375,74.875,43.083333333333336,57.66666666666666,17.962500000000002,0.0,24,0
2017-11-14,1616564.5,5.520833333333333,83.58333333333333,38.75,78.29166666666667,6.308333333333334,0.0,24,0
2017-11-15,1616078.5,7.458333333333333,87.79166666666667,99.16666666666669,27.041666666666668,4.425,0.2,24,0
2017-11-16,1616589.5,7.008333333333333,87.83333333333333,84.83333333333333,54.875,3.8708333333333336,0.0,24,0
2017-11-17,1581457.5,7.875,91.16666666666669,87.08333333333333,30.375,4.845833333333333,0.0,24,0
2017-11-18,1461561.5,5.8125,89.04166666666667,84.79166666666667,45.75,8.420833333333333,0.3,24,0
2017-11-19,1401770.5,7.8625,79.33333333333333,78.25,54.54166666666666,11.1125,0.0,24,0
2017-11-20,1595051.5,7.104166666666667,88.79166666666667,88.20833333333333,19.0,13.391666666666666,0.3,24,0
2017-11-21,1575458.0,9.704166666666667,87.70833333333333,92.08333333333331,26.791666666666668,15.116666666666667,0.6000000000000001,24,0
2017-11-22,1519713.0,10.591666666666669,76.0,40.5,74.375,17.241666666666667,0.0,24,0
2017-11-23,1459708.0,13.2875,70.20833333333333,58.875,44.708333333333336,24.42083333333333,1.4,24,0
2017-11-24,1447267.5,10.858333333333334,85.66666666666667,94.20833333333331,28.0,13.120833333333332,3.3,24,0
2017-11-25,1381566.0,5.304166666666666,87.875,59.625,43.125,13.295833333333334,0.5,24,0
2017-11-26,1447600.5,4.1375,80.33333333333333,24.291666666666668,62.54166666666666,14.783333333333331,0.0,24,0
2017-11-27,1659416.0,6.5125,86.20833333333333,88.70833333333333,15.583333333333334,21.604166666666668,5.3,24,0
2017-11-28,1678204.0,6.658333333333334,88.66666666666667,46.208333333333336,58.91666666666666,13.845833333333331,10.9,24,0
2017-11-29,1722049.0,2.3583333333333334,91.66666666666669,40.958333333333336,39.958333333333336,10.425,0.9,24,0
2017-11-30,1791020.0,2.2916666666666665,88.41666666666667,55.54166666666666,47.708333333333336,13.704166666666666,1.2,24,0
2017-12-01,1821950.0,2.0708333333333333,85.16666666666667,84.33333333333333,37.66666666666666,12.9375,0.5,24,0
2017-12-02,1740642.0,0.6541666666666667,88.08333333333333,85.79166666666667,39.583333333333336,7.633333333333333,0.0,24,0
2017-12-03,1704060.5,1.0625,91.45833333333331,98.29166666666669,10.375,7.729166666666667,1.6,24,0
2017-12-04,1786103.0,5.458333333333333,94.16666666666669,84.33333333333333,36.625,7.070833333333333,0.0,24,0
2017-12-05,1770350.5,5.454166666666667,93.83333333333331,69.70833333333333,23.95833333333333,6.55,0.1,24,0
2017-12-06,1782722.0,5.254166666666666,92.58333333333331,73.625,21.95833333333333,8.6625,0.0,24,0
2017-12-07,1803702.0,4.895833333333333,90.79166666666669,93.91666666666669,17.583333333333332,22.354166666666668,5.3,24,0
2017-12-08,1744152.5,3.766666666666667,84.41666666666667,53.0,45.04166666666666,17.391666666666666,2.3,24,0
2017-12-09,1684092.0,1.3166666666666669,82.70833333333333,46.0,57.25,12.995833333333332,0.3,24,0
2017-12-10,1591775.5,6.220833333333334,85.5,91.54166666666669,38.66666666666666,25.679166666666664,14.2,24,0
2017-12-11,1693202.0,6.679166666666667,85.41666666666667,97.625,11.083333333333334,24.741666666666664,13.8,24,0
2017-12-12,1775283.5,2.533333333333333,84.20833333333333,37.208333333333336,44.083333333333336,12.441666666666668,0.6,24,0
2017-12-13,1799565.0,6.354166666666667,89.54166666666667,81.125,14.416666666666666,24.175,8.9,24,0
2017-12-14,1730534.0,5.808333333333334,78.58333333333333,63.54166666666666,37.333333333333336,26.5,3.2,24,0
2017-12-15,1726599.0,4.4125000000000005,87.5,84.16666666666667,29.70833333333333,20.29583333333333,2.7,24,0
2017-12-16,1633196.5,3.8083333333333336,85.41666666666667,70.125,39.833333333333336,15.2625,0.5,24,0
2017-12-17,1613781.5,2.904166666666667,90.0,62.083333333333336,37.91666666666666,8.754166666666666,1.2,24,0
2017-12-18,1746271.0,6.554166666666667,87.95833333333333,61.125,43.958333333333336,16.220833333333335,4.5,24,0
2017-12-19,1802117.0,2.833333333333333,96.25,62.708333333333336,40.75,7.4375,0.0,24,0
2017-12-20,1783614.0,6.529166666666666,89.66666666666667,98.91666666666669,14.875,8.670833333333333,0.1,24,0
2017-12-21,1691942.5,9.045833333333333,97.5,100.0,5.458333333333333,8.970833333333333,0.5,24,0
2017-12-22,1596568.0,8.741666666666667,95.29166666666669,96.125,10.666666666666666,9.6375,1.2,24,0
2017-12-23,1432457.5,8.679166666666667,94.25,93.375,15.0,7.762499999999999,0.0,24,0
2017-12-24,1398102.0,8.741666666666667,90.79166666666669,96.95833333333331,15.333333333333334,11.870833333333332,0.4,24,0
2017-12-25,1394289.5,6.366666666666667,89.91666666666667,97.5,16.333333333333332,15.5875,0.2,24,1
2017-12-26,1514510.5,6.595833333333334,82.08333333333333,78.08333333333333,39.66666666666666,24.183333333333334,4.7,24,0
2017-12-27,1579255.0,5.141666666666667,87.04166666666667,92.79166666666669,22.416666666666668,26.779166666666665,6.2,24,0
2017-12-28,1662283.5,2.158333333333333,81.08333333333333,15.583333333333334,53.833333333333336,13.266666666666666,0.0,24,0
2017-12-29,1667699.0,3.9375,86.25,68.16666666666667,11.25,20.275,6.300000000000001,24,0
2017-12-30,1437448.5,11.8125,86.08333333333333,98.45833333333331,12.166666666666666,25.21666666666667,6.8,24,0
2017-12-31,1333044.5,12.604166666666666,75.625,95.66666666666669,26.25,29.7125,0.9,24,0
2018-01-01,1351249.0,7.779166666666666,75.375,62.91666666666666,10.833333333333334,28.954166666666666,3.9,24,1
2018-01-02,1514471.0,7.758333333333333,82.875,74.58333333333333,15.958333333333334,19.48333333333333,3.2,24,0
2018-01-03,1530270.5,10.025,76.54166666666667,75.66666666666667,44.458333333333336,33.291666666666664,11.0,24,0
2018-01-04,1516060.5,11.070833333333333,87.5,88.08333333333333,3.9166666666666665,24.65833333333333,11.5,24,0
2018-01-05,1495649.0,8.958333333333334,86.83333333333333,87.20833333333333,26.83333333333333,17.508333333333333,1.3,24,0
2018-01-06,1421451.0,6.3625,91.95833333333331,99.16666666666669,24.25,8.070833333333333,0.1,24,0
2018-01-07,1410287.5,5.983333333333333,89.20833333333333,98.16666666666669,26.45833333333333,20.8375,2.8,24,0
2018-01-08,1611956.0,5.016666666666667,88.70833333333333,71.5,53.29166666666666,13.291666666666666,0.2,24,0
2018-01-09,1648405.0,4.604166666666667,95.29166666666669,99.75,17.666666666666668,9.7875,2.5,24,0
2018-01-10,1617723.0,7.395833333333333,87.83333333333333,91.08333333333331,24.166666666666668,11.4,6.500000000000001,24,0
2018-01-11,1644388.0,5.033333333333333,95.58333333333331,86.5,21.166666666666668,6.520833333333333,2.1,24,0
2018-01-12,1677358.0,5.3875,92.625,96.625,21.791666666666668,7.0375000000000005,0.4,24,0
2018-01-13,1583411.0,4.925,87.5,77.70833333333333,50.66666666666666,10.041666666666666,0.0,24,0
2018-01-14,1527325.5,2.275,92.08333333333331,66.70833333333333,60.583333333333336,4.533333333333333,0.0,24,0
2018-01-15,1695898.0,6.666666666666667,87.04166666666667,89.875,9.5,22.58333333333333,8.1,24,0
2018-01-16,1644774.5,7.758333333333333,83.16666666666667,84.66666666666667,35.208333333333336,26.141666666666666,8.4,24,0
2018-01-17,1691618.5,5.191666666666666,73.875,62.583333333333336,64.75,27.7125,2.5,24,0
2018-01-18,1671237.0,8.766666666666667,83.08333333333333,87.875,19.125,26.84166666666667,5.7,24,0
2018-01-19,1651617.0,5.020833333333333,82.08333333333333,52.29166666666666,48.583333333333336,16.962500000000002,0.6000000000000001,24,0
2018-01-20,1546464.0,6.579166666666667,90.20833333333331,89.41666666666667,8.791666666666666,20.516666666666666,9.2,24,0
2018-01-21,1424015.0,6.970833333333334,92.83333333333331,98.125,8.75,12.7875,9.2,24,0
2018-01-22,1542307.5,10.433333333333334,90.66666666666669,83.08333333333333,14.75,19.425,11.1,24,0
2018-01-23,1557447.0,8.108333333333333,89.83333333333333,85.25,19.08333333333333,15.516666666666666,0.2,24,0
2018-01-24,1529427.5,11.954166666666666,83.625,95.95833333333331,52.583333333333336,24.441666666666663,0.7,24,0
2018-01-25,1561695.0,8.950000000000001,87.29166666666667,99.91666666666669,17.083333333333332,15.454166666666666,7.4,24,0
2018-01-26,1607658.0,5.708333333333333,88.04166666666667,84.29166666666667,56.25,7.416666666666667,0.1,24,0
2018-01-27,1532226.5,3.404166666666667,93.54166666666669,82.91666666666667,41.79166666666666,9.025,0.1,24,0
2018-01-28,1440138.0,8.987499999999999,87.66666666666667,99.33333333333331,21.33333333333333,14.9625,0.2,24,0
2018-01-29,1579997.0,10.158333333333331,83.91666666666667,98.29166666666669,25.20833333333333,14.5125,0.4,24,0
2018-01-30,1590395.5,9.6625,85.79166666666667,98.54166666666669,16.541666666666668,10.395833333333334,0.5,24,0
2018-01-31,1619408.5,8.545833333333333,87.41666666666667,99.0,10.458333333333334,22.454166666666666,12.7,24,0
2018-02-01,1685127.5,3.8541666666666665,80.625,46.625,65.58333333333333,15.55,1.0,24,0
2018-02-02,1739790.5,3.545833333333333,84.0,62.0,69.33333333333333,13.995833333333332,2.1,24,0
2018-02-03,1621319.0,2.920833333333333,89.625,77.125,40.375,8.458333333333334,1.4,24,0
2018-02-04,1592248.5,2.5166666666666666,82.33333333333333,75.5,59.16666666666666,15.041666666666666,2.1,24,0
2018-02-05,1853544.5,-0.2666666666666666,81.58333333333333,51.04166666666666,46.875,13.483333333333334,2.4,24,0
2018-02-06,1889014.5,0.2333333333333333,87.875,99.75,19.25,14.6125,12.1,24,0
2018-02-07,1921177.5,-1.7375,84.91666666666667,80.70833333333333,68.66666666666667,14.075,8.700000000000001,24,0
2018-02-08,1925525.0,-4.791666666666667,81.5,33.75,109.33333333333331,8.85,0.0,24,0
2018-02-09,1917038.5,-2.129166666666667,84.75,81.20833333333333,33.291666666666664,12.554166666666667,4.5,24,0
2018-02-10,1737266.5,0.0125,84.75,43.958333333333336,108.0,12.133333333333333,1.3,24,0
2018-02-11,1611240.0,5.383333333333333,82.54166666666667,87.625,64.29166666666667,21.3125,4.4,24,0
2018-02-12,1784881.0,1.8708333333333331,70.70833333333333,13.416666666666666,102.91666666666669,12.208333333333334,0.0,24,0
2018-02-13,1896676.0,1.1833333333333331,78.91666666666667,58.708333333333336,58.75,17.675,1.1,24,0
2018-02-14,1873094.5,1.9708333333333328,88.08333333333333,82.45833333333333,68.5,14.4875,1.8,24,0
2018-02-15,1725327.5,8.183333333333334,93.20833333333331,99.83333333333331,13.125,12.5375,7.5,24,0
2018-02-16,1651629.5,4.570833333333334,81.75,79.54166666666667,96.66666666666669,6.9,0.0,24,0
2018-02-17,1510046.0,4.8625,80.08333333333333,74.25,66.125,7.745833333333334,2.9,24,0
2018-02-18,1497407.0,3.8166666666666655,84.16666666666667,55.583333333333336,102.41666666666669,8.891666666666667,0.0,24,0
2018-02-19,1692697.0,3.8791666666666655,86.41666666666667,99.41666666666669,32.291666666666664,8.15,3.9,24,0
2018-02-20,1689363.5,4.816666666666666,89.66666666666667,98.83333333333331,27.791666666666668,7.587499999999999,3.4,24,0
2018-02-21,1755170.0,1.7875,78.0,25.08333333333333,125.0,14.441666666666668,0.0,24,0
2018-02-22,1845989.0,0.8125,68.45833333333333,0.2916666666666667,138.33333333333334,15.595833333333331,0.0,24,0
2018-02-23,1865555.0,0.1916666666666666,60.208333333333336,0.0416666666666666,142.125,16.341666666666665,0.0,24,0
2018-02-24,1736406.5,0.975,54.75,1.4166666666666667,141.45833333333334,17.704166666666666,0.0,24,0
2018-02-25,1686589.0,-0.4833333333333333,48.91666666666666,14.458333333333334,148.79166666666666,18.89583333333333,0.0,24,0
2018-02-26,1965157.5,-2.708333333333333,45.208333333333336,40.625,127.375,20.625,0.0,24,0
2018-02-27,2088294.0,-3.9166666666666665,47.708333333333336,46.29166666666666,70.29166666666667,15.4625,0.0,24,0
2018-02-28,2150402.0,-4.091666666666667,37.083333333333336,46.333333333333336,148.125,18.379166666666663,0.0,24,0
2018-03-01,2029974.5,-0.0083333333333333,56.75,98.70833333333331,64.125,21.183333333333334,1.2000000000000002,24,0
2018-03-02,1845183.0,3.0500000000000003,78.58333333333333,85.08333333333333,46.29166666666666,14.745833333333332,3.0,24,0
2018-03-03,1606518.5,3.7916666666666665,81.95833333333333,49.66666666666666,117.45833333333331,10.291666666666666,0.2,24,0
2018-03-04,1489506.0,4.983333333333333,91.33333333333331,67.45833333333333,29.25,11.470833333333331,6.6,24,0
2018-03-05,1613179.0,6.833333333333333,83.125,59.91666666666666,142.20833333333334,11.175,0.0,24,0
2018-03-06,1605636.5,7.266666666666667,80.25,80.91666666666667,86.45833333333333,11.9,0.7000000000000001,24,0
2018-03-07,1628956.0,5.775,85.95833333333333,76.41666666666667,89.5,14.7,4.8,24,0
2018-03-08,1626916.5,6.2250000000000005,85.95833333333333,64.25,56.333333333333336,18.479166666666668,11.6,24,0
2018-03-09,1541291.5,8.833333333333334,86.20833333333333,96.70833333333331,59.875,10.883333333333333,3.8,24,0
2018-03-10,1328429.0,12.166666666666666,83.16666666666667,98.5,60.66666666666666,14.045833333333334,6.7,24,0
2018-03-11,1222280.5,12.695833333333333,76.125,59.04166666666666,154.83333333333334,14.070833333333333,13.0,24,0
2018-03-12,1441500.5,10.320833333333333,73.66666666666667,71.91666666666667,103.58333333333331,23.433333333333334,1.9,24,0
2018-03-13,1498800.5,9.0875,77.54166666666667,83.91666666666667,98.33333333333331,18.554166666666667,1.3,24,0
2018-03-14,1498161.5,9.095833333333331,71.375,77.83333333333333,170.75,15.495833333333332,0.0,24,0
2018-03-15,1488291.5,9.958333333333334,73.79166666666667,94.125,115.375,14.733333333333334,8.299999999999999,24,0
2018-03-16,1468853.0,8.666666666666666,79.41666666666667,68.41666666666667,114.83333333333331,10.658333333333331,0.1,24,0
2018-03-17,1434262.0,3.8083333333333336,93.91666666666669,97.83333333333331,75.91666666666667,10.245833333333334,3.6,24,0
2018-03-18,1481528.0,0.8458333333333333,79.04166666666667,97.20833333333331,94.70833333333331,14.066666666666668,1.5,24,0
2018-03-19,1737347.5,0.6916666666666668,73.33333333333333,98.25,94.04166666666669,10.958333333333334,1.0,24,0
2018-03-20,1784322.5,2.475,60.79166666666666,59.583333333333336,108.625,18.78333333333333,0.1,24,0
2018-03-21,1760415.0,3.141666666666667,73.75,53.583333333333336,140.625,12.391666666666666,0.0,24,0
2018-03-22,1730140.5,4.270833333333333,77.75,86.66666666666667,63.91666666666666,13.291666666666666,0.0,24,0
2018-03-23,1658117.5,4.95,79.16666666666667,87.41666666666667,35.0,13.358333333333334,0.8,24,0
2018-03-24,1447434.0,7.858333333333333,77.29166666666667,85.625,136.08333333333334,9.7625,1.7,24,0
2018-03-25,1338320.0,8.591666666666667,75.08333333333333,52.583333333333336,170.58333333333334,5.8875,0.0,24,0
2018-03-26,1489859.0,8.383333333333333,69.5,72.125,170.25,8.979166666666666,0.1,24,0
2018-03-27,1540062.5,7.820833333333333,85.04166666666667,95.29166666666669,36.0,14.925,8.4,24,0
2018-03-28,1505704.5,8.433333333333334,83.5,82.70833333333333,70.08333333333333,17.754166666666666,5.8,24,0
2018-03-29,1514537.0,6.429166666666667,76.04166666666667,55.208333333333336,163.75,14.870833333333332,2.3,24,0
2018-03-30,1515785.0,6.504166666666666,81.25,66.75,117.66666666666669,14.570833333333333,2.7,24,0
2018-03-31,1398200.5,6.808333333333334,74.83333333333333,82.58333333333333,137.79166666666666,10.995833333333332,1.0,24,0
2018-04-01,1316567.0,7.6,72.0,88.375,122.58333333333331,14.575,1.2,24,0
2018-04-02,1289102.5,9.916666666666666,69.54166666666667,95.41666666666669,101.08333333333331,13.983333333333334,3.9,24,1
2018-04-03,1386708.5,11.370833333333332,80.20833333333333,76.79166666666667,126.66666666666669,18.325,4.4,24,0
2018-04-04,1395350.0,10.341666666666669,79.58333333333333,81.25,140.08333333333334,18.2875,5.1,24,0
2018-04-05,1406440.0,8.820833333333333,67.83333333333333,84.375,129.91666666666666,14.220833333333331,1.0,24,0
2018-04-06,1359151.0,10.604166666666666,67.41666666666667,27.041666666666668,242.375,15.633333333333333,0.0,24,0
2018-04-07,1165158.5,13.445833333333333,74.33333333333333,87.20833333333333,138.79166666666666,10.758333333333333,0.3,24,0
2018-04-08,1086516.5,14.279166666666669,75.66666666666667,72.125,195.95833333333331,8.408333333333333,0.2,24,0
2018-04-09,1270150.0,11.8,88.75,95.75,51.5,7.954166666666667,10.2,24,0
2018-04-10,1323602.5,11.625,79.125,73.375,152.41666666666666,13.691666666666668,1.0,24,0
2018-04-11,1346036.0,11.75,71.70833333333333,48.833333333333336,242.875,7.929166666666667,0.0,24,0
2018-04-12,1344445.5,10.7875,85.16666666666667,88.04166666666667,115.79166666666669,7.129166666666666,5.9,24,0
2018-04-13,1305005.0,12.0375,82.16666666666667,59.29166666666666,207.83333333333331,7.991666666666666,0.7000000000000001,24,0
2018-04-14,1164862.0,11.7,85.625,69.20833333333333,148.45833333333334,7.9125,1.9,24,0
2018-04-15,1086094.0,12.554166666666667,80.66666666666667,63.29166666666666,162.0,11.745833333333332,0.6000000000000001,24,0
2018-04-16,1231461.0,10.983333333333334,75.625,88.29166666666667,147.75,7.716666666666666,0.1,24,0
2018-04-17,1226231.0,13.408333333333331,71.66666666666667,42.833333333333336,261.0,9.545833333333333,0.0,24,0
2018-04-18,1163854.5,15.758333333333333,70.625,38.625,267.0416666666667,10.5625,0.0,24,0
2018-04-19,1135562.5,17.733333333333334,70.5,6.833333333333333,265.6666666666667,8.737499999999999,0.0,24,0
2018-04-20,1133675.5,19.3625,70.5,5.041666666666667,263.4166666666667,6.879166666666666,0.0,24,0
2018-04-21,1003919.0,18.95833333333333,66.125,36.66666666666666,251.70833333333331,8.691666666666666,0.0,24,0
2018-04-22,936295.5,19.254166666666663,66.08333333333333,34.0,244.16666666666663,12.783333333333331,0.3,24,0
2018-04-23,1090247.5,14.6375,71.5,87.625,180.29166666666663,11.108333333333334,1.7999999999999998,24,0
2018-04-24,1124397.5,13.8375,70.79166666666667,75.08333333333333,251.20833333333331,10.15,0.0,24,0
2018-04-25,1145347.0,12.754166666666668,74.08333333333333,51.083333333333336,88.25,14.629166666666668,0.6,24,0
2018-04-26,1165552.0,10.995833333333332,62.583333333333336,50.91666666666666,189.25,13.670833333333334,0.2,24,0
2018-04-27,1166592.0,12.420833333333334,63.75,71.0,232.54166666666663,15.579166666666666,0.0,24,0
2018-04-28,1045905.5,12.420833333333334,65.75,79.54166666666667,148.91666666666666,15.770833333333334,0.1,24,0
2018-04-29,1028567.0,10.333333333333334,88.79166666666667,99.29166666666669,47.79166666666666,12.725,12.1,24,0
2018-04-30,1214155.0,6.025,94.83333333333331,100.0,37.625,25.7625,24.1,24,0
2018-05-01,1099114.0,8.104166666666666,75.29166666666667,85.70833333333333,162.41666666666666,11.966666666666669,0.4,24,1
2018-05-02,1257747.5,10.458333333333334,70.04166666666667,64.04166666666667,239.375,14.3875,0.7,24,0
2018-05-03,1243674.0,11.291666666666666,70.45833333333333,48.333333333333336,235.45833333333331,11.629166666666668,0.0,24,0
2018-05-04,1207109.5,11.941666666666668,67.41666666666667,0.875,304.4166666666667,13.2625,0.0,24,0
2018-05-05,1049819.5,15.183333333333332,70.91666666666667,0.0,299.2083333333333,13.2125,0.0,24,0
2018-05-06,953658.5,18.308333333333334,73.375,0.0,297.875,9.704166666666667,0.0,24,0
2018-05-07,1057671.0,17.879166666666666,67.25,0.0,308.4166666666667,9.316666666666666,0.0,24,0
2018-05-08,979162.5,18.17083333333333,68.45833333333333,5.208333333333333,301.5833333333333,7.8625,0.0,24,1
2018-05-09,1054565.0,15.758333333333333,74.08333333333333,42.708333333333336,265.1666666666667,13.191666666666668,0.0,24,0
2018-05-10,985882.5,13.208333333333334,62.708333333333336,76.29166666666667,185.70833333333331,13.458333333333334,0.5,24,1
2018-05-11,1059354.5,13.241666666666667,67.45833333333333,28.58333333333333,310.5,9.533333333333331,0.0,24,0
2018-05-12,1005483.0,14.533333333333331,75.54166666666667,89.79166666666667,135.29166666666666,9.4125,3.8,24,0
2018-05-13,997527.0,11.1625,77.0,97.5,145.25,12.120833333333332,3.4,24,0
2018-05-14,1211500.5,11.958333333333334,83.66666666666667,99.83333333333331,45.66666666666666,19.1375,10.0,24,0
2018-05-15,1224129.5,15.0375,80.79166666666667,65.41666666666667,204.04166666666663,14.354166666666666,0.5,24,0
2018-05-16,1190132.5,15.270833333333334,76.33333333333333,20.416666666666668,276.875,14.6625,1.7,24,0
2018-05-17,1178242.0,12.933333333333332,70.04166666666667,55.04166666666666,278.375,15.4375,0.0,24,0
2018-05-18,1149066.0,11.666666666666666,68.5,50.25,319.6666666666667,12.045833333333334,0.0,24,0
2018-05-19,1016590.0,12.533333333333331,70.95833333333333,25.416666666666668,324.4583333333333,11.291666666666666,0.0,24,0
2018-05-20,943658.5,14.579166666666666,71.08333333333333,7.166666666666667,320.75,9.791666666666666,0.0,24,0
2018-05-21,976910.5,16.412499999999998,74.66666666666667,38.75,256.6666666666667,5.983333333333333,0.1,24,1
2018-05-22,1117721.5,17.3125,76.79166666666667,39.083333333333336,268.0,7.166666666666667,0.8,24,0
2018-05-23,1129075.0,16.708333333333332,78.16666666666667,40.208333333333336,287.3333333333333,10.058333333333334,1.3,24,0
2018-05-24,1134490.0,17.779166666666665,80.5,60.458333333333336,272.2916666666667,4.520833333333333,0.7,24,0
2018-05-25,1132639.5,18.42083333333333,79.875,79.0,242.41666666666663,7.695833333333333,0.3,24,0
2018-05-26,998721.5,21.933333333333334,69.45833333333333,62.833333333333336,278.0833333333333,13.625,0.2,24,0
2018-05-27,933306.0,21.491666666666664,71.125,86.79166666666667,269.6666666666667,5.925,1.0,24,0
2018-05-28,1101346.0,20.558333333333334,78.20833333333333,92.75,225.79166666666663,5.333333333333333,10.2,24,0
2018-05-29,1122329.0,18.754166666666663,86.79166666666667,83.125,169.95833333333334,5.970833333333334,2.2,24,0
2018-05-30,1136191.0,19.8,76.83333333333333,54.208333333333336,255.125,7.704166666666667,1.0,24,0
2018-05-31,1135855.0,19.2875,82.79166666666667,84.20833333333333,236.54166666666663,8.729166666666666,4.2,24,0
2018-06-01,1121147.0,17.691666666666666,84.91666666666667,89.54166666666667,179.29166666666666,9.266666666666667,12.4,24,0
2018-06-02,988854.0,18.004166666666666,77.54166666666667,63.208333333333336,225.83333333333331,6.683333333333334,0.0,24,0
2018-06-03,923730.0,19.64583333333333,74.0,54.375,258.3333333333333,9.291666666666666,0.1,24,0
2018-06-04,1102191.0,19.8,78.875,90.08333333333331,170.33333333333334,10.0625,6.8,24,0
2018-06-05,1130105.5,18.691666666666663,85.625,98.83333333333331,99.33333333333331,13.070833333333333,11.3,24,0
2018-06-06,1136732.5,18.52083333333333,85.5,87.5,169.125,8.679166666666667,11.1,24,0
2018-06-07,1129919.5,19.8875,78.29166666666667,79.45833333333333,264.8333333333333,8.762500000000001,0.3,24,0
2018-06-08,1121015.0,19.95,79.83333333333333,55.16666666666666,281.2083333333333,7.429166666666667,0.2,24,0
2018-06-09,999833.0,20.04583333333333,82.29166666666667,63.29166666666666,266.875,7.833333333333333,3.2,24,0
2018-06-10,937328.0,20.2,83.45833333333333,80.45833333333333,212.45833333333331,6.820833333333333,1.2,24,0
2018-06-11,1109520.5,19.15,89.33333333333333,92.375,120.79166666666669,8.929166666666667,18.9,24,0
2018-06-12,1122622.0,16.995833333333334,85.16666666666667,90.66666666666669,123.45833333333331,12.825,24.4,24,0
2018-06-13,1117264.5,14.529166666666669,74.29166666666667,58.458333333333336,183.29166666666663,11.779166666666669,0.8,24,0
2018-06-14,1127475.0,15.395833333333334,78.375,81.95833333333333,130.45833333333334,10.675,0.6,24,0
2018-06-15,1120361.5,17.150000000000002,76.95833333333333,67.58333333333333,199.95833333333331,6.979166666666667,0.5,24,0
2018-06-16,991057.5,17.004166666666666,67.79166666666667,74.5,254.25,9.483333333333333,0.0,24,0
2018-06-17,922374.5,16.491666666666667,69.75,90.125,180.08333333333334,11.104166666666666,0.0,24,0
2018-06-18,1094799.0,17.9375,76.54166666666667,78.20833333333333,150.25,11.020833333333334,0.7000000000000001,24,0
2018-06-19,1138056.5,18.575,79.70833333333333,68.625,191.20833333333331,6.425,0.0,24,0
2018-06-20,1160013.0,20.241666666666667,77.83333333333333,27.20833333333333,331.0,5.529166666666666,0.0,24,0
2018-06-21,1149291.5,17.104166666666668,70.29166666666667,58.41666666666666,271.75,15.329166666666666,0.6,24,0
2018-06-22,1109735.0,14.416666666666666,59.208333333333336,24.125,279.5833333333333,11.4125,0.0,24,0
2018-06-23,982305.0,15.095833333333331,63.16666666666666,32.458333333333336,319.0833333333333,10.7625,0.0,24,0
2018-06-24,925703.0,17.145833333333332,61.66666666666666,83.54166666666667,307.125,9.645833333333334,0.0,24,0
2018-06-25,1103907.0,18.3125,64.75,22.625,302.2916666666667,13.3125,0.0,24,0
2018-06-26,1144583.0,19.6875,61.583333333333336,0.9583333333333334,342.25,10.7125,0.0,24,0
2018-06-27,1153545.5,21.275,61.25,0.8333333333333334,338.0,11.895833333333334,0.0,24,0
2018-06-28,1154334.5,22.58333333333333,50.54166666666666,8.583333333333334,330.9583333333333,16.474999999999998,0.0,24,0
2018-06-29,1151135.0,23.46666666666667,50.833333333333336,40.16666666666666,279.75,16.754166666666666,0.0,24,0
2018-06-30,1042909.5,24.854166666666668,53.833333333333336,19.58333333333333,291.5,12.516666666666666,0.1,24,0
2018-07-01,978256.5,26.554166666666664,52.125,27.75,283.2083333333333,10.466666666666669,0.0,24,0
2018-07-02,1148043.5,24.6875,46.583333333333336,47.458333333333336,295.0,9.7625,0.0,24,0
2018-07-03,1183142.0,23.641666666666666,66.66666666666667,33.125,276.375,7.566666666666666,0.1,24,0
2018-07-04,1181623.0,23.6125,65.70833333333333,45.333333333333336,274.7916666666667,7.445833333333333,0.5,24,0
2018-07-05,1158502.5,22.120833333333334,63.958333333333336,80.625,197.375,9.679166666666667,3.1,24,0
2018-07-06,1144891.5,22.1625,58.583333333333336,36.208333333333336,301.1666666666667,7.991666666666667,0.0,24,0
2018-07-07,1029242.5,24.2875,53.958333333333336,38.125,255.54166666666663,7.491666666666667,0.4,24,0
2018-07-08,970217.5,24.21666666666667,54.5,46.29166666666666,244.91666666666663,7.875,0.0,24,0
2018-07-09,1147066.0,22.004166666666663,49.708333333333336,34.916666666666664,285.6666666666667,15.583333333333334,0.0,24,0
2018-07-10,1170710.0,19.2625,58.79166666666666,63.79166666666666,261.2083333333333,14.308333333333332,0.2,24,0
2018-07-11,1159222.5,18.391666666666666,65.25,60.625,186.29166666666663,12.05,0.4,24,0
2018-07-12,1165629.0,20.379166666666663,60.16666666666666,75.33333333333333,245.16666666666663,9.716666666666669,0.1,24,0
2018-07-13,1162704.5,21.383333333333336,63.375,51.375,217.375,10.016666666666667,0.0,24,0
2018-07-14,1013536.0,23.0125,56.75,43.083333333333336,267.9166666666667,7.6375,0.1,24,1
2018-07-15,963556.0,24.14583333333333,49.375,54.125,295.9166666666667,7.104166666666667,0.5,24,0
2018-07-16,1121391.5,23.691666666666663,51.333333333333336,69.625,270.5833333333333,8.208333333333334,0.0,24,0
2018-07-17,1156710.5,21.620833333333334,52.79166666666666,58.708333333333336,235.33333333333331,10.683333333333332,0.0,24,0
2018-07-18,1167684.0,22.241666666666664,46.875,34.25,275.875,7.8875,0.0,24,0
2018-07-19,1175042.0,23.5625,44.583333333333336,64.83333333333333,250.58333333333331,9.233333333333333,0.0,24,0
2018-07-20,1148166.0,20.191666666666663,73.45833333333333,88.5,171.04166666666666,7.745833333333334,7.3,24,0
2018-07-21,1005339.0,19.991666666666667,69.16666666666667,53.29166666666666,219.41666666666663,10.2875,0.0,24,0
2018-07-22,945149.0,21.6875,61.333333333333336,52.0,249.16666666666663,6.804166666666667,0.0,24,0
2018-07-23,1127008.5,23.42083333333333,56.375,17.916666666666668,286.0416666666667,5.3875,0.0,24,0
2018-07-24,1170808.0,24.829166666666666,53.833333333333336,41.625,229.04166666666663,6.983333333333333,0.0,24,0
2018-07-25,1186895.0,26.125,52.79166666666666,34.166666666666664,255.125,7.766666666666667,0.0,24,0
2018-07-26,1196752.0,28.05,50.04166666666666,21.875,275.0416666666667,4.879166666666666,0.0,24,0
2018-07-27,1170541.0,27.004166666666663,56.583333333333336,51.458333333333336,260.9583333333333,9.283333333333331,1.2000000000000002,24,0
2018-07-28,1013512.5,21.695833333333336,62.41666666666666,57.875,285.5416666666667,14.495833333333335,3.0,24,0
2018-07-29,951963.5,21.25,56.583333333333336,83.79166666666667,187.95833333333331,12.658333333333331,2.8,24,0
2018-07-30,1103878.5,22.6,68.95833333333333,64.70833333333333,162.95833333333334,12.995833333333332,0.3,24,0
2018-07-31,1139026.5,22.4875,63.91666666666666,59.16666666666666,201.70833333333331,9.083333333333334,0.2,24,0
2018-08-01,1141476.5,22.6875,55.54166666666666,58.375,251.41666666666663,7.604166666666667,0.0,24,0
2018-08-02,1149505.5,24.241666666666664,54.66666666666666,12.75,299.7083333333333,9.279166666666669,0.0,24,0
2018-08-03,1144059.5,26.9375,47.833333333333336,1.0,296.7916666666667,10.425,0.0,24,0
2018-08-04,1036638.5,26.35,46.5,24.83333333333333,294.0416666666667,12.570833333333333,0.0,24,0
2018-08-05,971787.0,23.875,54.5,58.79166666666666,295.9583333333333,11.6375,0.0,24,0
2018-08-06,1088061.5,25.1375,45.375,12.583333333333334,299.0,6.425,0.0,24,0
2018-08-07,1100665.5,26.429166666666664,46.708333333333336,38.0,236.375,10.566666666666666,7.300000000000001,24,0
2018-08-08,1070230.5,22.08333333333333,59.54166666666666,78.75,172.375,13.516666666666666,0.2,24,0
2018-08-09,1038103.0,18.15833333333333,72.16666666666667,65.41666666666667,118.125,13.095833333333331,14.9,24,0
2018-08-10,1009757.5,17.712500000000002,58.5,40.125,221.16666666666663,13.2875,0.0,24,0
2018-08-11,936009.5,18.9375,61.208333333333336,57.083333333333336,196.375,7.916666666666667,0.1,24,0
2018-08-12,886937.0,21.866666666666664,50.75,64.125,250.375,10.9625,0.1,24,0
2018-08-13,985823.5,19.620833333333334,74.04166666666667,54.375,176.75,13.9125,2.1,24,0
2018-08-14,1001053.0,19.64583333333333,70.0,35.333333333333336,206.83333333333331,12.170833333333334,0.5,24,0
2018-08-15,929278.5,19.866666666666667,68.70833333333333,18.70833333333333,256.0833333333333,7.333333333333333,0.0,24,1
2018-08-16,1016610.5,21.683333333333334,66.95833333333333,52.25,271.375,7.716666666666666,0.0,24,0
2018-08-17,1012562.5,19.72083333333333,63.66666666666666,50.25,222.25,13.191666666666668,0.9,24,0
2018-08-18,943818.5,18.4875,66.66666666666667,29.416666666666668,226.95833333333331,7.825,0.0,24,0
2018-08-19,906590.5,20.75,67.875,21.625,256.875,8.029166666666667,0.0,24,0
2018-08-20,1050127.0,21.7,70.5,71.08333333333333,148.04166666666666,9.9,0.3,24,0
2018-08-21,1091861.0,21.4875,72.91666666666667,60.833333333333336,142.83333333333334,5.658333333333334,0.6,24,0
2018-08-22,1104739.5,22.266666666666666,70.29166666666667,4.791666666666667,242.79166666666663,6.833333333333333,0.0,24,0
2018-08-23,1102466.0,21.316666666666663,70.58333333333333,34.5,234.91666666666663,11.1625,0.0,24,0
2018-08-24,1071042.0,17.537499999999998,62.79166666666666,90.04166666666667,166.95833333333334,14.954166666666666,1.3,24,0
2018-08-25,958549.5,16.116666666666667,54.708333333333336,57.708333333333336,199.54166666666663,14.854166666666666,0.5,24,0
2018-08-26,905594.5,16.758333333333333,53.25,74.58333333333333,170.125,12.179166666666667,0.0,24,0
2018-08-27,1072616.0,19.575,64.41666666666667,82.0,160.95833333333334,15.2125,1.9,24,0
2018-08-28,1120538.0,18.575,64.25,19.33333333333333,247.95833333333331,6.658333333333334,0.0,24,0
2018-08-29,1123124.5,17.904166666666665,79.5,87.20833333333333,81.95833333333333,11.583333333333334,17.9,24,0
2018-08-30,1118896.0,17.099999999999998,72.41666666666667,76.29166666666667,143.20833333333334,5.408333333333334,0.0,24,0
2018-08-31,1107595.5,17.412499999999998,63.875,46.5,195.75,8.345833333333333,0.3,24,0
2018-09-01,986632.0,16.825,54.708333333333336,0.2916666666666667,249.5,8.9,0.0,24,0
2018-09-02,930767.5,17.3125,52.25,2.333333333333333,246.25,8.620833333333334,0.0,24,0
2018-09-03,1094273.0,18.35,65.04166666666667,52.208333333333336,147.375,10.466666666666669,0.0,24,0
2018-09-04,1131455.5,18.6875,78.04166666666667,83.125,98.70833333333331,10.0125,0.8,24,0
2018-09-05,1140144.0,19.89583333333333,82.0,77.45833333333333,145.125,9.533333333333331,0.5,24,0
2018-09-06,1137392.0,18.508333333333333,75.58333333333333,76.79166666666667,114.66666666666669,13.758333333333333,0.9,24,0
2018-09-07,1122022.5,16.162499999999998,65.66666666666667,24.875,193.25,11.066666666666668,0.0,24,0
2018-09-08,993047.5,16.337500000000002,58.625,46.25,220.54166666666663,4.504166666666666,0.0,24,0
2018-09-09,938781.5,19.891666666666666,53.25,64.58333333333333,213.95833333333331,8.395833333333334,0.0,24,0
2018-09-10,1107779.0,18.8875,67.125,62.958333333333336,204.45833333333331,8.737499999999999,0.0,24,0
2018-09-11,1147400.0,20.675,59.16666666666666,23.58333333333333,217.83333333333331,9.004166666666666,0.0,24,0
2018-09-12,1153082.0,19.9375,67.75,27.20833333333333,210.95833333333331,8.591666666666667,0.0,24,0
2018-09-13,1149432.5,16.983333333333334,77.95833333333333,97.75,59.708333333333336,11.4,1.7000000000000002,24,0
2018-09-14,1128048.0,16.658333333333335,61.375,65.29166666666667,167.91666666666666,10.4125,0.0,24,0
2018-09-15,998686.0,15.5,67.33333333333333,17.541666666666668,180.70833333333331,5.191666666666666,0.0,24,0
2018-09-16,942145.5,17.570833333333333,57.5,55.208333333333336,193.70833333333331,5.408333333333334,0.0,24,0
2018-09-17,1115187.5,19.89583333333333,50.208333333333336,20.625,206.875,7.475,0.0,24,0
2018-09-18,1140792.0,21.570833333333336,58.04166666666666,38.25,149.29166666666666,13.041666666666666,0.3,24,0
2018-09-19,1148336.0,20.75,63.54166666666666,36.125,194.08333333333331,12.179166666666667,0.0,24,0
2018-09-20,1146900.5,20.23333333333333,63.375,57.0,175.625,13.8125,0.0,24,0
2018-09-21,1132166.5,17.5125,59.25,83.41666666666667,137.45833333333334,21.27083333333333,6.6,24,0
2018-09-22,997403.5,15.016666666666666,58.91666666666666,83.91666666666667,92.95833333333331,14.041666666666666,0.8,24,0
2018-09-23,956656.5,17.925,82.08333333333333,77.20833333333333,73.70833333333333,25.7,12.0,24,0
2018-09-24,1115462.5,11.916666666666666,62.708333333333336,27.375,160.25,10.845833333333331,0.0,24,0
2018-09-25,1153139.5,11.383333333333333,63.958333333333336,3.375,190.75,12.183333333333332,0.0,24,0
2018-09-26,1167098.0,12.054166666666667,62.083333333333336,0.0,188.58333333333331,7.820833333333333,0.0,24,0
2018-09-27,1163239.5,15.345833333333331,66.75,0.375,184.95833333333331,3.5583333333333336,0.0,24,0
2018-09-28,1141306.0,14.8,70.875,39.66666666666666,145.25,13.179166666666667,0.0,24,0
2018-09-29,1021446.5,12.4125,59.16666666666666,65.75,180.70833333333331,14.904166666666669,0.0,24,0
2018-09-30,977494.5,11.1375,66.75,30.416666666666668,169.83333333333334,10.05,0.0,24,0
2018-10-01,1154727.5,11.891666666666666,59.708333333333336,60.458333333333336,104.29166666666669,16.141666666666666,0.2,24,0
2018-10-02,1215157.5,12.85,72.45833333333333,94.16666666666669,56.91666666666666,14.216666666666669,0.2,24,0
2018-10-03,1196709.5,16.104166666666668,78.08333333333333,87.79166666666667,96.125,11.45,0.4,24,0
2018-10-04,1184152.5,14.441666666666668,73.08333333333333,16.458333333333332,162.79166666666666,5.979166666666667,0.0,24,0
2018-10-05,1165571.5,14.804166666666667,71.20833333333333,0.0,163.0,8.716666666666667,0.0,24,0
2018-10-06,1024482.0,16.333333333333332,69.54166666666667,34.083333333333336,140.20833333333334,9.8875,1.1,24,0
2018-10-07,988763.5,14.05,85.625,99.41666666666669,33.375,11.366666666666667,10.8,24,0
2018-10-08,1165386.5,12.5375,67.29166666666667,18.041666666666668,156.20833333333334,8.045833333333333,0.0,24,0
2018-10-09,1183845.0,13.879166666666668,75.5,24.625,150.29166666666666,8.220833333333333,0.0,24,0
2018-10-10,1176006.5,17.358333333333334,72.29166666666667,20.166666666666668,148.91666666666666,12.395833333333334,0.0,24,0
2018-10-11,1164813.5,19.22083333333333,69.25,58.16666666666666,124.625,17.775000000000002,2.3,24,0
2018-10-12,1149141.0,19.4,76.0,78.54166666666667,96.33333333333331,15.708333333333334,0.1,24,0
2018-10-13,1013446.5,20.45833333333333,69.20833333333333,57.375,137.375,12.3125,0.0,24,0
2018-10-14,958126.0,20.48333333333333,57.29166666666666,65.25,112.91666666666669,15.970833333333331,0.0,24,0
2018-10-15,1124849.5,20.004166666666663,50.458333333333336,43.04166666666666,132.08333333333334,13.620833333333332,0.0,24,0
2018-10-16,1157178.0,18.120833333333334,60.79166666666666,29.666666666666668,133.45833333333334,6.466666666666666,0.0,24,0
2018-10-17,1168195.0,15.283333333333331,81.33333333333333,57.333333333333336,113.5,8.066666666666666,0.0,24,0
2018-10-18,1168400.5,15.016666666666666,77.83333333333333,6.166666666666667,128.95833333333334,14.979166666666666,0.0,24,0
2018-10-19,1164005.0,13.504166666666668,82.16666666666667,5.875,121.70833333333331,10.770833333333334,0.0,24,0
2018-10-20,1048038.5,11.625,76.79166666666667,10.333333333333334,127.66666666666669,10.279166666666669,0.0,24,0
2018-10-21,1009453.5,10.5,76.75,2.708333333333333,126.08333333333331,7.399999999999999,0.0,24,0
2018-10-22,1202101.5,11.679166666666667,79.91666666666667,51.083333333333336,32.166666666666664,13.6125,0.0,24,0
2018-10-23,1257491.0,10.225,75.83333333333333,32.583333333333336,119.33333333333331,11.5375,0.0,24,0
2018-10-24,1258304.0,13.1125,85.875,50.91666666666666,75.45833333333333,8.920833333333333,0.0,24,0
2018-10-25,1241266.0,12.3,83.95833333333333,63.875,78.375,7.520833333333333,0.0,24,0
2018-10-26,1270653.5,10.108333333333333,80.45833333333333,77.79166666666667,43.91666666666666,11.854166666666666,0.4,24,0
2018-10-27,1217520.5,6.383333333333333,75.375,32.291666666666664,88.75,9.5375,0.0,24,0
2018-10-28,1264146.0,5.8500000000000005,74.33333333333333,80.91666666666667,56.875,22.766666666666666,0.2,24,0
2018-10-29,1523479.0,5.333333333333333,71.04166666666667,99.70833333333331,55.54166666666666,21.0,0.5,24,0
2018-10-30,1540921.5,6.591666666666666,78.83333333333333,87.20833333333333,29.95833333333333,18.92083333333333,10.0,24,0
2018-10-31,1496708.0,7.583333333333333,85.83333333333333,84.20833333333333,56.25,12.329166666666666,5.1000000000000005,24,0
2018-11-01,1290543.5,10.829166666666666,79.08333333333333,83.08333333333333,52.04166666666666,15.6875,4.2,24,1
2018-11-02,1360299.5,7.033333333333334,81.91666666666667,27.45833333333333,94.375,8.695833333333333,0.0,24,0
2018-11-03,1341796.0,4.670833333333333,82.08333333333333,57.208333333333336,94.79166666666669,6.241666666666667,0.0,24,0
2018-11-04,1274033.5,6.5,89.54166666666667,88.875,71.625,8.958333333333334,0.0,24,0
2018-11-05,1373855.0,12.7625,76.29166666666667,81.70833333333333,83.25,10.541666666666666,0.0,24,0
2018-11-06,1371244.5,14.316666666666668,71.66666666666667,72.79166666666667,80.375,16.495833333333334,0.0,24,0
2018-11-07,1412620.0,11.020833333333334,79.54166666666667,74.75,19.95833333333333,20.925,2.7,24,0
2018-11-08,1432549.0,8.791666666666666,83.79166666666667,60.5,67.75,12.033333333333331,0.4,24,0
2018-11-09,1401170.5,9.475,83.45833333333333,69.125,62.333333333333336,12.791666666666666,0.1,24,0
2018-11-10,1248880.0,11.5625,85.83333333333333,85.875,18.541666666666668,22.9,5.6000000000000005,24,0
2018-11-11,1172763.5,11.8,87.625,86.375,22.08333333333333,20.254166666666663,6.3,24,1
2018-11-12,1331683.0,10.708333333333334,93.08333333333331,99.75,22.45833333333333,7.633333333333333,16.1,24,0
2018-11-13,1359640.0,10.320833333333333,83.08333333333333,31.58333333333333,81.125,13.241666666666667,0.0,24,0
2018-11-14,1393217.5,8.641666666666667,90.54166666666669,51.66666666666666,80.29166666666667,8.0875,0.0,24,0
2018-11-15,1398336.0,8.054166666666667,97.20833333333331,54.583333333333336,37.708333333333336,8.458333333333334,0.0,24,0
2018-11-16,1421208.0,6.983333333333333,95.91666666666669,98.33333333333331,36.583333333333336,8.512500000000001,0.0,24,0
2018-11-17,1351791.5,5.05,80.91666666666667,11.791666666666666,81.70833333333333,12.754166666666668,0.0,24,0
2018-11-18,1361581.5,4.608333333333333,67.83333333333333,0.0,80.16666666666667,13.9875,0.0,24,0
2018-11-19,1644352.5,2.9625,64.79166666666667,35.333333333333336,50.958333333333336,17.5625,0.3,24,0
2018-11-20,1723283.0,1.9458333333333333,89.58333333333333,84.33333333333333,24.791666666666668,12.804166666666667,2.9,24,0
2018-11-21,1722875.5,0.7666666666666666,86.91666666666667,40.5,75.0,7.420833333333333,0.0,24,0
2018-11-22,1690891.0,2.829166666666667,96.41666666666669,90.16666666666669,27.25,7.5625,1.5,24,0
2018-11-23,1641668.0,5.066666666666666,94.08333333333331,55.875,57.458333333333336,8.429166666666667,1.0,24,0
2018-11-24,1448658.5,6.991666666666667,92.54166666666669,73.25,42.208333333333336,10.779166666666669,6.4,24,0
2018-11-25,1416681.0,6.479166666666667,95.16666666666669,99.45833333333331,13.208333333333334,11.3,8.6,24,0
2018-11-26,1613230.5,5.8625,92.375,100.0,19.58333333333333,11.566666666666668,1.0,24,0
2018-11-27,1646918.0,5.479166666666667,90.375,76.08333333333333,38.91666666666666,10.425,3.1,24,0
2018-11-28,1599071.5,10.116666666666667,89.08333333333333,99.125,19.291666666666668,17.854166666666668,21.7,24,0
2018-11-29,1542729.5,11.054166666666667,78.0,99.25,18.08333333333333,18.9125,2.5,24,0
2018-11-30,1514871.5,9.7375,85.41666666666667,34.875,56.04166666666666,15.708333333333334,0.0,24,0
2018-12-01,1406723.5,8.133333333333333,91.29166666666669,84.83333333333333,13.916666666666666,19.39583333333333,5.8,24,0
2018-12-02,1300070.5,13.5,90.5,93.33333333333331,31.75,22.0625,11.2,24,0
2018-12-03,1411907.5,12.8625,87.79166666666667,82.83333333333333,16.666666666666668,24.35,7.3,24,0
2018-12-04,1437403.5,9.608333333333333,84.04166666666667,68.70833333333333,48.958333333333336,10.195833333333333,1.3,24,0
2018-12-05,1483163.0,9.970833333333331,88.45833333333333,99.54166666666669,28.75,13.05,2.7,24,0
2018-12-06,1453642.0,11.858333333333334,90.79166666666669,89.08333333333333,19.83333333333333,13.179166666666667,1.2,24,0
2018-12-07,1458855.5,10.658333333333331,83.29166666666667,81.75,13.5,24.808333333333334,5.3,24,0
2018-12-08,1391453.5,9.420833333333333,73.70833333333333,68.29166666666667,23.33333333333333,28.666666666666668,0.7,24,0
2018-12-09,1330197.5,9.354166666666666,78.83333333333333,61.083333333333336,24.916666666666668,28.70833333333333,2.6,24,0
2018-12-10,1535990.0,7.2625,86.16666666666667,43.875,40.16666666666666,14.0125,0.4,24,0
2018-12-11,1638162.5,4.4125000000000005,91.16666666666669,46.75,48.0,5.445833333333333,0.0,24,0
2018-12-12,1723044.5,2.3583333333333334,90.16666666666669,57.708333333333336,58.16666666666666,10.566666666666666,0.0,24,0
2018-12-13,1802255.5,1.0,81.75,19.125,56.833333333333336,14.970833333333331,0.0,24,0
2018-12-14,1830262.5,-1.15,75.95833333333333,31.70833333333333,55.625,7.941666666666666,0.0,24,0
2018-12-15,1721439.0,-0.0333333333333333,78.58333333333333,89.625,14.25,14.241666666666667,10.5,24,0
2018-12-16,1563527.0,4.720833333333333,94.79166666666669,78.41666666666667,23.916666666666668,11.754166666666668,2.1,24,0
2018-12-17,1660737.5,5.8,89.875,45.41666666666666,54.29166666666666,13.095833333333331,1.4,24,0
2018-12-18,1697695.0,6.154166666666666,84.45833333333333,81.45833333333333,41.54166666666666,15.829166666666666,0.1,24,0
2018-12-19,1635219.0,8.066666666666666,89.04166666666667,69.04166666666667,36.16666666666666,17.308333333333334,3.8,24,0
2018-12-20,1618218.0,7.583333333333333,83.875,73.04166666666667,40.04166666666666,19.825,0.1,24,0
2018-12-21,1541100.5,12.245833333333332,87.08333333333333,97.875,20.166666666666668,28.429166666666664,7.9,24,0
2018-12-22,1341451.0,10.995833333333332,83.58333333333333,93.08333333333331,27.875,20.429166666666667,1.0,24,0
2018-12-23,1275317.0,10.954166666666666,91.29166666666669,99.25,9.958333333333334,18.9125,7.0,24,0
2018-12-24,1303947.0,8.387500000000001,90.375,89.41666666666667,16.0,11.0125,4.5,24,0
2018-12-25,1310020.5,2.183333333333333,91.5,47.083333333333336,50.083333333333336,7.183333333333334,0.0,24,1
2018-12-26,1564618.5,-0.5,92.25,56.208333333333336,53.833333333333336,7.258333333333333,0.0,24,0
2018-12-27,1650814.5,-1.4708333333333332,90.79166666666669,87.54166666666667,37.333333333333336,6.629166666666666,0.0,24,0
2018-12-28,1641320.5,-1.0125,98.66666666666669,96.875,16.958333333333332,4.079166666666667,0.0,24,0
2018-12-29,1566459.5,3.591666666666667,91.83333333333331,99.70833333333331,26.5,8.645833333333334,0.0,24,0
2018-12-30,1477417.0,6.483333333333333,95.66666666666669,96.04166666666669,17.583333333333332,6.75,0.5,24,0
2018-12-31,1497748.5,8.129166666666666,93.91666666666669,95.95833333333331,21.125,6.320833333333333,0.8,24,0
2019-01-01,1402964.5,7.354166666666667,87.625,96.08333333333331,25.625,9.766666666666667,0.4,24,1
2019-01-02,1587256.0,5.195833333333334,79.33333333333333,68.79166666666667,36.75,10.479166666666666,0.0,24,0
2019-01-03,1738318.0,3.8875,81.33333333333333,75.66666666666667,25.666666666666668,8.1,0.0,24,0
2019-01-04,1800858.5,3.1666666666666665,86.16666666666667,83.04166666666667,30.916666666666668,7.675,0.0,24,0
2019-01-05,1692613.0,3.4916666666666667,80.25,87.29166666666667,27.33333333333333,10.091666666666669,0.0,24,0
2019-01-06,1624671.5,4.029166666666667,83.54166666666667,92.375,29.75,6.379166666666666,0.3,24,0
2019-01-07,1764244.0,5.6125,91.66666666666669,82.41666666666667,16.041666666666668,8.695833333333333,0.6,24,0
2019-01-08,1739822.5,7.524999999999999,83.20833333333333,75.41666666666667,42.208333333333336,17.445833333333333,1.3,24,0
2019-01-09,1778430.0,3.85,78.375,57.625,33.791666666666664,17.308333333333334,0.2,24,0
2019-01-10,1859367.0,1.4958333333333331,84.83333333333333,68.41666666666667,33.208333333333336,9.895833333333334,0.0,24,0
2019-01-11,1836797.5,4.416666666666667,93.66666666666669,94.79166666666669,8.791666666666666,8.333333333333334,0.7000000000000001,24,0
2019-01-12,1645502.0,6.108333333333333,91.79166666666669,83.04166666666667,20.416666666666668,14.491666666666667,0.4,24,0
2019-01-13,1492408.5,9.3125,86.95833333333333,99.41666666666669,18.625,24.0625,0.8,24,0
2019-01-14,1633733.0,7.633333333333333,78.58333333333333,75.375,38.04166666666666,16.224999999999998,0.5,24,0
2019-01-15,1694877.5,5.683333333333334,78.29166666666667,70.375,45.41666666666666,8.533333333333333,0.0,24,0
2019-01-16,1750227.5,4.8625,77.54166666666667,93.79166666666669,64.08333333333333,12.891666666666666,0.6,24,0
2019-01-17,1713425.0,4.833333333333333,86.125,50.66666666666666,51.75,18.08333333333333,2.7,24,0
2019-01-18,1799297.0,0.3416666666666667,84.79166666666667,57.04166666666666,71.54166666666667,7.3,0.0,24,0
2019-01-19,1692767.5,0.0208333333333333,89.25,85.83333333333333,22.95833333333333,11.008333333333333,2.3,24,0
2019-01-20,1613917.5,1.9291666666666665,91.70833333333331,95.54166666666669,24.125,8.370833333333334,0.6,24,0
2019-01-21,1843418.0,-2.1166666666666667,83.75,5.25,78.45833333333333,6.029166666666666,0.0,24,0
2019-01-22,1905124.0,-0.7166666666666667,91.20833333333331,85.29166666666667,21.791666666666668,12.479166666666666,7.0,24,0
2019-01-23,1887821.0,0.6583333333333333,92.29166666666669,87.04166666666667,24.791666666666668,15.7,2.4,24,0
2019-01-24,1927438.0,-0.0083333333333332,87.83333333333333,92.95833333333331,26.166666666666668,6.925,0.5,24,0
2019-01-25,1860254.0,3.275,91.125,99.79166666666669,23.83333333333333,8.3125,1.2,24,0
2019-01-26,1620199.0,7.825,88.375,92.83333333333331,32.791666666666664,17.804166666666667,0.5,24,0
2019-01-27,1546359.0,6.0875,83.83333333333333,77.54166666666667,23.33333333333333,26.325,3.2,24,0
2019-01-28,1772540.5,3.25,75.16666666666667,36.625,54.75,17.479166666666668,0.0,24,0
2019-01-29,1840209.5,0.7000000000000001,84.375,84.66666666666667,36.0,13.808333333333332,5.8,24,0
2019-01-30,1853186.0,1.975,86.5,83.45833333333333,76.04166666666667,16.375,12.0,24,0
2019-01-31,1879382.5,-0.7958333333333334,92.5,61.79166666666666,39.875,13.079166666666666,4.4,24,0
2019-02-01,1774651.5,4.745833333333334,90.20833333333331,72.58333333333333,39.75,10.370833333333334,3.8,24,0
2019-02-02,1663992.0,3.7708333333333335,87.16666666666667,78.75,48.04166666666666,16.599999999999998,1.9,24,0
2019-02-03,1649068.0,2.1583333333333337,78.70833333333333,44.958333333333336,68.41666666666667,14.9,0.0,24,0
2019-02-04,1876142.5,0.8916666666666666,81.125,96.20833333333331,21.791666666666668,13.570833333333333,1.3,24,0
2019-02-05,1807405.5,2.5125,86.41666666666667,54.333333333333336,96.54166666666669,8.041666666666666,0.0,24,0
2019-02-06,1736902.0,7.6875,90.16666666666669,95.08333333333331,35.25,13.295833333333333,2.9000000000000004,24,0
2019-02-07,1693671.5,8.700000000000001,78.0,63.208333333333336,87.08333333333333,20.466666666666665,2.6,24,0
2019-02-08,1678797.5,8.241666666666667,81.5,98.54166666666669,28.416666666666668,24.791666666666668,0.3,24,0
2019-02-09,1503641.5,9.020833333333334,73.95833333333333,63.91666666666666,76.95833333333333,25.791666666666668,1.0,24,0
2019-02-10,1448241.0,8.262500000000001,82.08333333333333,88.375,51.29166666666666,31.525,13.4,24,0
2019-02-11,1673636.5,5.325,78.20833333333333,62.04166666666666,42.66666666666666,14.15,0.1,24,0
2019-02-12,1722316.0,2.2916666666666665,86.0,65.95833333333333,89.5,4.854166666666667,0.0,24,0
2019-02-13,1724572.0,1.4958333333333331,87.75,29.791666666666668,111.83333333333331,8.320833333333333,0.0,24,0
2019-02-14,1679611.0,3.4375,85.25,20.0,118.125,8.404166666666667,0.0,24,0
2019-02-15,1606327.0,5.2250000000000005,78.0,0.0,121.125,9.158333333333331,0.0,24,0
2019-02-16,1445052.5,6.070833333333333,81.58333333333333,31.416666666666668,120.875,8.975,0.0,24,0
2019-02-17,1351857.5,7.1875,70.58333333333333,46.5,124.58333333333331,11.891666666666666,0.0,24,0
2019-02-18,1514200.5,7.108333333333333,74.70833333333333,25.041666666666668,123.91666666666669,9.7125,0.0,24,0
2019-02-19,1552750.5,7.370833333333334,82.25,66.83333333333333,86.875,6.8875,0.5,24,0
2019-02-20,1573158.0,5.529166666666666,88.79166666666667,63.79166666666666,101.625,6.504166666666666,0.0,24,0
2019-02-21,1544824.5,7.695833333333333,84.33333333333333,21.375,127.54166666666669,5.3875,0.0,24,0
2019-02-22,1491573.0,7.129166666666666,88.33333333333333,45.958333333333336,109.04166666666669,5.479166666666667,0.0,24,0
2019-02-23,1323842.0,8.475,79.41666666666667,0.0,137.25,10.070833333333333,0.0,24,0
2019-02-24,1288710.0,5.883333333333333,60.708333333333336,1.0833333333333333,140.20833333333334,9.204166666666667,0.0,24,0
2019-02-25,1451109.5,6.625,68.91666666666667,0.0,141.54166666666666,9.604166666666666,0.0,24,0
2019-02-26,1435808.0,7.845833333333334,80.08333333333333,0.0,145.25,9.8,0.0,24,0
2019-02-27,1410725.5,8.975,79.625,0.0,146.91666666666666,6.716666666666666,0.0,24,0
2019-02-28,1419379.5,9.629166666666666,81.375,48.41666666666666,78.45833333333333,18.35,2.4,24,0
2019-03-01,1423698.5,9.770833333333334,82.16666666666667,87.45833333333333,68.54166666666667,16.445833333333333,1.8,24,0
2019-03-02,1311536.0,9.9,76.125,93.625,75.04166666666667,15.595833333333331,2.8,24,0
2019-03-03,1246474.0,11.925,72.5,92.70833333333331,56.5,26.25,0.4,24,0
2019-03-04,1445498.5,8.862499999999999,74.875,72.79166666666667,70.58333333333333,30.85,6.7,24,0
2019-03-05,1485484.0,7.433333333333334,82.20833333333333,73.33333333333333,48.625,19.104166666666668,6.1,24,0
2019-03-06,1480628.0,9.920833333333333,75.75,99.70833333333331,35.708333333333336,18.904166666666665,5.5,24,0
2019-03-07,1465671.0,9.054166666666667,76.66666666666667,61.125,111.45833333333331,25.4375,8.5,24,0
2019-03-08,1473502.5,8.279166666666667,69.16666666666667,53.208333333333336,124.95833333333331,19.6375,0.2,24,0
2019-03-09,1322018.5,10.85,76.625,98.95833333333331,86.79166666666667,22.104166666666668,3.4,24,0
2019-03-10,1230094.0,10.954166666666666,70.41666666666667,59.16666666666666,125.33333333333331,29.45,3.9,24,0
2019-03-11,1465777.0,6.258333333333333,68.20833333333333,44.16666666666666,156.20833333333334,22.33333333333333,2.7,24,0
2019-03-12,1533092.0,7.025,67.08333333333333,97.16666666666669,85.08333333333333,22.425,3.9,24,0
2019-03-13,1542125.5,7.05,71.75,47.208333333333336,123.16666666666669,26.9125,0.7,24,0
2019-03-14,1563008.0,8.508333333333333,82.625,97.5,25.5,27.15416666666667,7.4,24,0
2019-03-15,1477210.0,11.733333333333334,81.16666666666667,99.5,40.625,25.929166666666664,3.3000000000000003,24,0
2019-03-16,1283857.5,11.104166666666666,71.79166666666667,67.75,125.79166666666669,24.9875,0.0,24,0
2019-03-17,1262028.5,7.729166666666667,73.08333333333333,70.45833333333333,139.41666666666666,23.09166666666667,5.300000000000001,24,0
2019-03-18,1495822.5,6.7125,73.75,60.958333333333336,140.33333333333334,14.220833333333331,1.2,24,0
2019-03-19,1508900.5,5.9750000000000005,78.08333333333333,65.95833333333333,128.5,4.075,0.0,24,0
2019-03-20,1489020.0,7.929166666666667,78.125,60.375,140.16666666666666,5.391666666666667,0.0,24,0
2019-03-21,1441615.0,8.895833333333334,79.66666666666667,4.333333333333333,194.91666666666663,8.029166666666667,0.0,24,0
2019-03-22,1385534.0,9.0125,79.04166666666667,13.625,202.58333333333331,6.020833333333333,0.0,24,0
2019-03-23,1235270.5,8.266666666666667,80.625,51.0,191.25,7.524999999999999,0.0,24,0
2019-03-24,1171638.5,8.304166666666667,81.0,64.75,80.66666666666667,9.95,0.1,24,0
2019-03-25,1369854.0,6.679166666666667,66.95833333333333,35.791666666666664,159.125,15.5,0.0,24,0
2019-03-26,1415058.5,6.841666666666666,71.16666666666667,42.875,187.0,10.420833333333333,0.0,24,0
2019-03-27,1412103.5,7.4375,73.375,73.5,125.33333333333331,9.158333333333331,0.0,24,0
2019-03-28,1386468.0,9.354166666666666,68.75,65.54166666666667,137.875,11.1875,0.0,24,0
2019-03-29,1335544.0,10.370833333333334,73.29166666666667,21.58333333333333,204.70833333333331,8.825000000000001,0.0,24,0
2019-03-30,1174130.5,11.35,67.58333333333333,31.291666666666668,210.58333333333331,8.345833333333333,0.0,24,0
2019-03-31,1109542.5,11.891666666666666,66.95833333333333,5.75,218.70833333333331,10.020833333333334,0.0,24,0
2019-04-01,1252104.0,12.116666666666667,74.70833333333333,11.166666666666666,226.75,10.483333333333333,0.0,24,0
2019-04-02,1295588.0,10.945833333333333,76.45833333333333,80.95833333333333,168.95833333333334,14.483333333333334,4.2,24,0
2019-04-03,1415339.0,5.995833333333334,77.58333333333333,63.708333333333336,188.125,11.308333333333332,3.5,24,0
2019-04-04,1472067.5,5.745833333333334,66.0,28.291666666666668,209.58333333333331,9.454166666666667,0.0,24,0
2019-04-05,1440684.0,7.625,58.958333333333336,70.41666666666667,160.625,12.816666666666668,0.0,24,0
2019-04-06,1293796.5,9.725,69.33333333333333,67.70833333333333,211.95833333333331,11.754166666666665,0.2,24,0
2019-04-07,1218008.5,10.245833333333334,70.5,94.41666666666669,149.875,9.141666666666667,0.0,24,0
2019-04-08,1359050.0,10.4875,71.25,79.125,167.0,7.35,0.0,24,0
2019-04-09,1356915.0,9.275,84.75,63.0,140.95833333333334,7.491666666666667,4.3,24,0
2019-04-10,1364534.5,9.325,84.25,70.54166666666667,100.04166666666669,11.708333333333334,1.4,24,0
2019-04-11,1372096.5,7.9375,62.75,9.125,258.8333333333333,15.033333333333331,0.0,24,0
2019-04-12,1373202.0,6.429166666666666,61.16666666666666,41.125,214.16666666666663,13.929166666666667,0.0,24,0
2019-04-13,1275662.5,4.9625,55.458333333333336,36.54166666666666,217.125,12.808333333333335,0.0,24,0
2019-04-14,1253785.0,4.308333333333334,62.208333333333336,38.458333333333336,222.45833333333331,10.354166666666666,0.0,24,0
2019-04-15,1378865.5,8.058333333333334,66.83333333333333,49.083333333333336,254.95833333333331,13.108333333333334,0.0,24,0
2019-04-16,1349815.0,10.1625,76.08333333333333,99.41666666666669,56.29166666666666,8.241666666666667,1.3,24,0
2019-04-17,1304595.0,10.920833333333334,78.29166666666667,74.70833333333333,235.66666666666663,7.891666666666667,0.0,24,0
2019-04-18,1235613.5,15.279166666666669,66.875,76.625,252.66666666666663,12.608333333333334,0.0,24,0
2019-04-19,1174792.0,16.091666666666665,64.125,33.125,244.66666666666663,9.104166666666666,0.0,24,0
2019-04-20,1038761.5,17.120833333333334,57.833333333333336,2.5,270.5416666666667,11.341666666666669,0.0,24,0
2019-04-21,972974.0,16.483333333333334,57.583333333333336,23.541666666666668,277.375,9.7625,0.0,24,0
2019-04-22,987394.5,16.870833333333334,60.458333333333336,68.54166666666667,250.08333333333331,7.85,0.0,24,1
2019-04-23,1148392.5,15.8,63.79166666666666,77.08333333333333,207.95833333333331,7.466666666666666,0.0,24,0
2019-04-24,1182111.5,14.116666666666667,70.95833333333333,63.333333333333336,193.58333333333331,16.358333333333334,1.4,24,0
2019-04-25,1222232.5,11.816666666666668,76.58333333333333,91.29166666666669,133.45833333333334,17.349999999999998,6.5,24,0
2019-04-26,1230038.5,11.466666666666669,69.875,51.41666666666666,233.33333333333331,13.008333333333333,0.1,24,0
2019-04-27,1123541.5,10.579166666666667,65.79166666666667,68.04166666666667,207.5,23.866666666666664,2.9,24,0
2019-04-28,1113470.5,8.529166666666667,75.58333333333333,56.458333333333336,120.41666666666669,17.441666666666666,2.3,24,0
2019-04-29,1253497.0,9.5875,73.95833333333333,48.0,189.58333333333331,7.208333333333333,0.0,24,0
2019-04-30,1230084.5,11.345833333333331,72.0,21.83333333333333,275.9166666666667,9.533333333333331,0.0,24,0
2019-05-01,1031178.5,11.954166666666666,75.625,66.08333333333333,213.875,6.879166666666666,0.0,24,1
2019-05-02,1196180.5,11.233333333333334,83.125,97.58333333333331,95.70833333333331,12.054166666666667,5.9,24,0
2019-05-03,1226708.5,10.975,79.5,62.25,222.33333333333331,8.970833333333333,1.2000000000000002,24,0
2019-05-04,1168771.0,6.8875,77.45833333333333,58.29166666666666,136.29166666666666,17.079166666666666,4.4,24,0
2019-05-05,1174971.0,7.5,65.54166666666667,33.666666666666664,207.16666666666663,16.358333333333334,0.9,24,0
2019-05-06,1323602.0,7.833333333333333,64.66666666666667,65.0,179.875,5.325,0.0,24,0
2019-05-07,1288315.0,10.408333333333331,62.0,96.125,203.95833333333331,9.241666666666667,0.0,24,0
2019-05-08,1136883.0,12.416666666666666,75.125,82.33333333333333,130.45833333333334,18.029166666666665,9.8,24,1
2019-05-09,1252119.0,12.1625,74.875,67.20833333333333,189.08333333333331,19.70833333333333,6.8,24,0
2019-05-10,1238200.5,11.666666666666666,75.04166666666667,65.41666666666667,175.95833333333334,8.516666666666667,11.4,24,0
2019-05-11,1099809.5,11.3,83.75,79.625,151.375,14.891666666666667,26.3,24,0
2019-05-12,1049371.5,9.833333333333334,66.33333333333333,33.333333333333336,250.20833333333331,13.7375,0.0,24,0
2019-05-13,1198425.5,10.975,60.833333333333336,3.583333333333333,315.25,17.1375,0.0,24,0
2019-05-14,1192037.0,12.175,52.79166666666666,1.4166666666666667,318.4583333333333,16.583333333333332,0.0,24,0
2019-05-15,1183505.0,12.158333333333331,58.66666666666666,2.9166666666666665,319.4166666666667,12.85,0.0,24,0
2019-05-16,1180969.0,11.683333333333332,58.958333333333336,48.833333333333336,283.8333333333333,10.8875,0.0,24,0
2019-05-17,1186374.5,13.670833333333334,67.75,83.70833333333333,224.83333333333331,6.9125000000000005,0.2,24,0
2019-05-18,1070956.0,14.3875,79.66666666666667,87.41666666666667,200.125,6.675,0.4,24,0
2019-05-19,1025362.5,14.008333333333333,85.83333333333333,90.375,179.45833333333334,8.691666666666666,2.4,24,0
2019-05-20,1181357.5,13.641666666666666,80.04166666666667,80.95833333333333,152.875,12.495833333333332,2.4,24,0
2019-05-21,1178682.5,14.308333333333332,81.0,29.416666666666668,260.3333333333333,10.05,2.2,24,0
2019-05-22,1159489.0,14.3625,67.95833333333333,65.66666666666667,283.5,5.620833333333334,0.0,24,0
2019-05-23,1144006.0,16.25,61.29166666666666,64.16666666666667,272.875,5.75,0.0,24,0
2019-05-24,1124943.5,16.616666666666667,63.708333333333336,59.333333333333336,260.0833333333333,9.858333333333333,0.1,24,0
2019-05-25,998516.0,15.375,78.375,51.833333333333336,219.125,8.283333333333333,3.2,24,0
2019-05-26,944246.5,15.3375,76.58333333333333,62.75,200.375,10.75,0.1,24,0
2019-05-27,1106037.0,16.145833333333332,68.125,92.08333333333331,227.08333333333331,13.716666666666669,0.3,24,0
2019-05-28,1140682.0,13.291666666666666,71.0,46.16666666666666,247.75,14.654166666666669,3.4,24,0
2019-05-29,1150504.0,13.616666666666667,71.625,67.25,222.25,8.316666666666666,0.3,24,0
2019-05-30,996241.5,17.045833333333334,73.20833333333333,78.875,191.04166666666663,9.454166666666667,1.0,24,1
2019-05-31,1036210.0,17.466666666666665,74.0,43.875,232.95833333333331,6.354166666666667,0.0,24,0
2019-06-01,977917.5,20.275,69.33333333333333,6.916666666666667,329.375,8.404166666666667,0.0,24,0
2019-06-02,924960.5,23.570833333333336,60.208333333333336,49.833333333333336,315.4166666666667,13.554166666666667,0.0,24,0
2019-06-03,1087072.5,18.229166666666668,70.70833333333333,78.08333333333333,134.41666666666666,8.904166666666667,2.1,24,0
2019-06-04,1116563.5,18.729166666666668,79.91666666666667,79.625,198.625,13.975,5.7,24,0
2019-06-05,1123776.0,14.6875,85.58333333333333,98.95833333333331,72.16666666666667,9.775,21.0,24,0
2019-06-06,1120248.0,14.079166666666666,76.70833333333333,54.29166666666666,257.1666666666667,9.6,1.3,24,0
2019-06-07,1113243.5,14.983333333333334,68.5,82.70833333333333,163.95833333333334,26.4375,6.3,24,0
2019-06-08,991563.5,14.983333333333334,61.66666666666666,51.208333333333336,257.0416666666667,25.379166666666663,0.7,24,0
2019-06-09,928295.5,15.329166666666666,73.33333333333333,78.0,212.25,6.633333333333333,0.1,24,0
2019-06-10,975105.5,14.208333333333334,79.95833333333333,68.33333333333333,254.625,11.8,2.6,24,1
2019-06-11,1130097.0,13.029166666666669,73.375,55.54166666666666,240.29166666666663,7.695833333333333,0.4,24,0
2019-06-12,1149644.5,13.1375,82.79166666666667,72.04166666666667,242.0,10.720833333333331,5.3,24,0
2019-06-13,1138858.0,14.245833333333332,77.79166666666667,51.875,200.25,16.491666666666667,0.7000000000000001,24,0
2019-06-14,1125150.0,16.758333333333333,75.75,73.79166666666667,234.875,8.025,3.8,24,0
2019-06-15,993807.5,17.383333333333333,70.75,46.583333333333336,271.6666666666667,11.845833333333331,8.5,24,0
2019-06-16,934389.5,16.908333333333335,72.25,51.54166666666666,194.95833333333331,11.804166666666667,0.4,24,0
2019-06-17,1098772.0,18.95,70.45833333333333,51.25,280.3333333333333,6.295833333333333,0.0,24,0
2019-06-18,1130288.5,20.604166666666668,72.70833333333333,83.33333333333333,236.875,9.629166666666666,0.0,24,0
2019-06-19,1129336.5,20.4375,72.83333333333333,67.66666666666667,193.83333333333331,12.808333333333332,6.3,24,0
2019-06-20,1121707.0,17.2375,74.41666666666667,69.45833333333333,229.20833333333331,10.725,4.0,24,0
2019-06-21,1106352.0,16.808333333333334,65.91666666666667,62.583333333333336,263.6666666666667,8.145833333333334,0.0,24,0
2019-06-22,985461.5,18.1,65.08333333333333,48.91666666666666,294.7916666666667,9.75,0.0,24,0
2019-06-23,937847.0,21.929166666666664,66.79166666666667,78.41666666666667,298.4583333333333,10.883333333333333,0.0,24,0
2019-06-24,1132997.0,24.52916666666667,67.70833333333333,63.708333333333336,311.4166666666667,10.95,0.0,24,0
2019-06-25,1184988.0,25.941666666666663,67.75,65.91666666666667,303.5833333333333,9.595833333333331,0.0,24,0
2019-06-26,1207697.5,26.09583333333333,69.45833333333333,8.666666666666666,314.5833333333333,17.4375,0.0,24,0
2019-06-27,1223572.0,25.7,64.91666666666667,0.0,332.125,18.633333333333333,0.0,24,0
2019-06-28,1203239.0,24.85833333333333,49.04166666666666,21.166666666666668,338.9583333333333,13.704166666666666,0.0,24,0
2019-06-29,1084437.0,26.291666666666668,55.375,1.7083333333333333,340.6666666666667,8.908333333333333,0.0,24,0
2019-06-30,1008680.0,23.316666666666663,58.91666666666666,15.583333333333334,326.875,13.483333333333334,0.0,24,0
2019-07-01,1151944.0,19.65,64.41666666666667,49.16666666666666,263.5833333333333,11.254166666666668,2.0,24,0
2019-07-02,1166057.0,18.8875,59.833333333333336,1.75,341.875,10.845833333333331,0.0,24,0
2019-07-03,1170847.0,19.966666666666665,53.25,10.583333333333334,339.125,17.741666666666667,0.0,24,0
2019-07-04,1180022.5,20.5625,48.458333333333336,0.0,342.2916666666667,13.633333333333333,0.0,24,0
2019-07-05,1187662.0,22.229166666666668,50.208333333333336,20.75,342.5416666666667,6.891666666666667,0.0,24,0
2019-07-06,1060243.5,23.98333333333333,51.54166666666666,12.25,325.2083333333333,9.333333333333334,0.0,24,0
2019-07-07,985102.0,20.84583333333333,57.41666666666666,57.04166666666666,289.875,9.841666666666669,0.0,24,0
2019-07-08,1139352.5,18.9375,49.208333333333336,70.91666666666667,297.5,15.65,0.0,24,0
2019-07-09,1137411.0,18.29583333333333,49.583333333333336,17.666666666666668,333.75,13.9,0.0,24,0
2019-07-10,1148825.5,20.64583333333333,50.29166666666666,38.833333333333336,320.25,5.958333333333333,0.0,24,0
2019-07-11,1158705.5,22.71666666666667,56.875,72.95833333333333,197.04166666666663,6.479166666666667,0.2,24,0
2019-07-12,1151804.0,20.825,59.5,47.708333333333336,219.79166666666663,14.841666666666669,0.6,24,0
2019-07-13,1024511.0,20.329166666666666,61.25,30.0,285.6666666666667,11.7,0.0,24,0
2019-07-14,948472.5,17.9375,63.25,52.125,198.875,16.008333333333333,0.0,24,1
2019-07-15,1103107.0,18.22083333333333,59.375,12.5,317.4166666666667,12.954166666666666,0.0,24,0
2019-07-16,1144108.5,18.741666666666667,59.083333333333336,42.458333333333336,315.0416666666667,6.708333333333333,0.0,24,0
2019-07-17,1154679.5,21.4375,51.91666666666666,55.458333333333336,287.2083333333333,7.825,0.0,24,0
2019-07-18,1153982.0,20.5875,59.25,86.0,220.70833333333331,11.5875,1.2,24,0
2019-07-19,1148191.0,21.820833333333336,67.125,92.08333333333331,209.875,7.75,0.7000000000000001,24,0
2019-07-20,1027754.0,22.383333333333336,63.125,57.625,226.91666666666663,14.225,2.8,24,0
2019-07-21,970274.0,21.416666666666668,61.79166666666666,66.91666666666667,272.9166666666667,9.179166666666667,0.0,24,0
2019-07-22,1158332.0,23.46666666666667,55.083333333333336,79.70833333333333,307.2916666666667,5.445833333333333,0.0,24,0
2019-07-23,1213485.5,27.45833333333333,44.125,9.166666666666666,319.4166666666667,10.254166666666668,0.0,24,0
2019-07-24,1229948.0,30.15416666666667,39.25,9.75,310.0,8.2875,0.0,24,0
2019-07-25,1227984.0,32.175000000000004,39.125,30.83333333333333,293.5416666666667,10.479166666666666,0.0,24,0
2019-07-26,1164562.0,25.25,58.583333333333336,54.16666666666666,227.29166666666663,14.270833333333334,7.2,24,0
2019-07-27,985692.0,18.679166666666667,78.91666666666667,92.375,148.58333333333334,14.854166666666666,11.6,24,0
2019-07-28,898260.5,19.091666666666665,67.04166666666667,72.41666666666667,230.91666666666663,15.633333333333333,0.6000000000000001,24,0
2019-07-29,1046858.5,20.066666666666663,63.54166666666666,4.791666666666667,307.2916666666667,8.154166666666667,0.0,24,0
2019-07-30,1072599.0,20.22083333333333,60.375,36.625,222.41666666666663,18.575,0.1,24,0
2019-07-31,1067769.5,19.0125,60.625,64.29166666666667,204.91666666666663,12.491666666666667,0.1,24,0
2019-08-01,1072744.5,20.25,62.29166666666666,64.04166666666667,246.875,6.483333333333333,0.0,24,0
2019-08-02,1060739.0,20.97083333333333,58.79166666666666,51.125,265.1666666666667,10.095833333333331,0.0,24,0
2019-08-03,964265.5,19.541666666666668,67.33333333333333,59.75,211.0,8.129166666666666,0.0,24,0
2019-08-04,916836.5,22.258333333333336,59.083333333333336,71.5,246.66666666666663,6.925,0.0,24,0
2019-08-05,1026276.5,21.9125,61.91666666666666,77.66666666666667,190.45833333333331,12.2625,1.0,24,0
2019-08-06,1040151.5,19.375,85.45833333333333,88.125,65.04166666666667,7.733333333333333,30.2,24,0
2019-08-07,1027398.0,19.8375,72.83333333333333,70.04166666666667,204.04166666666663,8.895833333333334,1.1,24,0
2019-08-08,1042141.5,21.6125,62.5,63.0,249.875,6.754166666666666,0.2,24,0
2019-08-09,1048631.5,22.67083333333333,71.45833333333333,92.70833333333331,105.79166666666669,14.070833333333333,10.2,24,0
2019-08-10,941895.0,21.1,57.625,66.125,209.70833333333331,24.96666666666667,0.0,24,0
2019-08-11,882174.5,17.941666666666666,64.58333333333333,81.0,140.625,10.825,0.2,24,0
2019-08-12,967192.5,17.066666666666666,70.58333333333333,39.125,231.54166666666663,10.8625,1.7,24,0
2019-08-13,977689.0,15.658333333333331,71.625,49.29166666666666,182.29166666666663,11.504166666666668,1.2,24,0
2019-08-14,984203.5,17.916666666666668,73.625,67.95833333333333,187.375,9.945833333333333,0.9,24,0
2019-08-15,902617.5,18.941666666666663,71.54166666666667,71.0,184.54166666666663,18.45,3.1,24,1
2019-08-16,956403.0,18.45,69.66666666666667,78.375,204.20833333333331,10.183333333333334,0.1,24,0
2019-08-17,922786.5,18.9,87.16666666666667,98.70833333333331,59.625,15.220833333333331,17.0,24,0
2019-08-18,889371.0,19.15833333333333,80.75,94.875,96.20833333333331,13.591666666666669,6.5,24,0
2019-08-19,1000939.5,17.525000000000002,65.08333333333333,45.375,224.54166666666663,10.733333333333334,0.0,24,0
2019-08-20,1026027.0,17.075,67.75,43.083333333333336,238.625,9.066666666666666,0.0,24,0
2019-08-21,1035374.0,16.708333333333332,67.04166666666667,27.95833333333333,255.75,7.158333333333334,0.0,24,0
2019-08-22,1044427.0,18.3625,61.91666666666666,9.0,269.125,7.654166666666666,0.0,24,0
2019-08-23,1050323.5,20.0125,61.75,39.54166666666666,263.5,8.841666666666667,0.0,24,0
2019-08-24,968449.5,21.704166666666666,60.833333333333336,52.91666666666666,258.0,8.004166666666666,0.0,24,0
2019-08-25,925701.0,23.891666666666666,53.29166666666666,16.5,261.5833333333333,6.579166666666667,0.0,24,0
2019-08-26,1094976.0,23.954166666666666,52.125,0.0,256.1666666666667,6.8500000000000005,0.0,24,0
2019-08-27,1131688.0,24.6625,51.583333333333336,51.208333333333336,209.875,9.7375,0.0,24,0
2019-08-28,1137937.0,23.579166666666666,64.125,63.833333333333336,184.08333333333331,8.270833333333334,1.1,24,0
2019-08-29,1137061.5,20.154166666666665,69.33333333333333,39.04166666666666,200.0,10.0,0.6,24,0
2019-08-30,1130365.5,18.854166666666668,58.375,29.58333333333333,246.83333333333331,5.9125000000000005,0.0,24,0
2019-08-31,1010491.5,21.7125,52.0,38.375,225.95833333333331,11.958333333333334,0.0,24,0
2019-09-01,941886.0,18.566666666666663,57.583333333333336,65.5,175.41666666666666,11.420833333333334,0.0,24,0
2019-09-02,1082854.5,16.566666666666666,58.708333333333336,11.125,241.625,8.262500000000001,0.0,24,0
2019-09-03,1116787.5,17.05,64.625,23.70833333333333,220.79166666666663,7.904166666666666,0.0,24,0
2019-09-04,1124043.0,17.245833333333334,65.625,24.70833333333333,184.79166666666663,13.266666666666666,0.4,24,0
2019-09-05,1113810.0,15.245833333333332,62.458333333333336,43.04166666666666,155.75,13.6125,0.1,24,0
2019-09-06,1102318.0,14.583333333333334,59.875,42.91666666666666,218.125,9.2375,0.2,24,0
2019-09-07,977608.5,15.670833333333333,69.5,53.333333333333336,156.79166666666666,12.425,0.1,24,0
2019-09-08,931621.0,13.975,66.08333333333333,31.75,169.25,12.329166666666667,0.0,24,0
2019-09-09,1099817.5,13.583333333333334,64.79166666666667,75.70833333333333,117.95833333333331,7.116666666666667,0.0,24,0
2019-09-10,1124298.0,16.183333333333334,54.875,42.04166666666666,188.25,9.079166666666667,0.0,24,0
2019-09-11,1127839.0,17.266666666666666,65.33333333333333,62.41666666666666,171.04166666666666,10.4,0.0,24,0
2019-09-12,1129791.0,19.7375,74.91666666666667,76.58333333333333,93.29166666666669,10.033333333333331,0.3,24,0
2019-09-13,1114947.0,18.966666666666665,77.83333333333333,65.0,116.45833333333331,7.129166666666666,0.0,24,0
2019-09-14,989339.0,19.82916666666667,67.66666666666667,46.25,192.75,11.470833333333331,0.0,24,0
2019-09-15,937018.0,19.404166666666665,62.75,1.125,213.375,6.766666666666667,0.0,24,0
2019-09-16,1102477.0,18.579166666666666,60.458333333333336,48.458333333333336,197.75,8.875,0.0,24,0
2019-09-17,1124417.5,18.404166666666665,67.25,25.75,178.54166666666666,11.770833333333334,0.1,24,0
2019-09-18,1118899.5,15.008333333333333,51.75,11.625,204.29166666666663,18.641666666666666,0.0,24,0
2019-09-19,1115846.0,14.991666666666667,53.29166666666666,2.125,203.08333333333331,17.5625,0.0,24,0
2019-09-20,1108449.0,16.404166666666665,39.0,0.0,204.91666666666663,16.441666666666666,0.0,24,0
2019-09-21,985653.0,19.8125,46.958333333333336,13.625,193.45833333333331,11.666666666666666,0.0,24,0
2019-09-22,924613.5,19.029166666666665,72.875,88.04166666666667,61.25,14.516666666666666,5.5,24,0
2019-09-23,1077527.5,16.900000000000002,71.29166666666667,53.54166666666666,143.20833333333334,13.504166666666668,0.6,24,0
2019-09-24,1108025.5,16.620833333333334,83.95833333333333,85.25,62.66666666666666,17.2625,11.5,24,0
2019-09-25,1125387.5,15.879166666666668,78.58333333333333,81.08333333333333,67.16666666666667,17.966666666666665,3.8,24,0
2019-09-26,1133745.0,17.925,80.375,94.95833333333331,61.208333333333336,21.15,1.6,24,0
2019-09-27,1114999.5,16.849999999999998,75.625,64.70833333333333,123.0,19.604166666666668,3.9,24,0
2019-09-28,994527.5,16.25,68.83333333333333,64.04166666666667,106.20833333333331,19.40833333333333,0.0,24,0
2019-09-29,950208.5,16.787499999999998,73.33333333333333,49.375,96.08333333333331,27.39583333333333,2.0,24,0
2019-09-30,1109503.5,16.095833333333335,69.95833333333333,73.95833333333333,120.41666666666669,17.183333333333334,0.0,24,0
2019-10-01,1139647.5,17.366666666666667,82.25,72.04166666666667,80.79166666666667,20.175,4.0,24,0
2019-10-02,1149202.5,13.504166666666668,70.5,62.708333333333336,112.875,15.841666666666669,0.9,24,0
2019-10-03,1185669.0,9.1625,69.45833333333333,59.41666666666666,110.20833333333331,5.9750000000000005,0.0,24,0
2019-10-04,1176660.5,14.141666666666666,75.75,89.95833333333333,75.83333333333333,19.870833333333334,5.0,24,0
2019-10-05,1046410.5,14.754166666666668,83.0,94.79166666666669,71.625,9.575,0.9,24,0
2019-10-06,992043.5,14.404166666666669,81.29166666666667,70.375,88.04166666666667,15.854166666666666,3.4,24,0
2019-10-07,1161519.0,14.0,71.54166666666667,84.0,92.70833333333331,13.4875,0.0,24,0
2019-10-08,1185310.0,14.275,88.66666666666667,83.54166666666667,23.916666666666668,15.1125,11.8,24,0
2019-10-09,1196739.0,12.845833333333331,79.33333333333333,63.083333333333336,98.20833333333331,19.504166666666663,1.9,24,0
2019-10-10,1198430.5,13.5,72.20833333333333,48.125,115.0,17.70416666666667,1.5,24,0
2019-10-11,1176181.0,14.6125,78.16666666666667,54.708333333333336,87.41666666666667,16.283333333333335,0.0,24,0
2019-10-12,1035320.0,15.9625,82.91666666666667,42.79166666666666,83.33333333333333,12.645833333333334,0.4,24,0
2019-10-13,971305.5,18.7875,77.375,35.416666666666664,118.04166666666669,16.666666666666668,1.0,24,0
2019-10-14,1125165.5,18.191666666666663,77.79166666666667,70.70833333333333,112.83333333333331,15.295833333333334,2.0,24,0
2019-10-15,1163576.0,14.166666666666666,83.04166666666667,79.25,46.04166666666666,12.204166666666666,3.9,24,0
2019-10-16,1197172.0,13.820833333333333,83.16666666666667,88.375,51.0,23.5,11.2,24,0
2019-10-17,1200199.5,14.266666666666666,84.45833333333333,84.04166666666667,55.125,12.7,1.0,24,0
2019-10-18,1188392.0,14.175,70.70833333333333,73.0,115.29166666666669,21.916666666666668,1.4,24,0
2019-10-19,1072978.5,12.658333333333331,86.5,92.25,63.29166666666666,12.433333333333332,6.6000000000000005,24,0
2019-10-20,1036049.0,11.625,91.0,100.0,24.916666666666668,11.275,13.6,24,0
2019-10-21,1217075.0,12.116666666666667,83.04166666666667,84.54166666666667,80.25,12.525,3.0,24,0
2019-10-22,1276811.5,10.3,89.91666666666667,74.5,51.54166666666666,6.795833333333333,0.2,24,0
2019-10-23,1260093.5,12.866666666666667,89.58333333333333,92.33333333333331,70.25,9.979166666666666,0.6000000000000001,24,0
2019-10-24,1239655.5,13.816666666666668,85.79166666666667,70.70833333333333,78.70833333333333,15.25,0.7000000000000001,24,0
2019-10-25,1222988.5,12.7,90.375,90.45833333333331,39.91666666666666,14.729166666666666,0.1,24,0
2019-10-26,1087566.0,14.879166666666668,79.20833333333333,77.875,113.875,16.395833333333332,0.0,24,0
2019-10-27,1053662.0,11.404166666666669,86.20833333333333,98.66666666666669,18.25,12.391666666666666,8.0,24,0
2019-10-28,1258739.5,9.770833333333334,71.79166666666667,97.45833333333331,86.125,14.925,0.3999999999999999,24,0
2019-10-29,1302456.5,9.920833333333333,71.41666666666667,99.5,45.375,15.308333333333332,1.5,24,0
2019-10-30,1312822.5,8.529166666666667,89.04166666666667,98.25,25.33333333333333,10.383333333333333,4.8,24,0
2019-10-31,1298889.5,9.775,93.08333333333331,95.16666666666669,38.0,10.233333333333333,4.0,24,0
2019-11-01,1138018.5,12.233333333333334,94.79166666666669,96.95833333333331,20.791666666666668,14.258333333333333,14.8,24,1
2019-11-02,1112173.0,13.3875,82.79166666666667,93.875,34.416666666666664,24.675,2.8,24,0
2019-11-03,1114033.5,11.370833333333332,87.95833333333333,92.45833333333331,23.125,17.7375,9.2,24,0
2019-11-04,1300339.5,11.120833333333332,80.16666666666667,48.75,76.83333333333333,20.47083333333333,2.4,24,0
2019-11-05,1367025.5,9.233333333333333,84.79166666666667,48.333333333333336,61.16666666666666,10.558333333333334,1.1,24,0
2019-11-06,1390691.0,9.116666666666667,88.66666666666667,68.45833333333333,60.54166666666666,10.220833333333331,1.7000000000000002,24,0
2019-11-07,1436072.5,8.695833333333333,79.16666666666667,55.29166666666666,78.33333333333333,17.491666666666667,10.2,24,0
2019-11-08,1482507.0,6.0875,85.375,61.04166666666666,59.875,7.895833333333333,0.0,24,0
2019-11-09,1381362.5,6.283333333333334,82.08333333333333,53.833333333333336,68.41666666666667,11.004166666666668,0.4,24,0
2019-11-10,1336362.5,6.516666666666667,87.91666666666667,94.33333333333331,25.375,7.783333333333332,5.4,24,0
2019-11-11,1381022.5,5.616666666666667,90.33333333333331,78.375,27.75,15.841666666666669,3.6,24,1
2019-11-12,1551674.0,5.8,83.25,51.708333333333336,64.04166666666667,16.579166666666666,0.9,24,0
2019-11-13,1593429.5,6.5125,84.29166666666667,72.125,64.33333333333333,14.4875,0.7,24,0
2019-11-14,1642335.5,5.7625,83.79166666666667,97.125,53.91666666666666,14.083333333333334,4.199999999999999,24,0
2019-11-15,1670765.0,3.5375,95.375,99.95833333333331,9.708333333333334,11.420833333333334,19.4,24,0
2019-11-16,1532422.0,5.058333333333334,90.625,95.41666666666669,26.0,13.483333333333334,1.3,24,0
2019-11-17,1467818.0,3.716666666666667,91.41666666666669,79.20833333333333,67.20833333333333,6.7,0.0,24,0
2019-11-18,1652909.0,5.316666666666666,91.41666666666669,94.04166666666669,22.625,11.616666666666667,4.4,24,0
2019-11-19,1681277.0,5.695833333333333,82.625,83.625,51.708333333333336,5.75,0.0,24,0
2019-11-20,1710395.0,2.733333333333333,86.75,52.79166666666666,76.875,10.920833333333334,0.0,24,0
2019-11-21,1677919.5,4.854166666666667,88.0,62.91666666666666,68.875,11.0125,0.8,24,0
2019-11-22,1585305.0,8.266666666666667,81.20833333333333,73.20833333333333,70.0,18.325,0.2,24,0
2019-11-23,1395483.5,9.608333333333333,86.20833333333333,97.45833333333331,14.708333333333334,18.2875,7.8,24,0
2019-11-24,1342670.5,8.3375,91.58333333333331,95.66666666666669,33.083333333333336,7.475,0.8,24,0
2019-11-25,1480655.0,8.975,90.95833333333331,92.91666666666669,29.25,13.35,0.7999999999999999,24,0
2019-11-26,1467626.0,11.266666666666666,91.625,98.41666666666669,23.33333333333333,17.391666666666666,4.8,24,0
2019-11-27,1457362.5,10.775,84.25,70.20833333333333,21.125,25.041666666666668,6.1,24,0
2019-11-28,1461918.0,10.020833333333334,85.375,66.91666666666667,42.66666666666666,22.21666666666667,1.3,24,0
2019-11-29,1464791.5,7.908333333333334,89.33333333333333,89.625,20.916666666666668,9.275,1.0,24,0
2019-11-30,1422705.0,5.979166666666667,82.83333333333333,83.83333333333333,56.958333333333336,12.854166666666666,0.0,24,0
2019-12-01,1414671.0,3.654166666666667,82.83333333333333,97.75,20.916666666666668,14.3,1.6,24,0
2019-12-02,1641301.5,1.95,88.08333333333333,16.208333333333332,57.208333333333336,9.345833333333331,0.0,24,0
2019-12-03,1734656.0,2.1416666666666666,94.45833333333331,45.625,38.833333333333336,8.4125,0.0,24,0
2019-12-04,1767588.5,0.7625000000000001,90.66666666666669,7.916666666666667,63.583333333333336,6.783333333333334,0.0,24,0
2019-12-05,1760279.0,-0.9,96.54166666666669,91.95833333333331,24.08333333333333,5.858333333333333,0.0,24,0
2019-12-06,1734040.5,2.9166666666666665,94.25,97.66666666666669,13.458333333333334,18.225,2.7,24,0
2019-12-07,1476116.0,8.133333333333335,91.29166666666669,76.08333333333333,23.70833333333333,12.4,0.5,24,0
2019-12-08,1388779.5,9.920833333333333,87.45833333333333,80.45833333333333,17.416666666666668,22.65,4.5,24,0
2019-12-09,1593330.0,7.295833333333333,76.375,51.583333333333336,35.875,27.866666666666664,4.1,24,0
2019-12-10,1676107.0,3.3125,84.29166666666667,72.29166666666667,50.29166666666666,14.825,0.7,24,0
2019-12-11,1695694.0,7.054166666666667,87.5,94.16666666666669,29.75,15.108333333333334,9.6,24,0
2019-12-12,1700569.0,4.641666666666667,90.625,74.95833333333333,21.791666666666668,19.954166666666666,7.3,24,0
2019-12-13,1625233.0,7.316666666666666,79.0,61.5,41.625,26.816666666666663,5.8,24,0
2019-12-14,1442502.0,8.570833333333333,76.04166666666667,78.0,23.20833333333333,24.879166666666663,3.0,24,0
2019-12-15,1354218.0,9.295833333333333,81.20833333333333,89.16666666666667,40.66666666666666,20.0375,3.8,24,0
2019-12-16,1503468.5,8.758333333333333,93.25,96.70833333333331,17.875,9.2,4.7,24,0
2019-12-17,1467918.0,10.891666666666666,83.08333333333333,93.625,33.125,13.8,1.3,24,0
2019-12-18,1478300.0,8.012500000000001,90.66666666666669,42.833333333333336,54.25,12.295833333333334,0.0,24,0
2019-12-19,1443235.0,11.579166666666666,79.58333333333333,83.5,14.166666666666666,18.6375,0.3999999999999999,24,0
2019-12-20,1412555.0,10.666666666666666,79.75,66.16666666666667,38.16666666666666,23.45833333333333,13.2,24,0
2019-12-21,1349337.5,8.5875,84.375,62.875,42.708333333333336,21.33333333333333,6.1,24,0
2019-12-22,1317152.0,8.645833333333334,81.54166666666667,77.54166666666667,30.041666666666668,23.570833333333336,2.7,24,0
2019-12-23,1418681.5,8.458333333333334,77.5,76.33333333333333,37.54166666666666,21.479166666666668,0.9,24,0
2019-12-24,1337749.0,10.3875,80.375,74.75,48.0,21.15833333333333,3.4,24,0
2019-12-25,1219882.0,8.7125,76.16666666666667,82.29166666666667,37.958333333333336,12.879166666666668,0.0,24,1
2019-12-26,1391956.0,6.566666666666666,84.5,89.95833333333333,38.625,12.583333333333334,5.300000000000001,24,0
2019-12-27,1383709.0,8.941666666666666,89.70833333333333,91.0,24.33333333333333,15.6,8.5,24,0
2019-12-28,1357746.5,6.579166666666667,87.70833333333333,95.95833333333331,31.0,7.808333333333334,0.0,24,0
2019-12-29,1435435.0,1.1958333333333333,90.33333333333331,68.625,51.79166666666666,7.458333333333333,0.0,24,0
2019-12-30,1582532.0,0.8958333333333334,89.16666666666667,15.375,59.958333333333336,7.845833333333334,0.0,24,0
2019-12-31,1599180.0,0.2166666666666666,93.875,42.125,57.04166666666666,7.754166666666666,0.0,24,0
2020-01-01,1458863.0,2.583333333333333,97.20833333333331,98.875,18.166666666666668,7.941666666666666,0.5,24,1
2020-01-02,1559198.0,7.066666666666666,94.16666666666669,94.25,27.33333333333333,10.4125,1.5,24,0
2020-01-03,1531930.0,9.733333333333333,87.75,93.54166666666669,25.20833333333333,19.416666666666668,1.0,24,0
2020-01-04,1462357.5,5.9375,87.20833333333333,72.0,48.16666666666666,11.0375,0.0,24,0
2020-01-05,1453236.0,5.4375,92.41666666666669,53.66666666666666,42.75,5.295833333333333,0.0,24,0
2020-01-06,1677711.0,3.020833333333333,89.875,46.0,55.625,11.45,0.0,24,0
2020-01-07,1644964.5,7.858333333333333,90.95833333333331,92.58333333333331,29.541666666666668,12.2375,0.1,24,0
2020-01-08,1573101.0,11.191666666666668,93.375,99.25,17.583333333333332,13.495833333333332,0.2,24,0
2020-01-09,1530018.5,11.479166666666666,89.91666666666667,94.04166666666669,24.25,21.34583333333333,4.3,24,0
2020-01-10,1554060.5,7.5375,86.41666666666667,71.25,25.0,15.6375,1.7999999999999998,24,0
2020-01-11,1490033.5,4.3125,82.79166666666667,72.33333333333333,48.625,10.3375,0.0,24,0
2020-01-12,1471045.5,6.116666666666667,86.375,69.625,37.958333333333336,16.170833333333334,0.0,24,0
2020-01-13,1627502.5,8.329166666666667,90.41666666666669,97.625,19.291666666666668,18.654166666666665,0.5,24,0
2020-01-14,1615000.0,10.116666666666667,68.75,97.625,15.041666666666666,30.64583333333333,3.5,24,0
2020-01-15,1580014.0,9.758333333333333,72.29166666666667,58.41666666666666,33.375,22.791666666666668,2.4,24,0
2020-01-16,1554948.5,8.012500000000001,85.54166666666667,37.04166666666666,65.45833333333333,14.854166666666666,0.0,24,0
2020-01-17,1554109.5,9.2625,74.95833333333333,58.875,51.75,18.7,1.7000000000000002,24,0
2020-01-18,1509673.0,4.7125,82.29166666666667,41.66666666666666,56.208333333333336,11.366666666666667,0.0,24,0
2020-01-19,1533788.5,2.95,84.0,18.20833333333333,58.66666666666666,12.916666666666666,0.0,24,0
2020-01-20,1755182.5,2.4541666666666666,87.45833333333333,13.083333333333334,68.33333333333333,12.683333333333332,0.0,24,0
2020-01-21,1796800.0,0.1916666666666666,88.66666666666667,0.0,77.66666666666667,8.295833333333333,0.0,24,0
2020-01-22,1814392.5,-1.2833333333333334,91.58333333333331,26.20833333333333,67.91666666666667,8.895833333333334,0.0,24,0
2020-01-23,1804586.5,0.1833333333333333,87.25,13.416666666666666,74.45833333333333,9.841666666666669,0.0,24,0
2020-01-24,1759492.0,-0.525,92.41666666666669,22.166666666666668,70.66666666666667,4.954166666666667,0.0,24,0
2020-01-25,1601160.5,0.5125000000000001,97.625,73.58333333333333,30.291666666666668,6.620833333333334,0.0,24,0
2020-01-26,1483454.0,4.670833333333333,93.625,97.66666666666669,37.208333333333336,10.1625,1.0,24,0
2020-01-27,1637143.5,8.379166666666666,89.16666666666667,96.75,18.25,23.366666666666664,6.6,24,0
2020-01-28,1661766.5,6.054166666666667,78.875,67.125,67.875,28.995833333333334,4.4,24,0
2020-01-29,1641860.5,6.066666666666666,80.66666666666667,72.04166666666667,51.208333333333336,18.433333333333334,0.3,24,0
2020-01-30,1618936.0,8.041666666666666,91.75,98.91666666666669,16.833333333333332,17.474999999999998,1.9,24,0
2020-01-31,1483829.0,11.883333333333333,87.08333333333333,99.41666666666669,41.583333333333336,17.633333333333333,0.1,24,0
2020-02-01,1336128.0,12.2625,85.33333333333333,90.58333333333331,45.25,22.14583333333333,15.9,24,0
2020-02-02,1264072.5,12.583333333333334,89.125,98.375,34.0,21.39583333333333,9.8,24,0
2020-02-03,1401560.5,11.904166666666669,84.58333333333333,98.54166666666669,26.83333333333333,17.958333333333332,7.7,24,0
2020-02-04,1524801.0,6.595833333333334,75.375,58.91666666666666,69.16666666666667,23.90833333333333,5.0,24,0
2020-02-05,1589972.5,6.266666666666667,78.0,79.0,46.75,8.629166666666666,0.0,24,0
2020-02-06,1640616.5,3.579166666666667,81.91666666666667,26.166666666666668,102.33333333333331,8.291666666666666,0.0,24,0
2020-02-07,1637002.5,4.741666666666666,78.41666666666667,30.83333333333333,101.625,10.308333333333334,0.0,24,0
2020-02-08,1444218.0,8.566666666666666,86.41666666666667,74.16666666666667,32.125,13.2875,2.5,24,0
2020-02-09,1370027.5,9.55,83.41666666666667,93.91666666666669,24.541666666666668,32.50416666666667,3.0,24,0
2020-02-10,1482551.0,9.858333333333333,73.08333333333333,69.875,65.5,36.37083333333333,6.6,24,0
2020-02-11,1556209.5,6.220833333333334,73.08333333333333,40.875,87.20833333333333,28.308333333333334,2.2,24,0
2020-02-12,1596227.5,5.708333333333333,72.41666666666667,59.04166666666666,86.16666666666667,19.23333333333333,0.1,24,0
2020-02-13,1613417.5,8.0,77.95833333333333,78.33333333333333,54.125,27.53333333333333,8.3,24,0
2020-02-14,1522560.5,9.008333333333333,75.08333333333333,82.5,76.83333333333333,13.654166666666669,0.0,24,0
2020-02-15,1379561.5,10.1125,80.0,81.66666666666667,86.0,19.758333333333333,1.2,24,0
2020-02-16,1268229.5,13.791666666666666,68.79166666666667,97.0,56.25,35.06666666666667,7.300000000000001,24,0
2020-02-17,1459219.5,9.154166666666669,72.375,54.958333333333336,99.45833333333331,21.7,1.0,24,0
2020-02-18,1541104.0,7.083333333333333,73.04166666666667,50.79166666666666,86.375,20.116666666666667,0.0,24,0
2020-02-19,1555974.5,7.166666666666667,80.33333333333333,79.54166666666667,58.958333333333336,18.65,7.1000000000000005,24,0
2020-02-20,1535852.0,8.629166666666666,82.875,84.375,49.083333333333336,22.695833333333336,3.1000000000000005,24,0
2020-02-21,1544618.0,5.954166666666667,73.95833333333333,38.833333333333336,104.95833333333331,14.329166666666666,0.0,24,0
2020-02-22,1406280.5,8.091666666666667,78.625,64.66666666666667,86.16666666666667,17.962500000000002,0.3,24,0
2020-02-23,1291864.0,11.2625,83.91666666666667,99.75,26.33333333333333,25.15,1.1,24,0
2020-02-24,1417201.5,11.5625,82.70833333333333,99.625,53.458333333333336,23.058333333333334,1.2,24,0
2020-02-25,1477266.0,8.575,80.0,81.41666666666667,78.83333333333333,23.008333333333336,6.9,24,0
2020-02-26,1600297.0,4.179166666666666,80.125,62.208333333333336,104.95833333333331,24.879166666666663,5.1,24,0
2020-02-27,1638884.5,5.158333333333333,78.16666666666667,75.91666666666667,41.208333333333336,24.820833333333336,9.8,24,0
2020-02-28,1610620.5,4.804166666666666,83.95833333333333,86.91666666666667,28.375,16.608333333333334,4.5,24,0
2020-02-29,1409495.5,9.133333333333336,75.95833333333333,80.75,56.29166666666666,27.6,2.4,24,0
2020-03-01,1367358.5,6.1375,82.54166666666667,69.66666666666667,35.916666666666664,22.0625,15.5,24,0
2020-03-02,1558648.5,6.45,84.54166666666667,83.125,44.16666666666666,18.8375,10.7,24,0
2020-03-03,1626702.0,4.904166666666667,79.91666666666667,50.75,112.04166666666669,12.283333333333331,1.1,24,0
2020-03-04,1621948.0,5.233333333333333,87.20833333333333,89.20833333333333,47.125,13.833333333333334,2.1,24,0
2020-03-05,1569285.0,8.808333333333334,90.58333333333331,97.58333333333331,48.66666666666666,17.25,20.2,24,0
2020-03-06,1590909.0,6.429166666666667,77.33333333333333,71.29166666666667,104.29166666666669,19.8375,1.7000000000000002,24,0
2020-03-07,1450707.5,6.258333333333333,77.79166666666667,54.583333333333336,93.29166666666669,10.1875,0.1,24,0
2020-03-08,1356544.0,8.775,83.41666666666667,74.625,40.04166666666666,21.508333333333336,3.8,24,0
2020-03-09,1507398.5,7.608333333333333,76.66666666666667,52.5,130.29166666666666,16.991666666666667,1.3,24,0
2020-03-10,1515800.5,11.045833333333334,87.33333333333333,100.0,35.208333333333336,24.2,4.8,24,0
2020-03-11,1404401.5,13.641666666666666,77.45833333333333,68.54166666666667,82.83333333333333,24.2125,0.3,24,0
2020-03-12,1398955.0,10.716666666666669,70.16666666666667,68.91666666666667,88.54166666666667,22.275,0.9,24,0
2020-03-13,1422739.5,7.341666666666666,65.91666666666667,42.125,119.54166666666669,15.575,0.0,24,0
2020-03-14,1316078.5,7.587499999999999,85.25,88.16666666666667,57.333333333333336,10.7875,2.5,24,0
2020-03-15,1214209.5,9.891666666666667,79.33333333333333,68.25,124.0,14.425,0.0,24,0
2020-03-16,1344545.5,8.641666666666667,84.25,90.375,80.375,7.454166666666667,0.9,24,0
2020-03-17,1289448.5,9.566666666666666,79.125,77.70833333333333,105.20833333333331,4.458333333333333,0.0,24,0
2020-03-18,1195132.5,11.141666666666666,81.33333333333333,54.16666666666666,135.16666666666666,5.870833333333334,0.0,24,0
2020-03-19,1137453.0,12.116666666666667,80.5,47.875,142.70833333333334,5.925,0.0,24,0
2020-03-20,1108918.5,11.104166666666666,83.79166666666667,59.625,140.75,12.991666666666667,4.0,24,0
2020-03-21,1098672.0,7.404166666666666,77.66666666666667,84.16666666666667,92.08333333333331,19.9875,0.2,24,0
2020-03-22,1110829.5,7.3,61.54166666666666,75.08333333333333,105.875,20.7875,0.0,24,0
2020-03-23,1194304.5,5.791666666666667,49.54166666666666,0.0,220.70833333333331,16.587500000000002,0.0,24,0
2020-03-24,1221846.5,5.2,48.958333333333336,0.0,221.66666666666663,11.545833333333334,0.0,24,0
2020-03-25,1244737.0,5.245833333333334,51.25,0.4166666666666667,224.20833333333331,11.945833333333333,0.0,24,0
2020-03-26,1264433.5,5.320833333333334,47.04166666666666,2.75,222.33333333333331,15.220833333333331,0.0,24,0
2020-03-27,1240470.5,6.820833333333333,63.458333333333336,53.54166666666666,209.375,10.6375,0.0,24,0
2020-03-28,1128918.0,9.008333333333333,70.79166666666667,31.041666666666668,212.625,13.175,0.0,24,0
2020-03-29,1156093.5,6.095833333333334,53.91666666666666,61.16666666666666,165.25,28.425,0.0,24,0
2020-03-30,1327054.0,4.2375,44.0,15.25,237.25,24.7125,0.0,24,0
2020-03-31,1298534.5,6.033333333333334,69.58333333333333,27.0,192.0,16.541666666666668,0.0,24,0
2020-04-01,1257206.0,5.6625000000000005,59.54166666666666,0.0,236.95833333333331,9.241666666666667,0.0,24,0
2020-04-02,1246484.0,5.179166666666666,68.45833333333333,42.91666666666666,178.375,9.079166666666667,0.0,24,0
2020-04-03,1205443.5,9.041666666666666,77.625,53.083333333333336,155.625,9.525,0.1,24,0
2020-04-04,1096535.5,10.241666666666667,69.875,39.25,210.41666666666663,8.9625,0.2,24,0
2020-04-05,998759.0,12.245833333333332,61.375,0.0,245.79166666666663,11.375,0.0,24,0
2020-04-06,1059179.5,11.745833333333332,70.25,61.583333333333336,92.5,12.316666666666668,6.2,24,0
2020-04-07,1060867.0,14.316666666666668,77.29166666666667,83.5,208.75,9.15,0.5,24,0
2020-04-08,1027818.0,15.695833333333333,59.04166666666666,76.54166666666667,220.54166666666663,6.795833333333333,0.0,24,0
2020-04-09,1004533.5,16.220833333333335,60.208333333333336,14.833333333333334,229.33333333333331,7.529166666666666,0.0,24,0
2020-04-10,975354.5,16.370833333333334,61.375,22.791666666666668,230.16666666666663,8.595833333333333,0.0,24,0
2020-04-11,911152.0,17.087500000000002,57.41666666666666,11.583333333333334,232.20833333333331,6.295833333333333,0.0,24,0
2020-04-12,880951.5,16.854166666666668,54.5,17.166666666666668,229.875,8.333333333333334,0.2,24,0
2020-04-13,906409.0,12.6875,59.333333333333336,7.416666666666667,249.04166666666663,19.67083333333333,0.0,24,1
2020-04-14,1025926.0,7.970833333333334,48.833333333333336,0.3333333333333333,265.9166666666667,18.183333333333334,0.0,24,0
2020-04-15,1049694.0,11.05,47.5,0.0,271.0,12.879166666666668,0.0,24,0
2020-04-16,1021208.0,15.4125,58.0,41.083333333333336,244.16666666666663,8.637500000000001,0.1,24,0
2020-04-17,990808.5,16.858333333333334,65.45833333333333,74.83333333333333,194.04166666666663,8.858333333333333,0.9,24,0
2020-04-18,914058.5,16.525000000000002,73.5,71.66666666666667,170.0,7.941666666666666,5.0,24,0
2020-04-19,894903.0,14.2375,73.33333333333333,65.66666666666667,257.2083333333333,13.595833333333331,0.0,24,0
2020-04-20,999850.5,15.658333333333331,56.625,58.04166666666666,249.16666666666663,16.929166666666667,0.0,24,0
2020-04-21,1021959.5,15.904166666666669,43.66666666666666,74.16666666666667,265.7083333333333,14.716666666666669,0.0,24,0
2020-04-22,1021960.5,15.991666666666667,46.66666666666666,19.0,282.0833333333333,11.683333333333332,0.0,24,0
2020-04-23,1009428.0,16.320833333333333,53.25,0.1666666666666666,282.375,6.1625000000000005,0.0,24,0
2020-04-24,987351.5,17.162499999999998,55.333333333333336,34.375,200.66666666666663,8.058333333333334,0.0,24,0
2020-04-25,907250.0,14.9875,50.375,50.958333333333336,203.95833333333331,11.375,0.3,24,0
2020-04-26,884036.0,13.4375,55.958333333333336,13.916666666666666,291.9166666666667,7.0625,0.0,24,0
2020-04-27,985763.5,16.162499999999998,58.375,74.25,218.79166666666663,6.766666666666667,1.1,24,0
2020-04-28,1024746.0,15.1375,72.08333333333333,75.45833333333333,186.70833333333331,18.1375,3.8,24,0
2020-04-29,1046464.5,12.704166666666666,75.875,71.16666666666667,121.83333333333331,18.14583333333333,4.5,24,0
2020-04-30,1055699.0,11.4375,76.45833333333333,72.08333333333333,171.45833333333334,23.0625,4.0,24,0
2020-05-01,954222.0,11.425,76.70833333333333,66.54166666666667,130.20833333333334,18.27083333333333,4.0,24,1
2020-05-02,956582.0,11.366666666666667,64.58333333333333,65.04166666666667,190.375,12.654166666666669,0.7,24,0
2020-05-03,923135.5,12.329166666666666,77.875,92.54166666666669,104.58333333333331,8.5,1.3,24,0
2020-05-04,1011247.5,14.6,80.08333333333333,90.5,118.75,8.0875,1.2000000000000002,24,0
2020-05-05,1025193.5,12.479166666666666,75.20833333333333,99.75,90.58333333333331,13.8375,5.5,24,0
2020-05-06,1015496.0,14.045833333333334,60.708333333333336,37.333333333333336,267.2083333333333,8.987499999999999,0.0,24,0
2020-05-07,1003179.0,13.958333333333334,59.41666666666666,63.333333333333336,271.5,7.991666666666667,0.0,24,0
2020-05-08,905478.0,15.8,61.708333333333336,85.91666666666667,170.29166666666666,7.895833333333333,0.3,24,1
2020-05-09,887776.5,17.533333333333335,76.75,92.29166666666669,162.625,6.7375,4.4,24,0
2020-05-10,871111.0,16.775,87.5,97.45833333333331,184.20833333333331,7.191666666666666,4.1,24,0
2020-05-11,1043862.5,10.129166666666666,60.5,91.70833333333331,226.08333333333331,30.479166666666668,2.8,24,0
2020-05-12,1098708.5,9.5625,49.91666666666666,78.875,271.0833333333333,15.154166666666669,0.0,24,0
2020-05-13,1117492.0,10.508333333333333,53.625,87.0,289.5,18.504166666666663,0.0,24,0
2020-05-14,1120879.0,10.333333333333334,48.66666666666666,38.5,304.5416666666667,22.14583333333333,0.0,24,0
2020-05-15,1092699.5,11.495833333333332,50.958333333333336,5.583333333333333,326.5833333333333,16.891666666666666,0.0,24,0
2020-05-16,972670.5,12.779166666666669,56.29166666666666,20.666666666666668,303.625,9.566666666666666,0.0,24,0
2020-05-17,908663.5,13.470833333333331,60.833333333333336,38.66666666666666,315.4166666666667,6.575,0.0,24,0
2020-05-18,1020751.5,15.470833333333331,62.75,39.75,298.9583333333333,8.129166666666666,0.0,24,0
2020-05-19,1029568.0,16.25,59.91666666666666,29.5,314.8333333333333,9.270833333333334,0.0,24,0
2020-05-20,1022677.5,19.866666666666667,62.79166666666666,15.875,302.7916666666667,8.362499999999999,0.0,24,0
2020-05-21,914160.5,22.141666666666666,56.66666666666666,68.58333333333333,285.0833333333333,6.879166666666666,0.0,24,1
2020-05-22,951827.0,20.341666666666665,66.66666666666667,90.125,170.125,13.704166666666666,1.2,24,0
2020-05-23,902652.0,15.5625,62.083333333333336,71.54166666666667,209.29166666666663,15.070833333333333,4.9,24,0
2020-05-24,859053.5,14.366666666666667,62.79166666666666,73.91666666666667,180.79166666666663,12.0125,0.0,24,0
2020-05-25,999036.0,16.745833333333334,62.79166666666666,77.45833333333333,234.5,9.4,0.0,24,0
2020-05-26,1028116.5,18.570833333333333,54.66666666666666,17.041666666666668,323.2083333333333,11.083333333333334,0.0,24,0
2020-05-27,1027293.5,20.029166666666665,48.91666666666666,31.625,319.25,12.366666666666667,0.0,24,0
2020-05-28,1029785.5,18.766666666666666,49.375,7.458333333333333,330.1666666666667,15.3875,0.0,24,0
2020-05-29,1014480.5,19.129166666666663,36.125,0.0,341.125,15.504166666666668,0.0,24,0
2020-05-30,911579.0,19.09583333333333,43.375,1.7083333333333333,335.2916666666667,12.370833333333332,0.0,24,0
2020-05-31,854849.0,18.58333333333333,41.66666666666666,25.20833333333333,296.7916666666667,14.233333333333334,0.0,24,0
2020-06-01,897451.5,19.729166666666668,46.5,3.375,335.75,11.6,0.0,24,1
2020-06-02,1029462.0,21.77916666666667,50.91666666666666,38.5,317.0,7.266666666666667,0.0,24,0
2020-06-03,1047087.5,20.366666666666667,54.0,83.70833333333333,245.08333333333331,9.291666666666666,2.5,24,0
2020-06-04,1048649.5,14.445833333333333,75.54166666666667,92.66666666666669,157.41666666666666,13.5875,5.7,24,0
2020-06-05,1040798.0,13.670833333333334,68.75,91.375,127.625,20.7625,1.7000000000000002,24,0
2020-06-06,930615.5,14.308333333333332,58.04166666666666,64.5,256.2083333333333,18.72083333333333,2.2,24,0
2020-06-07,885887.0,13.833333333333334,66.66666666666667,63.125,240.20833333333331,9.716666666666669,3.2,24,0
2020-06-08,1030328.5,14.908333333333331,70.33333333333333,61.833333333333336,267.2916666666667,11.491666666666667,2.8,24,0
2020-06-09,1068197.5,13.708333333333334,65.375,53.375,187.5,12.758333333333333,0.3,24,0
2020-06-10,1074486.5,14.475,65.33333333333333,74.875,197.04166666666663,6.691666666666666,0.2,24,0
2020-06-11,1075220.0,16.666666666666668,69.70833333333333,87.125,262.5416666666667,8.770833333333334,4.2,24,0
2020-06-12,1061763.0,16.620833333333334,79.04166666666667,97.41666666666669,128.95833333333334,15.133333333333333,6.5,24,0
2020-06-13,944759.0,17.3875,68.08333333333333,45.25,277.5,13.704166666666666,0.0,24,0
2020-06-14,893472.5,17.3625,70.125,40.79166666666666,210.41666666666663,11.0125,0.4,24,0
2020-06-15,1038413.0,17.712500000000002,70.95833333333333,35.208333333333336,236.33333333333331,12.495833333333332,0.8,24,0
2020-06-16,1066841.0,17.75,72.91666666666667,71.625,256.5416666666667,9.325,0.9,24,0
2020-06-17,1068019.0,17.170833333333334,71.83333333333333,96.08333333333331,199.16666666666663,6.604166666666667,0.9,24,0
2020-06-18,1069213.5,16.412499999999998,75.875,57.41666666666666,227.875,10.720833333333331,3.6,24,0
2020-06-19,1052512.0,16.454166666666666,73.625,66.45833333333333,214.79166666666663,11.304166666666667,0.8,24,0
2020-06-20,944196.0,18.5375,71.54166666666667,69.41666666666667,246.41666666666663,3.65,1.5,24,0
2020-06-21,890085.5,17.829166666666666,72.25,75.41666666666667,165.75,13.9625,1.4,24,0
2020-06-22,1046137.0,17.2,66.79166666666667,11.166666666666666,326.0416666666667,6.883333333333333,0.0,24,0
2020-06-23,1081205.5,21.266666666666666,55.208333333333336,24.83333333333333,339.3333333333333,9.929166666666667,0.0,24,0
2020-06-24,1101953.5,25.025,47.125,14.291666666666666,339.625,13.358333333333334,0.0,24,0
2020-06-25,1117547.0,26.541666666666668,43.25,30.5,303.2083333333333,9.041666666666666,0.3,24,0
2020-06-26,1090866.0,25.016666666666666,57.5,75.91666666666667,211.25,13.008333333333333,5.9,24,0
2020-06-27,960236.5,20.320833333333333,73.70833333333333,65.45833333333333,166.25,21.195833333333333,0.6000000000000001,24,0
2020-06-28,908554.5,18.816666666666663,58.208333333333336,85.08333333333333,174.79166666666666,18.025,0.0,24,0
2020-06-29,1057396.0,17.587500000000002,59.25,79.0,228.45833333333331,15.533333333333331,1.7,24,0
2020-06-30,1085218.5,18.966666666666665,63.125,85.25,119.91666666666669,17.879166666666666,0.0,24,0
2020-07-01,1101240.5,19.85,77.08333333333333,59.79166666666666,142.04166666666666,14.929166666666667,4.3,24,0
2020-07-02,1096459.0,17.666666666666668,70.58333333333333,73.54166666666667,196.25,14.195833333333333,0.9,24,0
2020-07-03,1075452.5,17.341666666666665,63.5,42.833333333333336,247.20833333333331,11.754166666666668,0.0,24,0
2020-07-04,967103.5,19.15,66.83333333333333,78.29166666666667,174.0,19.29583333333333,0.0,24,0
2020-07-05,925552.0,20.59583333333333,72.79166666666667,76.375,145.45833333333334,21.35833333333333,0.5,24,0
2020-07-06,1071491.0,16.395833333333332,57.66666666666666,43.833333333333336,225.875,17.454166666666666,0.0,24,0
2020-07-07,1100238.5,17.054166666666667,60.708333333333336,18.666666666666668,310.25,7.004166666666666,0.0,24,0
2020-07-08,1114872.0,19.929166666666667,63.41666666666666,39.583333333333336,252.25,13.070833333333333,0.0,24,0
2020-07-09,1132860.5,22.95833333333333,62.04166666666666,30.125,295.0833333333333,11.825,0.0,24,0
2020-07-10,1110922.5,19.354166666666668,60.54166666666666,60.708333333333336,182.95833333333331,15.958333333333334,0.1,24,0
2020-07-11,977409.0,17.608333333333334,51.625,18.58333333333333,291.2083333333333,10.558333333333334,0.0,24,0
2020-07-12,918108.0,18.9,49.833333333333336,41.458333333333336,331.5,11.991666666666667,0.0,24,0
2020-07-13,1018917.5,20.758333333333333,44.458333333333336,42.375,333.0,10.679166666666667,0.0,24,0
2020-07-14,961383.5,18.2875,62.333333333333336,93.58333333333331,151.83333333333334,9.416666666666666,1.7,24,1
2020-07-15,1082108.5,18.39583333333333,65.70833333333333,93.5,154.75,10.5125,1.3,24,0
2020-07-16,1102427.5,18.3375,69.41666666666667,99.33333333333331,93.54166666666669,12.375,0.1,24,0
2020-07-17,1099008.0,20.75,61.833333333333336,79.04166666666667,207.41666666666663,7.1875,0.0,24,0
2020-07-18,985518.0,21.758333333333336,61.25,36.083333333333336,318.8333333333333,8.170833333333333,0.0,24,0
2020-07-19,930843.0,21.766666666666666,55.208333333333336,51.29166666666666,312.625,7.55,0.0,24,0
2020-07-20,1088966.5,20.53333333333333,56.583333333333336,22.75,322.5,15.320833333333333,0.0,24,0
2020-07-21,1119326.5,19.566666666666663,44.79166666666666,5.75,333.875,14.575,0.0,24,0
2020-07-22,1117666.0,19.554166666666667,44.04166666666666,38.66666666666666,309.4583333333333,12.404166666666669,0.0,24,0
2020-07-23,1122180.0,20.779166666666665,44.25,75.875,255.58333333333331,5.9875,0.0,24,0
2020-07-24,1101412.0,20.870833333333334,56.333333333333336,48.583333333333336,238.125,11.95,0.7,24,0
2020-07-25,983398.5,21.116666666666667,64.125,92.58333333333331,182.125,13.033333333333331,0.5,24,0
2020-07-26,925908.0,20.7375,62.25,77.45833333333333,229.16666666666663,15.408333333333331,1.3,24,0
2020-07-27,1082608.5,22.933333333333334,49.208333333333336,18.291666666666668,312.0,16.3125,0.0,24,0
2020-07-28,1102386.0,20.654166666666665,56.958333333333336,59.083333333333336,266.0833333333333,17.120833333333334,0.2,24,0
2020-07-29,1104605.5,19.0125,56.29166666666666,21.875,306.75,5.904166666666666,0.0,24,0
2020-07-30,1121876.0,22.9,46.333333333333336,0.0,309.75,8.866666666666667,0.0,24,0
2020-07-31,1116440.5,28.0875,36.79166666666666,26.125,236.79166666666663,11.745833333333332,0.0,24,0
2020-08-01,992239.0,23.875,59.79166666666666,52.333333333333336,225.79166666666663,11.766666666666666,0.0,24,0
2020-08-02,908867.5,20.508333333333333,53.333333333333336,85.375,246.79166666666663,14.029166666666669,0.0,24,0
2020-08-03,993947.0,18.275,56.91666666666666,70.29166666666667,197.95833333333331,12.666666666666666,0.3,24,0
2020-08-04,1005868.0,18.979166666666668,57.0,20.625,279.1666666666667,6.316666666666666,0.0,24,0
2020-08-05,1015603.5,22.47083333333333,39.54166666666666,1.8333333333333333,300.2083333333333,9.3125,0.0,24,0
2020-08-06,1034193.0,25.116666666666664,38.875,17.416666666666668,295.5416666666667,5.970833333333334,0.0,24,0
2020-08-07,1050671.0,27.641666666666666,38.25,0.0,295.0,9.2,0.0,24,0
2020-08-08,979244.5,28.84583333333333,39.875,23.541666666666668,246.0,9.258333333333333,0.0,24,0
2020-08-09,939154.0,30.45,38.25,46.958333333333336,248.5,10.7375,0.0,24,0
2020-08-10,1040222.0,27.870833333333334,47.958333333333336,88.125,180.375,7.566666666666666,0.6,24,0
2020-08-11,1062444.0,28.475,47.66666666666666,54.708333333333336,227.0,4.7375,0.1,24,0
2020-08-12,1053384.5,28.2,50.833333333333336,46.125,254.33333333333331,8.049999999999999,1.6,24,0
2020-08-13,1023740.0,23.7875,72.58333333333333,55.458333333333336,215.95833333333331,11.7375,2.9,24,0
2020-08-14,1007315.0,21.5625,79.125,74.58333333333333,190.70833333333331,9.4375,4.5,24,0
2020-08-15,921778.0,21.6625,75.54166666666667,51.958333333333336,201.54166666666663,5.595833333333334,0.4,24,1
2020-08-16,880843.5,21.22083333333333,76.375,70.75,164.5,8.625,1.1,24,0
2020-08-17,986257.5,19.17083333333333,74.83333333333333,55.16666666666666,177.375,12.479166666666666,2.8000000000000003,24,0
2020-08-18,1018462.0,20.6,67.04166666666667,50.458333333333336,219.41666666666663,6.8375,0.1,24,0
2020-08-19,1036890.0,20.979166666666668,78.04166666666667,86.95833333333333,96.41666666666669,11.9875,3.7,24,0
2020-08-20,1064507.0,24.741666666666664,66.58333333333333,66.70833333333333,213.125,11.175,0.5,24,0
2020-08-21,1066156.0,24.133333333333336,57.54166666666666,65.95833333333333,219.125,17.129166666666666,2.5,24,0
2020-08-22,963469.0,20.79583333333333,60.5,58.208333333333336,193.54166666666663,19.391666666666666,0.2,24,0
2020-08-23,900397.5,18.73333333333333,64.08333333333333,57.5,171.83333333333334,15.220833333333331,0.3,24,0
2020-08-24,1031275.5,17.900000000000002,66.58333333333333,76.125,159.375,10.1375,0.0,24,0
2020-08-25,1077264.5,20.4125,64.08333333333333,87.0,131.875,19.304166666666667,1.1,24,0
2020-08-26,1089196.5,19.591666666666665,58.333333333333336,72.0,206.91666666666663,20.72083333333333,0.0,24,0
2020-08-27,1088958.0,18.379166666666663,68.45833333333333,74.5,172.20833333333334,11.566666666666668,2.1,24,0
2020-08-28,1067635.5,16.958333333333332,78.16666666666667,49.583333333333336,165.125,14.825,4.0,24,0
2020-08-29,942701.5,14.883333333333333,80.04166666666667,53.04166666666666,147.5,14.633333333333333,0.7000000000000001,24,0
2020-08-30,897977.0,14.958333333333334,82.95833333333333,68.29166666666667,116.95833333333331,15.008333333333333,4.9,24,0
2020-08-31,1048428.5,15.575,69.20833333333333,59.91666666666666,180.70833333333331,9.5875,0.0,24,0
2020-09-01,1081391.5,15.266666666666666,70.41666666666667,44.54166666666666,169.75,8.049999999999999,0.0,24,0
2020-09-02,1084049.0,15.445833333333333,65.04166666666667,47.25,207.875,6.541666666666667,0.0,24,0
2020-09-03,1094640.5,20.304166666666667,53.41666666666666,77.04166666666667,177.0,10.725,0.0,24,0
2020-09-04,1090559.5,21.216666666666665,65.04166666666667,33.625,205.91666666666663,8.174999999999999,0.0,24,0
2020-09-05,960982.5,17.304166666666667,67.16666666666667,59.54166666666666,169.95833333333334,12.8125,0.2,24,0
2020-09-06,908567.0,15.025,68.91666666666667,59.29166666666666,141.29166666666666,9.016666666666667,0.4,24,0
2020-09-07,1060706.5,16.025000000000002,66.625,44.083333333333336,201.16666666666663,6.8125,0.0,24,0
2020-09-08,1095263.0,18.508333333333333,71.25,65.29166666666667,136.66666666666666,6.504166666666666,0.0,24,0
2020-09-09,1101887.5,20.4125,71.41666666666667,40.66666666666666,201.29166666666663,9.129166666666666,0.0,24,0
2020-09-10,1104376.0,20.6875,73.29166666666667,50.04166666666666,164.16666666666666,8.416666666666666,0.3,24,0
2020-09-11,1091764.0,20.47083333333333,60.0,41.29166666666666,186.0,6.579166666666667,0.0,24,0
2020-09-12,972038.0,17.2625,68.375,5.541666666666667,217.16666666666663,8.725,0.0,24,0
2020-09-13,923310.5,18.95,61.25,20.125,214.625,6.154166666666666,0.0,24,0
2020-09-14,1090731.0,22.675,49.875,0.0833333333333333,212.04166666666663,7.8125,0.0,24,0
2020-09-15,1124042.5,25.195833333333336,44.833333333333336,29.791666666666668,192.83333333333331,8.299999999999999,0.0,24,0
2020-09-16,1130947.5,23.6875,61.458333333333336,37.708333333333336,185.79166666666663,10.420833333333333,0.1,24,0
2020-09-17,1116188.0,21.058333333333334,51.208333333333336,10.541666666666666,203.25,18.116666666666667,0.0,24,0
2020-09-18,1098989.0,21.0875,50.91666666666666,29.875,198.04166666666663,14.5375,0.0,24,0
2020-09-19,983013.0,24.27083333333333,54.333333333333336,83.83333333333333,121.16666666666669,11.675,0.1,24,0
2020-09-20,917312.0,21.616666666666664,67.83333333333333,32.833333333333336,170.75,6.516666666666667,0.0,24,0
2020-09-21,1066024.5,19.4375,46.91666666666666,3.208333333333333,200.83333333333331,7.895833333333333,0.0,24,0
2020-09-22,1087723.0,17.616666666666667,57.41666666666666,1.2083333333333333,195.66666666666663,6.408333333333334,0.0,24,0
2020-09-23,1092456.0,18.3875,76.75,64.66666666666667,126.08333333333331,14.708333333333334,5.4,24,0
2020-09-24,1099759.5,13.683333333333332,79.70833333333333,70.66666666666667,70.79166666666667,19.320833333333333,4.8,24,0
2020-09-25,1112616.5,11.404166666666669,66.91666666666667,61.25,117.95833333333331,24.97083333333333,2.4,24,0
2020-09-26,1030519.0,11.708333333333334,61.04166666666666,55.29166666666666,143.41666666666666,24.1,0.2,24,0
2020-09-27,1030901.5,12.1125,86.83333333333333,99.79166666666669,25.20833333333333,28.3,10.6,24,0
2020-09-28,1192535.5,13.504166666666668,83.625,90.20833333333331,37.04166666666666,16.970833333333335,7.2,24,0
2020-09-29,1196660.5,15.491666666666667,88.45833333333333,98.0,42.75,9.304166666666667,1.0,24,0
2020-09-30,1171535.0,15.691666666666668,82.66666666666667,81.29166666666667,85.45833333333333,10.458333333333334,0.4,24,0
2020-10-01,1179421.5,14.020833333333334,79.25,94.79166666666669,80.58333333333333,16.129166666666666,10.3,24,0
2020-10-02,1204972.5,12.8,87.95833333333333,100.0,30.916666666666668,14.5125,14.7,24,0
2020-10-03,1105375.5,11.7,84.79166666666667,75.5,100.45833333333331,9.6,7.2,24,0
2020-10-04,1070072.5,11.483333333333334,78.79166666666667,69.70833333333333,112.125,23.320833333333336,3.2,24,0
2020-10-05,1246561.0,12.129166666666668,85.375,99.5,46.958333333333336,24.70833333333333,13.0,24,0
2020-10-06,1260327.0,13.320833333333333,77.33333333333333,77.83333333333333,84.125,24.5875,1.9,24,0
2020-10-07,1234731.0,13.695833333333333,73.83333333333333,79.66666666666667,106.375,18.5,1.0,24,0
2020-10-08,1214928.0,15.9875,77.625,96.08333333333331,69.20833333333333,20.52083333333333,0.3,24,0
2020-10-09,1186781.5,14.875,80.875,83.83333333333333,77.70833333333333,11.85,4.6,24,0
2020-10-10,1086593.0,11.408333333333331,70.66666666666667,57.0,118.0,13.979166666666666,0.0,24,0
2020-10-11,1080486.5,10.466666666666669,80.625,36.208333333333336,115.33333333333331,12.016666666666666,0.6000000000000001,24,0
2020-10-12,1279553.0,9.8,78.625,60.958333333333336,107.75,8.591666666666667,0.2,24,0
2020-10-13,1321907.0,10.2,84.25,91.125,64.125,12.558333333333332,3.6,24,0
2020-10-14,1344022.0,9.145833333333334,82.83333333333333,82.29166666666667,97.375,13.329166666666666,1.7999999999999998,24,0
2020-10-15,1374357.5,9.354166666666666,75.08333333333333,83.375,77.25,15.154166666666669,0.1,24,0
2020-10-16,1366416.0,9.0875,77.66666666666667,63.833333333333336,93.16666666666669,10.345833333333331,0.0,24,0
2020-10-17,1226565.0,9.945833333333333,77.54166666666667,87.08333333333333,59.29166666666666,6.9,0.2,24,0
2020-10-18,1172649.5,9.5,82.375,73.70833333333333,54.083333333333336,4.95,0.0,24,0
2020-10-19,1326325.5,8.983333333333333,78.08333333333333,76.45833333333333,115.91666666666669,11.416666666666666,0.0,24,0
2020-10-20,1307712.0,12.879166666666668,83.0,99.5,20.45833333333333,18.22083333333333,6.5,24,0
2020-10-21,1243836.0,16.633333333333333,74.5,72.125,66.04166666666667,22.9875,4.7,24,0
2020-10-22,1222050.5,15.3,87.45833333333333,69.16666666666667,72.66666666666667,10.833333333333334,2.2,24,0
2020-10-23,1210965.5,14.608333333333334,85.0,69.5,88.04166666666667,9.054166666666667,0.6000000000000001,24,0
2020-10-24,1107357.5,13.891666666666666,84.29166666666667,76.58333333333333,50.958333333333336,23.3625,0.4,24,0
2020-10-25,1091782.0,12.791666666666666,81.70833333333333,94.29166666666669,26.5,19.125,10.3,24,0
2020-10-26,1295164.5,9.9125,81.0,40.0,102.16666666666669,18.05,0.5,24,0
2020-10-27,1351986.0,10.066666666666666,89.91666666666667,72.79166666666667,21.33333333333333,20.4875,3.2,24,0
2020-10-28,1322834.0,12.133333333333333,83.41666666666667,74.04166666666667,62.208333333333336,21.95833333333333,1.4,24,0
2020-10-29,1292769.0,12.345833333333331,84.33333333333333,98.66666666666669,31.20833333333333,17.849999999999998,1.8,24,0
2020-10-30,1244711.5,14.2875,82.125,74.83333333333333,54.625,15.658333333333331,0.1,24,0
2020-10-31,1129625.5,13.454166666666666,85.41666666666667,56.79166666666666,92.58333333333331,15.391666666666666,2.1,24,0
2020-11-01,1073784.0,16.087500000000002,87.25,99.29166666666669,29.08333333333333,22.3,4.2,24,1
2020-11-02,1193430.5,16.445833333333333,79.95833333333333,77.54166666666667,30.166666666666668,24.64583333333333,1.9,24,0
2020-11-03,1287064.0,8.799999999999999,75.70833333333333,46.91666666666666,61.333333333333336,12.545833333333334,0.0,24,0
2020-11-04,1372751.0,5.879166666666666,84.16666666666667,6.208333333333333,91.0,7.241666666666667,0.0,24,0
2020-11-05,1392704.0,6.379166666666666,81.66666666666667,1.4166666666666667,100.45833333333331,11.666666666666666,0.0,24,0
2020-11-06,1357639.0,6.808333333333334,85.125,11.958333333333334,81.08333333333333,11.758333333333333,0.2,24,0
2020-11-07,1187099.0,10.8375,88.16666666666667,66.33333333333333,86.375,9.241666666666667,0.0,24,0
2020-11-08,1097539.0,13.375,86.29166666666667,69.41666666666667,56.458333333333336,10.083333333333334,0.3,24,0
2020-11-09,1228763.0,11.829166666666666,92.95833333333331,71.20833333333333,80.66666666666667,7.15,0.0,24,0
2020-11-10,1260855.0,11.533333333333331,95.125,72.875,54.375,6.729166666666667,2.2,24,0
2020-11-11,1166083.0,10.379166666666666,92.625,85.70833333333333,30.58333333333333,8.991666666666667,0.2,24,1
2020-11-12,1274443.0,11.233333333333334,79.66666666666667,54.41666666666666,77.875,13.054166666666667,0.7,24,0
2020-11-13,1275483.5,11.829166666666666,87.08333333333333,80.625,44.29166666666666,13.858333333333333,1.6,24,0
2020-11-14,1137840.5,12.9,82.375,74.08333333333333,76.45833333333333,15.545833333333334,1.1,24,0
2020-11-15,1118166.5,13.541666666666666,77.125,81.125,15.625,27.65833333333333,5.1,24,0
2020-11-16,1293959.5,11.3875,72.33333333333333,89.79166666666667,40.0,20.14583333333333,0.2,24,0
2020-11-17,1337511.5,11.441666666666668,82.29166666666667,90.79166666666669,52.91666666666666,11.570833333333333,0.0,24,0
2020-11-18,1337038.0,10.770833333333334,83.04166666666667,30.58333333333333,76.29166666666667,12.420833333333334,0.0,24,0
2020-11-19,1358337.5,9.966666666666669,80.125,46.708333333333336,58.875,19.141666666666666,1.8,24,0
2020-11-20,1424853.5,6.345833333333334,85.5,74.29166666666667,47.91666666666666,6.5125,0.1,24,0
2020-11-21,1362854.5,6.4875,80.16666666666667,69.91666666666667,66.66666666666667,10.554166666666667,0.0,24,0
2020-11-22,1339932.5,6.75,85.25,91.41666666666669,45.958333333333336,6.270833333333333,0.2,24,0
2020-11-23,1487525.5,8.862499999999999,90.875,84.04166666666667,25.166666666666668,5.7125,0.1,24,0
2020-11-24,1526886.0,5.8500000000000005,90.54166666666669,80.70833333333333,47.0,9.104166666666666,0.0,24,0
2020-11-25,1502767.0,7.587499999999999,86.41666666666667,65.16666666666667,41.5,10.3875,0.0,24,0
2020-11-26,1481900.5,5.0375000000000005,93.58333333333331,9.208333333333334,67.5,6.525,0.0,24,0
2020-11-27,1453990.0,5.995833333333334,95.83333333333331,66.75,42.833333333333336,6.4125000000000005,0.1,24,0
2020-11-28,1333514.5,5.020833333333333,91.08333333333331,18.166666666666668,64.91666666666667,8.954166666666667,0.0,24,0
2020-11-29,1362170.5,2.6833333333333336,89.70833333333333,43.333333333333336,44.66666666666666,9.375,0.0,24,0
2020-11-30,1608873.5,1.7208333333333332,88.58333333333333,67.875,44.54166666666666,6.316666666666666,0.0,24,0
2020-12-01,1624855.5,7.120833333333334,83.16666666666667,53.16666666666666,49.083333333333336,18.716666666666665,1.3,24,0
2020-12-02,1634782.0,6.858333333333333,84.70833333333333,90.54166666666669,36.04166666666666,10.9875,0.7,24,0
2020-12-03,1624986.5,6.4,92.58333333333331,99.66666666666669,13.166666666666666,18.258333333333333,7.7,24,0
2020-12-04,1614093.5,5.554166666666667,80.04166666666667,61.958333333333336,56.375,21.1125,2.0,24,0
2020-12-05,1547825.0,3.7,87.5,67.875,29.08333333333333,17.245833333333334,2.5,24,0
2020-12-06,1498962.0,3.883333333333333,89.16666666666667,80.20833333333333,33.041666666666664,8.804166666666665,1.2,24,0
2020-12-07,1699208.0,2.433333333333333,95.0,94.0,25.916666666666668,7.316666666666666,0.0,24,0
2020-12-08,1716171.0,1.1875,92.29166666666669,47.958333333333336,48.41666666666666,8.479166666666666,0.0,24,0
2020-12-09,1750984.5,1.2375,93.75,64.5,29.416666666666668,9.691666666666666,0.0,24,0
2020-12-10,1710065.0,4.329166666666667,87.16666666666667,93.75,33.0,13.808333333333332,0.0,24,0
2020-12-11,1636143.5,8.2,92.20833333333331,94.70833333333331,24.625,15.075,19.3,24,0
2020-12-12,1451131.5,7.783333333333334,91.83333333333331,68.45833333333333,25.95833333333333,14.029166666666669,3.2,24,0
2020-12-13,1428649.0,5.216666666666667,90.70833333333331,84.79166666666667,12.083333333333334,15.183333333333332,1.2,24,0
2020-12-14,1542981.0,9.920833333333333,90.75,85.75,20.75,17.504166666666666,4.0,24,0
2020-12-15,1514542.5,9.5125,92.08333333333331,63.333333333333336,39.79166666666666,10.6125,10.0,24,0
2020-12-16,1540149.0,8.0625,92.58333333333331,89.95833333333333,31.58333333333333,14.079166666666666,0.1,24,0
2020-12-17,1511148.0,9.05,90.25,63.04166666666666,44.625,13.758333333333333,2.9000000000000004,24,0
2020-12-18,1490240.0,7.529166666666668,92.54166666666669,48.875,53.16666666666666,13.125,0.0,24,0
2020-12-19,1358539.5,9.1375,90.58333333333331,87.25,16.583333333333332,17.6375,1.3,24,0
2020-12-20,1306616.5,8.558333333333334,89.54166666666667,62.333333333333336,46.833333333333336,13.5875,0.1,24,0
2020-12-21,1454409.5,9.8875,91.83333333333331,99.79166666666669,8.083333333333334,20.6375,12.0,24,0
2020-12-22,1372853.5,13.904166666666669,89.66666666666667,98.5,15.583333333333334,23.0,3.0,24,0
2020-12-23,1351182.0,12.208333333333334,86.0,76.41666666666667,14.583333333333334,19.09583333333333,21.5,24,0
2020-12-24,1366319.5,6.608333333333333,84.875,82.79166666666667,14.458333333333334,20.975,9.5,24,0
2020-12-25,1380455.5,3.470833333333333,88.54166666666667,44.875,45.29166666666666,14.766666666666667,0.6,24,1
2020-12-26,1493562.5,2.475,87.41666666666667,81.66666666666667,26.75,13.466666666666669,0.0,24,0
2020-12-27,1495374.0,6.25,86.41666666666667,94.125,7.916666666666667,30.183333333333334,17.0,24,0
2020-12-28,1550852.0,3.5583333333333336,90.75,82.375,36.958333333333336,17.420833333333334,8.3,24,0
2020-12-29,1569310.0,3.475,92.33333333333331,86.95833333333333,28.375,13.958333333333334,2.2,24,0
2020-12-30,1588437.0,3.733333333333333,90.04166666666667,69.91666666666667,48.708333333333336,12.304166666666667,0.8,24,0
2020-12-31,1568305.5,3.7125,90.41666666666669,74.04166666666667,26.875,13.841666666666669,3.9,24,0
2021-01-01,1516226.5,0.1541666666666666,90.33333333333331,53.583333333333336,39.66666666666666,5.995833333333334,0.0,24,1
2021-01-02,1623044.0,0.4833333333333333,94.0,74.5,35.291666666666664,5.670833333333333,0.1,24,0
2021-01-03,1603988.5,1.8333333333333333,93.5,91.41666666666669,28.25,6.441666666666666,0.1,24,0
2021-01-04,1812060.0,2.004166666666667,90.25,99.08333333333331,15.291666666666666,12.533333333333331,0.2,24,0
2021-01-05,1870989.5,1.9333333333333331,90.125,96.70833333333331,17.25,12.145833333333334,0.2,24,0
2021-01-06,1870137.0,2.45,92.41666666666669,97.83333333333331,16.166666666666668,8.670833333333333,0.6000000000000001,24,0
2021-01-07,1891089.0,1.5208333333333333,95.16666666666669,89.08333333333333,26.95833333333333,6.795833333333333,0.9,24,0
2021-01-08,1892602.0,0.6458333333333334,91.125,52.083333333333336,45.208333333333336,5.779166666666666,0.0,24,0
2021-01-09,1798210.5,0.5375,88.08333333333333,50.25,57.91666666666666,11.054166666666667,0.0,24,0
2021-01-10,1749194.5,-0.1791666666666667,91.875,53.04166666666666,48.375,8.604166666666666,0.0,24,0
2021-01-11,1922702.0,1.6041666666666667,92.20833333333331,90.0,24.875,9.004166666666666,0.0,24,0
2021-01-12,1870661.0,6.7875000000000005,89.41666666666667,100.0,6.916666666666667,20.370833333333334,8.4,24,0
2021-01-13,1727283.5,7.241666666666667,94.41666666666669,99.08333333333331,9.208333333333334,13.145833333333334,1.4,24,0
2021-01-14,1677391.5,8.799999999999999,89.625,97.66666666666669,11.291666666666666,23.079166666666666,5.9,24,0
2021-01-15,1734621.5,1.8208333333333333,77.04166666666667,85.91666666666667,53.333333333333336,16.241666666666667,0.7999999999999999,24,0
2021-01-16,1716208.5,0.6916666666666668,81.5,98.66666666666669,11.416666666666666,12.004166666666668,7.1,24,0
2021-01-17,1570796.0,4.479166666666667,90.04166666666667,58.625,50.16666666666666,12.720833333333331,1.4,24,0
2021-01-18,1756078.0,4.129166666666666,84.75,69.25,57.125,11.4625,0.0,24,0
2021-01-19,1770361.5,5.679166666666667,84.29166666666667,95.45833333333331,27.666666666666668,20.98333333333333,5.5,24,0
2021-01-20,1681329.5,9.283333333333331,62.25,94.29166666666669,46.583333333333336,23.6875,0.2,24,0
2021-01-21,1620538.5,8.866666666666667,80.125,81.91666666666667,29.45833333333333,29.679166666666664,11.5,24,0
2021-01-22,1609923.0,5.345833333333334,87.625,94.45833333333331,47.958333333333336,10.05,4.0,24,0
2021-01-23,1560251.5,2.9166666666666665,92.66666666666669,68.08333333333333,24.625,14.529166666666669,6.3,24,0
2021-01-24,1573830.0,0.8624999999999999,89.375,59.833333333333336,23.041666666666668,14.075,3.1,24,0
2021-01-25,1743287.0,2.2583333333333333,82.95833333333333,60.29166666666666,62.333333333333336,17.195833333333333,0.6000000000000001,24,0
2021-01-26,1834283.5,1.4333333333333331,78.25,75.0,37.25,12.5375,0.8999999999999999,24,0
2021-01-27,1753618.0,5.483333333333333,89.29166666666667,99.95833333333331,19.291666666666668,12.570833333333333,4.3,24,0
2021-01-28,1588315.0,11.295833333333334,88.79166666666667,95.125,40.583333333333336,20.3375,9.3,24,0
2021-01-29,1503979.0,10.245833333333334,80.125,73.625,42.333333333333336,27.125,4.0,24,0
2021-01-30,1402604.0,9.479166666666666,87.625,94.375,52.708333333333336,13.891666666666666,12.9,24,0
2021-01-31,1367470.5,8.383333333333333,94.125,99.45833333333331,27.5,6.916666666666667,11.4,24,0
2021-02-01,1516357.0,8.533333333333333,87.875,94.66666666666669,38.833333333333336,12.329166666666666,2.5,24,0
2021-02-02,1485815.5,10.875,85.70833333333333,77.75,46.333333333333336,18.954166666666666,3.0,24,0
2021-02-03,1474361.0,10.8,81.66666666666667,70.875,53.16666666666666,23.75,4.8,24,0
2021-02-04,1506331.5,7.904166666666666,90.33333333333331,73.70833333333333,45.708333333333336,9.2125,2.2,24,0
2021-02-05,1469623.0,7.9125,90.625,97.08333333333331,61.125,7.725,0.1,24,0
2021-02-06,1371913.5,7.316666666666666,94.45833333333331,97.95833333333331,23.0,9.283333333333331,14.4,24,0
2021-02-07,1416617.5,3.525,86.58333333333333,98.95833333333331,17.083333333333332,11.116666666666667,3.4,24,0
2021-02-08,1702595.5,-0.4708333333333334,74.54166666666667,94.54166666666669,43.875,8.029166666666667,0.2,24,0
2021-02-09,1796492.0,-2.004166666666667,72.16666666666667,95.70833333333331,39.79166666666666,12.641666666666666,0.1,24,0
2021-02-10,1821888.5,-3.2541666666666664,59.458333333333336,53.79166666666666,109.79166666666669,18.20833333333333,1.9,24,0
2021-02-11,1884708.5,-3.141666666666667,60.958333333333336,51.875,111.25,15.575,0.0,24,0
2021-02-12,1897507.5,-2.270833333333333,50.41666666666666,81.79166666666667,55.875,19.28333333333333,0.0,24,0
2021-02-13,1811040.0,-3.358333333333333,43.083333333333336,55.54166666666666,98.25,15.079166666666666,0.0,24,0
2021-02-14,1736186.5,-1.5583333333333331,48.54166666666666,60.583333333333336,96.83333333333331,15.341666666666669,0.0,24,0
2021-02-15,1749834.5,4.133333333333334,79.75,98.125,40.833333333333336,15.6375,3.3,24,0
2021-02-16,1638901.0,7.733333333333333,82.66666666666667,75.58333333333333,85.54166666666667,16.804166666666667,1.3,24,0
2021-02-17,1535934.0,9.208333333333334,84.83333333333333,61.333333333333336,78.625,17.795833333333334,0.2,24,0
2021-02-18,1548807.5,8.520833333333334,81.0,89.41666666666667,20.0,16.48333333333333,6.9,24,0
2021-02-19,1489610.5,8.200000000000001,87.08333333333333,72.16666666666667,83.95833333333333,11.995833333333332,0.0,24,0
2021-02-20,1297153.0,12.183333333333332,69.5,76.45833333333333,113.125,18.0375,0.0,24,0
2021-02-21,1226678.0,11.391666666666666,67.66666666666667,78.5,130.20833333333334,13.020833333333334,0.0,24,0
2021-02-22,1385646.0,11.5625,69.33333333333333,78.875,58.083333333333336,10.3625,0.3,24,0
2021-02-23,1348100.0,12.941666666666668,78.29166666666667,38.375,101.95833333333331,15.470833333333331,0.0,24,0
2021-02-24,1316086.0,12.720833333333331,79.45833333333333,9.625,138.04166666666666,12.225,0.0,24,0
2021-02-25,1327848.5,11.8875,78.70833333333333,80.33333333333333,119.58333333333331,10.1625,0.2,24,0
2021-02-26,1359936.5,8.991666666666665,79.08333333333333,60.79166666666666,101.58333333333331,11.9125,1.6,24,0
2021-02-27,1314889.5,5.220833333333333,77.125,0.5416666666666666,146.83333333333334,13.55,0.0,24,0
2021-02-28,1286881.0,5.625,76.04166666666667,0.2083333333333333,153.45833333333334,14.170833333333334,0.0,24,0
2021-03-01,1424003.0,5.820833333333333,76.875,0.0,154.25,9.35,0.0,24,0
2021-03-02,1429931.0,7.379166666666666,80.79166666666667,9.541666666666666,153.16666666666666,8.020833333333334,0.0,24,0
2021-03-03,1413830.0,10.3625,76.79166666666667,36.333333333333336,136.41666666666666,7.3875,0.8,24,0
2021-03-04,1414661.5,8.858333333333333,87.08333333333333,52.04166666666666,102.45833333333331,11.091666666666669,1.0,24,0
2021-03-05,1469842.5,4.679166666666666,66.20833333333333,89.70833333333333,68.5,15.841666666666669,0.0,24,0
2021-03-06,1400257.0,3.5500000000000003,56.29166666666666,15.291666666666666,172.16666666666666,15.1,0.0,24,0
2021-03-07,1364898.0,2.254166666666667,66.45833333333333,0.0,172.25,8.595833333333333,0.0,24,0
2021-03-08,1515965.0,2.375,70.20833333333333,24.70833333333333,170.29166666666666,9.5625,0.0,24,0
2021-03-09,1540959.5,4.8,72.75,47.41666666666666,143.33333333333334,8.379166666666666,0.0,24,0
2021-03-10,1545594.0,5.429166666666667,76.375,84.25,86.70833333333333,15.845833333333331,1.4,24,0
2021-03-11,1456970.5,10.341666666666669,77.04166666666667,75.83333333333333,121.5,30.479166666666668,3.4,24,0
2021-03-12,1450164.5,7.570833333333333,75.08333333333333,56.833333333333336,114.25,24.041666666666668,4.6,24,0
2021-03-13,1351376.0,8.004166666666666,75.75,81.79166666666667,127.70833333333331,30.129166666666663,6.6000000000000005,24,0
2021-03-14,1324540.5,6.558333333333334,75.125,80.25,125.79166666666669,21.47083333333333,2.5,24,0
2021-03-15,1480545.0,8.454166666666667,80.04166666666667,76.83333333333333,129.625,20.620833333333334,3.9,24,0
2021-03-16,1496942.0,6.825,91.83333333333331,78.70833333333333,35.291666666666664,10.4125,2.7,24,0
2021-03-17,1501299.0,7.283333333333334,78.54166666666667,92.29166666666669,82.04166666666667,22.979166666666668,2.1,24,0
2021-03-18,1549853.5,5.416666666666667,86.08333333333333,97.54166666666669,60.0,12.279166666666669,1.5,24,0
2021-03-19,1548007.0,5.458333333333333,70.5,60.375,140.375,20.8875,2.2,24,0
2021-03-20,1434802.0,3.8041666666666663,76.70833333333333,36.333333333333336,156.04166666666666,12.245833333333332,0.0,24,0
2021-03-21,1384500.0,6.233333333333333,78.25,80.16666666666667,96.75,12.079166666666666,0.2,24,0
2021-03-22,1506291.5,5.395833333333333,72.33333333333333,80.375,127.04166666666669,9.329166666666667,0.0,24,0
2021-03-23,1461143.0,6.6625000000000005,74.54166666666667,44.125,198.41666666666663,5.020833333333333,0.0,24,0
2021-03-24,1401533.0,8.154166666666667,73.54166666666667,43.708333333333336,210.08333333333331,9.3625,0.0,24,0
2021-03-25,1363222.5,8.441666666666666,78.95833333333333,79.83333333333333,89.70833333333333,8.799999999999999,0.8,24,0
2021-03-26,1354340.0,8.995833333333334,71.58333333333333,60.04166666666666,131.66666666666666,16.525000000000002,3.2,24,0
2021-03-27,1241096.5,7.604166666666667,72.33333333333333,37.66666666666666,144.875,18.066666666666663,0.2,24,0
2021-03-28,1174331.5,9.625,68.5,59.0,214.625,12.004166666666668,0.0,24,0
2021-03-29,1246962.0,11.545833333333334,65.20833333333333,68.5,225.5,8.591666666666667,0.0,24,0
2021-03-30,1198036.0,13.058333333333332,69.33333333333333,8.166666666666666,229.375,9.108333333333333,0.0,24,0
2021-03-31,1164683.5,15.091666666666669,68.33333333333333,1.1666666666666667,227.75,8.179166666666667,0.0,24,0
2021-04-01,1152194.0,15.691666666666668,66.58333333333333,13.958333333333334,226.5,8.858333333333333,0.0,24,0
2021-04-02,1142120.5,9.379166666666666,65.625,2.5,237.25,18.183333333333334,0.0,24,0
2021-04-03,1117853.0,7.016666666666667,63.5,50.66666666666666,179.04166666666666,19.229166666666668,0.0,24,0
2021-04-04,1107002.0,6.595833333333334,71.91666666666667,5.083333333333333,238.66666666666663,10.904166666666669,0.0,24,0
2021-04-05,1170595.0,4.9125000000000005,77.16666666666667,64.875,66.45833333333333,14.183333333333332,0.7,24,1
2021-04-06,1408305.0,2.1875,60.458333333333336,32.416666666666664,205.08333333333331,13.291666666666666,1.2000000000000002,24,0
2021-04-07,1481059.0,3.475,61.333333333333336,38.25,219.79166666666663,12.7625,0.1,24,0
2021-04-08,1424380.0,6.416666666666667,66.95833333333333,75.45833333333333,198.58333333333331,5.525,0.1,24,0
2021-04-09,1346286.0,8.920833333333333,67.41666666666667,95.33333333333331,177.625,8.420833333333333,5.5,24,0
2021-04-10,1205892.5,10.15,87.95833333333333,93.91666666666669,74.25,12.245833333333332,15.9,24,0
2021-04-11,1208158.0,6.195833333333333,76.70833333333333,85.83333333333333,77.16666666666667,16.216666666666665,1.9,24,0
2021-04-12,1406696.0,4.883333333333334,70.83333333333333,31.541666666666668,209.0,11.083333333333334,0.3,24,0
2021-04-13,1412880.5,5.354166666666667,65.66666666666667,22.45833333333333,254.125,10.816666666666668,0.0,24,0
2021-04-14,1401632.5,5.595833333333334,57.875,29.75,213.41666666666663,10.945833333333333,0.0,24,0
2021-04-15,1409505.5,5.716666666666666,63.458333333333336,24.166666666666668,236.16666666666663,14.1375,0.3,24,0
2021-04-16,1412178.0,5.895833333333333,63.208333333333336,61.54166666666666,145.54166666666666,14.15,0.0,24,0
2021-04-17,1274044.5,8.754166666666666,61.41666666666666,65.04166666666667,211.625,15.070833333333333,0.0,24,0
2021-04-18,1196632.5,7.683333333333334,69.29166666666667,62.208333333333336,182.0,8.558333333333334,0.0,24,0
2021-04-19,1294358.5,9.4,69.91666666666667,36.875,234.25,6.791666666666667,0.0,24,0
2021-04-20,1266089.5,11.366666666666667,66.75,49.458333333333336,233.75,6.325,0.2,24,0
2021-04-21,1236413.5,11.3,70.33333333333333,21.75,229.0,9.866666666666667,0.3,24,0
2021-04-22,1208421.0,10.8375,59.625,16.375,281.9166666666667,15.395833333333334,0.0,24,0
2021-04-23,1169183.0,11.316666666666668,51.66666666666666,0.0,292.25,13.554166666666667,0.0,24,0
2021-04-24,1036394.0,12.245833333333335,49.958333333333336,36.79166666666666,289.4583333333333,14.4125,0.0,24,0
2021-04-25,994091.0,11.2875,49.458333333333336,31.0,294.1666666666667,20.054166666666667,0.0,24,0
2021-04-26,1156465.0,11.429166666666667,47.54166666666666,46.41666666666666,296.6666666666667,18.85833333333333,0.0,24,0
2021-04-27,1178141.5,11.645833333333334,44.16666666666666,19.541666666666668,299.0833333333333,8.4,0.0,24,0
2021-04-28,1190325.5,11.845833333333331,55.79166666666666,44.25,176.08333333333334,8.654166666666667,1.3,24,0
2021-04-29,1217520.5,9.854166666666666,65.16666666666667,55.16666666666666,194.375,11.191666666666668,0.5,24,0
2021-04-30,1223366.5,9.308333333333334,58.41666666666666,88.45833333333333,145.0,7.583333333333333,0.1,24,0
2021-05-01,1090120.0,8.6875,70.45833333333333,90.375,106.25,6.570833333333333,2.6,24,1
2021-05-02,1092389.5,8.549999999999999,74.04166666666667,33.708333333333336,265.25,7.6625,2.0,24,0
2021-05-03,1228459.0,10.358333333333333,60.583333333333336,63.833333333333336,205.33333333333331,14.725,0.2,24,0
2021-05-04,1245496.5,11.345833333333331,63.75,81.66666666666667,136.04166666666666,25.991666666666664,3.4,24,0
2021-05-05,1241925.5,9.020833333333334,59.708333333333336,59.208333333333336,219.875,17.583333333333332,1.4,24,0
2021-05-06,1281814.0,8.416666666666666,76.66666666666667,96.66666666666669,72.875,10.295833333333333,6.6,24,0
2021-05-07,1225386.5,9.8625,63.333333333333336,51.5,258.6666666666667,9.025,0.0,24,0
2021-05-08,1030001.5,14.008333333333333,63.54166666666666,88.41666666666667,170.41666666666666,16.337500000000002,0.6000000000000001,24,1
2021-05-09,954305.5,18.916666666666668,63.0,78.08333333333333,237.08333333333331,19.029166666666665,0.4,24,0
2021-05-10,1103250.0,15.175,69.91666666666667,69.125,233.25,17.775000000000002,5.1000000000000005,24,0
2021-05-11,1152111.5,12.233333333333334,71.91666666666667,80.625,165.08333333333334,10.2125,0.5,24,0
2021-05-12,1170408.5,11.608333333333334,74.5,54.333333333333336,195.5,11.525,1.3,24,0
2021-05-13,1056104.0,11.616666666666667,75.08333333333333,68.41666666666667,216.33333333333331,12.870833333333332,3.4,24,1
2021-05-14,1102006.5,10.55,81.625,58.958333333333336,195.875,12.616666666666667,4.4,24,0
2021-05-15,1066606.0,11.545833333333334,79.04166666666667,84.45833333333333,158.5,17.379166666666666,4.0,24,0
2021-05-16,1030691.0,12.516666666666666,78.29166666666667,65.70833333333333,191.58333333333331,18.4375,7.5,24,0
2021-05-17,1174229.5,12.241666666666667,77.54166666666667,62.708333333333336,212.08333333333331,20.65833333333333,4.8,24,0
2021-05-18,1198213.0,12.070833333333333,72.70833333333333,45.5,227.33333333333331,13.804166666666667,2.6,24,0
2021-05-19,1202903.5,11.266666666666666,75.875,57.958333333333336,221.45833333333331,15.4875,6.2,24,0
2021-05-20,1192256.5,12.0,68.41666666666667,81.25,159.125,15.645833333333334,0.0,24,0
2021-05-21,1170308.5,13.716666666666669,58.66666666666666,63.625,222.29166666666663,25.775,0.3,24,0
2021-05-22,1063349.5,12.320833333333333,63.91666666666666,42.66666666666666,251.375,24.375,2.5,24,0
2021-05-23,1000430.5,12.4625,65.0,49.0,208.91666666666663,17.754166666666666,0.1,24,0
2021-05-24,1057065.5,12.4,65.625,77.41666666666667,221.0,24.391666666666666,5.2,24,1
2021-05-25,1190958.5,11.325,68.75,74.41666666666667,214.75,22.854166666666668,2.2,24,0
2021-05-26,1198134.5,11.920833333333334,77.83333333333333,84.5,159.45833333333334,18.1,8.1,24,0
2021-05-27,1161286.5,12.804166666666667,72.04166666666667,33.458333333333336,283.5416666666667,5.4625,0.0,24,0
2021-05-28,1110637.5,14.766666666666666,71.45833333333333,48.708333333333336,306.125,9.554166666666667,0.0,24,0
2021-05-29,975275.0,15.9125,65.16666666666667,68.95833333333333,261.125,10.954166666666666,0.0,24,0
2021-05-30,915784.0,16.820833333333333,58.16666666666666,25.45833333333333,316.0833333333333,13.208333333333334,0.0,24,0
2021-05-31,1057386.0,17.5,55.875,0.0416666666666666,339.4166666666667,12.383333333333333,0.0,24,0
2021-06-01,1085042.5,18.966666666666665,57.91666666666666,4.916666666666667,328.5,10.075,0.0,24,0
2021-06-02,1092434.5,20.166666666666668,74.33333333333333,55.958333333333336,250.58333333333331,11.245833333333332,4.2,24,0
2021-06-03,1095242.5,20.475,78.70833333333333,78.0,213.79166666666663,5.245833333333334,4.2,24,0
2021-06-04,1083026.5,17.270833333333332,87.83333333333333,94.83333333333331,134.54166666666666,9.970833333333331,11.6,24,0
2021-06-05,959959.0,16.533333333333335,74.20833333333333,95.29166666666669,208.625,14.333333333333334,0.3,24,0
2021-06-06,912785.5,16.954166666666666,67.25,55.91666666666666,252.625,8.791666666666666,0.0,24,0
2021-06-07,1063387.5,18.08333333333333,68.16666666666667,58.54166666666666,247.16666666666663,7.729166666666667,0.0,24,0
2021-06-08,1090523.5,18.5625,67.20833333333333,50.04166666666666,282.4166666666667,7.325,0.0,24,0
2021-06-09,1100572.5,20.05,65.08333333333333,60.125,306.9166666666667,6.383333333333334,0.0,24,0
2021-06-10,1107317.5,20.679166666666667,62.41666666666666,29.625,285.8333333333333,7.904166666666666,0.0,24,0
2021-06-11,1101269.5,20.258333333333333,70.16666666666667,24.666666666666668,285.5,9.325,0.0,24,0
2021-06-12,985035.5,19.054166666666667,75.16666666666667,61.958333333333336,239.91666666666663,10.191666666666666,0.0,24,0
2021-06-13,931197.0,20.016666666666666,56.41666666666666,5.291666666666667,340.375,11.841666666666669,0.0,24,0
2021-06-14,1101169.0,21.84166666666667,54.875,0.0833333333333333,343.4583333333333,7.1125,0.0,24,0
2021-06-15,1137978.0,22.9375,60.583333333333336,57.41666666666666,317.25,6.679166666666667,0.0,24,0
2021-06-16,1152847.5,25.454166666666666,58.958333333333336,25.45833333333333,311.1666666666667,8.820833333333333,0.1,24,0
2021-06-17,1138730.0,24.1,68.125,89.25,229.75,11.116666666666667,6.6,24,0
2021-06-18,1113303.0,22.27083333333333,75.75,43.04166666666666,256.625,16.3625,4.8,24,0
2021-06-19,994319.5,20.041666666666668,82.75,92.70833333333331,162.91666666666666,6.775,9.2,24,0
2021-06-20,928093.5,19.5125,75.45833333333333,70.58333333333333,218.25,8.9375,1.7,24,0
2021-06-21,1074690.0,19.75,74.33333333333333,64.875,271.0833333333333,7.429166666666667,2.4,24,0
2021-06-22,1097648.0,16.075,88.125,85.75,178.29166666666666,11.9375,14.0,24,0
2021-06-23,1100520.0,14.704166666666666,78.54166666666667,93.125,144.16666666666666,14.520833333333334,0.2,24,0
2021-06-24,1093775.5,15.391666666666666,68.91666666666667,56.458333333333336,191.66666666666663,10.479166666666666,0.0,24,0
2021-06-25,1078726.0,15.595833333333331,80.75,58.25,196.54166666666663,8.4375,9.6,24,0
2021-06-26,969432.5,17.583333333333332,84.875,95.70833333333331,152.45833333333334,7.0625,7.1000000000000005,24,0
2021-06-27,926017.0,18.758333333333333,80.875,95.70833333333331,148.66666666666666,6.945833333333333,6.1,24,0
2021-06-28,1074618.0,18.379166666666663,82.5,69.58333333333333,225.20833333333331,6.408333333333334,6.4,24,0
2021-06-29,1098367.5,15.441666666666668,85.75,80.45833333333333,164.79166666666666,5.341666666666666,3.9,24,0
2021-06-30,1099248.0,15.3375,84.16666666666667,99.16666666666669,109.125,12.841666666666669,3.1,24,0
2021-07-01,1101225.5,16.591666666666665,78.08333333333333,75.625,165.41666666666666,7.025,0.2,24,0
2021-07-02,1099717.5,19.058333333333334,77.91666666666667,52.79166666666666,247.0,5.820833333333333,1.6,24,0
2021-07-03,981293.5,20.183333333333334,73.375,82.41666666666667,219.04166666666663,7.7875,0.8,24,0
2021-07-04,926345.0,17.604166666666668,86.375,84.75,172.04166666666666,9.908333333333331,17.4,24,0
2021-07-05,1083499.5,17.900000000000002,79.625,92.0,137.04166666666666,9.933333333333334,4.8,24,0
2021-07-06,1107913.5,18.541666666666668,66.58333333333333,67.375,250.41666666666663,22.320833333333336,3.0,24,0
2021-07-07,1104315.5,17.4375,69.95833333333333,67.33333333333333,242.54166666666663,10.9625,0.7,24,0
2021-07-08,1102277.5,17.379166666666666,74.5,64.29166666666667,240.04166666666663,8.775,0.5,24,0
2021-07-09,1090954.5,17.804166666666667,75.5,66.58333333333333,230.91666666666663,4.916666666666667,0.1,24,0
2021-07-10,979399.0,17.275000000000002,81.625,88.58333333333333,125.70833333333331,5.9875,2.6,24,0
2021-07-11,924702.0,18.05,76.79166666666667,64.66666666666667,225.04166666666663,5.979166666666667,0.4,24,0
2021-07-12,1078966.5,17.979166666666668,85.41666666666667,82.16666666666667,150.45833333333334,7.741666666666667,10.9,24,0
2021-07-13,1092007.0,16.833333333333332,90.75,96.0,74.79166666666667,12.566666666666668,20.4,24,0
2021-07-14,972681.5,17.166666666666668,82.91666666666667,99.54166666666669,99.95833333333331,17.854166666666668,8.3,24,1
2021-07-15,1080580.5,19.8625,71.45833333333333,80.33333333333333,224.58333333333331,20.9625,0.0,24,0
2021-07-16,1077567.5,17.395833333333332,75.54166666666667,85.0,163.91666666666666,14.566666666666668,0.0,24,0
2021-07-17,975118.5,18.504166666666663,76.29166666666667,69.41666666666667,212.58333333333331,12.120833333333332,0.0,24,0
2021-07-18,933932.5,21.59166666666667,71.95833333333333,0.0416666666666666,326.4583333333333,15.020833333333334,0.0,24,0
2021-07-19,1101818.5,22.554166666666664,69.29166666666667,23.416666666666668,313.75,11.475,0.0,24,0
2021-07-20,1134081.0,21.98333333333333,70.66666666666667,3.8333333333333335,321.25,8.991666666666667,0.0,24,0
2021-07-21,1140593.5,22.125,67.875,10.458333333333334,289.625,7.820833333333333,0.1,24,0
2021-07-22,1145689.0,22.433333333333334,61.958333333333336,18.33333333333333,317.0,10.104166666666666,0.0,24,0
2021-07-23,1129403.5,23.0375,63.125,59.875,264.2916666666667,12.454166666666666,0.0,24,0
2021-07-24,994421.5,21.741666666666664,63.208333333333336,58.54166666666666,236.70833333333331,11.625,0.2,24,0
2021-07-25,933805.0,19.0,81.79166666666667,79.33333333333333,188.0,15.075,9.9,24,0
2021-07-26,1071416.0,18.4625,82.54166666666667,68.5,162.54166666666666,9.8875,5.1,24,0
2021-07-27,1099135.5,18.041666666666668,84.33333333333333,91.54166666666669,105.54166666666669,12.358333333333334,5.0,24,0
2021-07-28,1089792.5,18.829166666666666,66.375,51.583333333333336,215.91666666666663,16.587500000000002,0.0,24,0
2021-07-29,1085242.0,18.55,61.583333333333336,54.5,208.625,12.8625,0.0,24,0
2021-07-30,1063320.5,18.666666666666668,63.833333333333336,50.16666666666666,225.66666666666663,18.2875,0.0,24,0
2021-07-31,954800.0,17.916666666666668,66.66666666666667,49.375,212.25,14.179166666666667,0.6000000000000001,24,0
2021-08-01,891903.5,17.770833333333332,70.875,42.0,266.5833333333333,10.345833333333331,0.6000000000000001,24,0
2021-08-02,992272.5,17.691666666666666,77.58333333333333,60.5,216.75,8.520833333333334,3.5,24,0
2021-08-03,1013940.5,16.4375,78.66666666666667,88.5,146.04166666666666,7.5625,3.7,24,0
2021-08-04,1010492.0,15.9625,77.95833333333333,75.16666666666667,168.25,4.1,3.1,24,0
2021-08-05,997407.5,18.17083333333333,77.25,80.16666666666667,172.125,12.35,1.6,24,0
2021-08-06,984124.5,18.6875,71.0,67.29166666666667,176.625,21.65833333333333,1.1,24,0
2021-08-07,907383.5,17.625,71.125,52.833333333333336,206.0,19.979166666666668,1.9,24,0
2021-08-08,863794.5,17.316666666666666,65.29166666666667,57.125,227.125,18.916666666666668,0.2,24,0
2021-08-09,962524.0,17.720833333333335,69.75,65.58333333333333,156.0,14.495833333333332,0.6000000000000001,24,0
2021-08-10,992709.0,19.204166666666666,76.0,69.04166666666667,169.5,8.487499999999999,3.1,24,0
2021-08-11,1013070.0,19.7875,71.625,65.66666666666667,257.6666666666667,4.004166666666666,0.0,24,0
2021-08-12,1027667.5,21.558333333333334,71.5,68.83333333333333,240.54166666666663,6.404166666666666,0.4,24,0
2021-08-13,1032272.5,21.304166666666667,66.95833333333333,28.541666666666668,262.75,8.616666666666667,0.0,24,0
2021-08-14,973694.0,21.3625,60.625,1.5833333333333333,282.5833333333333,6.145833333333333,0.0,24,0
2021-08-15,917499.0,22.2375,63.458333333333336,44.375,250.25,10.620833333333334,0.0,24,1
2021-08-16,991350.5,18.241666666666667,67.29166666666667,89.16666666666667,137.16666666666666,16.275,1.8,24,0
2021-08-17,1011052.0,16.629166666666666,70.91666666666667,90.20833333333331,116.04166666666669,13.583333333333334,0.2,24,0
2021-08-18,1019690.5,17.945833333333333,74.66666666666667,93.0,105.08333333333331,12.8625,0.6000000000000001,24,0
2021-08-19,1024158.5,17.541666666666668,75.04166666666667,81.79166666666667,106.625,8.845833333333333,0.0,24,0
2021-08-20,1028829.5,18.904166666666665,69.54166666666667,79.79166666666667,167.45833333333334,4.691666666666666,0.0,24,0
2021-08-21,958462.5,20.28333333333333,69.625,62.458333333333336,176.45833333333334,10.1375,0.6,24,0
2021-08-22,911331.0,18.54583333333333,71.41666666666667,50.333333333333336,176.375,16.516666666666666,0.6,24,0
2021-08-23,1035968.0,18.08333333333333,77.54166666666667,58.125,128.625,14.725,0.4,24,0
2021-08-24,1056187.0,18.929166666666667,65.0,36.29166666666666,216.70833333333331,17.804166666666667,0.0,24,0
2021-08-25,1064445.0,18.6,59.208333333333336,16.958333333333332,254.70833333333331,14.816666666666668,0.0,24,0
2021-08-26,1079709.5,16.708333333333332,73.04166666666667,68.70833333333333,114.04166666666669,13.591666666666669,0.0,24,0
2021-08-27,1066363.5,17.108333333333334,66.20833333333333,52.208333333333336,197.66666666666663,12.595833333333331,0.0,24,0
2021-08-28,963863.5,16.279166666666665,73.125,43.125,152.95833333333334,13.020833333333334,0.2,24,0
2021-08-29,923083.5,16.233333333333334,74.29166666666667,44.208333333333336,137.20833333333334,13.554166666666667,0.5,24,0
2021-08-30,1074479.5,17.658333333333335,74.08333333333333,80.83333333333333,138.33333333333334,15.333333333333334,0.1,24,0
2021-08-31,1107612.0,18.179166666666667,69.125,64.08333333333333,169.375,15.7375,0.0,24,0
2021-09-01,1115718.5,17.6125,70.66666666666667,34.083333333333336,193.20833333333331,17.14166666666667,0.0,24,0
2021-09-02,1115747.5,18.120833333333334,65.79166666666667,0.3333333333333333,243.33333333333331,15.041666666666666,0.0,24,0
2021-09-03,1103469.0,19.841666666666665,68.33333333333333,15.5,226.375,7.5375,0.4,24,0
2021-09-04,986274.0,20.825,76.5,42.25,170.125,5.945833333333333,1.7,24,0
2021-09-05,943985.0,21.625,79.83333333333333,46.625,205.16666666666663,5.845833333333334,1.3,24,0
2021-09-06,1104139.0,21.8625,64.20833333333333,38.375,218.79166666666663,7.829166666666667,0.0,24,0
2021-09-07,1133789.5,22.28333333333333,57.29166666666666,24.70833333333333,227.625,12.104166666666666,0.0,24,0
2021-09-08,1133266.5,23.316666666666663,56.5,65.08333333333333,209.58333333333331,10.6125,0.0,24,0
2021-09-09,1126329.5,22.266666666666666,73.91666666666667,79.79166666666667,169.79166666666666,10.125,0.8,24,0
2021-09-10,1104825.5,19.529166666666665,84.70833333333333,80.625,109.875,9.445833333333333,11.1,24,0
2021-09-11,978176.5,17.854166666666668,71.95833333333333,48.375,164.33333333333334,10.325,0.0,24,0
2021-09-12,929647.0,17.420833333333334,68.29166666666667,66.29166666666667,166.66666666666666,5.054166666666666,0.0,24,0
2021-09-13,1085579.5,18.629166666666663,73.58333333333333,60.875,166.20833333333334,8.6625,0.0,24,0
2021-09-14,1121640.0,20.0,83.79166666666667,97.95833333333331,87.33333333333333,7.7375,10.5,24,0
2021-09-15,1124071.5,18.9625,90.5,82.20833333333333,88.0,8.308333333333334,22.0,24,0
2021-09-16,1113208.5,17.1875,77.0,58.04166666666666,139.0,6.9625,0.0,24,0
2021-09-17,1092848.5,16.945833333333333,74.29166666666667,27.291666666666668,189.33333333333331,6.825,0.0,24,0
2021-09-18,977543.5,17.229166666666668,75.33333333333333,49.625,155.625,7.125,0.1,24,0
2021-09-19,928842.0,17.433333333333334,79.54166666666667,96.375,130.79166666666666,10.279166666666669,0.9,24,0
2021-09-20,1077809.0,16.179166666666667,89.16666666666667,86.79166666666667,93.125,8.549999999999999,12.5,24,0
2021-09-21,1101477.0,14.35,74.41666666666667,43.79166666666666,148.83333333333334,11.533333333333331,0.0,24,0
2021-09-22,1106922.5,13.8375,73.79166666666667,53.04166666666666,190.04166666666663,7.354166666666667,0.0,24,0
2021-09-23,1110218.0,14.783333333333331,77.54166666666667,18.666666666666668,191.83333333333331,6.979166666666667,0.0,24,0
2021-09-24,1097579.0,16.0125,82.16666666666667,57.91666666666666,112.54166666666669,6.125,0.0,24,0
2021-09-25,985393.5,16.48333333333333,82.45833333333333,55.333333333333336,140.45833333333334,6.295833333333333,0.3999999999999999,24,0
2021-09-26,928230.0,17.495833333333334,89.16666666666667,73.79166666666667,101.125,10.2125,5.2,24,0
2021-09-27,1087286.0,15.879166666666668,83.04166666666667,66.08333333333333,79.54166666666667,14.4875,2.4000000000000004,24,0
2021-09-28,1118317.0,13.695833333333333,72.625,73.5,137.58333333333334,8.329166666666667,0.0,24,0
2021-09-29,1130263.0,13.3875,72.0,47.208333333333336,133.58333333333334,17.5,5.0,24,0
2021-09-30,1142900.0,11.8,69.83333333333333,46.708333333333336,136.875,9.258333333333333,0.0,24,0
2021-10-01,1144742.0,12.975,73.91666666666667,79.45833333333333,72.5,16.5625,5.1000000000000005,24,0
2021-10-02,1031470.5,14.891666666666666,86.70833333333333,96.58333333333331,75.70833333333333,20.3,6.6,24,0
2021-10-03,984576.5,15.341666666666669,81.41666666666667,93.58333333333331,48.75,21.916666666666668,20.7,24,0
2021-10-04,1135603.0,12.975,72.75,28.33333333333333,144.29166666666666,14.695833333333333,0.2,24,0
2021-10-05,1174410.5,13.475,81.04166666666667,49.458333333333336,68.5,21.675,5.3,24,0
2021-10-06,1196136.5,12.908333333333331,70.75,23.166666666666668,143.16666666666666,19.23333333333333,0.0,24,0
2021-10-07,1197901.5,11.779166666666669,83.79166666666667,60.625,85.16666666666667,5.8,0.0,24,0
2021-10-08,1178043.5,12.195833333333333,81.83333333333333,2.958333333333333,155.25,10.658333333333331,0.0,24,0
2021-10-09,1056818.0,12.283333333333331,81.66666666666667,0.4583333333333333,154.70833333333334,9.279166666666669,0.0,24,0
2021-10-10,1023761.5,11.195833333333333,81.08333333333333,33.625,147.5,8.554166666666667,0.0,24,0
2021-10-11,1188456.5,12.6125,77.45833333333333,77.79166666666667,108.33333333333331,9.895833333333334,0.0,24,0
2021-10-12,1237058.0,10.7375,82.04166666666667,62.625,102.875,10.470833333333331,0.2,24,0
2021-10-13,1243849.0,10.0625,77.79166666666667,67.58333333333333,123.58333333333331,6.3625,0.0,24,0
2021-10-14,1270942.5,9.316666666666666,77.625,0.125,141.25,5.291666666666667,0.0,24,0
2021-10-15,1255509.0,10.654166666666669,83.75,81.29166666666667,112.375,5.5875,0.0,24,0
2021-10-16,1136005.5,10.341666666666669,83.33333333333333,12.666666666666666,137.25,6.691666666666666,0.0,24,0
2021-10-17,1097604.0,8.970833333333333,78.45833333333333,78.875,111.58333333333331,9.0125,0.0,24,0
2021-10-18,1235806.0,11.158333333333331,86.95833333333333,84.54166666666667,78.625,10.429166666666667,1.0,24,0
2021-10-19,1208314.5,17.620833333333334,75.16666666666667,54.91666666666666,125.375,14.329166666666666,2.5,24,0
2021-10-20,1201246.5,17.520833333333332,74.58333333333333,94.58333333333331,65.66666666666667,24.4125,1.9,24,0
2021-10-21,1216322.5,11.058333333333332,79.33333333333333,47.5,66.41666666666667,25.258333333333336,6.300000000000001,24,0
2021-10-22,1257966.5,7.958333333333333,83.0,42.458333333333336,93.0,11.1875,0.0,24,0
2021-10-23,1156264.5,9.870833333333334,79.45833333333333,65.33333333333333,91.41666666666669,6.408333333333334,0.1,24,0
2021-10-24,1134067.0,7.587499999999999,83.0,12.458333333333334,124.95833333333331,9.279166666666669,0.0,24,0
2021-10-25,1275506.5,10.7125,82.5,72.79166666666667,57.708333333333336,11.116666666666667,1.9,24,0
2021-10-26,1283560.0,11.075,87.66666666666667,68.20833333333333,68.33333333333333,10.558333333333334,0.0,24,0
2021-10-27,1285233.0,11.05,87.04166666666667,69.25,109.875,8.7125,0.0,24,0
2021-10-28,1286931.0,11.195833333333333,81.375,3.208333333333333,112.375,13.008333333333333,0.0,24,0
2021-10-29,1259464.0,12.758333333333333,80.83333333333333,68.70833333333333,39.16666666666666,17.8875,7.2,24,0
2021-10-30,1138530.0,12.925,90.75,99.83333333333331,29.45833333333333,15.125,10.7,24,0
2021-10-31,1072646.0,12.025,89.29166666666667,79.58333333333333,46.91666666666666,16.733333333333334,3.4,24,0
2021-11-01,1127101.0,9.95,81.70833333333333,39.41666666666666,82.125,17.383333333333333,1.2,24,1
2021-11-02,1317260.5,8.858333333333333,83.58333333333333,87.70833333333333,82.83333333333333,11.379166666666668,1.3,24,0
2021-11-03,1382803.0,7.945833333333333,87.41666666666667,70.04166666666667,87.83333333333333,10.35,5.7,24,0
2021-11-04,1445137.0,7.0375000000000005,87.16666666666667,83.125,66.79166666666667,13.979166666666666,0.9,24,0
2021-11-05,1448591.0,7.591666666666666,83.375,60.333333333333336,78.875,10.141666666666667,1.9,24,0
2021-11-06,1366382.0,5.3500000000000005,86.20833333333333,58.5,75.125,7.629166666666666,0.3,24,0
2021-11-07,1292163.0,9.729166666666666,81.25,99.79166666666669,44.458333333333336,13.4625,0.4,24,0
2021-11-08,1438442.5,7.533333333333334,83.875,84.79166666666667,72.375,6.166666666666667,0.0,24,0
2021-11-09,1494196.0,4.925,88.95833333333333,68.16666666666667,67.625,5.9375,0.0,24,0
2021-11-10,1527856.0,4.375,92.04166666666669,86.70833333333333,49.16666666666666,3.5666666666666664,0.0,24,0
2021-11-11,1370810.5,4.320833333333334,93.75,71.16666666666667,58.66666666666666,4.804166666666666,0.0,24,1
2021-11-12,1425618.0,5.9,87.83333333333333,80.70833333333333,72.83333333333333,9.445833333333333,0.0,24,0
2021-11-13,1292451.0,11.25,88.5,89.33333333333333,40.125,14.170833333333334,0.6,24,0
2021-11-14,1232627.5,10.245833333333334,88.5,87.45833333333333,44.208333333333336,11.729166666666666,0.0,24,0
2021-11-15,1452293.0,6.766666666666667,89.04166666666667,59.29166666666666,44.41666666666666,11.145833333333334,0.0,24,0
2021-11-16,1500708.5,7.120833333333334,85.5,96.0,21.666666666666668,6.370833333333334,0.1,24,0
2021-11-17,1498729.0,8.566666666666666,92.25,82.79166666666667,40.333333333333336,7.925,0.2,24,0
2021-11-18,1507192.5,5.0,95.95833333333331,94.95833333333331,51.708333333333336,6.091666666666666,0.0,24,0
2021-11-19,1499313.0,8.033333333333333,90.625,97.08333333333331,27.83333333333333,4.558333333333334,0.0,24,0
2021-11-20,1397479.5,8.145833333333334,91.95833333333331,100.0,28.0,4.9750000000000005,0.0,24,0
2021-11-21,1373896.0,6.933333333333334,90.58333333333331,86.70833333333333,18.916666666666668,8.616666666666667,1.0,24,0
2021-11-22,1576282.5,4.741666666666666,83.20833333333333,32.416666666666664,51.625,19.8,0.0,24,0
2021-11-23,1633031.0,3.516666666666667,78.16666666666667,0.25,73.29166666666667,13.958333333333334,0.0,24,0
2021-11-24,1646498.0,4.041666666666667,91.95833333333331,79.70833333333333,33.416666666666664,10.366666666666667,0.0,24,0
2021-11-25,1662357.0,3.5708333333333333,91.16666666666669,99.29166666666669,29.291666666666668,7.529166666666666,0.0,24,0
2021-11-26,1669969.0,4.408333333333333,89.66666666666667,94.95833333333331,33.25,16.620833333333334,2.7,24,0
2021-11-27,1568229.5,2.920833333333333,87.91666666666667,77.41666666666667,36.583333333333336,15.65,2.0,24,0
2021-11-28,1567191.0,3.970833333333333,81.91666666666667,89.66666666666667,35.541666666666664,22.27916666666667,1.5,24,0
2021-11-29,1763848.5,1.3833333333333335,86.79166666666667,16.291666666666668,57.083333333333336,10.616666666666667,0.0,24,0
2021-11-30,1792653.5,5.8,85.0,93.625,16.833333333333332,21.945833333333336,1.1,24,0
2021-12-01,1682194.0,8.520833333333334,84.625,59.79166666666666,54.375,23.65833333333333,4.7,24,0
2021-12-02,1719699.0,3.670833333333333,82.08333333333333,32.5,58.25,15.745833333333332,0.8,24,0
2021-12-03,1765554.0,2.6916666666666664,89.91666666666667,94.70833333333331,7.125,15.0375,8.9,24,0
2021-12-04,1513367.5,8.670833333333333,85.25,84.20833333333333,25.666666666666668,21.1125,5.8,24,0
2021-12-05,1525178.5,4.058333333333334,89.375,77.125,33.333333333333336,16.474999999999998,4.4,24,0
2021-12-06,1692718.5,4.741666666666666,90.16666666666669,77.95833333333333,31.375,13.891666666666666,3.8,24,0
2021-12-07,1715363.5,5.395833333333333,89.20833333333333,73.625,31.75,19.008333333333333,2.1,24,0
2021-12-08,1718159.0,4.591666666666667,84.04166666666667,30.875,52.125,15.304166666666667,1.0,24,0
2021-12-09,1760162.5,3.825,86.91666666666667,75.20833333333333,54.875,15.045833333333334,1.2,24,0
2021-12-10,1732705.0,6.033333333333334,81.08333333333333,62.79166666666666,47.333333333333336,24.72083333333333,14.5,24,0
2021-12-11,1595073.0,4.529166666666667,86.20833333333333,60.458333333333336,46.208333333333336,11.6625,0.2,24,0
2021-12-12,1488308.0,8.466666666666667,93.41666666666669,98.83333333333331,14.708333333333334,11.733333333333334,0.6000000000000001,24,0
2021-12-13,1625778.5,7.820833333333333,95.75,97.25,26.416666666666668,8.695833333333333,0.0,24,0
2021-12-14,1683503.5,5.141666666666667,95.29166666666669,100.0,19.0,4.079166666666667,0.0,24,0
2021-12-15,1684755.5,6.970833333333334,92.75,91.16666666666669,28.83333333333333,4.779166666666667,0.0,24,0
2021-12-16,1676598.0,7.566666666666666,91.0,77.16666666666667,26.166666666666668,7.166666666666667,0.0,24,0
2021-12-17,1671621.0,6.1125,91.375,26.541666666666668,38.75,11.35,0.0,24,0
2021-12-18,1564555.5,4.483333333333333,91.79166666666669,18.625,56.083333333333336,9.845833333333331,0.0,24,0
2021-12-19,1551064.5,5.2250000000000005,94.75,93.33333333333331,19.95833333333333,11.2375,0.0,24,0
2021-12-20,1737496.5,5.170833333333333,84.58333333333333,97.625,28.25,10.983333333333334,0.2,24,0
2021-12-21,1802659.0,-0.0291666666666666,88.375,15.458333333333334,58.91666666666666,7.720833333333334,0.0,24,0
2021-12-22,1851901.5,-2.625,91.0,58.708333333333336,46.04166666666666,8.816666666666666,0.0,24,0
2021-12-23,1711326.0,2.7916666666666665,88.29166666666667,79.91666666666667,49.583333333333336,10.020833333333334,0.0,24,0
2021-12-24,1473762.0,6.8875,96.66666666666669,99.375,17.75,8.041666666666666,8.3,24,0
2021-12-25,1288500.5,7.5625,96.79166666666669,100.0,20.416666666666668,6.3375,0.6,24,1
2021-12-26,1292245.0,7.816666666666666,95.875,84.45833333333333,24.70833333333333,9.0125,6.8,24,0
2021-12-27,1391183.0,9.1625,91.79166666666669,88.16666666666667,24.5,15.241666666666667,5.0,24,0
2021-12-28,1384823.0,11.0625,78.5,89.125,29.20833333333333,25.416666666666668,9.1,24,0
2021-12-29,1332848.5,12.279166666666669,87.75,100.0,11.083333333333334,17.654166666666665,6.7,24,0
2021-12-30,1268028.5,13.170833333333334,88.91666666666667,78.54166666666667,32.583333333333336,16.904166666666665,0.1,24,0
2021-12-31,1280972.5,10.441666666666666,91.5,41.16666666666666,51.708333333333336,10.2875,0.0,24,0
2022-01-01,1209425.5,9.1375,91.25,87.54166666666667,53.66666666666666,10.020833333333334,0.0,24,1
2022-01-02,1255500.5,11.591666666666669,79.125,89.66666666666667,43.625,18.258333333333333,1.2,24,0
2022-01-03,1428713.5,11.075,85.625,100.0,15.75,21.1125,4.6,24,0
2022-01-04,1492989.0,8.9375,89.33333333333333,99.875,14.75,16.7375,20.8,24,0
2022-01-05,1640034.0,3.170833333333333,79.375,21.58333333333333,57.125,13.995833333333332,0.0,24,0
2022-01-06,1741511.5,1.9208333333333332,83.33333333333333,53.708333333333336,57.54166666666666,8.741666666666667,0.0,24,0
2022-01-07,1738319.0,5.245833333333333,81.66666666666667,79.625,49.875,21.5625,5.699999999999999,24,0
2022-01-08,1563205.5,5.783333333333334,89.70833333333333,86.04166666666667,9.583333333333334,20.7,8.4,24,0
2022-01-09,1498916.0,4.441666666666666,85.375,72.29166666666667,33.916666666666664,17.616666666666667,3.2,24,0
2022-01-10,1670413.5,2.408333333333333,94.70833333333331,96.41666666666669,26.0,7.808333333333334,0.2,24,0
2022-01-11,1742757.5,-0.1499999999999999,92.125,32.416666666666664,59.66666666666666,7.191666666666666,0.0,24,0
2022-01-12,1802842.0,0.5166666666666667,91.75,88.625,20.33333333333333,4.266666666666667,0.0,24,0
2022-01-13,1833815.5,2.3916666666666666,93.70833333333331,69.04166666666667,34.791666666666664,8.65,0.0,24,0
2022-01-14,1854892.5,1.2291666666666667,89.70833333333333,0.0,66.5,7.304166666666667,0.0,24,0
2022-01-15,1748988.5,0.5458333333333333,94.83333333333331,70.83333333333333,38.083333333333336,4.804166666666666,0.0,24,0
2022-01-16,1697075.5,1.9625,92.25,96.125,19.666666666666668,11.504166666666668,0.5,24,0
2022-01-17,1792032.0,5.254166666666666,93.08333333333331,76.66666666666667,29.291666666666668,6.3125,0.1,24,0
2022-01-18,1802370.5,3.766666666666667,91.41666666666669,63.333333333333336,61.375,9.991666666666664,0.0,24,0
2022-01-19,1799480.5,4.1000000000000005,92.25,89.625,24.416666666666668,9.9,2.3,24,0
2022-01-20,1771139.0,3.6458333333333335,88.29166666666667,48.25,58.208333333333336,11.141666666666666,0.3,24,0
2022-01-21,1805668.0,2.716666666666667,88.5,70.29166666666667,39.16666666666666,9.466666666666669,0.0,24,0
2022-01-22,1689662.0,3.9125,84.91666666666667,99.41666666666669,36.458333333333336,6.070833333333333,0.0,24,0
2022-01-23,1618380.0,3.983333333333333,83.5,99.08333333333331,29.33333333333333,7.166666666666667,0.1,24,0
2022-01-24,1795286.5,1.35,90.45833333333331,2.1666666666666665,81.0,7.825,0.0,24,0
2022-01-25,1866347.5,-0.1458333333333334,96.0,87.41666666666667,27.20833333333333,4.429166666666666,0.0,24,0
2022-01-26,1880979.5,1.2666666666666666,94.66666666666669,100.0,22.416666666666668,6.358333333333333,0.0,24,0
2022-01-27,1859835.5,3.9625,88.16666666666667,97.29166666666669,35.5,12.583333333333334,0.5,24,0
2022-01-28,1783939.5,5.158333333333333,90.54166666666669,94.375,36.375,7.620833333333334,0.2,24,0
2022-01-29,1611200.5,8.345833333333333,88.625,100.0,19.75,16.7375,0.4,24,0
2022-01-30,1490619.0,7.858333333333333,82.08333333333333,80.04166666666667,80.70833333333333,7.616666666666667,0.4,24,0
2022-01-31,1678431.5,6.279166666666666,68.29166666666667,70.70833333333333,65.29166666666667,22.34166666666667,0.6,24,0
2022-02-01,1724861.0,6.025,85.04166666666667,88.54166666666667,13.125,17.145833333333332,0.8,24,0
2022-02-02,1615072.5,9.5125,85.04166666666667,99.625,30.45833333333333,15.329166666666666,0.1,24,0
2022-02-03,1622334.5,6.625,86.16666666666667,96.54166666666669,34.833333333333336,11.033333333333331,0.0,24,0
2022-02-04,1596169.5,7.1125,84.66666666666667,71.04166666666667,37.41666666666666,16.6,0.8,24,0
2022-02-05,1490271.0,5.375,77.70833333333333,47.25,86.875,13.8625,0.0,24,0
2022-02-06,1477362.5,8.520833333333334,82.20833333333333,100.0,14.666666666666666,29.8125,5.3,24,0
2022-02-07,1556046.5,6.433333333333334,73.91666666666667,37.41666666666666,86.41666666666667,13.391666666666666,0.2,24,0
2022-02-08,1596477.5,8.3375,82.41666666666667,91.45833333333331,49.75,10.479166666666666,0.1,24,0
2022-02-09,1588110.0,5.175,89.08333333333333,66.66666666666667,92.41666666666669,4.416666666666667,0.0,24,0
2022-02-10,1579516.0,6.766666666666667,87.04166666666667,96.70833333333331,29.916666666666668,12.9625,3.1,24,0
2022-02-11,1599693.5,3.3833333333333333,84.20833333333333,36.41666666666666,88.375,8.416666666666666,0.0,24,0
2022-02-12,1545013.0,1.875,79.58333333333333,53.25,118.125,10.525,0.0,24,0
2022-02-13,1459789.5,5.7125,75.125,84.04166666666667,102.125,17.641666666666666,0.0,24,0
2022-02-14,1550553.5,9.0375,77.70833333333333,82.66666666666667,83.70833333333333,21.004166666666663,1.3,24,0
2022-02-15,1607200.5,6.891666666666667,85.125,51.41666666666666,80.04166666666667,18.6125,1.2,24,0
2022-02-16,1565713.5,11.745833333333332,87.125,99.91666666666669,30.75,27.254166666666663,6.3,24,0
2022-02-17,1461083.0,11.6,68.25,73.54166666666667,101.625,25.02083333333333,0.6000000000000001,24,0
2022-02-18,1440886.5,10.095833333333331,75.54166666666667,91.20833333333331,27.041666666666668,26.075,1.0,24,0
2022-02-19,1403791.0,6.254166666666666,66.54166666666667,44.833333333333336,110.875,23.666666666666668,0.5,24,0
2022-02-20,1349612.5,10.029166666666669,77.41666666666667,91.79166666666669,55.0,27.7125,0.2,24,0
2022-02-21,1521571.0,8.070833333333333,70.5,57.0,91.75,31.625,2.2,24,0
2022-02-22,1531129.5,8.475,80.83333333333333,71.375,42.583333333333336,18.0125,0.2,24,0
2022-02-23,1493087.5,7.616666666666666,83.79166666666667,69.54166666666667,79.875,9.341666666666669,0.1,24,0
2022-02-24,1516491.0,8.104166666666666,76.83333333333333,69.25,84.16666666666667,17.724999999999998,2.4,24,0
2022-02-25,1551652.5,5.058333333333334,70.75,6.916666666666667,128.95833333333334,14.7875,0.9,24,0
2022-02-26,1457204.0,3.5583333333333336,76.33333333333333,6.875,147.45833333333334,11.291666666666666,0.0,24,0
2022-02-27,1421986.0,3.670833333333333,65.125,0.625,153.41666666666666,12.945833333333333,0.0,24,0
2022-02-28,1536676.0,3.341666666666667,70.79166666666667,17.0,155.375,8.987499999999999,0.0,24,0
2022-03-01,1534365.5,5.129166666666666,75.08333333333333,99.70833333333331,46.958333333333336,5.908333333333334,0.4,24,0
2022-03-02,1514756.0,6.429166666666667,74.04166666666667,99.54166666666669,82.29166666666667,7.337499999999999,0.0,24,0
2022-03-03,1480785.5,7.7625,87.5,89.20833333333333,75.29166666666667,7.0625,0.4,24,0
2022-03-04,1476572.0,7.920833333333333,90.75,92.625,56.5,5.741666666666667,2.0,24,0
2022-03-05,1401127.0,6.954166666666667,81.04166666666667,67.16666666666667,114.875,5.620833333333334,0.0,24,0
2022-03-06,1400752.5,4.404166666666667,70.04166666666667,32.666666666666664,158.0,13.845833333333331,0.0,24,0
2022-03-07,1613004.0,2.5416666666666665,63.0,21.541666666666668,171.33333333333334,16.104166666666668,0.0,24,0
2022-03-08,1612243.0,4.375,65.83333333333333,0.0,171.16666666666666,12.054166666666667,0.0,24,0
2022-03-09,1524877.0,7.620833333333334,76.41666666666667,27.5,158.04166666666666,11.345833333333331,0.0,24,0
2022-03-10,1464189.0,9.216666666666669,71.66666666666667,54.04166666666666,170.04166666666666,10.941666666666668,0.0,24,0
2022-03-11,1453788.5,9.670833333333333,78.91666666666667,80.75,76.66666666666667,17.579166666666666,4.2,24,0
2022-03-12,1339861.0,8.35,86.375,89.16666666666667,64.45833333333333,16.529166666666665,2.4,24,0
2022-03-13,1313462.0,8.629166666666666,81.375,100.0,65.0,18.23333333333333,5.6000000000000005,24,0
2022-03-14,1445519.5,8.379166666666666,79.16666666666667,66.91666666666667,172.83333333333334,10.495833333333334,0.0,24,0
2022-03-15,1414101.0,9.5125,88.04166666666667,100.0,51.5,8.0,9.2,24,0
2022-03-16,1395999.0,11.470833333333331,88.16666666666667,72.29166666666667,141.16666666666666,9.7125,1.2,24,0
2022-03-17,1422262.5,8.841666666666667,75.375,97.625,149.79166666666666,15.279166666666669,0.4,24,0
2022-03-18,1436476.5,8.075000000000001,64.25,0.2916666666666667,200.0,17.195833333333333,0.0,24,0
2022-03-19,1287228.5,10.0875,55.29166666666666,0.0,200.0,19.725,0.0,24,0
2022-03-20,1230321.0,6.716666666666666,59.29166666666666,10.625,200.79166666666663,9.116666666666667,0.0,24,0
2022-03-21,1328832.5,10.066666666666666,76.58333333333333,28.20833333333333,190.16666666666663,8.408333333333333,0.0,24,0
2022-03-22,1329832.5,10.516666666666667,66.41666666666667,1.0,206.125,11.383333333333333,0.0,24,0
2022-03-23,1334586.5,9.4,63.54166666666666,0.0,210.0,9.495833333333334,0.0,24,0
2022-03-24,1321457.0,10.4125,62.79166666666666,0.0,211.91666666666663,8.641666666666667,0.0,24,0
2022-03-25,1275382.0,11.304166666666667,55.79166666666666,0.0,215.125,11.379166666666668,0.0,24,0
2022-03-26,1141150.5,11.270833333333334,57.458333333333336,0.0,219.125,12.645833333333334,0.0,24,0
2022-03-27,1079832.5,11.966666666666669,63.04166666666666,0.0,218.75,10.541666666666666,0.0,24,0
2022-03-28,1207613.0,11.895833333333334,69.04166666666667,68.125,197.45833333333331,6.958333333333333,0.0,24,0
2022-03-29,1231342.0,11.479166666666666,73.375,99.66666666666669,78.625,6.570833333333333,10.2,24,0
2022-03-30,1282231.5,10.166666666666666,85.79166666666667,78.66666666666667,112.04166666666669,6.6000000000000005,6.7,24,0
2022-03-31,1376432.5,5.670833333333333,76.375,85.25,101.125,17.55,1.3,24,0
2022-04-01,1559846.5,2.4791666666666665,68.75,86.58333333333333,58.458333333333336,25.575,3.5,24,0
2022-04-02,1504910.0,3.4333333333333336,57.54166666666666,45.91666666666666,192.83333333333331,19.854166666666668,0.0,24,0
2022-04-03,1449537.0,3.8625,58.66666666666666,57.125,189.25,12.729166666666666,0.0,24,0
2022-04-04,1556734.0,4.383333333333334,70.70833333333333,73.125,126.33333333333331,14.5875,0.4,24,0
2022-04-05,1487853.0,10.095833333333331,84.0,84.79166666666667,86.33333333333333,15.979166666666666,0.9,24,0
2022-04-06,1431358.0,9.945833333333333,75.0,93.45833333333331,102.20833333333331,19.366666666666667,2.0,24,0
2022-04-07,1402303.0,11.333333333333334,74.16666666666667,93.5,111.41666666666669,30.90833333333333,1.9,24,0
2022-04-08,1395592.0,6.120833333333334,85.58333333333333,96.66666666666669,67.54166666666667,15.441666666666668,26.8,24,0
2022-04-09,1299054.0,5.458333333333333,78.125,61.5,170.70833333333334,11.379166666666668,2.2,24,0
2022-04-10,1236386.5,6.295833333333333,70.58333333333333,56.708333333333336,245.58333333333331,7.858333333333333,0.0,24,0
2022-04-11,1299316.5,10.858333333333334,64.125,88.58333333333333,233.25,13.758333333333333,0.0,24,0
2022-04-12,1248943.5,14.35,69.20833333333333,93.45833333333331,177.54166666666666,12.054166666666667,0.0,24,0
2022-04-13,1231542.0,13.158333333333331,86.79166666666667,99.91666666666669,96.33333333333331,4.195833333333334,7.9,24,0
2022-04-14,1189219.5,13.8,79.125,70.75,214.58333333333331,6.5125,0.2,24,0
2022-04-15,1128363.0,13.725,74.125,62.5,245.41666666666663,7.625,0.0,24,0
2022-04-16,1008578.0,12.854166666666666,72.125,24.33333333333333,264.0416666666667,11.95,0.0,24,0
2022-04-17,956312.0,12.108333333333334,58.458333333333336,39.833333333333336,276.0,9.966666666666669,0.0,24,0
2022-04-18,981811.5,12.320833333333333,58.29166666666666,87.91666666666667,224.04166666666663,6.808333333333334,0.0,24,1
2022-04-19,1139612.5,12.025,68.66666666666667,97.16666666666669,219.29166666666663,11.441666666666668,0.1,24,0
2022-04-20,1179844.0,12.433333333333332,62.54166666666666,86.25,249.83333333333331,12.0375,0.0,24,0
2022-04-21,1173360.0,12.65,56.083333333333336,64.33333333333333,270.5833333333333,12.8625,0.0,24,0
2022-04-22,1142276.5,13.891666666666666,59.0,39.5,239.91666666666663,13.1875,0.0,24,0
2022-04-23,1050287.5,13.333333333333334,69.625,88.08333333333333,173.625,11.945833333333333,3.3,24,0
2022-04-24,1020474.5,13.516666666666666,67.70833333333333,66.29166666666667,235.33333333333331,10.2125,0.0,24,0
2022-04-25,1160756.5,12.1375,63.75,30.125,255.54166666666663,11.183333333333332,0.4,24,0
2022-04-26,1175090.5,10.420833333333333,70.70833333333333,42.833333333333336,178.875,10.529166666666669,0.1,24,0
2022-04-27,1161267.0,11.770833333333334,63.75,26.625,228.875,13.416666666666666,0.0,24,0
2022-04-28,1145695.0,14.354166666666666,61.333333333333336,39.0,276.6666666666667,13.341666666666669,0.0,24,0
2022-04-29,1122162.0,13.904166666666669,63.958333333333336,69.16666666666667,243.41666666666663,11.679166666666667,3.1,24,0
2022-04-30,1013024.0,11.258333333333333,63.958333333333336,59.16666666666666,222.33333333333331,13.233333333333334,0.0,24,0
2022-05-01,952082.0,10.858333333333334,61.29166666666666,99.25,208.33333333333331,9.958333333333334,0.0,24,1
2022-05-02,1100601.5,13.0625,61.208333333333336,97.66666666666669,179.375,10.708333333333334,0.1,24,0
2022-05-03,1132594.5,14.0875,56.583333333333336,46.125,234.20833333333331,13.066666666666668,0.0,24,0
2022-05-04,1143211.0,13.079166666666667,65.5,85.04166666666667,154.5,8.904166666666667,0.0,24,0
2022-05-05,1148971.5,13.575,71.25,60.79166666666666,192.41666666666663,12.4125,0.4,24,0
2022-05-06,1133347.5,15.045833333333334,68.25,50.04166666666666,262.2083333333333,8.933333333333334,0.0,24,0
2022-05-07,1001228.5,15.15,68.91666666666667,64.25,228.5,7.85,1.0,24,0
2022-05-08,942966.5,15.925,68.70833333333333,11.541666666666666,279.8333333333333,11.008333333333333,0.1,24,1
2022-05-09,1083169.5,17.1375,63.5,39.375,284.0833333333333,5.270833333333333,0.0,24,0
2022-05-10,1100633.0,19.791666666666668,57.79166666666666,85.125,245.79166666666663,12.625,0.0,24,0
2022-05-11,1101018.0,18.34583333333333,66.08333333333333,25.58333333333333,282.0833333333333,14.608333333333334,0.0,24,0
2022-05-12,1101846.5,16.058333333333334,63.0,80.625,222.08333333333331,9.954166666666667,0.0,24,0
2022-05-13,1089172.0,14.845833333333331,62.41666666666666,28.541666666666668,318.0,8.245833333333334,0.0,24,0
2022-05-14,975695.5,15.920833333333334,62.208333333333336,61.04166666666666,298.5833333333333,6.3875,0.0,24,0
2022-05-15,921274.0,20.675,52.04166666666666,78.41666666666667,273.3333333333333,11.725,0.2,24,0
2022-05-16,1070926.0,20.1125,66.375,65.375,269.6666666666667,11.883333333333333,0.5,24,0
2022-05-17,1104474.5,22.179166666666664,56.708333333333336,54.875,277.5416666666667,7.670833333333333,2.7,24,0
2022-05-18,1119401.5,21.75,65.45833333333333,71.5,290.5833333333333,9.854166666666666,2.2,24,0
2022-05-19,1117093.0,21.575,67.95833333333333,88.91666666666667,233.20833333333331,9.55,0.4,24,0
2022-05-20,1099772.5,17.279166666666665,80.91666666666667,75.66666666666667,148.75,13.15,16.400000000000002,24,0
2022-05-21,981585.5,16.625,70.04166666666667,61.375,243.70833333333331,6.637499999999999,0.0,24,0
2022-05-22,931655.5,18.075,68.08333333333333,90.0,224.0,9.116666666666664,0.3,24,0
2022-05-23,1075251.5,16.741666666666667,81.54166666666667,91.83333333333331,121.25,11.708333333333334,6.3,24,0
2022-05-24,1078277.5,13.525,74.0,56.5,250.25,14.158333333333331,6.0,24,0
2022-05-25,1083751.0,14.4375,68.375,49.04166666666666,259.75,12.395833333333334,0.1,24,0
2022-05-26,966439.5,16.295833333333334,70.375,97.66666666666669,163.91666666666666,13.55,0.3,24,1
2022-05-27,1000475.0,15.741666666666667,71.20833333333333,58.333333333333336,184.29166666666663,13.620833333333332,0.7000000000000001,24,0
2022-05-28,952129.0,14.208333333333334,67.29166666666667,33.833333333333336,279.4166666666667,11.270833333333334,0.1,24,0
2022-05-29,912474.0,11.85,59.875,48.0,178.125,12.808333333333332,0.0,24,0
2022-05-30,1069431.0,12.7125,62.833333333333336,52.625,248.66666666666663,7.429166666666667,0.0,24,0
2022-05-31,1098575.5,14.95,57.54166666666666,31.58333333333333,276.4166666666667,8.895833333333334,0.1,24,0
2022-06-01,1104511.5,14.729166666666666,61.625,44.125,326.0416666666667,8.291666666666666,0.0,24,0
2022-06-02,1107327.5,17.020833333333332,55.208333333333336,60.66666666666666,315.625,11.879166666666668,0.0,24,0
2022-06-03,1096778.5,17.900000000000002,70.5,78.04166666666667,184.125,7.858333333333333,8.2,24,0
2022-06-04,984551.0,20.125,77.79166666666667,58.91666666666666,281.6666666666667,8.1875,1.1,24,0
2022-06-05,913757.5,18.633333333333333,78.79166666666667,69.625,245.625,12.958333333333334,5.8,24,0
2022-06-06,951799.5,16.445833333333333,71.25,54.25,216.625,11.15,0.4,24,1
2022-06-07,1077188.5,17.425,72.5,73.16666666666667,218.29166666666663,14.158333333333331,1.0,24,0
2022-06-08,1094796.0,16.745833333333334,75.375,68.58333333333333,192.25,14.616666666666667,17.0,24,0
2022-06-09,1092213.0,15.979166666666666,67.75,72.0,239.625,14.466666666666669,0.3,24,0
2022-06-10,1090254.5,18.15833333333333,72.16666666666667,44.583333333333336,231.70833333333331,9.841666666666669,0.0,24,0
2022-06-11,983101.0,19.1125,71.75,44.25,281.8333333333333,7.8625,0.0,24,0
2022-06-12,936005.0,17.508333333333333,65.125,32.333333333333336,337.25,9.704166666666667,0.0,24,0
2022-06-13,1084226.0,16.4875,64.83333333333333,14.166666666666666,330.875,8.929166666666667,0.0,24,0
2022-06-14,1124469.0,18.52083333333333,61.375,37.79166666666666,331.0416666666667,9.2125,0.0,24,0
2022-06-15,1151049.0,21.666666666666668,56.66666666666666,21.041666666666668,323.0,8.366666666666667,0.0,24,0
2022-06-16,1161026.0,22.15,54.208333333333336,38.75,340.4166666666667,7.958333333333333,0.0,24,0
2022-06-17,1164940.5,24.666666666666668,52.958333333333336,45.583333333333336,329.25,5.970833333333334,0.0,24,0
2022-06-18,1058594.0,27.829166666666666,49.625,9.291666666666666,333.875,8.529166666666667,0.0,24,0
2022-06-19,977970.0,20.78333333333333,68.04166666666667,63.41666666666666,281.6666666666667,15.679166666666667,1.6,24,0
2022-06-20,1113161.5,17.916666666666668,76.95833333333333,80.79166666666667,246.5,14.025,18.9,24,0
2022-06-21,1133284.0,19.08333333333333,71.125,60.083333333333336,294.2916666666667,10.795833333333334,1.4,24,0
2022-06-22,1132699.5,19.558333333333334,73.91666666666667,93.29166666666669,204.95833333333331,9.9375,0.5,24,0
2022-06-23,1125700.5,21.3625,72.70833333333333,71.875,283.4583333333333,9.879166666666666,6.2,24,0
2022-06-24,1091905.0,19.945833333333333,72.25,77.875,255.29166666666663,15.0625,7.5,24,0
2022-06-25,970150.5,16.808333333333334,81.79166666666667,95.45833333333331,86.875,9.770833333333334,8.8,24,0
2022-06-26,927600.5,16.462500000000002,75.41666666666667,87.45833333333333,238.375,9.1375,0.4,24,0
2022-06-27,1071071.5,17.25,69.91666666666667,69.875,246.5,8.5875,3.7,24,0
2022-06-28,1095789.5,18.416666666666668,66.5,26.45833333333333,324.125,7.120833333333334,0.0,24,0
2022-06-29,1108210.0,18.7625,65.125,59.04166666666666,300.6666666666667,9.7625,0.3,24,0
2022-06-30,1107108.5,15.420833333333334,80.41666666666667,79.75,84.25,6.191666666666666,10.3,24,0
2022-07-01,1079018.5,15.9375,69.75,42.41666666666666,249.91666666666663,8.908333333333333,0.6,24,0
2022-07-02,979550.5,18.27083333333333,64.08333333333333,9.25,333.4166666666667,6.729166666666667,0.0,24,0
2022-07-03,912478.0,17.895833333333332,64.66666666666667,15.541666666666666,322.2083333333333,10.258333333333333,0.0,24,0
2022-07-04,1090690.0,18.075,65.54166666666667,7.083333333333333,339.25,7.945833333333333,0.0,24,0
2022-07-05,1123284.0,18.241666666666667,64.41666666666667,8.416666666666666,328.5833333333333,10.8625,0.0,24,0
2022-07-06,1120728.5,18.791666666666668,61.583333333333336,47.333333333333336,262.7083333333333,9.7875,0.0,24,0
2022-07-07,1132211.5,18.84583333333333,68.04166666666667,53.29166666666666,200.25,14.416666666666666,0.0,24,0
2022-07-08,1125426.0,18.5125,59.29166666666666,0.0,334.2916666666667,9.395833333333334,0.0,24,0
2022-07-09,1016777.5,21.416666666666668,59.16666666666666,43.54166666666666,314.7083333333333,10.704166666666666,0.0,24,0
2022-07-10,957674.0,19.995833333333334,57.125,14.083333333333334,329.7083333333333,13.679166666666667,0.0,24,0
2022-07-11,1124017.0,22.5,55.16666666666666,19.20833333333333,330.375,10.9625,0.0,24,0
2022-07-12,1166690.5,24.433333333333334,52.958333333333336,88.625,315.9583333333333,6.133333333333333,0.0,24,0
2022-07-13,1171494.0,26.725,40.083333333333336,71.375,293.8333333333333,8.195833333333333,0.0,24,0
2022-07-14,1039839.0,24.375,50.41666666666666,33.875,325.7916666666667,13.1,0.0,24,1
2022-07-15,1078964.0,21.104166666666668,44.875,0.875,332.25,11.533333333333331,0.0,24,0
2022-07-16,1016321.5,21.85833333333333,45.625,10.041666666666666,331.4583333333333,10.020833333333334,0.0,24,0
2022-07-17,978232.5,23.79583333333333,40.75,49.708333333333336,320.0833333333333,11.0125,0.0,24,0
2022-07-18,1160765.0,27.508333333333336,35.833333333333336,15.625,324.125,7.825,0.0,24,0
2022-07-19,1192220.5,30.133333333333336,35.125,4.875,325.5833333333333,15.745833333333332,0.0,24,0
2022-07-20,1167893.5,21.65416666666667,75.875,79.66666666666667,147.58333333333334,11.004166666666668,15.1,24,0
2022-07-21,1157346.0,20.875,73.5,50.5,228.0,7.154166666666666,0.1,24,0
2022-07-22,1143095.5,20.291666666666668,81.5,70.5,165.83333333333334,9.241666666666667,6.9,24,0
2022-07-23,1016939.0,21.054166666666667,76.625,76.0,255.125,9.05,2.1,24,0
2022-07-24,974900.5,23.541666666666668,63.583333333333336,32.5,311.375,8.512500000000001,0.0,24,0
2022-07-25,1108357.5,22.29583333333333,59.875,55.625,235.08333333333331,15.691666666666668,0.4,24,0
2022-07-26,1110631.0,19.1125,65.25,47.54166666666666,171.04166666666666,11.625,0.3999999999999999,24,0
2022-07-27,1101208.0,19.4875,57.04166666666666,52.125,233.54166666666663,9.891666666666667,0.2,24,0
2022-07-28,1103237.5,20.47083333333333,47.333333333333336,85.0,232.04166666666663,8.491666666666667,0.5,24,0
2022-07-29,1077342.0,21.97083333333333,47.0,37.333333333333336,280.0833333333333,7.654166666666666,0.1,24,0
2022-07-30,976221.0,23.53333333333333,51.708333333333336,63.04166666666666,266.625,8.766666666666667,0.1,24,0
2022-07-31,932292.0,22.308333333333334,66.16666666666667,22.08333333333333,247.33333333333331,10.983333333333334,0.0,24,0
2022-08-01,1048850.5,21.870833333333334,67.625,64.41666666666667,186.41666666666663,7.879166666666666,0.5,24,0
2022-08-02,1076996.5,23.191666666666663,58.833333333333336,57.375,285.3333333333333,6.525,0.0,24,0
2022-08-03,1095352.0,26.64583333333333,53.875,14.0,296.0833333333333,5.154166666666667,0.0,24,0
2022-08-04,1088063.0,23.7,64.33333333333333,78.41666666666667,213.45833333333331,11.95,4.9,24,0
2022-08-05,1052370.0,20.570833333333333,65.16666666666667,47.375,255.41666666666663,14.120833333333332,2.3000000000000003,24,0
2022-08-06,958212.5,18.704166666666666,44.04166666666666,0.3333333333333333,307.25,15.229166666666666,0.0,24,0
2022-08-07,908362.0,20.23333333333333,44.833333333333336,9.666666666666666,296.4583333333333,15.329166666666666,0.0,24,0
2022-08-08,1007454.5,21.6125,46.208333333333336,0.0,296.25,14.783333333333331,0.0,24,0
2022-08-09,1030787.0,23.47083333333333,46.583333333333336,0.0,292.2083333333333,14.625,0.0,24,0
2022-08-10,1040169.0,25.7,38.875,1.5,290.9166666666667,13.533333333333331,0.0,24,0
2022-08-11,1049412.5,25.6125,34.458333333333336,0.0,289.625,13.15,0.0,24,0
2022-08-12,1051334.5,25.6875,35.666666666666664,0.0,290.4583333333333,11.333333333333334,0.0,24,0
2022-08-13,967139.5,25.35833333333333,33.583333333333336,6.833333333333333,286.5,11.083333333333334,0.0,24,0
2022-08-14,892892.5,21.625,55.958333333333336,95.95833333333331,98.66666666666669,8.095833333333333,4.4,24,0
2022-08-15,902757.5,20.7375,73.04166666666667,68.75,202.41666666666663,7.325,6.7,24,1
2022-08-16,1001697.0,20.666666666666668,77.25,94.83333333333331,144.16666666666666,6.108333333333333,14.0,24,0
2022-08-17,997484.0,20.591666666666665,77.20833333333333,75.0,178.625,7.366666666666667,9.4,24,0
2022-08-18,995463.0,20.90833333333333,74.25,50.625,221.75,7.641666666666667,2.8000000000000003,24,0
2022-08-19,995385.5,20.016666666666666,79.08333333333333,70.08333333333333,132.125,11.441666666666668,2.9000000000000004,24,0
2022-08-20,930742.0,18.5125,70.625,43.833333333333336,252.16666666666663,8.429166666666667,0.0,24,0
2022-08-21,890592.0,19.779166666666665,65.70833333333333,69.83333333333333,194.75,8.5875,0.1,24,0
2022-08-22,1025079.0,20.979166666666668,66.25,74.58333333333333,176.91666666666666,6.8500000000000005,0.0,24,0
2022-08-23,1069721.5,22.804166666666664,68.04166666666667,60.583333333333336,187.04166666666663,5.325,0.4,24,0
2022-08-24,1088808.5,24.475,60.458333333333336,25.25,240.29166666666663,6.7125,0.0,24,0
2022-08-25,1092353.5,23.504166666666663,56.875,77.45833333333333,218.04166666666663,11.304166666666667,0.3,24,0
2022-08-26,1075289.5,21.45833333333333,66.04166666666667,59.41666666666666,211.625,13.045833333333334,0.5,24,0
2022-08-27,964358.5,20.041666666666668,59.125,34.0,249.5,10.6375,0.0,24,0
2022-08-28,915120.5,20.2,59.625,51.41666666666666,176.29166666666666,10.675,0.0,24,0
2022-08-29,1070113.0,22.266666666666666,47.625,34.208333333333336,240.79166666666663,12.95,0.0,24,0
2022-08-30,1104337.0,21.216666666666665,54.333333333333336,61.583333333333336,176.41666666666666,8.4,0.2,24,0
2022-08-31,1100673.5,21.4,55.0,36.75,207.66666666666663,9.904166666666669,0.0,24,0
2022-09-01,1103737.0,22.191666666666663,59.375,61.625,197.33333333333331,8.908333333333333,0.0,24,0
2022-09-02,1080682.0,20.008333333333333,70.625,84.83333333333333,142.5,7.9875,3.6,24,0
2022-09-03,963890.5,19.291666666666668,78.0,47.625,177.625,9.6,1.9,24,0
2022-09-04,928009.0,21.5,56.91666666666666,61.375,214.08333333333331,8.1875,0.0,24,0
2022-09-05,1081898.0,22.041666666666668,55.833333333333336,53.125,170.16666666666666,7.183333333333334,0.1,24,0
2022-09-06,1097932.5,20.429166666666667,73.125,42.25,190.95833333333331,8.745833333333334,13.8,24,0
2022-09-07,1089544.5,18.2125,84.91666666666667,74.0,138.20833333333334,10.529166666666669,6.5,24,0
2022-09-08,1074378.5,17.633333333333333,77.54166666666667,54.04166666666666,188.625,16.625,3.8,24,0
2022-09-09,1064426.5,16.891666666666666,75.83333333333333,70.125,146.0,19.7875,4.0,24,0
2022-09-10,954550.0,16.441666666666666,81.41666666666667,69.04166666666667,84.58333333333333,15.104166666666666,1.7,24,0
2022-09-11,910437.5,16.333333333333332,80.83333333333333,54.583333333333336,190.41666666666663,6.308333333333334,0.0,24,0
2022-09-12,1063754.5,19.070833333333333,73.08333333333333,28.75,213.16666666666663,8.383333333333333,0.0,24,0
2022-09-13,1100296.0,20.741666666666667,72.20833333333333,100.0,116.95833333333331,9.254166666666666,1.6,24,0
2022-09-14,1096499.0,20.85,82.66666666666667,87.66666666666667,142.29166666666666,10.995833333333332,17.5,24,0
2022-09-15,1083281.0,18.4,73.625,66.625,158.79166666666666,10.5375,0.7,24,0
2022-09-16,1063121.5,14.741666666666667,66.375,69.20833333333333,127.79166666666669,9.966666666666669,0.7,24,0
2022-09-17,946706.5,11.725,63.958333333333336,14.541666666666666,173.91666666666666,12.941666666666665,0.0,24,0
2022-09-18,906446.0,12.4625,66.70833333333333,24.791666666666668,170.25,12.391666666666666,0.0,24,0
2022-09-19,1048766.0,12.841666666666669,67.375,29.0,164.83333333333334,9.379166666666666,0.0,24,0
2022-09-20,1080044.0,12.291666666666666,70.75,46.125,147.91666666666666,6.55,0.0,24,0
2022-09-21,1079710.0,12.816666666666668,72.16666666666667,18.125,181.16666666666663,8.799999999999999,0.0,24,0
2022-09-22,1084304.0,12.891666666666666,67.375,43.875,192.0,6.191666666666666,0.0,24,0
2022-09-23,1075155.5,14.3875,66.58333333333333,100.0,100.25,4.704166666666667,0.1,24,0
2022-09-24,964005.0,14.241666666666667,82.79166666666667,99.20833333333331,100.5,6.658333333333334,3.3000000000000003,24,0
2022-09-25,920067.5,13.804166666666667,73.70833333333333,63.208333333333336,154.125,12.433333333333332,0.1,24,0
2022-09-26,1085847.0,12.4625,75.95833333333333,97.75,59.5,17.766666666666666,6.7,24,0
2022-09-27,1124550.0,11.5375,82.0,74.45833333333333,67.54166666666667,18.0125,3.7,24,0
2022-09-28,1124816.0,11.916666666666666,79.75,92.125,122.16666666666669,10.825,1.8,24,0
2022-09-29,1117980.0,10.9,80.54166666666667,66.29166666666667,120.66666666666669,6.133333333333333,0.8,24,0
2022-09-30,1122153.5,11.5875,73.875,41.75,156.25,10.141666666666667,0.5,24,0
2022-10-01,1015139.0,16.179166666666667,74.125,65.41666666666667,137.5,22.55,6.7,24,0
2022-10-02,942283.0,15.35,86.29166666666667,73.95833333333333,65.16666666666667,14.425,6.3,24,0
2022-10-03,1081346.0,11.8375,87.08333333333333,78.83333333333333,115.16666666666669,6.204166666666667,0.0,24,0
2022-10-04,1106779.0,12.408333333333331,84.83333333333333,67.91666666666667,149.375,7.241666666666667,0.0,24,0
2022-10-05,1099652.0,15.979166666666666,78.29166666666667,37.04166666666666,145.29166666666666,16.2375,0.1,24,0
2022-10-06,1091790.5,13.854166666666666,73.33333333333333,34.625,151.5,7.541666666666667,0.0,24,0
2022-10-07,1086256.0,12.016666666666666,75.875,10.708333333333334,151.75,5.795833333333333,0.0,24,0
2022-10-08,977101.0,12.479166666666666,76.45833333333333,18.08333333333333,145.33333333333334,9.291666666666666,0.0,24,0
2022-10-09,943529.0,10.770833333333334,79.41666666666667,2.708333333333333,157.25,9.279166666666669,0.0,24,0
2022-10-10,1076355.5,13.825,84.375,91.125,97.20833333333331,9.7125,25.1,24,0
2022-10-11,1097536.5,12.3875,74.125,63.833333333333336,144.0,11.291666666666666,0.0,24,0
2022-10-12,1110536.0,11.566666666666668,82.41666666666667,56.04166666666666,123.70833333333331,5.141666666666667,0.0,24,0
2022-10-13,1114300.5,13.675,86.04166666666667,96.58333333333331,33.708333333333336,10.891666666666666,6.5,24,0
2022-10-14,1098096.5,15.058333333333332,93.25,100.0,24.875,10.758333333333333,5.6,24,0
2022-10-15,976520.0,16.216666666666665,82.45833333333333,99.54166666666669,76.5,15.733333333333334,2.4,24,0
2022-10-16,929829.5,16.425,85.5,93.70833333333331,74.66666666666667,8.9125,0.4,24,0
2022-10-17,1054247.5,17.145833333333332,89.08333333333333,97.875,20.416666666666668,10.608333333333333,15.5,24,0
2022-10-18,1066633.0,16.904166666666665,90.58333333333331,94.875,86.66666666666667,7.133333333333333,1.3,24,0
2022-10-19,1070749.5,17.266666666666666,85.79166666666667,78.04166666666667,116.95833333333331,13.708333333333334,0.0,24,0
2022-10-20,1070926.0,17.420833333333334,83.16666666666667,68.0,101.875,13.766666666666667,5.2,24,0
2022-10-21,1061795.5,16.708333333333332,81.875,81.29166666666667,102.29166666666669,16.0125,4.7,24,0
2022-10-22,955677.5,16.125,79.58333333333333,65.125,107.79166666666669,11.683333333333332,0.0,24,0
2022-10-23,909211.0,17.570833333333333,74.125,94.66666666666669,78.83333333333333,17.333333333333332,0.8,24,0
2022-10-24,1054179.0,16.4375,70.79166666666667,44.125,94.08333333333331,23.070833333333336,0.5,24,0
2022-10-25,1073950.5,14.958333333333334,83.875,69.375,85.75,12.341666666666669,0.1,24,0
2022-10-26,1068727.5,17.129166666666666,80.16666666666667,74.54166666666667,104.25,13.666666666666666,4.0,24,0
2022-10-27,1063938.5,16.983333333333334,80.33333333333333,91.95833333333331,75.58333333333333,11.920833333333334,0.7999999999999999,24,0
2022-10-28,1051009.0,18.508333333333333,74.04166666666667,95.04166666666669,93.5,11.883333333333333,0.0,24,0
2022-10-29,937187.5,18.429166666666667,75.5,98.33333333333331,91.58333333333331,10.354166666666666,0.2,24,0
2022-10-30,897524.0,14.416666666666666,84.75,99.33333333333331,65.70833333333333,8.049999999999999,0.2,24,0
2022-10-31,977906.5,14.904166666666669,86.0,82.875,93.04166666666669,12.304166666666667,5.6,24,0
2022-11-01,947197.0,14.295833333333334,72.66666666666667,42.458333333333336,87.625,23.3875,1.0,24,1
2022-11-02,1083584.0,12.4625,77.125,47.625,91.75,15.629166666666668,0.0,24,0
2022-11-03,1136101.5,12.041666666666666,82.625,88.625,27.75,18.433333333333334,3.3,24,0
2022-11-04,1166286.5,9.691666666666666,83.5,69.16666666666667,63.29166666666666,15.545833333333334,3.4,24,0
2022-11-05,1098368.0,8.4625,85.04166666666667,81.125,33.208333333333336,10.895833333333334,0.1,24,0
2022-11-06,1072202.0,10.425,83.125,83.875,15.125,18.72083333333333,8.4,24,0
2022-11-07,1183696.0,13.116666666666667,82.33333333333333,79.91666666666667,62.125,21.416666666666668,0.1,24,0
2022-11-08,1197784.0,13.3375,76.75,96.625,38.66666666666666,20.5375,2.4,24,0
2022-11-09,1195343.0,12.466666666666669,83.33333333333333,65.45833333333333,72.125,15.75,0.7,24,0
2022-11-10,1211589.5,9.391666666666667,89.20833333333333,46.66666666666666,73.625,10.020833333333334,0.0,24,0
2022-11-11,1093201.5,8.375,92.375,73.58333333333333,70.5,8.9125,0.0,24,1
2022-11-12,1075446.5,9.683333333333334,94.5,45.625,82.75,8.0375,0.0,24,0
2022-11-13,1054539.5,8.895833333333334,95.5,66.125,78.33333333333333,7.274999999999999,0.0,24,0
2022-11-14,1224726.0,9.558333333333334,92.79166666666669,88.54166666666667,47.083333333333336,8.770833333333334,0.1,24,0
2022-11-15,1246379.5,10.879166666666668,89.66666666666667,97.125,14.416666666666666,17.195833333333333,6.9,24,0
2022-11-16,1251224.0,10.783333333333331,86.66666666666667,77.08333333333333,47.625,21.53333333333333,6.4,24,0
2022-11-17,1245661.5,11.733333333333334,75.83333333333333,66.66666666666667,63.083333333333336,24.67083333333333,1.3,24,0
2022-11-18,1267701.0,8.612499999999999,85.70833333333333,41.958333333333336,52.29166666666666,15.0125,0.2,24,0
2022-11-19,1204471.0,6.766666666666667,87.70833333333333,16.333333333333332,69.58333333333333,10.470833333333331,0.4,24,0
2022-11-20,1185823.5,6.658333333333334,85.66666666666667,69.25,14.875,15.5875,2.5,24,0
2022-11-21,1370742.5,7.2,91.04166666666669,87.04166666666667,17.875,17.220833333333335,4.9,24,0
2022-11-22,1406521.5,7.541666666666667,79.5,54.125,48.333333333333336,22.67083333333333,2.9000000000000004,24,0
2022-11-23,1395965.5,7.870833333333334,84.58333333333333,33.708333333333336,29.541666666666668,17.633333333333333,3.8,24,0
2022-11-24,1375399.0,9.9,80.5,54.833333333333336,63.583333333333336,19.53333333333333,0.1,24,0
2022-11-25,1346907.5,8.979166666666666,87.79166666666667,39.16666666666666,57.208333333333336,13.125,6.1,24,0
2022-11-26,1276756.0,5.929166666666667,94.16666666666669,89.75,36.833333333333336,12.025,0.0,24,0
2022-11-27,1242221.5,7.579166666666667,86.54166666666667,100.0,10.958333333333334,14.945833333333333,8.3,24,0
2022-11-28,1367875.0,8.395833333333334,91.0,88.45833333333333,44.25,10.0875,4.7,24,0
2022-11-29,1441655.0,5.9625,95.41666666666669,84.91666666666667,32.958333333333336,5.05,0.7,24,0
2022-11-30,1475168.5,6.3125,90.45833333333331,98.45833333333331,24.166666666666668,8.987499999999999,0.0,24,0
2022-12-01,1517051.5,5.2,87.54166666666667,88.375,29.666666666666668,13.6625,0.0,24,0
2022-12-02,1544451.5,4.55,84.625,98.20833333333331,13.458333333333334,13.720833333333331,1.7000000000000002,24,0
2022-12-03,1452574.5,3.3708333333333336,84.20833333333333,100.0,25.75,17.358333333333334,0.1,24,0
2022-12-04,1421383.5,2.629166666666667,83.625,98.875,15.5,12.233333333333334,0.7999999999999999,24,0
2022-12-05,1591607.0,2.283333333333333,89.08333333333333,99.95833333333331,14.625,6.383333333333333,2.5,24,0
2022-12-06,1621574.0,3.0875,91.54166666666669,78.08333333333333,17.416666666666668,4.7375,0.0,24,0
2022-12-07,1624980.5,1.5750000000000002,95.16666666666669,95.41666666666669,27.791666666666668,5.229166666666667,0.0,24,0
2022-12-08,1660239.5,2.2041666666666666,92.5,92.91666666666669,30.625,3.4791666666666665,0.1,24,0
2022-12-09,1650018.0,1.3458333333333332,91.625,91.875,40.083333333333336,8.216666666666667,0.0,24,0
2022-12-10,1579364.5,0.9958333333333332,89.91666666666667,81.0,26.291666666666668,7.195833333333333,0.0,24,0
2022-12-11,1618436.5,-2.1166666666666667,88.79166666666667,27.0,50.54166666666666,8.541666666666666,0.0,24,0
2022-12-12,1819207.0,-2.333333333333333,86.04166666666667,59.333333333333336,48.833333333333336,8.845833333333333,0.7000000000000001,24,0
2022-12-13,1817728.0,-1.9125,68.70833333333333,97.29166666666669,48.375,9.870833333333334,0.0,24,0
2022-12-14,1717448.5,-1.0041666666666669,79.58333333333333,99.83333333333331,19.45833333333333,7.55,4.1,24,0
2022-12-15,1713240.0,-1.925,76.45833333333333,69.79166666666667,49.833333333333336,10.8625,0.0,24,0
2022-12-16,1715425.5,-1.8291666666666664,88.58333333333333,4.166666666666667,59.79166666666666,9.129166666666666,0.0,24,0
2022-12-17,1689928.5,-2.7291666666666665,90.66666666666669,64.91666666666667,31.375,7.158333333333334,0.0,24,0
2022-12-18,1628116.0,-1.475,83.75,91.79166666666669,18.041666666666668,12.416666666666666,4.5,24,0
2022-12-19,1532957.0,7.579166666666667,84.04166666666667,99.70833333333331,16.166666666666668,20.2125,5.5,24,0
2022-12-20,1427027.5,11.175,84.29166666666667,99.5,8.083333333333334,18.679166666666667,24.4,24,0
2022-12-21,1365562.5,10.016666666666667,93.66666666666669,92.5,17.625,16.041666666666668,14.5,24,0
2022-12-22,1326177.5,12.258333333333333,86.58333333333333,95.75,19.5,25.03333333333333,12.0,24,0
2022-12-23,1228786.0,12.870833333333332,88.58333333333333,98.33333333333331,18.375,20.29583333333333,6.8,24,0
2022-12-24,1123937.0,10.695833333333333,89.70833333333333,99.58333333333331,20.916666666666668,13.379166666666668,1.3,24,0
2022-12-25,1063115.0,11.154166666666669,91.625,93.16666666666669,20.166666666666668,14.3875,5.5,24,1
2022-12-26,1176222.0,9.491666666666667,87.41666666666667,70.75,34.625,16.333333333333332,1.8,24,0
2022-12-27,1284726.0,5.595833333333334,89.5,65.66666666666667,54.29166666666666,12.479166666666666,0.0,24,0
2022-12-28,1292544.0,9.9875,84.91666666666667,99.58333333333331,24.875,24.95833333333333,2.6,24,0
2022-12-29,1254978.5,9.9375,82.25,68.25,48.5,22.7625,1.1,24,0
2022-12-30,1255841.5,9.691666666666666,90.08333333333331,84.08333333333333,12.166666666666666,24.4875,8.4,24,0
2022-12-31,1109381.0,15.233333333333334,70.95833333333333,95.66666666666669,37.125,29.066666666666663,0.0,24,0
2023-01-01,1034512.0,13.366666666666667,71.625,99.70833333333331,6.166666666666667,19.179166666666667,3.8,24,1
2023-01-02,1193470.0,10.533333333333331,86.70833333333333,64.29166666666667,36.66666666666666,14.304166666666667,7.2,24,0
2023-01-03,1343388.0,7.504166666666666,90.66666666666669,52.91666666666666,44.41666666666666,15.4875,1.2,24,0
2023-01-04,1366507.5,11.654166666666669,88.45833333333333,100.0,9.291666666666666,25.691666666666663,3.1,24,0
2023-01-05,1329729.0,12.533333333333331,85.75,100.0,22.166666666666668,16.645833333333332,0.6000000000000001,24,0
2023-01-06,1325671.0,11.1375,84.20833333333333,90.5,22.83333333333333,16.775000000000002,0.0,24,0
2023-01-07,1221352.0,9.008333333333333,83.91666666666667,90.45833333333331,31.75,20.120833333333334,2.5,24,0
2023-01-08,1193400.5,9.2375,86.04166666666667,78.58333333333333,48.16666666666666,20.97083333333333,6.6,24,0
2023-01-09,1413839.0,6.945833333333333,77.16666666666667,59.66666666666666,40.875,24.041666666666668,0.1,24,0
2023-01-10,1467565.0,6.8500000000000005,86.875,92.25,10.666666666666666,19.45,2.8,24,0
2023-01-11,1413796.0,10.729166666666666,82.20833333333333,82.70833333333333,55.083333333333336,22.15833333333333,7.899999999999999,24,0
2023-01-12,1416711.5,10.904166666666669,76.875,99.41666666666669,20.95833333333333,28.10833333333333,0.7,24,0
2023-01-13,1393903.0,9.275,79.70833333333333,67.20833333333333,55.333333333333336,22.579166666666666,1.9,24,0
2023-01-14,1283398.0,10.429166666666667,87.16666666666667,100.0,10.958333333333334,25.191666666666663,8.5,24,0
2023-01-15,1279227.5,7.045833333333333,76.625,82.54166666666667,59.833333333333336,25.129166666666663,3.1,24,0
2023-01-16,1521268.5,5.0875,85.25,75.125,23.70833333333333,27.116666666666664,8.4,24,0
2023-01-17,1617855.0,1.5,92.29166666666669,95.625,31.291666666666668,9.045833333333333,3.8,24,0
2023-01-18,1686047.5,0.9583333333333334,83.125,61.0,69.625,11.0875,0.2,24,0
2023-01-19,1709032.5,0.4166666666666667,90.83333333333331,57.208333333333336,51.66666666666666,6.875,4.5,24,0
2023-01-20,1726698.0,1.2,87.375,28.83333333333333,63.875,11.366666666666667,0.2,24,0
2023-01-21,1625738.0,1.0125,83.45833333333333,42.625,66.33333333333333,16.354166666666668,0.1,24,0
2023-01-22,1660768.0,0.3791666666666666,78.75,99.66666666666669,28.375,15.6625,0.0,24,0
2023-01-23,1809407.0,1.5875,80.29166666666667,85.375,33.416666666666664,15.279166666666669,0.0,24,0
2023-01-24,1791848.5,1.1125,85.91666666666667,66.58333333333333,30.916666666666668,13.520833333333334,0.0,24,0
2023-01-25,1805469.5,1.3583333333333334,83.95833333333333,100.0,32.375,9.775,0.0,24,0
2023-01-26,1782102.5,2.025,88.20833333333333,90.375,10.875,8.279166666666667,0.4,24,0
2023-01-27,1728909.5,3.925,85.58333333333333,99.08333333333331,27.041666666666668,16.7375,0.5,24,0
2023-01-28,1616629.0,2.2666666666666666,78.45833333333333,79.375,40.41666666666666,14.354166666666666,0.0,24,0
2023-01-29,1579760.5,1.4,80.66666666666667,81.25,56.91666666666666,6.908333333333334,0.0,24,0
2023-01-30,1692812.5,5.2125,85.08333333333333,86.45833333333333,22.416666666666668,14.441666666666668,0.0,24,0
2023-01-31,1616706.5,3.4916666666666667,88.125,59.5,36.25,11.491666666666667,0.0,24,0
2023-02-01,1585771.0,7.570833333333333,75.70833333333333,95.375,49.04166666666666,17.645833333333332,0.0,24,0
2023-02-02,1573114.0,7.258333333333333,79.83333333333333,84.41666666666667,38.125,15.445833333333333,0.0,24,0
2023-02-03,1539757.0,8.320833333333333,79.58333333333333,97.79166666666669,34.5,15.3875,0.0,24,0
2023-02-04,1386325.5,8.829166666666667,86.375,93.29166666666669,50.5,10.3625,0.0,24,0
2023-02-05,1338597.0,6.658333333333334,78.79166666666667,70.04166666666667,54.875,14.345833333333331,0.1,24,0
2023-02-06,1553648.5,3.1,82.95833333333333,4.916666666666667,101.04166666666669,12.175,0.0,24,0
2023-02-07,1615596.0,1.6333333333333335,80.83333333333333,7.375,105.66666666666669,11.191666666666668,0.0,24,0
2023-02-08,1674949.0,-0.5291666666666667,77.08333333333333,12.875,107.33333333333331,9.041666666666666,0.0,24,0
2023-02-09,1713129.5,-0.0708333333333334,76.625,42.208333333333336,104.875,5.045833333333333,0.0,24,0
2023-02-10,1648132.5,4.645833333333333,85.20833333333333,89.29166666666667,48.5,7.008333333333333,0.0,24,0
2023-02-11,1498471.0,4.429166666666666,92.875,89.41666666666667,50.875,4.083333333333333,0.0,24,0
2023-02-12,1407724.0,7.129166666666666,86.83333333333333,95.29166666666669,45.333333333333336,8.725,0.0,24,0
2023-02-13,1548574.0,3.9291666666666663,90.08333333333331,17.291666666666668,114.41666666666669,8.483333333333333,0.0,24,0
2023-02-14,1534422.5,3.5500000000000003,90.875,47.5,91.08333333333331,6.079166666666667,0.0,24,0
2023-02-15,1502793.5,4.525,85.375,58.0,93.83333333333331,8.0,0.0,24,0
2023-02-16,1453409.0,7.020833333333333,84.08333333333333,79.0,38.25,11.879166666666668,1.4,24,0
2023-02-17,1381744.5,12.075,86.04166666666667,99.125,42.75,16.3125,0.2,24,0
2023-02-18,1244269.5,10.841666666666669,76.45833333333333,99.45833333333331,46.333333333333336,16.345833333333335,0.0,24,0
2023-02-19,1189421.0,9.645833333333334,79.66666666666667,98.79166666666669,49.66666666666666,14.583333333333334,0.1,24,0
2023-02-20,1372621.5,5.408333333333334,90.75,48.833333333333336,103.91666666666669,8.083333333333334,0.0,24,0
2023-02-21,1398194.0,5.858333333333333,89.58333333333333,89.04166666666667,104.91666666666669,5.366666666666667,0.0,24,0
2023-02-22,1399697.5,8.154166666666667,91.83333333333331,99.41666666666669,39.875,9.208333333333334,2.3,24,0
2023-02-23,1431739.5,7.4375,87.91666666666667,92.5,64.83333333333333,9.125,0.1,24,0
2023-02-24,1410301.0,6.65,81.79166666666667,62.75,90.0,12.320833333333333,0.0,24,0
2023-02-25,1358178.5,5.208333333333333,74.75,55.66666666666666,101.91666666666669,14.35,0.1,24,0
2023-02-26,1421962.0,2.0708333333333333,58.04166666666666,9.333333333333334,140.625,22.08333333333333,0.0,24,0
2023-02-27,1662874.5,1.9875,56.375,0.25,152.33333333333334,21.89583333333333,0.0,24,0
2023-02-28,1701864.5,1.4041666666666668,63.125,36.04166666666666,123.45833333333331,14.641666666666666,0.0,24,0
2023-03-01,1675938.0,1.6416666666666666,65.375,25.75,143.33333333333334,14.0,0.0,24,0
2023-03-02,1639723.5,2.529166666666667,74.54166666666667,13.25,152.45833333333334,9.4875,0.0,24,0
2023-03-03,1586750.5,3.2583333333333333,79.91666666666667,11.375,156.25,11.216666666666669,0.0,24,0
2023-03-04,1459000.0,2.775,80.0,55.0,91.20833333333331,9.654166666666669,0.0,24,0
2023-03-05,1391201.0,4.920833333333333,80.45833333333333,92.83333333333331,63.0,5.483333333333333,0.3,24,0
2023-03-06,1543908.0,4.654166666666667,76.33333333333333,99.0,80.33333333333333,12.3625,1.4,24,0
2023-03-07,1521611.0,5.95,69.58333333333333,99.79166666666669,61.125,16.670833333333334,0.2,24,0
2023-03-08,1447731.5,9.879166666666666,85.16666666666667,99.91666666666669,76.0,23.6625,20.7,24,0
2023-03-09,1355511.0,11.3,80.875,91.04166666666669,110.79166666666669,24.95,7.6,24,0
2023-03-10,1384513.0,7.945833333333333,78.04166666666667,90.0,46.333333333333336,27.6625,2.2,24,0
2023-03-11,1276855.0,4.6000000000000005,80.91666666666667,98.625,59.04166666666666,9.025,4.7,24,0
2023-03-12,1152873.5,10.591666666666669,80.20833333333333,95.54166666666669,92.75,17.679166666666667,4.699999999999999,24,0
2023-03-13,1230690.5,13.204166666666666,80.83333333333333,87.58333333333333,89.41666666666667,26.729166666666668,2.2,24,0
2023-03-14,1308426.5,8.445833333333333,76.125,64.91666666666667,142.79166666666666,23.97083333333333,5.5,24,0
2023-03-15,1343119.0,6.170833333333333,74.20833333333333,83.58333333333333,110.33333333333331,8.762500000000001,0.2,24,0
2023-03-16,1301414.5,9.708333333333334,64.83333333333333,100.0,149.25,14.129166666666668,0.0,24,0
2023-03-17,1245523.0,11.141666666666666,77.625,99.70833333333331,86.75,12.3,7.1,24,0
2023-03-18,1123224.0,11.275,83.75,63.66666666666666,141.45833333333334,15.795833333333334,6.0,24,0
2023-03-19,1095525.0,8.941666666666666,83.5,56.41666666666666,97.20833333333331,11.8375,2.8,24,0
2023-03-20,1254650.0,7.725,78.125,88.83333333333333,77.95833333333333,8.4,0.0,24,0
2023-03-21,1245456.0,11.045833333333334,79.79166666666667,76.0,127.83333333333331,12.841666666666669,3.4000000000000004,24,0
2023-03-22,1243690.5,10.695833333333333,83.58333333333333,95.625,59.833333333333336,19.933333333333334,10.8,24,0
2023-03-23,1192165.0,13.133333333333333,74.75,100.0,101.95833333333331,25.275,1.7,24,0
2023-03-24,1190273.5,12.458333333333334,73.70833333333333,55.16666666666666,181.125,25.7875,3.5,24,0
2023-03-25,1116855.0,10.541666666666666,68.91666666666667,72.95833333333333,151.875,25.2125,0.5,24,0
2023-03-26,1101590.0,9.425,76.0,89.66666666666667,129.91666666666666,21.95833333333333,4.5,24,0
2023-03-27,1278638.5,6.766666666666667,64.45833333333333,51.333333333333336,161.54166666666666,13.245833333333332,0.0,24,0
2023-03-28,1321493.5,6.9375,65.70833333333333,99.79166666666669,95.08333333333331,13.333333333333334,0.9,24,0
2023-03-29,1225894.5,13.804166666666667,67.16666666666667,99.45833333333331,169.83333333333334,13.929166666666667,0.7000000000000001,24,0
2023-03-30,1170031.5,13.933333333333332,72.16666666666667,72.45833333333333,177.79166666666666,22.175,5.4,24,0
2023-03-31,1192699.5,11.879166666666668,74.25,92.125,150.66666666666666,30.83333333333333,7.6,24,0
2023-04-01,1132283.5,10.4375,78.29166666666667,89.5,145.33333333333334,24.95,2.9,24,0
2023-04-02,1135079.0,8.429166666666667,81.0,100.0,61.0,19.29583333333333,0.5,24,0
2023-04-03,1298323.5,7.508333333333333,66.375,53.29166666666666,221.45833333333331,14.6125,0.0,24,0
2023-04-04,1340493.0,5.454166666666667,63.708333333333336,16.833333333333332,244.29166666666663,10.654166666666669,0.0,24,0
2023-04-05,1339997.5,6.591666666666666,70.29166666666667,21.166666666666668,246.25,5.0625,0.0,24,0
2023-04-06,1281979.5,9.816666666666666,73.66666666666667,73.375,128.25,11.8875,1.4,24,0
2023-04-07,1247341.5,8.933333333333334,76.54166666666667,16.791666666666668,216.04166666666663,9.945833333333333,0.5,24,0
2023-04-08,1131834.0,8.170833333333333,78.0,22.625,211.79166666666663,8.908333333333333,0.0,24,0
2023-04-09,1036419.0,9.879166666666666,74.25,71.375,214.875,7.870833333333334,0.0,24,0
2023-04-10,1037541.0,11.429166666666667,77.66666666666667,100.0,84.875,15.025,5.2,24,1
2023-04-11,1188758.5,10.241666666666667,77.41666666666667,99.5,122.29166666666669,18.25,5.9,24,0
2023-04-12,1239756.5,10.370833333333334,72.875,66.20833333333333,211.25,23.979166666666668,9.7,24,0
2023-04-13,1270514.5,7.891666666666667,74.625,78.0,195.91666666666663,17.595833333333335,4.2,24,0
2023-04-14,1289957.5,6.591666666666666,89.41666666666667,98.75,67.25,13.429166666666667,6.7,24,0
2023-04-15,1167490.0,8.979166666666666,85.25,78.83333333333333,100.45833333333331,15.408333333333331,9.2,24,0
2023-04-16,1104936.0,8.6,72.29166666666667,74.08333333333333,226.95833333333331,11.779166666666669,0.0,24,0
2023-04-17,1219921.5,8.166666666666666,80.58333333333333,70.16666666666667,143.875,12.970833333333331,0.1,24,0
2023-04-18,1210077.0,10.645833333333334,74.75,26.45833333333333,230.625,15.520833333333334,1.2,24,0
2023-04-19,1173520.5,12.3375,73.54166666666667,33.708333333333336,251.41666666666663,14.158333333333331,0.0,24,0
2023-04-20,1174983.5,9.208333333333334,59.79166666666666,62.208333333333336,216.625,15.629166666666668,0.0,24,0
2023-04-21,1184867.5,7.458333333333333,75.75,42.16666666666666,237.375,4.5625,0.0,24,0
2023-04-22,1066457.0,10.658333333333331,77.58333333333333,82.95833333333333,118.29166666666669,10.9,8.0,24,0
2023-04-23,1027387.0,11.141666666666666,81.5,71.33333333333333,133.20833333333334,19.39166666666667,6.1000000000000005,24,0
2023-04-24,1166871.0,10.116666666666667,76.375,59.708333333333336,193.0,15.929166666666667,3.5000000000000004,24,0
2023-04-25,1202255.0,8.4375,78.0,78.79166666666667,153.375,10.370833333333334,0.8,24,0
2023-04-26,1197160.5,8.200000000000001,74.875,99.95833333333331,79.5,7.145833333333333,0.4,24,0
2023-04-27,1143998.5,12.733333333333334,76.70833333333333,88.375,180.25,8.841666666666667,1.7,24,0
2023-04-28,1092622.0,16.279166666666665,81.25,99.75,190.83333333333331,14.083333333333334,7.7,24,0
2023-04-29,988951.0,12.1125,81.70833333333333,86.91666666666667,156.04166666666666,9.0125,0.4,24,0
2023-04-30,939761.5,12.625,72.125,99.04166666666669,193.25,8.016666666666667,0.0,24,0
2023-05-01,930807.0,12.229166666666666,80.33333333333333,49.25,205.79166666666663,12.379166666666668,2.1,24,1
2023-05-02,1081205.0,12.279166666666669,79.54166666666667,25.20833333333333,241.54166666666663,8.674999999999999,0.4,24,0
2023-05-03,1089264.0,13.0125,71.375,31.20833333333333,300.875,13.183333333333332,0.0,24,0
2023-05-04,1071645.5,16.345833333333335,69.58333333333333,49.625,239.29166666666663,13.483333333333334,0.3,24,0
2023-05-05,1058022.5,14.8875,80.54166666666667,70.0,200.125,10.608333333333333,5.800000000000001,24,0
2023-05-06,949701.0,15.2375,84.20833333333333,97.79166666666669,149.79166666666666,6.65,6.9,24,0
2023-05-07,899709.0,15.166666666666666,89.66666666666667,86.45833333333333,141.75,7.1625000000000005,14.3,24,0
2023-05-08,923261.0,14.2625,83.625,88.79166666666667,152.70833333333334,7.529166666666666,0.1,24,1
2023-05-09,1061354.0,14.05,88.0,95.20833333333331,75.45833333333333,12.058333333333332,16.9,24,0
2023-05-10,1095431.5,12.283333333333331,82.54166666666667,74.375,171.04166666666666,14.520833333333334,3.4,24,0
2023-05-11,1101399.0,12.016666666666666,82.58333333333333,59.5,232.04166666666663,7.7,5.0,24,0
2023-05-12,1101657.0,11.641666666666666,84.54166666666667,81.04166666666667,171.29166666666666,11.65,1.5,24,0
2023-05-13,989958.5,14.608333333333334,81.375,34.875,287.375,12.258333333333333,4.5,24,0
2023-05-14,944544.0,13.516666666666666,79.5,52.66666666666666,284.375,11.195833333333333,0.1,24,0
2023-05-15,1076520.0,11.366666666666667,87.83333333333333,92.16666666666669,134.58333333333334,12.870833333333332,4.2,24,0
2023-05-16,1110676.5,10.670833333333334,71.25,31.791666666666668,257.4583333333333,16.479166666666668,0.0,24,0
2023-05-17,1102795.5,11.404166666666669,73.0,21.25,254.33333333333331,13.6875,0.1,24,0
2023-05-18,979905.5,11.8625,66.79166666666667,68.08333333333333,269.5,13.5625,0.0,24,1
2023-05-19,996496.0,13.404166666666669,64.66666666666667,23.70833333333333,290.7916666666667,13.270833333333334,0.0,24,0
2023-05-20,943255.5,15.758333333333333,63.833333333333336,80.91666666666667,236.25,16.554166666666667,0.0,24,0
2023-05-21,905013.5,16.670833333333334,71.20833333333333,77.625,271.5416666666667,15.095833333333331,0.0,24,0
2023-05-22,1029567.5,16.083333333333332,74.70833333333333,75.70833333333333,241.375,12.508333333333333,0.0,24,0
2023-05-23,1049954.0,14.8,72.83333333333333,76.04166666666667,227.54166666666663,17.795833333333334,0.0,24,0
2023-05-24,1055222.5,13.15,63.5,67.54166666666667,302.1666666666667,15.541666666666666,0.0,24,0
2023-05-25,1053690.5,15.204166666666666,66.45833333333333,19.08333333333333,329.0833333333333,16.675,0.0,24,0
2023-05-26,1038203.0,15.720833333333331,68.91666666666667,2.1666666666666665,329.625,14.866666666666667,0.0,24,0
2023-05-27,927889.5,17.412499999999998,63.04166666666666,29.916666666666668,312.2083333333333,12.470833333333331,0.0,24,0
2023-05-28,869383.0,19.03333333333333,60.41666666666666,13.791666666666666,328.25,14.191666666666668,0.0,24,0
2023-05-29,905472.5,18.091666666666665,62.958333333333336,13.166666666666666,331.0833333333333,20.425,0.0,24,1
2023-05-30,1024363.5,16.620833333333334,54.0,49.875,327.75,19.379166666666663,0.0,24,0
2023-05-31,1045843.5,18.9125,59.125,26.83333333333333,329.4583333333333,18.316666666666663,0.0,24,0
2023-06-01,1053339.0,20.070833333333333,59.583333333333336,7.791666666666667,331.5416666666667,16.6125,0.0,24,0
2023-06-02,1040293.5,15.208333333333334,63.708333333333336,0.7916666666666666,339.2083333333333,17.008333333333333,0.0,24,0
2023-06-03,931372.0,17.675,57.66666666666666,0.0,338.4583333333333,13.908333333333331,0.0,24,0
2023-06-04,878964.5,19.625,45.41666666666666,0.0,341.75,15.65,0.0,24,0
2023-06-05,1018257.0,19.78333333333333,50.41666666666666,9.666666666666666,334.0833333333333,14.954166666666666,0.0,24,0
2023-06-06,1037173.5,19.20833333333333,58.083333333333336,30.83333333333333,302.375,13.808333333333332,0.1,24,0
2023-06-07,1047100.0,21.104166666666668,55.875,16.25,310.2916666666667,14.4875,0.1,24,0
2023-06-08,1056431.5,21.191666666666663,58.125,5.125,318.5416666666667,11.5625,0.0,24,0
2023-06-09,1049135.5,23.3,53.0,59.25,292.4583333333333,12.433333333333332,0.0,24,0
2023-06-10,944556.0,22.954166666666666,65.29166666666667,46.75,265.0,8.200000000000001,1.0,24,0
2023-06-11,899783.0,21.28333333333333,81.625,91.0,197.66666666666663,6.304166666666667,24.2,24,0
2023-06-12,1035637.5,21.02083333333333,76.83333333333333,74.58333333333333,277.5416666666667,9.141666666666667,0.9,24,0
2023-06-13,1055664.5,22.308333333333334,61.41666666666666,13.375,331.25,10.6375,0.0,24,0
2023-06-14,1062455.0,21.96666666666667,51.41666666666666,7.583333333333333,342.1666666666667,8.1625,0.0,24,0
2023-06-15,1066454.0,21.829166666666666,52.458333333333336,46.583333333333336,316.9166666666667,7.866666666666667,0.0,24,0
2023-06-16,1060226.0,22.2375,50.083333333333336,12.875,334.6666666666667,6.7625,0.0,24,0
2023-06-17,956678.5,23.641666666666666,51.833333333333336,88.79166666666667,249.375,8.658333333333333,0.1,24,0
2023-06-18,900791.5,23.325,70.83333333333333,95.91666666666669,219.29166666666663,11.2,5.6,24,0
2023-06-19,1036775.0,20.195833333333333,79.0,94.375,189.29166666666663,7.004166666666666,1.0,24,0
2023-06-20,1064274.5,21.541666666666668,79.83333333333333,90.75,219.83333333333331,13.820833333333333,1.4,24,0
2023-06-21,1071634.5,21.5375,75.125,67.20833333333333,281.0416666666667,5.8500000000000005,2.6,24,0
2023-06-22,1068393.5,19.825,78.33333333333333,87.16666666666667,149.20833333333334,14.6875,17.5,24,0
2023-06-23,1054577.5,20.29583333333333,71.70833333333333,34.625,320.2916666666667,7.054166666666667,0.1,24,0
2023-06-24,955514.5,21.820833333333336,65.16666666666667,2.5,334.75,6.7125,0.0,24,0
2023-06-25,917623.0,24.325,60.583333333333336,0.6666666666666666,337.6666666666667,9.929166666666667,0.0,24,0
2023-06-26,1054753.0,19.741666666666667,58.79166666666666,62.833333333333336,276.2916666666667,15.670833333333333,0.0,24,0
2023-06-27,1065900.5,19.25,58.458333333333336,78.0,259.9166666666667,9.554166666666667,0.0,24,0
2023-06-28,1073511.5,20.5125,63.66666666666666,84.375,195.75,5.720833333333334,0.9,24,0
2023-06-29,1083297.5,21.39583333333333,71.0,85.41666666666667,238.04166666666663,9.925,1.6,24,0
2023-06-30,1044291.0,19.72083333333333,59.458333333333336,70.0,264.4583333333333,14.425,0.3,24,0
2023-07-01,943390.5,19.60833333333333,69.08333333333333,91.375,152.875,19.879166666666663,2.8000000000000003,24,0
2023-07-02,897436.0,18.945833333333333,57.41666666666666,51.875,255.33333333333331,16.420833333333334,0.0,24,0
2023-07-03,1041926.0,19.379166666666663,55.875,51.16666666666666,242.66666666666663,14.55,0.3,24,0
2023-07-04,1075886.5,17.825,71.45833333333333,59.375,190.20833333333331,11.845833333333331,6.3,24,0
2023-07-05,1081593.5,16.995833333333334,66.41666666666667,31.0,253.0,20.341666666666665,0.7000000000000001,24,0
2023-07-06,1087182.0,18.9125,61.125,43.625,260.3333333333333,5.979166666666667,0.1,24,0
2023-07-07,1095338.5,22.5875,54.41666666666666,32.541666666666664,289.4166666666667,11.045833333333334,0.0,24,0
2023-07-08,1002757.0,26.133333333333336,53.333333333333336,29.125,301.5416666666667,9.883333333333336,0.5,24,0
2023-07-09,947843.0,23.35833333333333,70.16666666666667,60.708333333333336,222.16666666666663,9.145833333333334,4.4,24,0
2023-07-10,1103097.0,23.02083333333333,59.79166666666666,11.75,330.625,8.783333333333333,0.0,24,0
2023-07-11,1142757.0,24.5,53.66666666666666,28.125,301.6666666666667,11.641666666666667,0.2,24,0
2023-07-12,1114213.0,20.975,59.16666666666666,74.04166666666667,269.75,14.566666666666665,4.4,24,0
2023-07-13,1092076.0,20.154166666666665,55.208333333333336,56.833333333333336,209.58333333333331,12.1375,0.3,24,0
2023-07-14,970003.0,22.78333333333333,52.25,51.708333333333336,296.625,15.108333333333334,0.0,24,1
2023-07-15,961049.0,22.8875,55.75,50.54166666666666,174.41666666666666,21.191666666666663,6.4,24,0
2023-07-16,920705.0,20.35,51.208333333333336,39.333333333333336,254.66666666666663,21.70833333333333,0.0,24,0
2023-07-17,1072450.0,19.666666666666668,56.583333333333336,50.625,252.54166666666663,11.845833333333331,0.0,24,0
2023-07-18,1118843.0,21.508333333333336,53.91666666666666,34.333333333333336,300.75,6.7625,0.0,24,0
2023-07-19,1118037.5,20.6375,55.375,51.54166666666666,226.58333333333331,16.070833333333333,0.0,24,0
2023-07-20,1107513.5,19.9125,60.875,75.45833333333333,219.875,7.595833333333334,0.1,24,0
2023-07-21,1082490.5,19.320833333333333,57.333333333333336,67.66666666666667,242.16666666666663,12.304166666666667,2.4,24,0
2023-07-22,967351.5,19.625,51.41666666666666,70.91666666666667,222.54166666666663,14.225,0.0,24,0
2023-07-23,927142.0,19.804166666666667,68.125,97.54166666666669,120.41666666666669,20.53333333333333,6.9,24,0
2023-07-24,1048329.5,19.3125,76.0,66.375,234.45833333333331,16.05,15.7,24,0
2023-07-25,1048898.0,16.974999999999998,73.70833333333333,77.33333333333333,190.58333333333331,11.3125,17.8,24,0
2023-07-26,1043366.5,17.545833333333334,66.41666666666667,60.66666666666666,252.70833333333331,10.145833333333334,0.1,24,0
2023-07-27,1055211.5,19.28333333333333,79.29166666666667,99.08333333333331,110.79166666666669,17.504166666666666,10.0,24,0
2023-07-28,1041475.5,20.029166666666665,86.29166666666667,95.04166666666669,134.79166666666666,11.083333333333334,9.1,24,0
2023-07-29,940468.0,19.72083333333333,81.58333333333333,78.875,182.83333333333331,11.854166666666666,4.2,24,0
2023-07-30,886913.5,18.745833333333334,68.375,76.04166666666667,195.375,16.125,0.4,24,0
2023-07-31,986984.0,19.175,75.0,99.0,115.54166666666669,21.20833333333333,11.6,24,0
2023-08-01,1004518.0,18.679166666666667,75.83333333333333,73.08333333333333,213.58333333333331,22.33333333333333,1.8,24,0
2023-08-02,1020678.5,19.554166666666667,75.66666666666667,85.41666666666667,188.45833333333331,30.79583333333333,24.6,24,0
2023-08-03,998934.5,17.166666666666668,79.70833333333333,90.54166666666669,126.08333333333331,20.34583333333333,9.1,24,0
2023-08-04,965391.0,17.220833333333335,80.20833333333333,67.95833333333333,230.58333333333331,11.308333333333332,2.7,24,0
2023-08-05,895397.0,15.8625,80.45833333333333,90.25,133.33333333333334,18.129166666666663,4.8,24,0
2023-08-06,860735.0,16.029166666666665,69.04166666666667,56.875,226.375,23.27916666666667,1.8,24,0
2023-08-07,939770.5,16.558333333333334,73.58333333333333,45.16666666666666,251.66666666666663,10.920833333333334,0.5,24,0
2023-08-08,958468.0,18.316666666666663,70.29166666666667,97.20833333333331,172.5,9.995833333333334,0.5,24,0
2023-08-09,965070.0,19.404166666666665,74.375,81.08333333333333,148.45833333333334,9.2625,0.2,24,0
2023-08-10,978624.5,19.975,75.08333333333333,30.95833333333333,233.5,7.433333333333334,0.0,24,0
2023-08-11,988458.0,21.304166666666667,79.29166666666667,53.25,209.91666666666663,8.620833333333334,3.6,24,0
2023-08-12,918392.0,21.3125,77.91666666666667,83.29166666666667,203.70833333333331,10.645833333333334,9.0,24,0
2023-08-13,870737.5,19.42083333333333,70.79166666666667,83.45833333333333,202.91666666666663,9.7125,0.0,24,0
2023-08-14,934314.0,20.425,74.0,66.125,209.66666666666663,10.245833333333334,0.0,24,0
2023-08-15,899976.5,20.2625,77.375,63.54166666666666,218.54166666666663,8.383333333333333,0.8,24,1
2023-08-16,974798.0,20.679166666666667,71.29166666666667,73.875,236.91666666666663,9.233333333333333,0.1,24,0
2023-08-17,1004492.5,22.0,76.04166666666667,46.458333333333336,259.2916666666667,9.3875,0.7,24,0
2023-08-18,1020134.0,23.675,81.04166666666667,83.41666666666667,193.54166666666663,8.241666666666667,0.5,24,0
2023-08-19,961974.5,23.766666666666666,74.04166666666667,54.29166666666666,162.33333333333334,10.433333333333334,6.9,24,0
2023-08-20,924935.5,22.8875,74.58333333333333,23.25,242.54166666666663,6.979166666666667,0.3,24,0
2023-08-21,1063358.5,21.6875,67.04166666666667,15.458333333333334,260.9166666666667,7.204166666666667,0.0,24,0
2023-08-22,1110451.0,22.8625,65.95833333333333,6.875,249.75,5.954166666666667,0.0,24,0
2023-08-23,1129516.5,24.125,65.125,39.41666666666666,244.25,7.445833333333333,0.0,24,0
2023-08-24,1130251.0,22.67083333333333,83.375,62.25,89.08333333333333,10.958333333333334,14.0,24,0
2023-08-25,1078535.5,20.225,80.33333333333333,84.29166666666667,103.20833333333331,11.233333333333334,26.7,24,0
2023-08-26,950433.5,17.491666666666667,68.41666666666667,53.0,187.83333333333331,12.066666666666668,0.5,24,0
2023-08-27,883321.0,16.204166666666666,75.75,22.041666666666668,218.66666666666663,12.216666666666669,0.6000000000000001,24,0
2023-08-28,1006407.0,16.412499999999998,76.58333333333333,60.66666666666666,161.70833333333334,9.129166666666666,2.3,24,0
2023-08-29,1034004.0,15.85,77.95833333333333,27.95833333333333,197.95833333333331,8.208333333333334,1.0,24,0
2023-08-30,1041497.0,16.3125,69.20833333333333,63.208333333333336,171.54166666666666,12.45,1.3,24,0
2023-08-31,1052982.0,15.55,82.125,96.29166666666669,59.833333333333336,10.966666666666669,7.3,24,0
2023-09-01,1051510.0,19.016666666666666,84.54166666666667,97.125,149.375,12.708333333333334,3.2,24,0
2023-09-02,953065.5,21.0,79.25,39.875,213.41666666666663,8.674999999999999,0.8,24,0
2023-09-03,915526.0,22.991666666666664,73.04166666666667,75.875,225.66666666666663,10.433333333333334,0.0,24,0
2023-09-04,1064065.0,22.633333333333336,69.41666666666667,80.25,234.70833333333331,11.954166666666666,0.0,24,0
2023-09-05,1103619.5,24.475,61.958333333333336,14.916666666666666,231.5,7.675,0.0,24,0
2023-09-06,1109354.0,24.133333333333336,69.875,15.833333333333334,229.125,6.795833333333333,0.0,24,0
2023-09-07,1112474.5,22.808333333333334,67.70833333333333,0.0,231.125,6.608333333333333,0.0,24,0
2023-09-08,1098179.5,25.5125,59.125,11.0,217.125,7.1125,0.0,24,0
2023-09-09,990938.5,25.95,58.04166666666666,4.625,217.83333333333331,8.266666666666667,0.0,24,0
2023-09-10,939985.5,26.27083333333333,51.41666666666666,27.45833333333333,216.70833333333331,9.354166666666666,0.0,24,0
2023-09-11,1075564.0,22.5,74.04166666666667,73.375,152.54166666666666,8.391666666666667,0.9,24,0
2023-09-12,1079685.5,18.716666666666665,93.25,96.25,62.375,5.620833333333334,27.4,24,0
2023-09-13,1072198.0,18.7375,83.91666666666667,43.958333333333336,164.16666666666666,5.441666666666666,0.8,24,0
2023-09-14,1072404.0,18.6125,79.20833333333333,44.04166666666666,179.95833333333334,4.1125,0.1,24,0
2023-09-15,1062034.0,19.241666666666667,72.33333333333333,9.916666666666666,196.5,7.7625,0.0,24,0
2023-09-16,962333.0,19.27083333333333,78.95833333333333,88.375,153.70833333333334,6.554166666666667,0.0,24,0
2023-09-17,923974.0,20.2125,86.08333333333333,88.66666666666667,126.58333333333331,8.408333333333333,3.2,24,0
2023-09-18,1051517.0,18.95833333333333,82.0,72.04166666666667,159.45833333333334,14.5875,9.2,24,0
2023-09-19,1060965.0,17.0125,72.54166666666667,96.16666666666669,122.04166666666669,15.633333333333333,0.8,24,0
2023-09-20,1067529.0,19.90833333333333,71.45833333333333,82.20833333333333,146.45833333333334,20.429166666666667,0.1,24,0
2023-09-21,1064195.5,17.220833333333335,81.16666666666667,87.25,44.958333333333336,17.629166666666666,19.0,24,0
2023-09-22,1043846.5,13.204166666666666,80.20833333333333,52.208333333333336,116.25,15.375,8.1,24,0
2023-09-23,934711.0,13.45,78.41666666666667,24.58333333333333,160.58333333333334,9.933333333333334,0.3,24,0
2023-09-24,897849.0,13.458333333333334,75.75,8.625,188.375,10.016666666666667,0.0,24,0
2023-09-25,1032055.0,15.829166666666666,76.91666666666667,41.5,166.79166666666666,6.616666666666667,0.0,24,0
2023-09-26,1050051.0,17.491666666666667,77.25,75.08333333333333,130.45833333333334,7.0875,0.0,24,0
2023-09-27,1058487.5,18.620833333333334,78.33333333333333,93.375,127.75,8.895833333333334,0.0,24,0
2023-09-28,1061624.0,18.75,75.29166666666667,67.0,162.66666666666666,9.245833333333334,0.0,24,0
2023-09-29,1052413.5,18.729166666666668,72.5,59.66666666666666,116.75,16.370833333333334,0.1,24,0
2023-09-30,943064.5,14.975,83.0,47.54166666666666,144.20833333333334,5.4625,0.0,24,0
2023-10-01,906121.0,17.720833333333335,79.45833333333333,41.79166666666666,168.16666666666666,8.129166666666666,0.0,24,0
2023-10-02,1039596.5,19.20833333333333,76.125,70.79166666666667,161.83333333333334,9.608333333333333,0.0,24,0
2023-10-03,1063563.5,18.054166666666667,73.04166666666667,56.208333333333336,116.83333333333331,15.733333333333334,7.2,24,0
2023-10-04,1059991.5,13.541666666666666,78.5,60.833333333333336,132.125,7.045833333333333,0.0,24,0
2023-10-05,1065687.0,13.504166666666668,79.83333333333333,94.66666666666669,143.125,5.166666666666667,0.0,24,0
2023-10-06,1061756.5,14.15,76.08333333333333,68.83333333333333,160.04166666666666,6.65,0.0,24,0
2023-10-07,952513.5,15.7625,76.83333333333333,0.0416666666666666,155.375,7.1125,0.0,24,0
2023-10-08,903918.5,17.558333333333334,72.125,16.625,155.0,5.954166666666667,0.0,24,0
2023-10-09,1034968.0,16.675,68.54166666666667,33.916666666666664,142.91666666666666,5.670833333333333,0.0,24,0
2023-10-10,1061174.0,18.041666666666668,64.75,47.375,148.16666666666666,7.770833333333333,0.0,24,0
2023-10-11,1066438.0,17.854166666666668,63.25,49.458333333333336,142.95833333333334,11.866666666666667,0.0,24,0
2023-10-12,1063800.0,18.820833333333333,73.45833333333333,93.04166666666669,76.29166666666667,11.85,2.4,24,0
2023-10-13,1054688.5,20.65833333333333,69.33333333333333,75.83333333333333,99.25,19.52083333333333,0.0,24,0
2023-10-14,946871.0,13.875,74.04166666666667,67.20833333333333,87.875,16.995833333333334,1.6,24,0
2023-10-15,921478.5,10.091666666666669,70.75,54.66666666666666,138.66666666666666,9.0625,0.0,24,0
2023-10-16,1092794.0,8.220833333333333,70.08333333333333,83.0,120.375,14.104166666666666,0.0,24,0
2023-10-17,1137394.0,10.508333333333333,69.375,99.25,98.5,11.3875,0.0,24,0
2023-10-18,1142225.0,15.183333333333332,84.91666666666667,93.04166666666669,32.5,19.091666666666665,7.8,24,0
2023-10-19,1115822.0,16.916666666666668,84.45833333333333,85.75,82.79166666666667,17.595833333333335,3.6,24,0
2023-10-20,1099897.5,14.929166666666667,89.58333333333333,90.79166666666669,73.29166666666667,9.025,6.5,24,0
2023-10-21,1012210.5,12.966666666666669,80.875,76.375,53.5,28.05,6.9,24,0
2023-10-22,967225.0,12.858333333333334,80.83333333333333,56.583333333333336,106.70833333333331,15.916666666666666,3.0,24,0
2023-10-23,1132308.5,10.058333333333334,90.66666666666669,95.125,24.666666666666668,9.6375,4.5,24,0
2023-10-24,1143619.0,12.508333333333333,83.125,73.41666666666667,98.125,11.066666666666668,1.9,24,0
2023-10-25,1159357.0,12.795833333333334,86.54166666666667,95.20833333333331,45.91666666666666,16.337500000000002,14.7,24,0
2023-10-26,1160268.5,13.0625,88.5,98.33333333333331,61.625,13.0125,14.8,24,0
2023-10-27,1158341.0,12.141666666666666,86.33333333333333,74.54166666666667,74.5,17.233333333333334,5.4,24,0
2023-10-28,1065113.0,12.3625,85.66666666666667,86.16666666666667,51.208333333333336,23.975,5.0,24,0
2023-10-29,1010106.5,13.558333333333332,78.54166666666667,71.625,63.29166666666666,24.35,3.8,24,0
2023-10-30,1150762.5,11.675,90.41666666666669,84.125,20.5,11.095833333333331,9.1,24,0
2023-10-31,1167268.0,11.204166666666666,84.91666666666667,69.25,64.58333333333333,14.579166666666666,0.5,24,0
2023-11-01,1082870.5,12.2875,83.04166666666667,94.04166666666669,42.333333333333336,21.058333333333334,2.2,24,1
2023-11-02,1191550.5,11.883333333333333,69.08333333333333,69.75,88.875,37.50416666666667,3.3000000000000003,24,0
2023-11-03,1257075.0,8.266666666666667,80.91666666666667,65.41666666666667,74.41666666666667,17.916666666666668,0.1,24,0
2023-11-04,1178129.5,10.320833333333333,83.45833333333333,82.04166666666667,56.458333333333336,25.70833333333333,10.3,24,0
2023-11-05,1109327.0,11.3125,76.16666666666667,67.625,68.375,26.75,3.5,24,0
2023-11-06,1270520.5,9.966666666666669,79.79166666666667,38.66666666666666,74.875,19.7625,1.0,24,0
2023-11-07,1315451.0,9.133333333333333,82.0,22.875,90.41666666666669,16.145833333333332,0.6000000000000001,24,0
2023-11-08,1342034.5,9.1625,86.16666666666667,78.83333333333333,34.666666666666664,20.291666666666668,10.9,24,0
2023-11-09,1343844.5,10.254166666666666,84.375,91.5,58.958333333333336,20.791666666666668,5.300000000000001,24,0
2023-11-10,1362614.5,8.508333333333333,80.95833333333333,54.208333333333336,57.75,23.52916666666667,0.6,24,0
2023-11-11,1220433.0,7.283333333333334,87.25,49.125,74.16666666666667,10.9625,0.2,24,1
2023-11-12,1177688.5,9.145833333333334,89.41666666666667,98.75,14.583333333333334,14.208333333333334,10.4,24,0
2023-11-13,1253381.5,14.254166666666668,88.04166666666667,87.125,23.08333333333333,22.666666666666668,9.5,24,0
2023-11-14,1258463.5,11.654166666666669,82.66666666666667,75.375,20.291666666666668,22.704166666666666,2.5,24,0
2023-11-15,1263896.5,10.291666666666666,84.75,52.583333333333336,51.958333333333336,16.779166666666665,0.2,24,0
2023-11-16,1322784.0,8.487499999999999,93.375,95.33333333333331,19.95833333333333,13.941666666666668,12.7,24,0
2023-11-17,1311773.5,7.9125,87.125,58.29166666666666,68.41666666666667,12.433333333333332,0.3,24,0
2023-11-18,1210070.0,10.508333333333333,91.375,100.0,10.166666666666666,16.7375,14.6,24,0
2023-11-19,1112114.5,13.441666666666668,82.25,68.875,67.33333333333333,21.495833333333334,1.7000000000000002,24,0
2023-11-20,1281793.0,10.858333333333334,81.5,72.375,42.958333333333336,20.820833333333333,4.1000000000000005,24,0
2023-11-21,1315707.5,9.691666666666666,91.375,71.5,41.125,11.766666666666666,0.5,24,0
2023-11-22,1364528.5,7.137499999999999,84.0,87.58333333333333,69.45833333333333,10.133333333333333,0.0,24,0
2023-11-23,1419790.0,10.254166666666666,85.83333333333333,99.83333333333331,27.291666666666668,11.945833333333333,0.0,24,0
2023-11-24,1386505.5,9.229166666666666,76.70833333333333,79.08333333333333,28.125,17.729166666666668,0.5,24,0
2023-11-25,1361299.0,4.158333333333333,78.41666666666667,27.25,50.625,13.166666666666666,0.0,24,0
2023-11-26,1391731.0,2.9250000000000003,84.66666666666667,98.875,49.208333333333336,8.591666666666667,0.0,24,0
2023-11-27,1533654.5,6.395833333333333,86.58333333333333,98.75,9.25,18.42083333333333,5.9,24,0
2023-11-28,1516385.5,5.05,84.5,54.583333333333336,62.958333333333336,12.579166666666666,0.2,24,0
2023-11-29,1570053.5,3.5708333333333333,89.16666666666667,69.75,54.625,8.241666666666667,0.0,24,0
2023-11-30,1541132.0,2.7291666666666665,89.70833333333333,68.70833333333333,47.29166666666666,7.583333333333333,1.7000000000000002,24,0
2023-12-01,1539560.0,2.091666666666667,86.75,94.33333333333331,37.16666666666666,11.925,0.0,24,0
2023-12-02,1545916.0,-0.8999999999999999,80.54166666666667,46.75,64.29166666666667,9.016666666666667,0.0,24,0
2023-12-03,1558608.5,0.5416666666666666,73.08333333333333,88.83333333333333,33.375,15.4375,0.1,24,0
2023-12-04,1635225.0,5.6375,75.95833333333333,97.41666666666669,21.291666666666668,22.275,8.1,24,0
2023-12-05,1581384.5,6.966666666666666,89.08333333333333,94.33333333333331,15.458333333333334,20.754166666666663,10.0,24,0
2023-12-06,1604441.0,4.795833333333333,90.83333333333331,71.58333333333333,53.708333333333336,7.129166666666666,0.1,24,0
2023-12-07,1656418.0,4.091666666666667,89.375,99.79166666666669,23.5,14.304166666666667,4.6,24,0
2023-12-08,1522099.5,6.6875,94.54166666666669,76.04166666666667,24.75,8.995833333333334,6.3,24,0
2023-12-09,1391519.0,9.308333333333334,89.58333333333333,81.5,7.541666666666667,24.475,22.1,24,0
2023-12-10,1296140.0,10.141666666666667,82.375,78.75,33.541666666666664,24.745833333333334,1.5,24,0
2023-12-11,1367230.0,10.4625,87.20833333333333,94.125,47.625,15.8125,0.1,24,0
2023-12-12,1366705.0,10.429166666666667,91.0,77.375,28.5,15.045833333333334,2.6,24,0
2023-12-13,1414371.0,8.020833333333334,89.79166666666667,62.25,24.416666666666668,13.895833333333334,1.4,24,0
2023-12-14,1476523.0,7.479166666666667,83.0,99.75,21.08333333333333,14.9625,1.3,24,0
2023-12-15,1453091.0,7.212499999999999,92.33333333333331,99.75,15.5,7.5625,1.0,24,0
2023-12-16,1389253.0,5.066666666666666,87.04166666666667,16.541666666666668,56.375,5.8125,0.0,24,0
2023-12-17,1438970.0,2.7625,95.625,46.25,41.41666666666666,7.5625,0.0,24,0
2023-12-18,1617984.5,1.7583333333333335,92.95833333333331,86.875,23.95833333333333,9.666666666666666,0.0,24,0
2023-12-19,1612414.5,6.7125,89.625,99.95833333333331,20.95833333333333,17.629166666666666,3.6,24,0
2023-12-20,1536735.5,7.658333333333334,86.33333333333333,74.125,33.5,16.849999999999998,0.2,24,0
2023-12-21,1473610.0,10.595833333333331,84.16666666666667,99.95833333333331,9.791666666666666,25.65416666666667,0.9,24,0
2023-12-22,1378808.5,10.104166666666666,78.79166666666667,98.25,20.58333333333333,25.2,1.1,24,0
2023-12-23,1259708.0,9.754166666666666,80.375,95.54166666666669,23.45833333333333,20.579166666666666,0.5,24,0
2023-12-24,1200144.5,10.225,80.5,94.54166666666669,22.791666666666668,22.4,0.1,24,0
2023-12-25,1157784.0,11.258333333333333,81.16666666666667,99.54166666666669,13.125,21.60833333333333,0.0,24,1
2023-12-26,1274803.0,10.695833333333333,82.29166666666667,100.0,15.875,15.825,0.0,24,0
2023-12-27,1324128.5,9.254166666666666,80.04166666666667,100.0,45.708333333333336,17.291666666666668,1.7,24,0
2023-12-28,1318198.5,10.25,85.79166666666667,75.33333333333333,44.0,20.9875,0.0,24,0
2023-12-29,1293829.0,9.8875,84.54166666666667,91.33333333333331,26.75,22.129166666666663,1.7000000000000002,24,0
2023-12-30,1226767.0,9.341666666666669,88.58333333333333,95.75,23.666666666666668,18.241666666666667,0.2,24,0
2023-12-31,1241750.0,9.154166666666669,75.16666666666667,87.5,47.04166666666666,29.066666666666663,1.9,24,0
2024-01-01,1238118.5,7.7375,77.66666666666667,78.66666666666667,41.75,21.575,2.1,24,1
2024-01-02,1360262.5,11.020833333333334,88.45833333333333,85.33333333333333,8.083333333333334,33.579166666666666,13.6,24,0
2024-01-03,1379781.0,9.883333333333333,83.45833333333333,48.625,36.0,27.02083333333333,2.7,24,0
2024-01-04,1393444.5,8.908333333333333,82.375,63.29166666666666,37.79166666666666,21.695833333333336,1.7000000000000002,24,0
2024-01-05,1424863.5,6.941666666666666,83.70833333333333,20.541666666666668,55.5,15.654166666666669,0.0,24,0
2024-01-06,1393555.5,4.7250000000000005,87.33333333333333,75.125,38.708333333333336,12.7375,1.6,24,0
2024-01-07,1445707.0,3.045833333333333,83.54166666666667,90.08333333333331,18.33333333333333,15.829166666666666,0.0,24,0
2024-01-08,1736114.0,-1.7625,69.79166666666667,81.41666666666667,23.375,18.241666666666667,0.3,24,0
2024-01-09,1860608.5,-1.9583333333333333,65.04166666666667,99.41666666666669,28.25,12.7625,1.0,24,0
2024-01-10,1876021.5,-2.245833333333333,72.70833333333333,89.16666666666667,41.16666666666666,8.200000000000001,0.0,24,0
2024-01-11,1842211.5,-1.4083333333333332,71.20833333333333,8.791666666666666,66.54166666666667,11.629166666666668,0.0,24,0
2024-01-12,1817925.0,1.5041666666666669,83.54166666666667,92.16666666666669,29.666666666666668,11.608333333333334,0.0,24,0
2024-01-13,1734443.0,-0.7958333333333334,87.91666666666667,99.95833333333331,27.45833333333333,4.908333333333333,0.0,24,0
2024-01-14,1685553.0,-1.5208333333333333,84.58333333333333,98.54166666666669,38.0,6.016666666666667,0.0,24,0
2024-01-15,1729714.5,1.0708333333333333,77.45833333333333,73.83333333333333,54.16666666666666,11.754166666666668,0.3,24,0
2024-01-16,1775868.0,-1.5666666666666669,81.125,69.875,70.66666666666667,5.1125,0.0,24,0
2024-01-17,1681990.0,0.8041666666666667,95.04166666666669,100.0,6.166666666666667,9.3,27.4,24,0
2024-01-18,1646912.5,-0.3958333333333333,87.125,65.08333333333333,65.875,13.6375,6.2,24,0
2024-01-19,1783962.5,-2.1041666666666665,86.41666666666667,14.666666666666666,72.58333333333333,7.1375,0.0,24,0
2024-01-20,1741290.0,-3.033333333333333,86.29166666666667,33.833333333333336,73.54166666666667,8.845833333333333,0.0,24,0
2024-01-21,1629595.0,3.675,76.125,98.125,41.458333333333336,20.404166666666665,0.1,24,0
2024-01-22,1604374.0,10.041666666666666,81.20833333333333,71.58333333333333,39.91666666666666,29.433333333333334,3.6,24,0
2024-01-23,1534765.0,8.825000000000001,85.83333333333333,89.45833333333333,18.0,19.554166666666667,0.5,24,0
2024-01-24,1425701.0,12.295833333333334,80.83333333333333,96.29166666666669,49.375,20.766666666666666,0.5,24,0
2024-01-25,1393535.5,10.7375,90.29166666666669,100.0,30.20833333333333,9.633333333333333,1.5,24,0
2024-01-26,1389904.5,9.195833333333333,83.5,66.58333333333333,60.333333333333336,16.575,1.9,24,0
2024-01-27,1365719.5,2.25,86.95833333333333,67.41666666666667,66.54166666666667,6.025,0.0,24,0
2024-01-28,1352648.5,3.1625,88.25,77.41666666666667,64.20833333333333,9.233333333333333,0.0,24,0
2024-01-29,1432386.0,7.625,87.125,96.625,68.54166666666667,10.616666666666667,0.0,24,0
2024-01-30,1425881.0,9.179166666666667,86.75,94.91666666666669,26.791666666666668,9.1125,0.0,24,0
2024-01-31,1455083.5,6.6375,84.875,86.29166666666667,59.41666666666666,8.070833333333333,0.0,24,0
2024-02-01,1443948.0,9.225,89.66666666666667,99.875,18.791666666666668,11.391666666666666,1.3,24,0
2024-02-02,1440633.5,5.891666666666667,93.75,98.375,43.875,10.35,0.0,24,0
2024-02-03,1327864.0,9.483333333333333,85.83333333333333,100.0,26.25,13.233333333333334,0.0,24,0
2024-02-04,1295044.0,9.829166666666667,80.95833333333333,99.375,38.625,15.020833333333334,0.0,24,0
2024-02-05,1460941.0,8.237499999999999,81.33333333333333,94.70833333333331,38.04166666666666,14.620833333333332,0.0,24,0
2024-02-06,1480662.5,9.8375,79.0,87.04166666666667,57.958333333333336,22.6125,0.0,24,0
2024-02-07,1439703.5,11.2375,88.41666666666667,100.0,21.33333333333333,24.175,12.1,24,0
2024-02-08,1386569.0,12.0375,88.125,100.0,26.75,21.55,6.3,24,0
2024-02-09,1349284.5,11.45,80.45833333333333,89.29166666666667,47.125,22.445833333333336,5.5,24,0
2024-02-10,1263691.5,7.995833333333334,92.70833333333331,94.33333333333331,21.58333333333333,8.920833333333333,8.0,24,0
2024-02-11,1258994.0,8.1875,84.5,75.41666666666667,52.625,18.6625,1.1,24,0
2024-02-12,1422264.0,6.0375000000000005,87.75,67.95833333333333,74.0,8.637500000000001,0.5,24,0
2024-02-13,1463543.0,6.158333333333334,84.91666666666667,70.875,80.41666666666667,13.5625,1.2,24,0
2024-02-14,1374218.5,11.420833333333334,88.58333333333333,98.95833333333331,49.375,15.233333333333334,2.6,24,0
2024-02-15,1315451.0,12.316666666666668,81.29166666666667,96.875,94.33333333333331,11.920833333333334,4.9,24,0
2024-02-16,1287154.0,11.95,85.20833333333333,80.70833333333333,28.625,15.125,3.6,24,0
2024-02-17,1203515.0,9.6625,74.75,86.66666666666667,86.29166666666667,6.9750000000000005,0.0,24,0
2024-02-18,1194984.0,8.9125,86.33333333333333,100.0,19.58333333333333,15.691666666666668,7.9,24,0
2024-02-19,1320297.0,10.466666666666669,86.75,99.75,41.083333333333336,15.1875,0.4,24,0
2024-02-20,1362159.5,8.329166666666667,87.04166666666667,99.79166666666669,56.75,11.191666666666668,0.0,24,0
2024-02-21,1396366.5,8.595833333333333,85.45833333333333,100.0,22.25,18.429166666666667,10.1,24,0
2024-02-22,1386325.5,11.2875,84.91666666666667,92.0,57.41666666666666,27.995833333333334,16.5,24,0
2024-02-23,1455846.0,6.0,74.70833333333333,60.79166666666666,87.75,22.066666666666663,1.5,24,0
2024-02-24,1379170.5,5.004166666666666,82.16666666666667,61.833333333333336,99.375,17.7375,4.0,24,0
2024-02-25,1334176.0,5.983333333333333,90.625,79.04166666666667,29.95833333333333,17.566666666666666,8.3,24,0
2024-02-26,1442803.0,6.766666666666667,92.58333333333331,86.70833333333333,30.08333333333333,16.916666666666668,7.9,24,0
2024-02-27,1487990.0,6.416666666666667,77.95833333333333,98.29166666666669,80.91666666666667,19.633333333333333,0.0,24,0
2024-02-28,1480511.5,5.929166666666667,83.45833333333333,72.16666666666667,93.45833333333331,9.0625,0.0,24,0
2024-02-29,1429969.5,9.325,90.0,100.0,23.041666666666668,17.654166666666665,1.4,24,0
2024-03-01,1433291.0,7.308333333333334,85.04166666666667,81.04166666666667,74.16666666666667,22.0625,5.5,24,0
2024-03-02,1331970.5,6.529166666666666,88.875,83.20833333333333,32.333333333333336,15.995833333333332,11.0,24,0
2024-03-03,1309485.0,5.824999999999999,86.41666666666667,91.08333333333331,71.875,8.729166666666666,3.9,24,0
2024-03-04,1461103.0,5.120833333333334,78.625,49.91666666666666,156.45833333333334,9.020833333333334,0.5,24,0
2024-03-05,1452059.0,6.925,83.41666666666667,90.95833333333331,90.125,12.875,7.5,24,0
2024-03-06,1448264.5,6.208333333333333,86.875,73.66666666666667,95.25,5.645833333333333,2.5,24,0
2024-03-07,1435904.0,6.291666666666667,80.58333333333333,15.208333333333334,150.75,12.0625,0.0,24,0
2024-03-08,1417486.5,8.079166666666667,71.91666666666667,71.0,141.08333333333334,15.441666666666668,0.0,24,0
2024-03-09,1298171.5,9.191666666666666,74.875,85.0,98.29166666666669,16.837500000000002,4.1,24,0
2024-03-10,1243706.0,7.916666666666667,88.20833333333333,99.91666666666669,65.0,6.870833333333334,2.7,24,0
2024-03-11,1385608.5,7.270833333333333,85.79166666666667,67.45833333333333,116.54166666666669,12.345833333333331,2.0,24,0
2024-03-12,1390490.5,8.820833333333333,90.04166666666667,99.29166666666669,35.583333333333336,13.941666666666668,5.6000000000000005,24,0
2024-03-13,1318144.5,11.520833333333334,82.5,100.0,99.125,11.4375,0.0,24,0
2024-03-14,1275307.5,10.745833333333332,83.0,64.41666666666667,153.875,11.179166666666667,0.0,24,0
2024-03-15,1227679.5,13.0125,81.58333333333333,89.16666666666667,126.83333333333331,20.075,9.5,24,0
2024-03-16,1120396.0,11.825,74.16666666666667,86.875,138.75,13.9,0.3,24,0
2024-03-17,1083398.5,11.145833333333334,90.95833333333331,97.70833333333331,44.625,10.325,5.0,24,0
2024-03-18,1182699.0,12.695833333333333,82.25,79.66666666666667,135.58333333333334,8.179166666666667,6.7,24,0
2024-03-19,1195640.0,11.770833333333334,77.54166666666667,91.08333333333331,177.20833333333334,5.641666666666667,0.0,24,0
2024-03-20,1183902.5,12.075,80.5,99.70833333333331,164.04166666666666,5.929166666666667,0.0,24,0
2024-03-21,1166551.5,12.133333333333333,80.25,74.16666666666667,194.5,5.9125000000000005,0.0,24,0
2024-03-22,1149658.0,10.9625,84.0,77.79166666666667,161.5,10.304166666666667,0.2,24,0
2024-03-23,1108722.0,7.5625,77.91666666666667,53.0,163.29166666666666,20.570833333333333,6.1,24,0
2024-03-24,1129175.0,6.920833333333333,75.04166666666667,24.291666666666668,171.41666666666666,18.925,0.6000000000000001,24,0
2024-03-25,1287332.0,7.2375,73.25,88.16666666666667,174.16666666666666,13.295833333333334,0.0,24,0
2024-03-26,1320001.5,9.4,83.91666666666667,99.54166666666669,73.83333333333333,12.533333333333331,7.2,24,0
2024-03-27,1360523.0,8.025,77.58333333333333,88.58333333333333,120.58333333333331,18.745833333333334,1.2000000000000002,24,0
2024-03-28,1352730.0,9.004166666666666,69.125,73.625,172.20833333333334,28.0625,2.7,24,0
2024-03-29,1275574.0,10.45,77.95833333333333,99.95833333333331,100.29166666666669,15.245833333333332,5.9,24,0
2024-03-30,1173834.0,8.924999999999999,81.54166666666667,99.83333333333331,95.33333333333331,8.950000000000001,11.2,24,0
2024-03-31,1117738.0,9.670833333333333,82.875,85.66666666666667,145.875,12.795833333333334,4.3,24,0
2024-04-01,1142454.0,9.6625,78.20833333333333,69.95833333333333,147.125,15.033333333333331,4.4,24,1
2024-04-02,1280167.5,10.558333333333334,74.5,61.833333333333336,135.45833333333334,21.695833333333336,0.6000000000000001,24,0
2024-04-03,1260990.5,12.591666666666669,78.125,84.45833333333333,155.25,20.8375,7.6,24,0
2024-04-04,1221828.0,14.245833333333332,77.16666666666667,82.25,168.91666666666666,24.8625,12.5,24,0
2024-04-05,1164115.5,14.883333333333333,81.875,96.125,89.75,16.770833333333332,2.1,24,0
2024-04-06,1022488.0,16.95,67.95833333333333,91.125,210.04166666666663,15.625,0.0,24,0
2024-04-07,969091.0,15.2875,77.625,99.29166666666669,102.41666666666669,12.079166666666666,9.6,24,0
2024-04-08,1114784.5,14.35,81.125,81.83333333333333,172.83333333333334,12.433333333333332,8.3,24,0
2024-04-09,1185003.5,9.9625,69.41666666666667,50.708333333333336,183.20833333333331,21.883333333333336,3.3,24,0
2024-04-10,1219872.5,9.833333333333334,70.41666666666667,50.0,205.29166666666663,9.275,0.0,24,0
2024-04-11,1182689.0,14.0375,77.91666666666667,94.875,114.20833333333331,7.108333333333333,0.4,24,0
2024-04-12,1118295.5,15.525,79.875,75.33333333333333,214.5,7.129166666666666,0.0,24,0
2024-04-13,974107.0,16.991666666666667,77.70833333333333,96.79166666666669,249.08333333333331,10.466666666666669,0.0,24,0
2024-04-14,915811.0,13.966666666666669,74.66666666666667,99.20833333333331,181.125,10.079166666666667,0.0,24,0
2024-04-15,1077956.0,9.929166666666667,74.66666666666667,68.375,132.375,21.84166666666667,3.0,24,0
2024-04-16,1165655.0,9.125,70.79166666666667,40.29166666666666,201.125,23.45833333333333,1.2,24,0
2024-04-17,1215422.0,7.2375,77.25,37.91666666666666,200.79166666666663,13.570833333333333,2.4,24,0
2024-04-18,1251966.5,7.2375,71.54166666666667,74.75,195.95833333333331,10.279166666666669,1.0,24,0
2024-04-19,1255459.5,9.3625,75.79166666666667,89.0,66.41666666666667,18.98333333333333,1.3,24,0
2024-04-20,1140310.5,6.8,71.83333333333333,49.0,166.41666666666666,14.7875,0.2,24,0
2024-04-21,1135586.0,6.770833333333333,67.29166666666667,40.958333333333336,219.41666666666663,17.1375,0.8,24,0
2024-04-22,1301768.5,6.55,70.29166666666667,36.083333333333336,239.54166666666663,13.604166666666666,0.8,24,0
2024-04-23,1330081.0,6.195833333333333,67.0,48.16666666666666,240.54166666666663,11.579166666666666,0.0,24,0
2024-04-24,1335522.5,7.533333333333334,71.70833333333333,66.5,190.375,15.925,1.2000000000000002,24,0
2024-04-25,1302325.5,7.3625,70.79166666666667,46.29166666666666,188.625,7.3,0.1,24,0
2024-04-26,1250801.0,9.420833333333333,78.16666666666667,80.125,174.41666666666666,9.520833333333334,4.9,24,0
2024-04-27,1122054.0,11.691666666666668,86.5,100.0,115.95833333333331,11.133333333333333,15.7,24,0
2024-04-28,1065765.5,12.133333333333333,72.41666666666667,51.333333333333336,227.41666666666663,19.5875,4.3,24,0
2024-04-29,1169565.0,12.283333333333331,74.625,66.79166666666667,237.125,10.129166666666666,0.3,24,0
2024-04-30,1141859.5,13.9,82.20833333333333,97.08333333333331,148.66666666666666,11.879166666666665,2.0,24,0
2024-05-01,996872.0,15.491666666666667,83.66666666666667,99.625,196.95833333333331,9.045833333333333,3.2,24,1
2024-05-02,1158009.5,11.9,85.75,100.0,84.875,18.17083333333333,8.8,24,0
2024-05-03,1163838.0,11.779166666666669,74.83333333333333,62.66666666666666,239.08333333333331,15.020833333333334,2.8,24,0
2024-05-04,1065786.5,10.683333333333332,81.66666666666667,51.625,204.25,8.808333333333334,0.7000000000000001,24,0
2024-05-05,993813.5,12.9375,84.79166666666667,99.625,127.45833333333331,8.816666666666666,2.9,24,0
2024-05-06,1109764.5,13.570833333333333,77.54166666666667,74.375,252.0,12.283333333333331,2.8,24,0
2024-05-07,1119733.0,13.308333333333332,81.125,44.833333333333336,256.3333333333333,10.258333333333333,1.2,24,0
2024-05-08,1007955.5,12.1,77.41666666666667,60.333333333333336,209.29166666666663,11.595833333333331,0.0,24,1
2024-05-09,965866.5,13.3875,77.33333333333333,53.458333333333336,245.75,8.4,0.0,24,1
2024-05-10,966949.0,16.208333333333332,71.08333333333333,58.083333333333336,304.6666666666667,9.5625,0.0,24,0
2024-05-11,916627.5,17.724999999999998,69.125,56.16666666666666,307.0833333333333,9.441666666666666,0.0,24,0
2024-05-12,885410.5,17.845833333333335,76.95833333333333,70.04166666666667,216.625,7.908333333333334,12.7,24,0
2024-05-13,1022553.5,17.108333333333334,75.33333333333333,72.66666666666667,202.45833333333331,12.954166666666666,0.0,24,0
2024-05-14,1061969.0,14.708333333333334,87.91666666666667,100.0,72.04166666666667,11.425,15.9,24,0
2024-05-15,1075239.0,15.020833333333334,77.83333333333333,70.66666666666667,261.5,9.716666666666669,2.4,24,0
2024-05-16,1085171.0,14.754166666666668,75.33333333333333,73.04166666666667,281.4166666666667,9.233333333333333,3.9,24,0
2024-05-17,1076293.0,14.333333333333334,75.20833333333333,100.0,216.58333333333331,5.45,0.5,24,0
2024-05-18,963505.0,15.25,79.125,85.95833333333333,257.9166666666667,6.345833333333334,2.9,24,0
2024-05-19,907948.5,15.016666666666666,84.0,73.16666666666667,196.16666666666663,5.391666666666667,1.0,24,0
2024-05-20,940314.5,15.404166666666669,81.95833333333333,51.125,250.83333333333331,9.166666666666666,3.3,24,1
2024-05-21,1060786.5,14.908333333333331,86.04166666666667,87.04166666666667,196.625,7.166666666666667,13.4,24,0
2024-05-22,1073858.5,14.875,78.54166666666667,52.208333333333336,233.125,13.741666666666667,1.5,24,0
2024-05-23,1081021.0,14.883333333333333,77.08333333333333,58.04166666666666,239.41666666666663,7.166666666666667,2.9000000000000004,24,0
2024-05-24,1070194.5,14.2375,81.625,45.04166666666666,251.0,7.25,1.7999999999999998,24,0
2024-05-25,963597.5,15.166666666666666,78.125,75.95833333333333,246.75,6.3,2.1,24,0
2024-05-26,907369.5,16.658333333333335,76.91666666666667,78.25,234.04166666666663,13.233333333333334,3.3,24,0
2024-05-27,1040899.5,13.766666666666666,78.625,67.58333333333333,183.5,9.595833333333331,1.2000000000000002,24,0
2024-05-28,1066532.5,13.470833333333331,84.20833333333333,85.20833333333333,62.79166666666666,14.675,3.8,24,0
2024-05-29,1079505.5,15.204166666666666,87.58333333333333,93.25,96.95833333333331,16.670833333333334,22.5,24,0
2024-05-30,1082486.5,13.6625,82.58333333333333,83.41666666666667,177.70833333333334,15.875,4.2,24,0
2024-05-31,1081174.0,13.35,83.95833333333333,74.20833333333333,175.125,17.587500000000002,3.7,24,0
2024-06-01,982360.5,13.575,83.25,98.625,91.58333333333331,18.654166666666665,2.9,24,0
2024-06-02,941033.5,14.333333333333334,77.54166666666667,87.33333333333333,154.91666666666666,15.795833333333334,0.0,24,0
2024-06-03,1060747.0,14.275,78.04166666666667,54.208333333333336,253.0,7.729166666666667,0.1,24,0
2024-06-04,1061445.5,17.254166666666666,79.29166666666667,76.58333333333333,248.95833333333331,9.120833333333334,0.8,24,0
2024-06-05,1060395.0,15.875,76.125,63.5,190.375,11.595833333333331,0.5,24,0
2024-06-06,1064102.0,14.0875,71.875,31.041666666666668,274.8333333333333,8.112499999999999,0.0,24,0
2024-06-07,1051587.0,14.3625,70.08333333333333,7.583333333333333,327.0833333333333,7.1875,0.0,24,0
2024-06-08,965814.5,14.779166666666669,71.54166666666667,42.75,308.7083333333333,8.9125,0.0,24,0
2024-06-09,900182.5,14.554166666666667,68.79166666666667,17.958333333333332,300.375,10.516666666666667,0.0,24,0
2024-06-10,1028927.5,12.783333333333331,75.54166666666667,44.208333333333336,158.83333333333334,15.1625,3.3000000000000003,24,0
2024-06-11,1053222.0,11.995833333333332,72.79166666666667,20.041666666666668,275.0833333333333,7.820833333333333,2.5,24,0
2024-06-12,1059594.5,11.916666666666666,79.66666666666667,31.541666666666668,267.5416666666667,5.841666666666666,4.4,24,0
2024-06-13,1062251.5,14.629166666666668,67.5,69.70833333333333,232.625,10.716666666666669,0.7,24,0
2024-06-14,1051998.5,16.804166666666667,70.70833333333333,78.125,240.91666666666663,18.554166666666667,8.4,24,0
2024-06-15,950652.0,14.6125,69.70833333333333,59.04166666666666,185.95833333333331,22.441666666666663,2.6,24,0
2024-06-16,910837.5,15.483333333333334,78.41666666666667,77.625,154.45833333333334,17.870833333333334,5.1000000000000005,24,0
2024-06-17,1046219.0,17.4875,79.16666666666667,84.29166666666667,236.25,8.179166666666667,3.5,24,0
2024-06-18,1072430.0,17.604166666666668,90.08333333333331,98.45833333333331,142.04166666666666,7.462499999999999,16.1,24,0
2024-06-19,1068897.5,17.658333333333335,78.45833333333333,93.33333333333331,176.16666666666666,15.55,1.3,24,0
2024-06-20,1072183.0,18.366666666666667,78.91666666666667,96.875,176.25,11.591666666666669,1.8,24,0
2024-06-21,1058758.0,17.7625,82.16666666666667,77.58333333333333,183.0,8.95,17.3,24,0
2024-06-22,944531.0,16.404166666666665,77.375,78.95833333333333,193.41666666666663,14.9875,5.3,24,0
2024-06-23,906542.0,16.645833333333332,72.25,35.541666666666664,286.4583333333333,6.825,0.0,24,0
2024-06-24,1045227.5,19.89583333333333,73.41666666666667,18.166666666666668,276.9583333333333,8.258333333333333,0.0,24,0
2024-06-25,1074798.0,22.416666666666668,68.875,36.208333333333336,277.9166666666667,8.120833333333334,0.0,24,0
2024-06-26,1090057.0,23.7375,68.54166666666667,46.16666666666666,303.5833333333333,7.079166666666667,0.0,24,0
2024-06-27,1101604.0,22.933333333333334,70.91666666666667,52.25,270.5833333333333,9.941666666666666,0.2,24,0
2024-06-28,1070687.0,18.054166666666667,66.20833333333333,47.29166666666666,311.375,8.075000000000001,0.0,24,0
2024-06-29,957978.5,17.279166666666665,73.375,82.83333333333333,162.58333333333334,12.841666666666669,24.6,24,0
2024-06-30,904421.0,18.308333333333334,76.375,98.41666666666669,174.75,12.325,3.9,24,0
2024-07-01,1041184.0,17.583333333333332,73.33333333333333,79.25,237.58333333333331,12.8,2.0,24,0
2024-07-02,1064148.0,16.304166666666667,74.125,86.33333333333333,122.70833333333331,12.0375,1.2000000000000002,24,0
2024-07-03,1069695.0,15.729166666666666,73.29166666666667,93.875,141.875,12.408333333333331,0.2,24,0
2024-07-04,1074149.0,17.766666666666666,67.91666666666667,56.04166666666666,251.04166666666663,18.816666666666663,1.3,24,0
2024-07-05,1066354.0,18.33333333333333,63.79166666666666,89.45833333333333,255.625,12.154166666666669,0.0,24,0
2024-07-06,954885.0,17.716666666666665,59.75,62.958333333333336,238.45833333333331,18.695833333333333,0.1,24,0
2024-07-07,899186.0,15.695833333333333,61.0,56.125,227.70833333333331,12.733333333333334,0.1,24,0
2024-07-08,1047105.0,17.579166666666666,66.91666666666667,65.25,183.25,6.141666666666667,0.0,24,0
2024-07-09,1089230.0,20.2875,72.95833333333333,75.79166666666667,214.91666666666663,7.004166666666666,1.7,24,0
2024-07-10,1094615.5,20.875,68.33333333333333,81.75,252.66666666666663,13.633333333333333,0.2,24,0
2024-07-11,1106718.0,19.475,67.95833333333333,60.41666666666666,228.0,7.416666666666667,0.0,24,0
2024-07-12,1071988.0,16.462500000000002,79.79166666666667,88.33333333333333,136.79166666666666,12.983333333333334,14.6,24,0
2024-07-13,952663.5,16.325,78.33333333333333,62.29166666666666,218.375,4.741666666666666,3.4000000000000004,24,0
2024-07-14,912147.5,17.770833333333332,71.83333333333333,46.958333333333336,184.125,5.608333333333333,0.0,24,1
2024-07-15,1058174.5,19.979166666666668,70.0,57.29166666666666,222.95833333333331,11.0125,0.2,24,0
2024-07-16,1082648.0,19.025,67.125,42.91666666666666,251.20833333333331,20.016666666666666,0.4,24,0
2024-07-17,1089412.0,19.2375,68.70833333333333,52.833333333333336,247.29166666666663,4.708333333333333,0.0,24,0
2024-07-18,1111679.5,22.15833333333333,64.95833333333333,78.0,291.6666666666667,6.133333333333333,0.0,24,0
2024-07-19,1109715.5,24.77083333333333,59.958333333333336,70.54166666666667,274.4166666666667,5.216666666666667,0.1,24,0
2024-07-20,1007312.5,24.229166666666668,61.833333333333336,56.458333333333336,273.0,8.179166666666667,8.399999999999999,24,0
2024-07-21,928017.0,21.354166666666668,76.75,90.04166666666667,206.25,12.791666666666666,4.8,24,0
2024-07-22,1048265.0,19.84583333333333,64.875,66.45833333333333,184.16666666666663,12.5625,0.0,24,0
2024-07-23,1087259.5,20.35,71.41666666666667,87.04166666666667,213.20833333333331,17.212500000000002,2.8,24,0
2024-07-24,1090760.5,19.7375,66.33333333333333,67.625,222.25,4.5875,0.0,24,0
2024-07-25,1097198.0,22.79583333333333,59.208333333333336,81.33333333333333,236.5,9.454166666666667,0.0,24,0
2024-07-26,1083317.5,20.866666666666667,80.95833333333333,98.41666666666669,131.66666666666666,6.516666666666667,7.5,24,0
2024-07-27,981621.0,18.67083333333333,87.83333333333333,99.83333333333331,78.33333333333333,6.433333333333334,9.9,24,0
2024-07-28,932400.0,18.29583333333333,73.20833333333333,32.375,306.625,8.7875,0.0,24,0
2024-07-29,1072244.0,21.933333333333334,67.41666666666667,23.166666666666668,285.4166666666667,9.7625,0.0,24,0
2024-07-30,1121709.0,26.2375,69.16666666666667,38.375,280.3333333333333,5.079166666666667,0.0,24,0
2024-07-31,1126995.5,25.4875,76.70833333333333,61.375,223.79166666666663,8.095833333333333,4.3,24,0
2024-08-01,1112037.5,23.129166666666663,84.91666666666667,49.625,214.66666666666663,8.879166666666666,30.9,24,0
2024-08-02,1076710.5,22.179166666666664,75.125,32.0,252.16666666666663,10.583333333333334,1.1,24,0
2024-08-03,963408.0,19.804166666666667,72.125,71.625,165.45833333333334,9.966666666666669,1.8,24,0
2024-08-04,914214.0,19.9875,70.20833333333333,93.08333333333331,249.20833333333331,9.175,0.0,24,0
2024-08-05,1005652.0,20.579166666666666,68.45833333333333,8.75,295.875,6.508333333333333,0.0,24,0
2024-08-06,1031728.0,22.179166666666664,65.91666666666667,38.75,279.1666666666667,9.254166666666666,0.0,24,0
2024-08-07,1021837.0,20.254166666666663,63.875,78.91666666666667,224.83333333333331,10.716666666666669,1.1,24,0
2024-08-08,1025313.5,21.433333333333334,61.41666666666666,72.33333333333333,203.95833333333331,7.1375,0.0,24,0
2024-08-09,1029458.5,21.816666666666663,69.41666666666667,65.0,148.875,12.866666666666667,0.2,24,0
2024-08-10,971025.0,21.58333333333333,67.75,36.875,280.5416666666667,4.879166666666666,0.0,24,0
2024-08-11,943911.0,24.77916666666667,54.16666666666666,55.625,273.0,11.2,0.0,24,0
2024-08-12,1038001.5,28.27083333333333,56.875,8.333333333333334,270.6666666666667,10.3125,0.0,24,0
2024-08-13,1030949.5,23.14583333333333,73.375,83.25,153.79166666666666,7.587499999999999,1.3,24,0
2024-08-14,1003709.5,22.02916666666667,76.83333333333333,91.45833333333331,185.375,5.275,18.5,24,0
2024-08-15,920939.0,21.59166666666667,69.75,46.66666666666666,236.875,9.1625,0.7,24,1
2024-08-16,960446.0,21.225,70.16666666666667,65.25,141.375,12.420833333333334,0.7,24,0
2024-08-17,923546.0,20.204166666666666,85.95833333333333,99.75,53.25,7.637499999999999,26.9,24,0
2024-08-18,875275.0,17.741666666666667,73.66666666666667,91.20833333333331,170.29166666666666,14.8,6.4,24,0
2024-08-19,966960.0,16.8625,73.20833333333333,41.0,264.3333333333333,5.658333333333334,0.0,24,0
2024-08-20,1004937.5,18.091666666666665,79.375,52.5,137.375,12.854166666666666,24.1,24,0
2024-08-21,1005269.5,16.329166666666666,70.45833333333333,77.79166666666667,193.0,10.633333333333333,0.0,24,0
2024-08-22,1020090.0,17.95,64.33333333333333,57.41666666666666,263.0,11.741666666666667,0.0,24,0
2024-08-23,1029997.5,20.2125,74.20833333333333,77.16666666666667,84.875,16.491666666666667,0.6000000000000001,24,0
2024-08-24,960237.0,21.425,73.125,27.33333333333333,226.66666666666663,18.10833333333333,4.2,24,0
2024-08-25,899262.5,16.712500000000002,63.75,18.625,221.04166666666663,11.6625,0.0,24,0
2024-08-26,1024085.5,17.858333333333334,64.45833333333333,37.125,214.79166666666663,6.254166666666666,0.0,24,0
2024-08-27,1063301.5,18.954166666666666,66.83333333333333,45.208333333333336,253.5,7.7,0.0,24,0
2024-08-28,1092313.5,21.42083333333333,67.16666666666667,23.375,248.83333333333331,8.9625,0.0,24,0
2024-08-29,1098001.5,20.78333333333333,70.66666666666667,78.79166666666667,173.25,10.725,1.5,24,0
2024-08-30,1081042.0,17.545833333333334,85.16666666666667,96.95833333333331,85.5,12.55,13.7,24,0
2024-08-31,978243.5,19.320833333333333,87.66666666666667,62.75,158.25,8.370833333333334,1.2000000000000002,24,0
2024-09-01,943761.5,22.52083333333333,78.33333333333333,55.375,210.41666666666663,10.670833333333334,0.2,24,0
2024-09-02,1064657.0,20.633333333333333,78.04166666666667,51.41666666666666,185.83333333333331,9.591666666666669,0.1,24,0
2024-09-03,1081250.5,19.554166666666667,77.70833333333333,98.79166666666669,111.375,8.387500000000001,7.8,24,0
2024-09-04,1071232.5,18.429166666666667,75.375,85.5,176.91666666666666,7.2875,1.5,24,0
2024-09-05,1067359.0,16.05,84.625,99.95833333333331,57.458333333333336,12.7625,24.1,24,0
2024-09-06,1058392.0,16.8,80.41666666666667,74.16666666666667,193.875,6.629166666666666,0.0,24,0
2024-09-07,957135.0,18.54583333333333,84.70833333333333,90.25,130.875,7.524999999999999,4.8,24,0
2024-09-08,913122.0,16.354166666666668,79.91666666666667,69.04166666666667,142.91666666666666,16.458333333333332,4.7,24,0
2024-09-09,1038126.5,16.404166666666665,83.5,81.16666666666667,94.125,18.558333333333334,1.1,24,0
2024-09-10,1058292.0,14.858333333333334,73.5,91.0,111.58333333333331,18.116666666666667,0.0,24,0
2024-09-11,1066843.0,14.5,72.33333333333333,66.125,154.25,17.608333333333334,4.5,24,0
2024-09-12,1076541.5,11.129166666666668,74.125,21.166666666666668,193.375,11.516666666666666,1.5,24,0
2024-09-13,1083038.0,11.395833333333334,78.33333333333333,27.83333333333333,170.83333333333334,11.991666666666667,2.5,24,0
2024-09-14,986162.0,11.4875,76.20833333333333,44.833333333333336,170.45833333333334,7.816666666666666,0.0,24,0
2024-09-15,948068.0,12.125,75.41666666666667,22.95833333333333,210.79166666666663,6.291666666666667,0.0,24,0
2024-09-16,1068864.0,14.416666666666666,80.45833333333333,71.45833333333333,118.54166666666669,10.591666666666669,0.2,24,0
2024-09-17,1084656.5,15.841666666666669,75.95833333333333,38.875,143.25,19.1875,0.0,24,0
2024-09-18,1082174.0,18.2,73.20833333333333,20.58333333333333,184.08333333333331,18.245833333333334,0.5,24,0
2024-09-19,1077778.5,19.4375,60.583333333333336,4.583333333333333,192.54166666666663,17.483333333333334,0.0,24,0
2024-09-20,1056500.5,16.204166666666666,79.54166666666667,37.66666666666666,124.83333333333331,10.641666666666667,17.8,24,0
2024-09-21,949065.5,17.337500000000002,81.25,44.333333333333336,160.875,9.1375,1.8,24,0
2024-09-22,913909.5,17.245833333333334,86.54166666666667,95.79166666666669,102.66666666666669,8.645833333333334,15.4,24,0
2024-09-23,1040495.5,15.425,86.41666666666667,66.875,123.20833333333331,12.958333333333334,7.0,24,0
2024-09-24,1070532.0,14.9875,85.79166666666667,80.5,64.75,16.004166666666666,3.2,24,0
2024-09-25,1084587.0,14.516666666666666,89.95833333333333,92.29166666666669,44.79166666666666,13.645833333333334,16.0,24,0
2024-09-26,1092493.5,16.008333333333333,85.95833333333333,78.41666666666667,66.08333333333333,21.525,10.4,24,0
2024-09-27,1091564.0,13.05,75.625,64.79166666666667,117.25,22.433333333333334,2.0,24,0
2024-09-28,1000668.5,10.4875,76.5,32.5,138.91666666666666,8.870833333333334,0.5,24,0
2024-09-29,999666.5,9.65,77.125,94.25,95.0,11.995833333333332,0.0,24,0
2024-09-30,1113248.0,14.766666666666666,78.625,94.25,58.333333333333336,23.42083333333333,0.3,24,0
2024-10-01,1116287.0,13.970833333333331,75.625,65.95833333333333,124.875,14.170833333333334,0.0,24,0
2024-10-02,1129578.5,13.266666666666666,81.375,66.125,73.75,15.3875,1.7000000000000002,24,0
2024-10-03,1146368.0,11.583333333333334,78.08333333333333,65.20833333333333,103.45833333333331,14.829166666666666,0.2,24,0
2024-10-04,1158959.0,9.9125,79.33333333333333,19.166666666666668,139.04166666666666,8.245833333333334,0.0,24,0
2024-10-05,1056993.5,10.4625,78.66666666666667,24.33333333333333,163.33333333333334,10.9375,0.0,24,0
2024-10-06,1011096.0,12.808333333333332,85.54166666666667,93.75,36.79166666666666,14.5125,4.4,24,0
2024-10-07,1116365.0,15.704166666666666,90.25,92.875,69.08333333333333,13.433333333333332,8.8,24,0
2024-10-08,1125934.5,15.683333333333332,80.66666666666667,76.04166666666667,129.33333333333334,19.7375,0.2,24,0
2024-10-09,1139819.0,14.3625,91.5,97.20833333333331,11.791666666666666,17.220833333333335,54.5,24,0
2024-10-10,1137856.0,12.908333333333331,86.83333333333333,59.79166666666666,93.41666666666669,15.620833333333332,2.0,24,0
2024-10-11,1147409.0,9.370833333333334,82.0,44.25,132.33333333333334,6.670833333333333,0.0,24,0
2024-10-12,1064758.5,11.445833333333333,85.54166666666667,95.25,66.25,9.570833333333333,1.4,24,0
2024-10-13,996287.5,11.65,78.66666666666667,99.75,117.66666666666669,8.345833333333333,0.0,24,0
2024-10-14,1121430.0,14.383333333333333,80.66666666666667,73.79166666666667,102.25,9.908333333333331,0.2,24,0
2024-10-15,1123962.0,15.208333333333334,90.83333333333331,99.83333333333331,80.45833333333333,11.895833333333334,0.2,24,0
2024-10-16,1115055.0,19.079166666666666,79.66666666666667,60.25,125.75,14.0125,6.8,24,0
2024-10-17,1112383.0,16.608333333333334,92.66666666666669,88.91666666666667,29.08333333333333,10.0375,13.1,24,0
2024-10-18,1115158.0,14.445833333333333,88.25,100.0,36.75,11.233333333333334,8.7,24,0
2024-10-19,1018841.5,13.545833333333334,86.79166666666667,85.58333333333333,44.125,14.15,1.8,24,0
2024-10-20,979945.5,14.775,89.54166666666667,99.875,48.208333333333336,15.304166666666667,0.9,24,0
2024-10-21,1095456.5,16.5125,87.54166666666667,71.91666666666667,79.70833333333333,12.625,1.7000000000000002,24,0
2024-10-22,1123046.0,12.566666666666668,86.70833333333333,34.416666666666664,110.125,8.016666666666667,0.0,24,0
2024-10-23,1151606.0,10.4125,89.45833333333333,48.79166666666666,100.91666666666669,6.2250000000000005,0.0,24,0
2024-10-24,1152724.5,11.466666666666669,89.54166666666667,9.833333333333334,112.08333333333331,9.554166666666667,0.0,24,0
2024-10-25,1126716.0,14.7,89.5,63.75,86.95833333333333,10.4875,2.3,24,0
2024-10-26,1030118.5,14.291666666666666,94.58333333333331,82.75,62.875,4.829166666666667,5.9,24,0
2024-10-27,992087.5,14.308333333333332,92.45833333333331,96.33333333333331,37.75,7.066666666666666,3.1,24,0
2024-10-28,1126847.5,13.2625,91.0,57.0,67.83333333333333,6.020833333333333,0.0,24,0
2024-10-29,1160510.0,10.9,92.875,53.583333333333336,53.708333333333336,7.345833333333334,0.0,24,0
2024-10-30,1167734.0,12.533333333333331,88.58333333333333,97.58333333333331,53.16666666666666,6.441666666666666,0.0,24,0
2024-10-31,1171402.0,12.045833333333334,90.125,80.20833333333333,76.04166666666667,6.0,0.0,24,0
2024-11-01,1074804.0,10.845833333333331,91.75,100.0,39.29166666666666,3.9791666666666665,0.1,24,1
2024-11-02,1078592.0,10.908333333333331,85.66666666666667,95.79166666666669,34.0,10.1875,0.5,24,0
2024-11-03,1072962.5,10.2875,85.0,72.08333333333333,74.625,8.195833333333333,0.0,24,0
2024-11-04,1232220.5,9.2875,94.04166666666669,53.5,66.25,6.3875,0.0,24,0
2024-11-05,1245560.0,9.270833333333334,97.20833333333331,81.79166666666667,31.416666666666668,4.208333333333333,0.0,24,0
2024-11-06,1244007.0,10.529166666666669,90.625,92.95833333333331,40.708333333333336,7.170833333333333,0.0,24,0
2024-11-07,1252388.0,11.166666666666666,87.33333333333333,98.0,27.375,9.879166666666666,0.0,24,0
2024-11-08,1257941.5,9.454166666666667,85.875,100.0,29.75,7.941666666666666,0.0,24,0
2024-11-09,1139372.5,10.591666666666669,92.16666666666669,87.25,51.54166666666666,4.658333333333333,0.0,24,0
2024-11-10,1084663.0,10.216666666666669,91.33333333333331,90.29166666666669,21.375,6.933333333333334,0.6000000000000001,24,0
2024-11-11,1132565.5,8.758333333333333,87.0,78.33333333333333,37.583333333333336,9.4375,0.5,24,1
2024-11-12,1327448.5,8.691666666666666,82.70833333333333,67.41666666666667,50.833333333333336,17.395833333333332,1.2,24,0
2024-11-13,1387151.5,7.695833333333333,82.625,81.54166666666667,57.375,9.541666666666666,0.0,24,0
2024-11-14,1409923.5,8.1875,87.79166666666667,82.54166666666667,52.79166666666666,4.429166666666666,0.0,24,0
2024-11-15,1400439.5,8.804166666666667,84.875,77.91666666666667,61.333333333333336,4.675,0.0,24,0
2024-11-16,1309028.0,7.591666666666666,81.16666666666667,83.5,71.25,2.8625000000000003,0.0,24,0
2024-11-17,1265640.5,7.504166666666666,87.125,81.16666666666667,25.875,9.666666666666666,0.4,24,0
2024-11-18,1385917.5,8.762500000000001,90.91666666666669,90.0,14.208333333333334,16.054166666666667,4.7,24,0
2024-11-19,1392312.5,10.5,89.45833333333333,96.91666666666669,12.208333333333334,22.791666666666668,18.1,24,0
2024-11-20,1455534.0,4.254166666666666,80.91666666666667,59.0,65.29166666666667,11.925,0.9,24,0
2024-11-21,1584059.0,0.8250000000000001,91.79166666666669,94.41666666666669,10.0,11.870833333333332,9.5,24,0
2024-11-22,1606131.5,0.9125,85.75,63.16666666666666,73.41666666666667,13.795833333333334,1.7,24,0
2024-11-23,1489985.5,4.870833333333334,78.5,90.91666666666669,32.0,16.404166666666665,0.0,24,0
2024-11-24,1245140.0,15.070833333333333,58.458333333333336,91.45833333333331,40.25,23.866666666666664,0.0,24,0
2024-11-25,1303660.0,13.15,75.95833333333333,91.83333333333331,9.125,16.758333333333333,8.700000000000001,24,0
2024-11-26,1360408.5,8.6875,87.83333333333333,58.625,57.208333333333336,10.175,2.1,24,0
2024-11-27,1377811.0,10.4625,89.04166666666667,94.79166666666669,24.625,16.837500000000002,8.6,24,0
2024-11-28,1398007.0,6.504166666666666,85.16666666666667,54.208333333333336,65.0,5.620833333333334,0.0,24,0
2024-11-29,1446028.5,3.7,85.75,28.791666666666668,69.25,8.608333333333333,0.0,24,0
2024-11-30,1372814.5,3.016666666666667,89.41666666666667,37.66666666666666,50.625,5.616666666666667,0.0,24,0
2024-12-01,1323405.5,5.65,95.29166666666669,87.5,34.958333333333336,9.6125,0.0,24,0
2024-12-02,1388367.0,10.270833333333334,88.875,58.5,51.458333333333336,13.175,0.1,24,0
2024-12-03,1457072.0,5.708333333333333,88.91666666666667,47.25,38.083333333333336,6.1000000000000005,0.7,24,0
2024-12-04,1538029.0,4.575,94.625,92.25,26.791666666666668,5.1875,0.0,24,0
2024-12-05,1557996.5,7.6875,89.83333333333333,100.0,10.583333333333334,16.6875,3.4000000000000004,24,0
2024-12-06,1438704.0,9.333333333333334,77.70833333333333,59.583333333333336,58.5,15.541666666666666,2.0,24,0
2024-12-07,1357897.0,8.958333333333334,82.0,79.41666666666667,47.0,22.229166666666668,9.2,24,0
2024-12-08,1379664.5,7.320833333333333,84.95833333333333,97.54166666666669,13.708333333333334,20.5125,5.3,24,0
2024-12-09,1554431.0,5.679166666666667,84.41666666666667,99.04166666666669,23.58333333333333,16.320833333333333,1.0,24,0
2024-12-10,1609552.5,5.404166666666666,83.5,100.0,12.333333333333334,13.804166666666667,0.1,24,0
2024-12-11,1631180.5,5.129166666666666,82.75,99.83333333333331,22.58333333333333,9.795833333333333,0.3,24,0
2024-12-12,1664255.5,4.033333333333333,84.5,97.33333333333331,23.75,6.825,0.0,24,0
2024-12-13,1684131.5,2.1,87.0,85.04166666666667,27.95833333333333,5.441666666666666,0.0,24,0
2024-12-14,1540137.0,1.7166666666666668,94.25,96.04166666666669,25.416666666666668,4.95,0.0,24,0
2024-12-15,1457439.5,6.041666666666667,91.41666666666669,69.41666666666667,21.125,10.608333333333333,0.0,24,0
2024-12-16,1553629.0,9.441666666666666,89.79166666666667,98.70833333333331,27.416666666666668,10.075,0.0,24,0
2024-12-17,1558990.0,7.154166666666666,92.5,98.70833333333331,23.25,8.6875,0.0,24,0
2024-12-18,1492668.5,10.329166666666667,84.83333333333333,93.95833333333331,17.041666666666668,15.4375,1.5000000000000002,24,0
2024-12-19,1464368.5,9.05,82.375,70.08333333333333,38.375,19.2,7.8,24,0
2024-12-20,1544310.0,4.958333333333333,83.54166666666667,51.958333333333336,50.125,11.3,0.1,24,0
2024-12-21,1400826.5,8.520833333333334,89.625,96.33333333333331,17.375,16.162499999999998,2.3000000000000003,24,0
2024-12-22,1356866.5,6.795833333333333,81.625,80.91666666666667,28.25,20.4625,19.7,24,0
2024-12-23,1484397.5,6.016666666666667,72.29166666666667,80.54166666666667,49.5,16.2375,1.0,24,0
2024-12-24,1404111.0,6.8125,93.29166666666669,100.0,13.875,5.866666666666667,1.0,24,0
2024-12-25,1245706.0,9.458333333333334,95.66666666666669,99.95833333333331,17.708333333333332,4.633333333333334,0.0,24,1
2024-12-26,1377082.5,7.104166666666667,92.75,58.083333333333336,40.583333333333336,5.820833333333333,0.0,24,0
2024-12-27,1499255.5,2.058333333333333,92.29166666666669,14.125,58.875,3.1041666666666665,0.0,24,0
2024-12-28,1513434.5,0.5833333333333334,96.91666666666669,91.625,17.583333333333332,4.3,0.0,24,0
2024-12-29,1480039.5,2.6916666666666664,92.04166666666669,99.79166666666669,17.208333333333332,4.916666666666667,0.0,24,0
2024-12-30,1569583.5,3.3833333333333333,90.58333333333331,100.0,18.58333333333333,6.066666666666666,0.1,24,0
2024-12-31,1585744.5,3.654166666666667,89.54166666666667,99.45833333333331,25.041666666666668,9.8375,0.0,24,0
2025-01-01,1434977.5,6.354166666666667,87.58333333333333,100.0,18.45833333333333,18.679166666666667,0.0,24,1
2025-01-02,1497924.5,4.425,93.70833333333331,88.79166666666667,9.625,10.454166666666667,22.7,24,0
2025-01-03,1576532.0,0.4041666666666666,89.08333333333333,2.0,62.083333333333336,5.4750000000000005,0.0,24,0
2025-01-04,1591446.5,-0.6208333333333333,86.25,89.875,51.04166666666666,8.362499999999999,4.3,24,0
2025-01-05,1374561.0,9.333333333333334,88.41666666666667,99.79166666666669,12.833333333333334,20.725,14.5,24,0
2025-01-06,1450374.0,9.820833333333333,75.91666666666667,67.875,32.333333333333336,23.3375,3.8,24,0
2025-01-07,1555360.5,5.0,76.54166666666667,66.625,51.958333333333336,16.720833333333335,2.2,24,0
2025-01-08,1554164.5,5.875,93.33333333333331,100.0,5.25,11.529166666666669,16.4,24,0
2025-01-09,1530012.5,6.325,85.625,85.83333333333333,30.45833333333333,15.020833333333334,6.0,24,0
2025-01-10,1600540.0,3.35,86.29166666666667,83.54166666666667,34.791666666666664,6.258333333333333,0.2,24,0
2025-01-11,1536491.0,0.9875,91.79166666666669,89.45833333333333,36.0,6.066666666666666,0.0,24,0
2025-01-12,1599625.5,1.6125,92.04166666666669,66.91666666666667,38.208333333333336,5.854166666666667,0.0,24,0
2025-01-13,1784430.0,0.6208333333333332,82.41666666666667,8.333333333333334,71.95833333333333,6.704166666666667,0.0,24,0
2025-01-14,1872747.5,-1.4083333333333332,84.83333333333333,30.33333333333333,69.95833333333333,2.1375,0.0,24,0
2025-01-15,1842650.5,2.270833333333333,95.58333333333331,85.66666666666667,22.20833333333333,5.425,0.2,24,0
2025-01-16,1759021.0,3.6041666666666665,92.125,79.66666666666667,38.833333333333336,7.633333333333333,0.0,24,0
2025-01-17,1793353.5,0.9083333333333332,93.29166666666669,70.25,44.75,4.216666666666667,0.0,24,0
2025-01-18,1718612.5,0.6375000000000001,89.875,84.79166666666667,23.0,6.345833333333334,0.0,24,0
2025-01-19,1660826.0,-0.3625,95.45833333333331,87.41666666666667,27.25,3.470833333333333,0.0,24,0
2025-01-20,1787269.0,-0.3958333333333333,91.41666666666669,85.625,36.625,4.041666666666667,0.0,24,0
2025-01-21,1773089.5,0.1958333333333333,93.04166666666669,70.04166666666667,56.16666666666666,4.3625,0.0,24,0
2025-01-22,1650850.5,4.7250000000000005,96.08333333333331,99.95833333333331,21.291666666666668,9.666666666666666,15.1,24,0
2025-01-23,1587981.5,6.216666666666666,86.75,94.25,45.0,15.470833333333331,4.0,24,0
2025-01-24,1567271.5,9.458333333333334,80.04166666666667,100.0,9.375,21.92083333333333,5.7,24,0
2025-01-25,1359545.0,9.829166666666667,88.16666666666667,99.45833333333331,23.20833333333333,11.766666666666666,11.0,24,0
2025-01-26,1402910.5,4.979166666666667,86.75,90.79166666666669,25.416666666666668,17.854166666666668,3.8,24,0
2025-01-27,1465640.5,9.808333333333334,78.54166666666667,61.833333333333336,67.0,23.495833333333334,3.0,24,0
2025-01-28,1519143.0,7.975,81.33333333333333,68.79166666666667,38.458333333333336,21.14583333333333,5.6,24,0
2025-01-29,1530117.5,7.341666666666666,87.875,85.79166666666667,24.416666666666668,15.883333333333333,10.8,24,0
2025-01-30,1534874.5,6.195833333333333,88.5,67.375,42.25,11.683333333333332,2.9,24,0
2025-01-31,1600523.0,2.325,92.20833333333331,76.16666666666667,22.916666666666668,8.054166666666667,4.5,24,0
2025-02-01,1508189.0,2.404166666666667,84.70833333333333,17.875,96.33333333333331,5.8625,0.0,24,0
2025-02-02,1509648.0,1.2375,88.0,0.0,96.33333333333331,4.1875,0.0,24,0
2025-02-03,1671702.5,1.1875,96.16666666666669,73.625,50.54166666666666,3.0083333333333333,0.0,24,0
2025-02-04,1700247.0,1.4208333333333334,93.16666666666669,72.66666666666667,54.833333333333336,7.641666666666667,0.0,24,0
2025-02-05,1661576.5,4.425,92.0,91.70833333333331,47.875,3.783333333333333,0.0,24,0
2025-02-06,1673318.0,3.545833333333333,87.375,99.08333333333331,35.625,9.870833333333334,0.2,24,0
2025-02-07,1680393.0,4.066666666666666,78.54166666666667,100.0,38.875,12.829166666666666,0.8,24,0
2025-02-08,1518155.5,5.791666666666667,81.20833333333333,95.375,56.91666666666666,12.716666666666669,2.1,24,0
2025-02-09,1458497.0,4.8625,88.25,91.875,54.583333333333336,8.441666666666666,4.8,24,0
2025-02-10,1576444.5,4.25,93.75,97.875,25.20833333333333,8.6875,12.2,24,0
2025-02-11,1582748.5,4.170833333333333,85.5,98.58333333333331,50.29166666666666,6.2125,0.0,24,0
2025-02-12,1550518.0,3.3125,87.0,99.95833333333331,28.166666666666668,4.775,0.1,24,0
2025-02-13,1540585.0,4.516666666666667,80.16666666666667,89.91666666666667,75.83333333333333,5.308333333333334,0.1,24,0
2025-02-14,1573262.5,1.5708333333333335,77.45833333333333,39.333333333333336,117.875,8.9625,0.0,24,0
2025-02-15,1522261.0,0.7083333333333334,78.58333333333333,65.20833333333333,91.25,7.6625,0.0,24,0
2025-02-16,1465311.0,1.8833333333333333,79.75,41.625,119.25,7.483333333333333,0.0,24,0
2025-02-17,1574207.5,1.8791666666666669,80.29166666666667,39.708333333333336,122.70833333333331,6.820833333333333,0.0,24,0
2025-02-18,1580956.5,2.7416666666666667,78.625,89.16666666666667,121.5,8.516666666666667,0.0,24,0
2025-02-19,1530249.5,4.845833333333333,79.95833333333333,93.75,77.33333333333333,7.904166666666666,0.0,24,0
2025-02-20,1429543.5,9.620833333333334,92.375,98.375,43.16666666666666,10.2875,2.0,24,0
2025-02-21,1362282.5,12.104166666666666,83.91666666666667,99.41666666666669,71.45833333333333,11.141666666666666,0.0,24,0
2025-02-22,1236756.5,10.779166666666669,83.08333333333333,79.45833333333333,58.66666666666666,11.729166666666666,4.0,24,0
2025-02-23,1223800.0,8.883333333333333,81.95833333333333,39.0,132.125,8.929166666666667,0.0,24,0
2025-02-24,1354321.0,10.4,81.70833333333333,86.79166666666667,25.58333333333333,13.458333333333334,3.3,24,0
2025-02-25,1392348.5,8.079166666666667,94.375,88.29166666666667,16.041666666666668,12.954166666666666,16.3,24,0
2025-02-26,1458954.0,7.141666666666667,82.29166666666667,54.79166666666666,98.08333333333331,14.204166666666666,3.6,24,0
2025-02-27,1472785.0,6.091666666666666,80.25,23.875,118.875,11.704166666666666,0.4,24,0
2025-02-28,1478573.0,5.029166666666667,83.16666666666667,27.25,109.83333333333331,8.491666666666667,0.4,24,0
2025-03-01,1412934.0,3.7416666666666663,82.33333333333333,39.333333333333336,94.25,12.704166666666666,0.0,24,0
2025-03-02,1354746.5,4.666666666666667,77.375,26.08333333333333,156.5,9.758333333333333,0.0,24,0
2025-03-03,1462261.0,4.741666666666666,79.70833333333333,11.666666666666666,160.20833333333334,4.395833333333333,0.0,24,0
2025-03-04,1440708.5,5.758333333333333,79.0,74.54166666666667,129.83333333333334,3.75,0.0,24,0
2025-03-05,1397220.5,7.454166666666667,79.75,0.0416666666666666,163.08333333333334,3.458333333333333,0.0,24,0
2025-03-06,1343913.5,9.308333333333334,70.79166666666667,10.5,167.0,7.591666666666666,0.0,24,0
2025-03-07,1282808.0,10.729166666666666,69.29166666666667,17.041666666666668,153.95833333333334,8.8375,0.0,24,0
2025-03-08,1159083.5,11.716666666666669,66.58333333333333,41.583333333333336,157.875,10.8875,0.0,24,0
2025-03-09,1123106.5,12.320833333333333,66.66666666666667,75.375,121.79166666666669,7.733333333333333,0.0,24,0
2025-03-10,1265230.5,10.820833333333333,83.29166666666667,99.125,71.20833333333333,4.616666666666666,3.5,24,0
2025-03-11,1326087.5,7.0875,90.0,94.95833333333331,85.95833333333333,6.025,0.0,24,0
2025-03-12,1401647.0,4.954166666666667,81.70833333333333,97.95833333333331,82.875,8.091666666666667,2.0,24,0
2025-03-13,1467308.5,4.4875,82.0,67.91666666666667,127.625,7.804166666666667,1.4,24,0
2025-03-14,1518676.5,3.2291666666666665,80.29166666666667,34.833333333333336,111.29166666666669,8.424999999999999,1.0,24,0
2025-03-15,1446912.5,3.9416666666666655,68.625,82.79166666666667,112.08333333333331,14.658333333333331,0.1,24,0
2025-03-16,1393343.5,5.875,68.375,82.45833333333333,117.66666666666669,12.554166666666667,0.0,24,0
2025-03-17,1480791.0,5.9125000000000005,66.04166666666667,9.208333333333334,186.33333333333331,11.166666666666666,0.0,24,0
2025-03-18,1446009.0,6.6625000000000005,62.79166666666666,0.0,201.16666666666663,10.908333333333331,0.0,24,0
2025-03-19,1359853.5,10.420833333333333,70.08333333333333,7.083333333333333,194.45833333333331,8.229166666666666,0.0,24,0
2025-03-20,1301513.5,11.6875,74.20833333333333,31.83333333333333,195.54166666666663,6.620833333333334,0.0,24,0
2025-03-21,1251332.5,13.633333333333333,72.5,99.95833333333331,159.41666666666666,10.920833333333334,1.7999999999999998,24,0
2025-03-22,1129989.0,12.808333333333332,86.83333333333333,96.66666666666669,108.66666666666669,9.945833333333333,8.1,24,0
2025-03-23,1120314.0,10.158333333333331,82.33333333333333,70.125,127.04166666666669,8.341666666666667,0.8,24,0
2025-03-24,1254552.5,10.983333333333334,82.5,42.25,158.58333333333334,4.529166666666667,0.6000000000000001,24,0
2025-03-25,1277486.5,10.441666666666666,80.375,94.66666666666669,142.29166666666666,8.054166666666667,0.0,24,0
2025-03-26,1280075.5,10.304166666666667,81.75,69.33333333333333,112.45833333333331,8.1,0.5,24,0
2025-03-27,1271148.0,8.945833333333333,78.20833333333333,0.3333333333333333,220.79166666666663,5.845833333333334,0.0,24,0
2025-03-28,1276203.0,7.8625,87.66666666666667,79.29166666666667,95.54166666666669,9.454166666666667,2.1,24,0
2025-03-29,1190940.0,8.966666666666667,69.54166666666667,34.541666666666664,221.5,11.3125,0.3999999999999999,24,0
2025-03-30,1131864.0,9.795833333333333,73.25,68.58333333333333,125.25,10.920833333333334,0.1,24,0
2025-03-31,1217574.0,9.133333333333333,77.625,4.208333333333333,223.875,7.925,0.0,24,0
2025-04-01,1241401.5,9.154166666666669,63.375,1.125,231.625,14.158333333333331,0.0,24,0
2025-04-02,1257359.5,11.079166666666666,61.04166666666666,7.875,232.58333333333331,14.25,0.0,24,0
2025-04-03,1212500.0,13.775,66.91666666666667,44.91666666666666,228.375,9.870833333333334,0.0,24,0
2025-04-04,1154360.5,15.8,64.16666666666667,47.75,224.125,8.6625,0.1,24,0
2025-04-05,1009583.0,15.870833333333332,59.25,2.25,240.75,8.695833333333333,0.0,24,0
2025-04-06,963658.5,12.9,51.75,18.125,245.875,11.45,0.0,24,0
2025-04-07,1117008.5,10.570833333333333,42.875,0.0,254.54166666666663,7.604166666666667,0.0,24,0
2025-04-08,1143697.5,11.583333333333334,50.625,37.333333333333336,245.0,5.7375,0.0,24,0
2025-04-09,1140142.0,12.320833333333333,54.583333333333336,1.0,250.125,9.8,0.0,24,0
2025-04-10,1148012.5,10.8125,64.29166666666667,4.25,252.58333333333331,10.191666666666666,0.0,24,0
2025-04-11,1127645.5,13.6125,55.375,0.0,256.8333333333333,6.8625,0.0,24,0
2025-04-12,1005523.0,14.695833333333333,58.583333333333336,60.0,191.5,10.75,3.2,24,0
2025-04-13,975230.0,14.320833333333333,74.95833333333333,70.16666666666667,175.0,12.0625,3.1,24,0
2025-04-14,1109620.5,13.754166666666668,67.04166666666667,70.58333333333333,185.625,8.158333333333333,0.1,24,0
2025-04-15,1137152.5,14.3875,73.83333333333333,84.08333333333333,168.79166666666666,12.1875,2.8,24,0
2025-04-16,1191647.5,11.345833333333331,59.375,99.83333333333331,161.33333333333334,7.716666666666666,0.0,24,0
2025-04-17,1228041.5,11.995833333333332,59.625,76.33333333333333,200.04166666666663,4.558333333333334,0.0,24,0
2025-04-18,1190736.0,12.804166666666667,56.708333333333336,51.875,230.25,12.479166666666666,0.0,24,0
2025-04-19,1063555.0,13.854166666666666,61.958333333333336,87.41666666666667,190.25,11.7625,4.0,24,0
2025-04-20,1013201.0,13.183333333333332,73.20833333333333,89.04166666666667,175.125,11.325,3.3,24,0
2025-04-21,1031762.0,12.1375,80.75,90.66666666666669,121.625,6.429166666666667,2.0,24,1
2025-04-22,1138338.0,12.320833333333333,78.75,72.125,201.95833333333331,3.9583333333333335,0.1,24,0
2025-04-23,1175524.0,11.120833333333332,79.0,66.875,132.83333333333334,11.079166666666666,8.6,24,0
2025-04-24,1180828.5,12.3125,78.0,61.208333333333336,200.41666666666663,8.408333333333333,0.8999999999999999,24,0
2025-04-25,1160129.0,11.608333333333334,78.5,71.91666666666667,142.5,8.095833333333333,0.5,24,0
2025-04-26,1032445.5,13.4125,71.75,69.5,246.33333333333331,9.066666666666666,0.2,24,0
2025-04-27,972270.0,15.479166666666666,66.625,34.416666666666664,252.79166666666663,8.479166666666666,0.4,24,0
2025-04-28,1066459.5,16.916666666666668,60.91666666666666,5.541666666666667,282.625,7.6625,0.0,24,0
2025-04-29,1056665.0,19.175,44.625,0.0833333333333333,294.125,8.445833333333333,0.0,24,0
2025-04-30,1047618.0,21.291666666666668,39.375,0.1666666666666666,293.4166666666667,5.920833333333333,0.0,24,0
2025-05-01,887124.0,22.625,41.79166666666666,27.95833333333333,280.0416666666667,8.354166666666666,0.0,24,1
2025-05-02,961199.5,22.59166666666667,48.29166666666666,39.333333333333336,277.75,6.166666666666667,0.0,24,0
2025-05-03,914712.0,19.041666666666668,71.58333333333333,60.625,224.41666666666663,8.608333333333333,13.4,24,0
2025-05-04,893900.0,12.283333333333331,65.70833333333333,71.83333333333333,202.125,14.4625,0.7999999999999999,24,0
2025-05-05,1050137.0,10.1375,62.54166666666666,59.083333333333336,203.66666666666663,14.679166666666667,0.0,24,0
2025-05-06,1092556.0,11.15,60.583333333333336,42.41666666666666,225.66666666666663,14.058333333333332,0.0,24,0
2025-05-07,1109054.5,11.775,65.75,67.08333333333333,200.58333333333331,12.9375,0.0,24,0
2025-05-08,1004136.5,13.266666666666666,58.833333333333336,71.625,232.70833333333331,10.825,0.0,24,1
2025-05-09,1030089.0,14.7625,46.25,43.41666666666666,238.625,10.829166666666666,0.0,24,0
2025-05-10,952147.5,17.224999999999998,42.875,19.33333333333333,276.9583333333333,10.983333333333334,0.0,24,0
2025-05-11,918400.0,18.041666666666668,59.0,43.375,247.83333333333331,9.220833333333331,11.5,24,0
2025-05-12,1046019.0,15.866666666666667,74.83333333333333,97.20833333333331,207.83333333333331,7.345833333333334,1.1,24,0
2025-05-13,1064612.0,15.55,79.04166666666667,70.29166666666667,222.875,3.5125,7.399999999999999,24,0
2025-05-14,1062149.0,17.583333333333332,66.5,12.541666666666666,277.25,5.3375,0.0,24,0
2025-05-15,1061971.0,13.620833333333332,63.583333333333336,55.208333333333336,260.5,13.25,0.0,24,0
2025-05-16,1056273.0,14.2,60.708333333333336,1.2083333333333333,322.375,11.541666666666666,0.0,24,0
2025-05-17,954657.0,13.683333333333332,60.66666666666666,73.375,179.375,10.95,0.0,24,0
2025-05-18,921882.0,14.541666666666666,63.625,23.08333333333333,296.7916666666667,6.8,0.0,24,0
2025-05-19,1038956.0,15.8125,56.54166666666666,39.54166666666666,316.5,8.45,0.0,24,0
2025-05-20,1054448.0,18.77083333333333,46.708333333333336,45.75,299.75,9.666666666666666,0.0,24,0
2025-05-21,1065278.0,14.179166666666667,63.875,99.75,86.25,4.8375,9.1,24,0
2025-05-22,1077175.5,13.408333333333331,68.375,50.708333333333336,269.875,10.895833333333334,0.9,24,0
2025-05-23,1065323.5,13.316666666666668,54.0,39.583333333333336,304.5833333333333,7.216666666666666,0.0,24,0
2025-05-24,962837.5,14.458333333333334,64.54166666666667,97.41666666666669,111.58333333333331,8.658333333333333,1.1,24,0
2025-05-25,911884.0,16.841666666666665,71.625,84.375,180.5,14.491666666666667,2.4,24,0
2025-05-26,1035538.5,14.875,63.54166666666666,79.41666666666667,184.91666666666663,11.020833333333334,0.0,24,0
2025-05-27,1066410.0,16.3125,68.95833333333333,93.0,147.91666666666666,15.95,0.0,24,0
2025-05-28,1070428.0,17.054166666666667,72.79166666666667,82.95833333333333,200.41666666666663,16.441666666666666,4.5,24,0
2025-05-29,956615.5,18.354166666666668,66.375,86.08333333333333,232.5,8.125,0.0,24,1
2025-05-30,988498.0,22.541666666666668,64.33333333333333,4.541666666666667,320.25,5.658333333333334,0.0,24,0
2025-05-31,937562.5,22.15416666666667,70.58333333333333,73.25,213.25,7.270833333333333,4.5,24,0
2025-06-01,896495.5,18.8125,67.08333333333333,82.95833333333333,247.45833333333331,8.075000000000001,0.7,24,0
2025-06-02,1024431.5,17.695833333333333,62.708333333333336,43.75,261.25,6.604166666666667,1.4,24,0
2025-06-03,1049584.0,19.008333333333333,52.04166666666666,21.33333333333333,316.125,10.7375,0.0,24,0
2025-06-04,1060419.5,16.566666666666666,64.91666666666667,84.04166666666667,106.33333333333331,9.4125,2.5,24,0
2025-06-05,1068475.0,15.775,76.25,90.20833333333331,94.54166666666669,16.341666666666665,12.6,24,0
2025-06-06,1054522.0,17.05,75.25,83.83333333333333,250.16666666666663,14.370833333333332,6.1,24,0
2025-06-07,952914.5,16.220833333333335,74.45833333333333,85.29166666666667,208.75,15.716666666666669,4.1,24,0
2025-06-08,897860.0,15.229166666666666,69.83333333333333,48.0,256.1666666666667,15.370833333333332,6.300000000000001,24,0
2025-06-09,938747.0,16.158333333333335,69.41666666666667,31.291666666666668,291.0416666666667,4.620833333333334,0.1,24,1
2025-06-10,1059323.0,17.95,70.20833333333333,66.20833333333333,312.375,7.041666666666667,0.0,24,0
2025-06-11,1089159.0,20.54583333333333,66.5,28.33333333333333,333.6666666666667,7.8,0.0,24,0
2025-06-12,1103691.0,24.5125,51.375,48.125,292.875,10.316666666666666,0.0,24,0
2025-06-13,1111141.5,26.075,61.958333333333336,50.5,300.875,7.145833333333333,5.2,24,0
2025-06-14,986984.0,22.808333333333334,77.04166666666667,81.29166666666667,249.91666666666663,7.6375,10.8,24,0
2025-06-15,920573.5,19.079166666666666,63.458333333333336,73.95833333333333,173.0,8.654166666666667,0.1,24,0
2025-06-16,1055419.0,19.375,59.29166666666666,22.041666666666668,318.3333333333333,6.0375000000000005,0.0,24,0
2025-06-17,1088717.5,22.42083333333333,53.625,26.125,291.4166666666667,6.25,0.0,24,0
2025-06-18,1109476.0,22.8875,50.333333333333336,13.0,338.4166666666667,7.337499999999999,0.0,24,0
2025-06-19,1130088.0,24.70833333333333,49.66666666666666,0.0,337.875,10.329166666666667,0.0,24,0
2025-06-20,1133272.5,25.5625,43.41666666666666,40.375,302.625,9.525,0.0,24,0
2025-06-21,1028584.0,27.791666666666668,37.833333333333336,20.541666666666668,338.25,5.7250000000000005,0.0,24,0
2025-06-22,974697.0,26.2125,43.958333333333336,71.0,283.625,9.125,0.0,24,0
2025-06-23,1105005.5,21.479166666666668,57.458333333333336,53.25,194.58333333333331,14.025,0.1,24,0
2025-06-24,1129057.5,22.054166666666664,48.5,1.125,337.7083333333333,7.104166666666667,0.0,24,0
2025-06-25,1151906.5,25.808333333333334,52.16666666666666,68.75,266.1666666666667,6.166666666666667,1.0,24,0
2025-06-26,1132663.5,22.40416666666667,72.0,75.58333333333333,249.58333333333331,12.791666666666666,6.6,24,0
2025-06-27,1130596.0,23.3375,68.95833333333333,80.79166666666667,208.79166666666663,8.612499999999999,0.4,24,0
2025-06-28,1042957.5,24.058333333333334,68.125,27.916666666666668,253.58333333333331,5.158333333333333,0.0,24,0
2025-06-29,1009375.5,24.316666666666663,65.79166666666667,18.20833333333333,317.1666666666667,7.05,0.0,24,0
2025-06-30,1203536.0,27.70833333333333,56.083333333333336,22.916666666666668,315.125,6.345833333333334,0.0,24,0
2025-07-01,1230734.5,31.825,37.625,8.5,314.3333333333333,6.0875,0.0,24,0
2025-07-02,1208364.5,26.08333333333333,56.958333333333336,15.708333333333334,304.7916666666667,10.858333333333334,2.5,24,0
2025-07-03,1169678.5,21.216666666666665,52.0,6.125,343.7083333333333,10.183333333333334,0.0,24,0
2025-07-04,1157905.0,21.258333333333333,43.375,17.625,343.375,7.016666666666667,0.0,24,0
2025-07-05,1041038.0,21.35,41.25,74.5,269.25,8.779166666666667,0.0,24,0
2025-07-06,956387.0,17.295833333333334,82.58333333333333,88.08333333333333,91.91666666666669,12.845833333333331,26.8,24,0
2025-07-07,1065162.5,16.191666666666666,81.75,75.125,147.66666666666666,13.120833333333332,19.3,24,0
2025-07-08,1078279.5,16.429166666666667,69.66666666666667,38.833333333333336,258.375,10.654166666666669,1.7,24,0
2025-07-09,1090093.0,17.8875,66.79166666666667,15.041666666666666,324.2916666666667,3.016666666666667,0.0,24,0
2025-07-10,1107788.0,20.754166666666663,61.25,20.0,301.4166666666667,6.245833333333334,0.0,24,0
2025-07-11,1112244.0,23.65833333333333,55.625,0.4583333333333333,326.0416666666667,9.275,0.0,24,0
2025-07-12,1003697.5,23.875,52.958333333333336,17.208333333333332,269.2083333333333,7.649999999999999,0.0,24,0
2025-07-13,953165.5,25.03333333333333,45.5,19.5,309.5416666666667,6.775,0.0,24,0
2025-07-14,978634.0,23.02916666666667,63.41666666666666,64.45833333333333,272.3333333333333,12.458333333333334,6.0,24,1
2025-07-15,1097048.5,20.8375,52.91666666666666,79.29166666666667,210.25,10.595833333333331,1.1,24,0
2025-07-16,1118286.5,20.25,68.66666666666667,90.83333333333331,83.20833333333333,14.120833333333332,4.4,24,0
2025-07-17,1135729.5,21.2375,74.16666666666667,63.458333333333336,233.66666666666663,3.8083333333333336,0.5,24,0
2025-07-18,1131975.5,25.041666666666668,58.583333333333336,67.79166666666667,291.1666666666667,6.583333333333333,0.0,24,0
2025-07-19,1005561.5,23.954166666666666,58.5,81.875,232.04166666666663,11.983333333333334,2.0,24,0
2025-07-20,948075.0,19.79583333333333,75.79166666666667,68.66666666666667,156.20833333333334,11.25,16.7,24,0
2025-07-21,1055097.5,18.2375,77.70833333333333,85.79166666666667,178.04166666666666,15.195833333333333,14.5,24,0
2025-07-22,1064732.5,18.954166666666666,71.16666666666667,67.75,211.0,14.129166666666668,0.2,24,0
2025-07-23,1066120.5,18.183333333333334,81.16666666666667,86.375,187.20833333333331,4.1875,13.5,24,0
2025-07-24,1066486.0,17.474999999999998,85.04166666666667,91.41666666666669,174.45833333333334,9.2625,20.0,24,0
2025-07-25,1053911.5,19.758333333333333,78.29166666666667,22.25,280.125,6.3375,0.7000000000000001,24,0
2025-07-26,960103.5,20.23333333333333,76.41666666666667,24.5,280.5416666666667,9.279166666666669,0.0,24,0
2025-07-27,912227.0,18.29583333333333,80.58333333333333,83.29166666666667,191.79166666666663,9.520833333333334,4.3,24,0
2025-07-28,1017415.5,18.029166666666665,70.33333333333333,36.875,259.4583333333333,10.0875,0.8999999999999999,24,0
2025-07-29,1038068.5,17.870833333333334,74.875,41.333333333333336,232.25,6.629166666666666,0.6,24,0
2025-07-30,1045607.5,18.995833333333334,80.29166666666667,60.79166666666666,208.25,6.1875,5.7,24,0
2025-07-31,1052652.0,19.554166666666667,76.20833333333333,46.5,236.625,8.762500000000001,1.0,24,0
2025-08-01,1029563.5,18.8625,77.08333333333333,59.875,228.41666666666663,9.629166666666666,1.4,24,0
2025-08-02,931685.0,16.9375,72.29166666666667,56.125,221.79166666666663,8.904166666666667,0.2,24,0
2025-08-03,886897.5,18.066666666666663,68.70833333333333,53.583333333333336,280.3333333333333,6.083333333333333,0.0,24,0
2025-08-04,986333.5,21.791666666666668,71.625,76.83333333333333,162.79166666666666,9.741666666666667,0.2,24,0
2025-08-05,999117.0,19.67083333333333,67.125,23.916666666666668,290.7083333333333,12.020833333333334,4.199999999999999,24,0
2025-08-06,986207.5,17.662499999999998,64.54166666666667,73.29166666666667,273.7083333333333,3.779166666666667,0.0,24,0
2025-08-07,1005418.0,21.695833333333336,50.29166666666666,21.041666666666668,284.4166666666667,5.425,0.0,24,0
2025-08-08,1018542.0,21.7625,61.91666666666666,45.41666666666666,257.0416666666667,6.8500000000000005,0.0,24,0
2025-08-09,963382.0,21.504166666666663,62.125,35.458333333333336,283.1666666666667,7.975,0.0,24,0
2025-08-10,932314.0,20.6875,57.833333333333336,0.0,292.7916666666667,6.220833333333334,0.0,24,0
2025-08-11,1032084.0,24.079166666666666,46.91666666666666,0.0,290.5833333333333,8.3375,0.0,24,0
2025-08-12,1065183.5,27.45833333333333,44.208333333333336,1.75,284.7083333333333,8.299999999999999,0.0,24,0
2025-08-13,1062391.5,26.825,56.91666666666666,71.0,197.95833333333331,4.795833333333333,0.6,24,0
2025-08-14,1058590.5,25.625,63.625,48.458333333333336,268.25,6.704166666666667,0.0,24,0
2025-08-15,994482.5,24.075,54.083333333333336,0.3333333333333333,275.625,8.620833333333334,0.0,24,1
2025-08-16,984256.0,23.195833333333336,60.75,3.208333333333333,267.6666666666667,11.175,0.0,24,0
2025-08-17,936155.0,21.25,56.875,0.0416666666666666,275.375,9.745833333333334,0.0,24,0
2025-08-18,1024386.0,22.141666666666666,56.125,10.541666666666666,271.2083333333333,8.299999999999999,0.0,24,0
2025-08-19,1034398.5,22.679166666666664,57.75,78.45833333333333,182.70833333333331,5.491666666666667,0.5,24,0
2025-08-20,1015194.5,19.6875,79.29166666666667,98.54166666666669,108.83333333333331,7.758333333333333,3.9,24,0
2025-08-21,1007535.5,18.654166666666665,69.20833333333333,60.25,226.04166666666663,12.095833333333331,1.6,24,0
2025-08-22,1005252.0,16.925,63.75,40.25,201.66666666666663,8.095833333333333,0.0,24,0
2025-08-23,931934.5,17.45,63.54166666666666,68.16666666666667,207.04166666666663,5.779166666666666,0.0,24,0
2025-08-24,896094.0,18.416666666666668,57.41666666666666,3.583333333333333,261.0833333333333,5.795833333333333,0.0,24,0
2025-08-25,1027474.5,20.775,49.208333333333336,25.20833333333333,255.0,5.05,0.0,24,0
2025-08-26,1066797.5,22.67083333333333,49.208333333333336,60.16666666666666,208.29166666666663,8.608333333333333,0.0,24,0
2025-08-27,1073414.5,22.34583333333333,55.958333333333336,85.875,224.08333333333331,8.891666666666667,0.5,24,0
2025-08-28,1069133.0,20.204166666666666,57.583333333333336,64.29166666666667,186.16666666666663,10.683333333333332,0.5,24,0
2025-08-29,1048371.5,17.354166666666668,74.5,71.625,128.625,13.658333333333331,3.3000000000000003,24,0
2025-08-30,949046.0,17.745833333333334,73.04166666666667,54.91666666666666,153.33333333333334,12.9,0.1,24,0
2025-08-31,915664.0,18.804166666666667,82.5,98.125,93.54166666666669,11.958333333333334,5.6000000000000005,24,0
2025-09-01,1036428.5,16.900000000000002,79.91666666666667,58.458333333333336,193.79166666666663,9.9625,4.9,24,0
2025-09-02,1056945.0,15.65,84.58333333333333,60.375,92.91666666666669,14.1,3.6,24,0
2025-09-03,1084681.0,19.53333333333333,76.91666666666667,69.16666666666667,132.16666666666666,19.8125,0.4,24,0
2025-09-04,1075758.5,17.6125,76.29166666666667,60.41666666666666,153.625,13.316666666666668,1.1,24,0
2025-09-05,1064425.5,16.599999999999998,74.45833333333333,40.66666666666666,192.45833333333331,6.7125,0.9,24,0
2025-09-06,965446.5,17.783333333333335,69.08333333333333,47.79166666666666,233.5,9.683333333333334,0.0,24,0
2025-09-07,934429.0,21.46666666666667,66.66666666666667,36.875,208.875,10.325,0.0,24,0
2025-09-08,1049295.0,20.041666666666668,67.79166666666667,69.20833333333333,182.125,7.958333333333333,0.0,24,0
2025-09-09,1061424.0,17.641666666666666,60.5,52.625,202.125,4.791666666666667,0.0,24,0
2025-09-10,1053490.0,16.3875,71.0,68.125,142.29166666666666,9.6,3.4000000000000004,24,0
2025-09-11,1073819.5,15.9125,77.0,39.958333333333336,165.79166666666666,15.8875,4.0,24,0
2025-09-12,1062250.5,15.5,68.45833333333333,28.666666666666668,197.58333333333331,13.7625,0.5,24,0
2025-09-13,954580.5,14.975,82.95833333333333,91.41666666666669,119.375,14.316666666666668,9.4,24,0
2025-09-14,925844.0,16.229166666666668,89.04166666666667,80.04166666666667,45.208333333333336,11.4875,0.5,24,0
2025-09-15,1061568.0,18.075,70.79166666666667,49.16666666666666,174.5,20.633333333333333,0.7,24,0
2025-09-16,1073428.0,15.229166666666666,71.95833333333333,75.625,138.29166666666666,14.604166666666666,0.2,24,0
2025-09-17,1075732.5,16.545833333333334,75.33333333333333,53.083333333333336,158.91666666666666,7.366666666666667,0.0,24,0
2025-09-18,1066253.0,18.183333333333334,75.41666666666667,3.25,200.08333333333331,5.108333333333333,0.0,24,0
2025-09-19,1071471.0,20.5125,65.70833333333333,23.58333333333333,204.95833333333331,7.158333333333334,0.0,24,0
2025-09-20,971031.0,20.84583333333333,74.375,92.83333333333331,48.16666666666666,11.641666666666666,8.8,24,0
2025-09-21,917150.5,15.55,73.54166666666667,68.16666666666667,116.79166666666669,7.954166666666667,0.5,24,0
2025-09-22,1047693.0,12.816666666666668,71.20833333333333,51.875,165.83333333333334,14.329166666666667,0.9,24,0
2025-09-23,1090604.5,11.804166666666667,75.83333333333333,98.20833333333331,69.83333333333333,13.8875,6.6000000000000005,24,0
2025-09-24,1125930.5,10.754166666666668,89.91666666666667,100.0,40.625,14.054166666666667,11.6,24,0
2025-09-25,1145618.5,10.766666666666666,83.66666666666667,99.125,44.833333333333336,7.4875,1.0,24,0
2025-09-26,1145951.0,11.4125,83.79166666666667,76.58333333333333,78.70833333333333,4.145833333333333,0.6000000000000001,24,0
2025-09-27,1032228.0,12.041666666666666,84.20833333333333,69.0,119.16666666666669,4.8625,0.7,24,0
2025-09-28,984283.5,13.045833333333334,80.41666666666667,73.875,175.33333333333334,4.495833333333334,0.0,24,0
2025-09-29,1095801.0,13.895833333333334,79.45833333333333,37.583333333333336,154.20833333333334,4.783333333333333,0.0,24,0
2025-09-30,1109230.0,13.604166666666666,76.875,25.45833333333333,169.41666666666666,6.458333333333333,0.0,24,0
2025-10-01,1122468.0,13.254166666666668,78.29166666666667,35.416666666666664,159.45833333333334,3.9333333333333336,0.0,24,0
2025-10-02,1121009.5,13.0,73.41666666666667,59.458333333333336,144.70833333333334,5.545833333333333,0.0,24,0
2025-10-03,1129607.0,13.125,80.04166666666667,100.0,31.0,10.891666666666666,4.1,24,0
2025-10-04,1024976.5,15.045833333333334,77.83333333333333,60.208333333333336,122.875,22.629166666666663,8.7,24,0
2025-10-05,995696.5,12.570833333333333,72.79166666666667,28.70833333333333,143.875,16.308333333333334,0.0,24,0
2025-10-06,1129746.0,12.679166666666667,80.66666666666667,73.54166666666667,81.70833333333333,7.679166666666667,0.0,24,0
2025-10-07,1130441.5,13.2,85.41666666666667,57.54166666666666,144.375,2.216666666666667,0.0,24,0
2025-10-08,1128553.0,12.775,87.0,92.5,96.0,4.3,0.0,24,0
2025-10-09,1125121.5,14.7375,80.125,84.70833333333333,110.91666666666669,5.65,0.2,24,0
2025-10-10,1126246.5,12.858333333333334,84.58333333333333,86.45833333333333,83.83333333333333,6.345833333333334,0.0,24,0
2025-10-11,1018111.0,13.9,82.33333333333333,50.958333333333336,131.70833333333334,7.520833333333333,0.0,24,0
2025-10-12,980550.5,12.85,83.20833333333333,2.7916666666666665,143.91666666666666,8.454166666666667,0.0,24,0
2025-10-13,1112673.5,13.0125,84.16666666666667,51.91666666666666,69.5,10.858333333333334,0.2,24,0
2025-10-14,1130994.0,13.85,81.20833333333333,68.0,120.79166666666669,10.8,0.0,24,0
2025-10-15,1144712.0,13.029166666666669,82.58333333333333,69.875,80.20833333333333,10.070833333333333,0.2,24,0
2025-10-16,1156589.5,12.554166666666667,78.375,86.04166666666667,74.66666666666667,9.329166666666667,0.0,24,0
2025-10-17,1153772.0,12.416666666666666,78.875,27.875,120.5,8.9125,0.0,24,0
2025-10-18,1062452.0,11.316666666666668,72.66666666666667,64.5,124.625,8.991666666666665,0.0,24,0
2025-10-19,1032659.0,11.654166666666669,83.33333333333333,100.0,24.375,11.658333333333331,1.9,24,0
2025-10-20,1139690.0,14.975,85.41666666666667,86.20833333333333,69.25,17.491666666666667,3.9,24,0
2025-10-21,1149756.5,14.1875,81.41666666666667,75.375,84.20833333333333,14.325,1.1,24,0
2025-10-22,1143976.5,13.854166666666666,88.66666666666667,97.70833333333331,46.16666666666666,7.666666666666667,2.7,24,0
2025-10-23,1179516.0,12.3875,79.83333333333333,70.41666666666667,56.91666666666666,24.445833333333336,3.3000000000000003,24,0
2025-10-24,1215766.5,9.191666666666666,76.875,45.25,103.83333333333331,16.370833333333334,2.0,24,0
2025-10-25,1109659.5,10.616666666666667,81.375,40.0,84.41666666666667,15.7875,0.3,24,0
2025-10-26,1096335.5,9.008333333333333,74.91666666666667,61.208333333333336,98.25,14.166666666666666,0.1,24,0
2025-10-27,1235111.0,11.8625,77.79166666666667,80.04166666666667,74.0,19.275,4.9,24,0
2025-10-28,1220679.5,12.554166666666667,82.75,81.91666666666667,58.54166666666666,15.104166666666666,0.3,24,0
2025-10-29,1232363.0,12.016666666666666,89.75,93.16666666666669,56.29166666666666,10.091666666666669,9.0,24,0
2025-10-30,1221302.5,10.633333333333333,83.16666666666667,58.91666666666666,100.66666666666669,10.566666666666666,0.0,24,0
2025-10-31,1206040.5,11.691666666666668,83.375,74.58333333333333,66.16666666666667,11.941666666666668,0.0,24,0
2025-11-01,1068906.0,13.9125,83.04166666666667,80.29166666666667,25.791666666666668,15.466666666666669,6.0,24,1
2025-11-02,1067288.0,11.1875,82.75,52.25,77.83333333333333,13.466666666666669,1.5,24,0
2025-11-03,1213463.0,11.158333333333331,85.70833333333333,55.458333333333336,51.583333333333336,11.754166666666668,0.0,24,0
2025-11-04,1226908.5,12.225,83.5,81.08333333333333,92.41666666666669,10.9125,0.0,24,0
2025-11-05,1221134.0,13.483333333333334,74.83333333333333,65.375,84.66666666666667,11.320833333333333,0.0,24,0
2025-11-06,1215846.5,13.091666666666669,91.25,94.58333333333331,26.791666666666668,7.575,6.3,24,0
2025-11-07,1222726.5,11.891666666666666,90.875,60.583333333333336,42.583333333333336,9.566666666666666,0.1,24,0
2025-11-08,1136278.5,10.995833333333332,93.95833333333331,58.16666666666666,17.25,5.541666666666667,0.7000000000000001,24,0
2025-11-09,1119458.5,9.245833333333334,92.45833333333331,67.91666666666667,58.208333333333336,7.2,0.0,24,0
2025-11-10,1224040.5,9.504166666666666,89.75,80.375,49.958333333333336,11.695833333333333,1.8,24,0
2025-11-11,1162969.5,11.345833333333331,89.83333333333333,84.66666666666667,40.75,12.95,0.0,24,1
2025-11-12,1249615.5,11.658333333333331,80.04166666666667,92.45833333333331,75.0,11.733333333333334,0.0,24,0
2025-11-13,1218337.5,14.554166666666667,75.25,88.58333333333333,53.583333333333336,10.7625,0.0,24,0
2025-11-14,1188552.5,15.579166666666666,76.25,99.70833333333331,35.791666666666664,11.820833333333333,3.5,24,0
2025-11-15,1085876.0,12.3625,95.625,97.25,33.75,6.654166666666666,24.9,24,0
2025-11-16,1085399.0,10.041666666666666,95.25,89.29166666666667,34.041666666666664,6.945833333333333,0.3,24,0
2025-11-17,1289802.5,6.670833333333333,80.54166666666667,42.833333333333336,52.66666666666666,10.645833333333334,0.3,24,0
2025-11-18,1458073.0,3.725,85.29166666666667,44.29166666666666,59.79166666666666,7.145833333333333,0.0,24,0
2025-11-19,1519983.5,5.779166666666666,84.25,87.58333333333333,32.125,16.808333333333334,3.0,24,0
2025-11-20,1588711.0,2.6958333333333333,83.375,69.91666666666667,66.45833333333333,10.825,0.2,24,0
2025-11-21,1674341.0,1.7791666666666668,85.66666666666667,59.458333333333336,33.5,9.5,0.3,24,0
2025-11-22,1633249.0,-0.5625,90.08333333333331,80.125,53.333333333333336,8.262500000000001,0.0,24,0
2025-11-23,1527222.0,3.35,93.66666666666669,100.0,10.833333333333334,14.6375,15.3,24,0
2025-11-24,1515126.5,7.158333333333334,89.95833333333333,75.5,55.79166666666666,13.479166666666666,2.5,24,0
2025-11-25,1551075.0,5.9625,84.41666666666667,50.79166666666666,47.29166666666666,15.595833333333331,3.5,24,0
2025-11-26,1608096.5,4.858333333333333,88.0,33.583333333333336,62.333333333333336,9.329166666666667,0.2,24,0
2025-11-27,1632970.0,5.354166666666667,86.875,95.29166666666669,13.75,9.875,0.0,24,0
2025-11-28,1551616.0,9.116666666666667,95.0,89.58333333333333,15.791666666666666,11.4875,7.2,24,0
2025-11-29,1373026.0,9.4625,95.29166666666669,100.0,15.791666666666666,13.225,4.7,24,0
2025-11-30,1341424.5,6.508333333333333,87.41666666666667,48.833333333333336,56.91666666666666,9.016666666666667,0.1,24,0
2025-12-01,1569186.0,4.741666666666666,84.33333333333333,91.0,36.083333333333336,12.929166666666667,0.0,24,0
2025-12-02,1540501.0,8.158333333333333,77.58333333333333,97.70833333333331,34.958333333333336,12.458333333333334,0.4,24,0
2025-12-03,1524970.5,7.899999999999999,88.29166666666667,81.16666666666667,34.083333333333336,6.920833333333333,0.1,24,0
2025-12-04,1546616.0,6.470833333333334,92.29166666666669,79.625,18.916666666666668,12.004166666666668,2.1,24,0
2025-12-05,1583313.5,3.6833333333333336,90.79166666666669,63.708333333333336,47.25,9.725,1.0,24,0
2025-12-06,1392380.0,9.820833333333333,85.375,74.75,44.458333333333336,18.054166666666667,2.4,24,0
2025-12-07,1273061.5,12.470833333333331,90.70833333333331,100.0,10.541666666666666,16.783333333333335,9.3,24,0
2025-12-08,1339244.5,14.370833333333332,84.625,99.0,26.25,15.25,1.3,24,0
2025-12-09,1357727.0,11.920833333333334,82.95833333333333,92.875,52.79166666666666,12.6125,0.2,24,0
2025-12-10,1353364.5,12.1125,89.625,96.75,28.83333333333333,8.554166666666667,0.3,24,0
2025-12-11,1412933.0,7.5625,96.91666666666669,80.70833333333333,18.70833333333333,7.279166666666666,0.1,24,0
2025-12-12,1389748.0,9.758333333333333,94.83333333333331,95.5,27.95833333333333,7.05,0.1,24,0
2025-12-13,1310947.0,8.541666666666666,98.04166666666669,99.29166666666669,15.083333333333334,3.5041666666666664,0.0,24,0
2025-12-14,1325896.0,6.879166666666666,96.16666666666669,100.0,15.125,9.220833333333331,0.0,24,0
2025-12-15,1453551.0,7.574999999999999,90.25,71.125,45.833333333333336,11.05,0.0,24,0
2025-12-16,1416515.0,10.2125,88.08333333333333,56.958333333333336,47.458333333333336,6.9625,0.0,24,0
2025-12-17,1439177.0,8.320833333333333,91.08333333333331,80.125,45.458333333333336,6.95,0.0,24,0
2025-12-18,1423759.0,10.720833333333331,79.33333333333333,96.0,38.29166666666666,16.616666666666667,0.0,24,0
2025-12-19,1356941.5,10.583333333333334,89.79166666666667,99.79166666666669,22.33333333333333,9.841666666666669,5.7,24,0
2025-12-20,1283696.0,8.008333333333333,97.04166666666669,98.20833333333331,15.25,7.016666666666667,2.1,24,0
2025-12-21,1232823.5,9.583333333333334,95.58333333333331,94.5,17.791666666666668,12.7625,11.6,24,0
2025-12-22,1381437.0,9.229166666666666,89.16666666666667,99.875,32.375,8.358333333333333,0.1,24,0
2025-12-23,1455501.5,5.166666666666667,86.375,97.33333333333331,25.666666666666668,8.470833333333333,0.0,24,0
2025-12-24,1496581.0,3.4458333333333333,70.95833333333333,65.625,49.958333333333336,17.358333333333334,0.0,24,0
2025-12-25,1463304.5,-0.0499999999999999,73.0,35.25,55.583333333333336,14.183333333333332,0.1,24,1
2025-12-26,1560836.0,-0.6041666666666666,83.41666666666667,12.416666666666666,57.29166666666666,7.5125,0.0,24,0
2025-12-27,1544232.5,0.1125,84.20833333333333,4.375,56.5,7.354166666666667,0.0,24,0
2025-12-28,1527264.0,0.3875,89.95833333333333,49.625,33.416666666666664,8.454166666666667,0.0,24,0
2025-12-29,1642013.0,-0.625,84.08333333333333,15.125,61.25,7.091666666666666,0.0,24,0
2025-12-30,1655061.0,2.425,84.95833333333333,41.708333333333336,57.083333333333336,9.616666666666667,0.0,24,0
2025-12-31,1681158.5,0.0291666666666666,90.54166666666669,17.875,50.458333333333336,4.55,0.0,24,0
2026-01-01,1630079.0,0.5166666666666667,90.29166666666669,70.0,27.20833333333333,9.466666666666669,0.0,24,1
2026-01-02,1683957.0,2.145833333333333,92.41666666666669,59.875,26.83333333333333,13.65,2.5,24,0
2026-01-03,1684794.0,-0.1083333333333333,82.625,11.583333333333334,57.958333333333336,10.808333333333332,0.1,24,0
2026-01-04,1711253.5,-1.0375,80.79166666666667,27.291666666666668,62.333333333333336,6.458333333333333,0.0,24,0
2026-01-05,1936328.0,-1.9541666666666664,89.70833333333333,55.79166666666666,25.041666666666668,7.3,3.6,24,0
2026-01-06,1981592.5,-2.7916666666666665,90.41666666666669,27.20833333333333,65.54166666666667,6.595833333333334,0.0,24,0
2026-01-07,1959595.5,0.1208333333333333,89.375,84.95833333333333,31.541666666666668,13.954166666666666,4.0,24,0
2026-01-08,1783134.0,5.45,94.375,99.625,18.70833333333333,15.425,8.9,24,0
2026-01-09,1694113.0,6.116666666666667,81.20833333333333,95.125,17.708333333333332,26.2,5.0,24,0
2026-01-10,1633031.0,3.3833333333333333,79.16666666666667,90.08333333333331,34.375,17.650000000000002,0.8,24,0
2026-01-11,1620258.0,2.0166666666666666,83.58333333333333,98.625,52.0,9.6375,0.0,24,0
2026-01-12,1658729.5,8.845833333333333,85.125,99.95833333333331,12.625,18.508333333333333,6.4,24,0
2026-01-13,1553078.0,9.8875,80.20833333333333,98.625,54.208333333333336,12.183333333333332,3.1,24,0
2026-01-14,1496912.5,9.783333333333331,87.41666666666667,94.95833333333331,38.125,9.0,1.0,24,0
2026-01-15,1495331.5,10.204166666666667,83.66666666666667,95.75,36.375,15.45,0.8,24,0
2026-01-16,1484601.5,9.104166666666666,87.79166666666667,94.29166666666669,54.41666666666666,10.95,1.0,24,0
2026-01-17,1379779.5,8.383333333333333,92.95833333333331,97.75,46.29166666666666,7.1000000000000005,0.4,24,0
2026-01-18,1345548.5,7.758333333333333,84.625,79.625,50.79166666666666,6.983333333333333,0.0,24,0
2026-01-19,1524775.5,5.941666666666666,88.875,84.125,58.875,7.370833333333334,0.0,24,0
2026-01-20,1567202.5,7.504166666666666,88.54166666666667,83.20833333333333,45.083333333333336,12.5,0.3,24,0
2026-01-21,1562609.0,9.629166666666666,78.79166666666667,92.79166666666669,59.04166666666666,15.804166666666667,7.0,24,0
2026-01-22,1540006.0,8.645833333333334,87.25,75.91666666666667,43.708333333333336,13.870833333333332,3.0,24,0
2026-01-23,1578621.0,6.679166666666667,87.25,88.16666666666667,41.458333333333336,14.345833333333331,3.3000000000000003,24,0
2026-01-24,1501517.5,5.270833333333333,84.75,55.16666666666666,67.5,10.283333333333331,0.3999999999999999,24,0
2026-01-25,1464876.0,5.3625,92.04166666666669,88.5,29.58333333333333,9.804166666666664,2.7,24,0
2026-01-26,1603936.0,5.254166666666666,92.91666666666669,81.125,35.583333333333336,8.604166666666666,0.1,24,0
2026-01-27,1622717.0,6.433333333333334,91.0,99.625,9.375,14.7375,12.9,24,0
2026-01-28,1616449.0,4.683333333333334,93.54166666666669,99.95833333333331,46.833333333333336,3.7083333333333335,0.0,24,0
2026-01-29,1647491.5,2.5041666666666664,94.70833333333331,92.125,37.625,6.591666666666666,0.0,24,0
2026-01-30,1582777.0,6.920833333333333,88.375,87.16666666666667,52.54166666666666,12.070833333333333,3.5,24,0
2026-01-31,1445985.5,6.8625,91.70833333333331,88.04166666666667,41.66666666666666,8.262500000000001,0.0,24,0
2026-02-01,1379072.5,6.729166666666667,95.58333333333331,80.70833333333333,21.875,10.025,2.9,24,0
2026-02-02,1525707.0,6.208333333333333,88.70833333333333,96.58333333333331,43.0,9.3125,2.4,24,0
2026-02-03,1514848.0,8.025,90.625,91.79166666666669,24.75,12.029166666666669,8.1,24,0
2026-02-04,1544226.0,6.929166666666667,85.125,49.708333333333336,89.33333333333333,11.304166666666667,0.0,24,0
2026-02-05,1523691.0,8.870833333333334,89.75,99.91666666666669,31.95833333333333,13.1375,5.3,24,0
2026-02-06,1461202.0,9.779166666666669,86.375,79.0,87.5,12.9,4.0,24,0
2026-02-07,1360772.5,8.637500000000001,83.125,71.25,82.08333333333333,13.008333333333333,0.0,24,0
2026-02-08,1340500.5,7.85,84.16666666666667,77.625,101.58333333333331,5.070833333333334,1.7,24,0
2026-02-09,1502198.0,6.5875,88.58333333333333,93.33333333333331,72.20833333333333,10.179166666666667,0.7,24,0
2026-02-10,1480572.0,10.25,90.29166666666669,95.5,55.875,14.354166666666666,17.3,24,0
2026-02-11,1434969.0,11.029166666666669,86.41666666666667,95.95833333333331,71.54166666666667,18.308333333333334,12.7,24,0
2026-02-12,1439981.5,10.179166666666667,81.33333333333333,88.04166666666667,69.875,20.454166666666666,6.9,24,0
2026-02-13,1471177.0,8.075000000000001,91.875,88.29166666666667,32.208333333333336,9.3625,9.6,24,0
2026-02-14,1460228.5,3.3166666666666664,77.70833333333333,88.79166666666667,65.25,15.295833333333334,5.7,24,0
2026-02-15,1506945.0,2.3583333333333334,87.5,94.45833333333331,18.625,13.15,5.0,24,0
2026-02-16,1534317.0,7.7625,77.75,52.25,98.58333333333331,20.58333333333333,3.6,24,0
2026-02-17,1541444.0,6.133333333333333,72.70833333333333,79.91666666666667,112.0,12.658333333333331,0.4,24,0
2026-02-18,1566067.0,5.079166666666667,90.29166666666669,100.0,26.666666666666668,13.3125,19.0,24,0
2026-02-19,1545009.5,8.029166666666667,90.16666666666669,97.83333333333331,47.04166666666666,12.854166666666666,5.1000000000000005,24,0
2026-02-20,1512988.0,8.299999999999999,78.08333333333333,95.83333333333331,74.83333333333333,12.8375,0.2,24,0
2026-02-21,1320100.5,11.970833333333331,79.95833333333333,96.625,101.29166666666669,15.6125,0.2,24,0
2026-02-22,1245422.5,11.995833333333332,86.875,100.0,30.666666666666668,15.929166666666667,6.4,24,0
2026-02-23,1347966.0,12.1,77.79166666666667,93.20833333333331,106.20833333333331,13.833333333333334,0.0,24,0
2026-02-24,1312346.5,12.720833333333331,85.70833333333333,75.45833333333333,77.04166666666667,8.816666666666666,0.5,24,0
2026-02-25,1294840.5,12.170833333333334,84.16666666666667,33.458333333333336,139.83333333333334,7.533333333333334,0.0,24,0
2026-02-26,1275426.0,13.091666666666669,76.75,34.916666666666664,140.29166666666666,9.341666666666669,0.0,24,0
2026-02-27,1290829.0,11.866666666666667,81.91666666666667,48.458333333333336,76.04166666666667,13.529166666666669,3.4,24,0
2026-02-28,1220940.5,10.179166666666667,73.45833333333333,46.375,125.91666666666669,15.166666666666666,0.1,24,0
2026-03-01,1216909.0,8.104166666666666,77.33333333333333,45.41666666666666,114.70833333333331,10.204166666666667,0.0,24,0
2026-03-02,1313896.0,10.229166666666666,71.45833333333333,9.708333333333334,152.33333333333334,8.4375,0.0,24,0
2026-03-03,1301326.0,10.4875,76.875,32.666666666666664,151.70833333333334,4.7,0.0,24,0
2026-03-04,1284083.0,11.108333333333334,71.58333333333333,0.25,158.91666666666666,6.745833333333334,0.0,24,0
2026-03-05,1275984.5,11.141666666666666,73.125,33.583333333333336,148.25,6.2375,0.0,24,0
2026-03-06,1268062.5,12.379166666666668,79.875,85.58333333333333,129.875,3.95,0.0,24,0
2026-03-07,1162139.5,12.370833333333332,83.16666666666667,61.04166666666666,153.75,5.991666666666667,0.0,24,0
2026-03-08,1126557.0,10.579166666666667,89.04166666666667,39.16666666666666,144.375,3.1166666666666667,0.0,24,0
2026-03-09,1244144.0,11.595833333333331,81.04166666666667,17.125,156.375,5.654166666666666,0.4,24,0
2026-03-10,1268612.0,11.85,81.70833333333333,76.875,125.29166666666669,8.091666666666667,5.1,24,0
2026-03-11,1310869.5,10.45,81.41666666666667,66.625,75.41666666666667,15.416666666666666,10.6,24,0
2026-03-12,1338911.0,8.470833333333333,76.75,41.958333333333336,129.625,12.704166666666666,0.0,24,0
2026-03-13,1356378.5,8.975,88.29166666666667,90.66666666666669,24.041666666666668,14.7125,16.1,24,0
2026-03-14,1303626.5,5.7,79.54166666666667,62.75,138.41666666666666,11.2375,7.4,24,0
2026-03-15,1300778.5,6.445833333333333,72.79166666666667,26.291666666666668,187.45833333333331,6.566666666666666,0.0,24,0
2026-03-16,1372807.0,9.625,71.54166666666667,94.54166666666669,82.95833333333333,12.245833333333332,0.0,24,0
2026-03-17,1313017.5,10.408333333333331,75.41666666666667,40.41666666666666,185.20833333333331,7.720833333333334,0.0,24,0
2026-03-18,1283365.5,10.870833333333332,63.29166666666666,0.0,198.75,13.283333333333331,0.0,24,0
2026-03-19,1275710.5,10.570833333333333,63.208333333333336,5.916666666666667,200.91666666666663,10.358333333333333,0.0,24,0
2026-03-20,1259692.0,10.141666666666667,65.41666666666667,42.625,197.79166666666663,6.4,0.0,24,0
2026-03-21,1159106.0,10.395833333333334,71.29166666666667,26.375,194.5,7.399999999999999,0.0,24,0
2026-03-22,1140954.5,9.6125,70.75,29.33333333333333,182.08333333333331,8.416666666666666,0.0,24,0
2026-03-23,1275730.5,10.0375,70.75,75.625,201.54166666666663,5.625,0.0,24,0
2026-03-24,1266920.0,11.316666666666668,70.08333333333333,81.41666666666667,182.375,9.229166666666666,0.0,24,0
2026-03-25,1331228.0,8.141666666666667,70.70833333333333,67.41666666666667,149.83333333333334,20.9375,4.9,24,0
2026-03-26,1425660.0,5.5125,69.16666666666667,29.95833333333333,195.125,12.245833333333332,1.8,24,0
2026-03-27,1434848.5,6.145833333333333,72.45833333333333,60.91666666666666,128.79166666666666,4.641666666666667,0.2,24,0
2026-03-28,1316667.0,8.220833333333333,74.0,60.54166666666666,184.95833333333331,14.095833333333331,9.5,24,0
2026-03-29,1289391.0,6.6375,70.875,49.958333333333336,172.125,9.620833333333334,0.0,24,0
2026-03-30,1368855.5,9.729166666666666,70.95833333333333,69.41666666666667,153.75,16.599999999999998,0.2,24,0
2026-03-31,1386469.5,8.366666666666667,81.0,89.29166666666667,67.45833333333333,7.575,0.6,24,0
2026-04-01,1380822.5,9.691666666666666,91.41666666666669,97.41666666666669,62.16666666666666,5.1125,2.9,24,0
2026-04-02,1370555.5,9.879166666666666,82.0,74.125,126.5,7.233333333333333,1.2,24,0
2026-04-03,1349428.0,8.241666666666667,82.875,76.25,109.0,10.325,0.6,24,0
2026-04-04,1142577.0,14.266666666666666,78.29166666666667,76.79166666666667,187.83333333333331,12.716666666666669,1.5,24,0
2026-04-05,1044318.5,12.5625,69.20833333333333,76.625,116.125,13.4875,0.6,24,0
2026-04-06,1054229.5,10.329166666666667,72.08333333333333,45.04166666666666,240.0,5.558333333333334,0.0,24,1
2026-04-07,1124920.5,14.35,66.625,3.9583333333333335,244.79166666666663,7.895833333333333,0.0,24,0
2026-04-08,1116053.5,16.166666666666668,59.625,0.0,248.5,5.1000000000000005,0.0,24,0
2026-04-09,1108983.5,16.658333333333335,65.16666666666667,35.958333333333336,228.95833333333331,6.075,3.0,24,0
2026-04-10,1108330.5,12.6875,50.91666666666666,92.41666666666669,222.0,7.516666666666667,0.0,24,0
2026-04-11,1024978.0,11.766666666666666,70.625,99.0,91.58333333333331,11.933333333333332,5.2,24,0
2026-04-12,1052997.5,9.95,66.45833333333333,100.0,174.75,7.420833333333333,0.2,24,0
2026-04-13,1229237.5,10.083333333333334,75.58333333333333,79.83333333333333,165.0,4.291666666666667,6.4,24,0
2026-04-14,1232100.5,11.116666666666667,64.16666666666667,42.41666666666666,251.79166666666663,5.079166666666667,0.0,24,0
2026-04-15,1182615.0,13.375,60.208333333333336,45.54166666666666,145.75,10.5125,0.0,24,0
2026-04-16,1144339.0,14.6,62.875,63.54166666666666,223.20833333333331,7.095833333333334,0.0,24,0
2026-04-17,1115789.0,15.6875,56.458333333333336,71.91666666666667,202.75,4.241666666666666,0.0,24,0
2026-04-18,996879.5,15.95,60.583333333333336,50.708333333333336,211.75,8.375,0.8,24,0
2026-04-19,962175.5,12.408333333333331,61.79166666666666,44.0,220.875,8.541666666666666,0.0,24,0
2026-04-20,1096112.0,11.641666666666666,56.79166666666666,66.875,237.375,11.654166666666669,0.0,24,0
2026-04-21,1133189.5,10.975,55.66666666666666,28.0,224.625,14.004166666666668,0.0,24,0
2026-04-22,1138166.0,13.320833333333333,44.375,25.375,286.0,15.6875,0.0,24,0
2026-04-23,1123866.5,15.470833333333331,37.75,0.0,290.75,12.829166666666666,0.0,24,0
2026-04-24,1097706.0,16.0,35.625,1.625,294.625,10.241666666666667,0.0,24,0
2026-04-25,986033.5,15.758333333333333,42.333333333333336,29.291666666666668,291.2083333333333,7.158333333333334,0.0,24,0
2026-04-26,942739.5,16.041666666666668,37.0,48.5,284.8333333333333,7.091666666666666,0.0,24,0
2026-04-27,1066815.0,16.0625,47.208333333333336,93.875,251.08333333333331,7.233333333333333,0.0,24,0
2026-04-28,1078664.0,15.875,47.75,45.91666666666666,266.375,11.3125,0.2,24,0
2026-04-29,1086651.5,18.391666666666666,38.375,57.583333333333336,267.9583333333333,16.545833333333334,0.0,24,0
2026-04-30,1069889.0,18.291666666666668,28.33333333333333,0.0,302.25,15.345833333333331,0.0,24,0
2026-05-01,906481.5,18.729166666666668,42.375,25.666666666666668,256.7083333333333,6.879166666666666,1.1,24,1
2026-05-02,924649.5,19.441666666666663,67.25,79.375,236.125,7.879166666666666,0.9,24,0
2026-05-03,917495.0,16.470833333333335,77.625,90.66666666666669,153.5,8.929166666666667,9.1,24,0
2026-05-04,1068683.5,14.608333333333333,88.83333333333333,99.875,111.29166666666669,4.058333333333334,5.3,24,0
2026-05-05,1103299.5,13.345833333333331,91.625,100.0,77.91666666666667,10.554166666666667,18.7,24,0
2026-05-06,1124257.0,11.508333333333333,80.95833333333333,97.29166666666669,140.04166666666666,11.8875,8.5,24,0
2026-05-07,1117182.0,12.604166666666666,70.625,63.208333333333336,205.41666666666663,4.7125,0.2,24,0
2026-05-08,987836.0,13.833333333333334,69.16666666666667,8.958333333333334,296.75,5.308333333333334,0.0,24,1
2026-05-09,940372.5,16.275000000000002,70.125,61.41666666666666,285.0,7.404166666666666,1.7,24,0
2026-05-10,926690.0,14.6875,79.45833333333333,100.0,84.29166666666667,9.716666666666669,24.6,24,0
2026-05-11,1073814.0,11.120833333333332,78.83333333333333,86.54166666666667,156.95833333333334,12.483333333333334,5.9,24,0
2026-05-12,1103057.5,10.520833333333334,69.66666666666667,59.125,220.91666666666663,5.5,0.2,24,0
2026-05-13,1116464.5,11.1875,75.08333333333333,61.833333333333336,204.125,14.966666666666669,4.6,24,0
2026-05-14,1051140.5,9.229166666666666,76.95833333333333,53.29166666666666,226.79166666666663,11.275,4.1000000000000005,24,1
2026-05-15,1099048.5,8.766666666666667,76.75,52.91666666666666,244.91666666666663,7.4125,2.7,24,0
2026-05-16,1048042.5,10.758333333333333,72.54166666666667,57.5,248.95833333333331,7.670833333333333,0.6000000000000001,24,0
2026-05-17,1000490.0,12.308333333333332,83.54166666666667,99.41666666666669,149.625,8.379166666666666,9.5,24,0
2026-05-18,1118946.0,11.820833333333333,78.29166666666667,83.91666666666667,223.08333333333331,7.070833333333333,2.7,24,0
2026-05-19,1129539.5,13.558333333333332,81.70833333333333,83.83333333333333,148.08333333333334,12.758333333333333,4.5,24,0
2026-05-20,1104191.5,16.075,74.08333333333333,62.458333333333336,221.41666666666663,13.358333333333334,2.8000000000000003,24,0
2026-05-21,1091310.5,17.537499999999998,73.25,37.66666666666666,298.0,4.233333333333333,0.0,24,0
2026-05-22,1074661.0,20.516666666666666,68.0,14.0,329.6666666666667,4.729166666666667,0.0,24,0
2026-05-23,964604.5,22.5875,63.875,23.25,328.9166666666667,3.4625,0.0,24,0
2026-05-24,915477.5,24.1125,64.83333333333333,8.958333333333334,329.4583333333333,6.75,0.0,24,0
2026-05-25,970611.0,25.475,61.0,24.666666666666668,327.9166666666667,8.674999999999999,0.0,24,1
