date,temperature_mean,temperature_max,humidity_mean,cloud_cover_mean,shortwave_radiation_mean,wind_speed_mean,precipitation_sum,valid_hour_count
2012-01-01,12.137500000000001,12.9,92.29166666666667,99.95833333333333,6.333333333333333,23.212500000000002,0.6,24
2012-01-02,8.470833333333333,11.5,84.95833333333333,70.41666666666667,39.416666666666664,18.4875,8.9,24
2012-01-03,8.6,12.6,83.66666666666667,91.08333333333333,11.75,28.704166666666666,8.8,24
2012-01-04,7.745833333333334,9.2,75.58333333333333,72.375,50.208333333333336,22.066666666666666,0.1,24
2012-01-05,9.395833333333334,10.9,74.70833333333333,77.20833333333333,17.666666666666668,34.0625,3.2,24
2012-01-06,5.883333333333333,7.5,73.58333333333333,39.708333333333336,47.708333333333336,16.854166666666668,0.0,24
2012-01-07,8.424999999999999,11.1,84.25,90.79166666666667,16.625,17.658333333333335,0.39999999999999997,24
2012-01-08,7.295833333333333,9.1,81.70833333333333,83.66666666666667,35.0,12.758333333333333,0.1,24
2012-01-09,7.733333333333333,11.3,88.95833333333333,82.125,34.0,9.533333333333333,0.7,24
2012-01-10,9.166666666666666,10.5,92.83333333333333,97.41666666666667,19.25,5.770833333333333,0.30000000000000004,24
2012-01-11,7.175,10.4,91.20833333333333,64.95833333333333,39.166666666666664,4.258333333333334,0.0,24
2012-01-12,6.058333333333334,9.9,86.375,67.875,40.208333333333336,10.0625,0.0,24
2012-01-13,6.041666666666667,8.7,92.33333333333333,93.41666666666667,24.833333333333332,9.083333333333334,0.30000000000000004,24
2012-01-14,1.6500000000000001,5.2,85.58333333333333,14.208333333333334,64.70833333333333,10.070833333333335,0.0,24
2012-01-15,0.5,4.7,83.875,2.5833333333333335,66.58333333333333,13.041666666666666,0.0,24
2012-01-16,0.5166666666666667,4.6,69.04166666666667,3.625,69.83333333333333,13.958333333333334,0.0,24
2012-01-17,-0.9916666666666667,4.1,83.33333333333333,37.875,68.625,5.904166666666666,0.0,24
2012-01-18,2.495833333333333,6.4,90.79166666666667,86.25,38.541666666666664,13.620833333333332,0.30000000000000004,24
2012-01-19,9.754166666666666,11.1,93.41666666666667,97.83333333333333,10.875,23.295833333333334,1.2,24
2012-01-20,7.729166666666667,8.9,84.70833333333333,96.16666666666667,28.166666666666668,22.416666666666668,1.6,24
2012-01-21,10.0,11.6,87.66666666666667,99.83333333333333,16.708333333333332,23.97083333333333,0.0,24
2012-01-22,8.549999999999999,9.8,78.66666666666667,79.16666666666667,29.708333333333332,19.641666666666666,0.0,24
2012-01-23,6.883333333333333,9.1,83.5,79.29166666666667,48.0,12.158333333333333,0.0,24
2012-01-24,5.4375,6.7,91.33333333333333,97.625,24.375,9.191666666666666,4.9,24
2012-01-25,8.841666666666667,10.4,96.95833333333333,99.79166666666667,13.583333333333334,8.6625,0.0,24
2012-01-26,8.033333333333333,9.0,93.33333333333333,89.70833333333333,19.583333333333332,12.358333333333334,0.7000000000000001,24
2012-01-27,3.8708333333333336,8.8,85.125,46.875,76.08333333333333,7.8,0.0,24
2012-01-28,3.5625,5.5,91.95833333333333,91.54166666666667,34.375,7.670833333333333,3.5,24
2012-01-29,1.9416666666666667,3.5,86.95833333333333,76.45833333333333,74.33333333333333,13.254166666666668,0.0,24
2012-01-30,-0.6458333333333334,0.2,78.29166666666667,99.5,28.25,5.1499999999999995,0.0,24
2012-01-31,-0.09166666666666669,1.7,74.79166666666667,90.70833333333333,41.291666666666664,10.904166666666667,0.0,24
2012-02-01,-2.1374999999999997,-0.5,63.666666666666664,49.125,89.25,19.029166666666665,0.0,24
2012-02-02,-4.841666666666667,-2.0,44.791666666666664,0.0,98.41666666666667,21.962500000000002,0.0,24
2012-02-03,-5.195833333333334,-2.1,48.708333333333336,21.25,98.70833333333333,15.279166666666667,0.4,24
2012-02-04,-4.4125000000000005,-2.1,64.66666666666667,32.125,99.95833333333333,7.7,0.2,24
2012-02-05,-4.716666666666667,-2.2,54.666666666666664,78.75,51.708333333333336,11.3125,2.9,24
2012-02-06,-3.625,-0.0,61.416666666666664,54.416666666666664,79.54166666666667,4.925,0.0,24
2012-02-07,-5.454166666666667,-2.1,53.166666666666664,5.333333333333333,108.125,14.387500000000001,0.0,24
2012-02-08,-4.383333333333334,-0.3,62.0,46.125,99.16666666666667,17.2,0.0,24
2012-02-09,-3.8208333333333333,0.9,71.33333333333333,31.25,98.29166666666667,10.950000000000001,0.0,24
2012-02-10,-3.1875,0.0,69.33333333333333,35.041666666666664,101.5,12.054166666666667,0.0,24
2012-02-11,-4.358333333333333,-0.6,57.666666666666664,2.7916666666666665,115.45833333333333,14.512500000000001,0.0,24
2012-02-12,-3.8874999999999997,0.6,64.91666666666667,33.333333333333336,114.66666666666667,10.2125,0.0,24
2012-02-13,1.5875000000000001,4.9,89.45833333333333,98.41666666666667,39.666666666666664,9.520833333333334,0.9,24
2012-02-14,4.254166666666666,6.8,85.66666666666667,98.04166666666667,68.0,18.279166666666665,1.7000000000000002,24
2012-02-15,4.9875,7.7,86.95833333333333,84.875,55.958333333333336,18.466666666666665,0.2,24
2012-02-16,5.383333333333333,8.0,88.95833333333333,88.75,55.291666666666664,10.754166666666668,0.1,24
2012-02-17,4.370833333333334,7.9,92.75,84.41666666666667,27.416666666666668,9.262500000000001,0.0,24
2012-02-18,7.808333333333334,9.7,92.41666666666667,98.79166666666667,28.208333333333332,13.9125,0.4,24
2012-02-19,4.279166666666667,7.1,74.45833333333333,29.083333333333332,118.58333333333333,15.2125,2.6,24
2012-02-20,0.9666666666666667,5.2,71.29166666666667,32.625,130.375,5.054166666666666,0.0,24
2012-02-21,0.9833333333333334,7.5,76.125,37.625,130.25,7.129166666666666,0.0,24
2012-02-22,2.025,8.4,74.66666666666667,44.791666666666664,129.41666666666666,9.325000000000001,0.0,24
2012-02-23,7.595833333333334,10.6,90.875,99.875,22.625,12.666666666666666,0.30000000000000004,24
2012-02-24,9.479166666666666,11.4,93.91666666666667,99.16666666666667,56.416666666666664,8.345833333333333,0.0,24
2012-02-25,9.195833333333333,11.5,92.95833333333333,100.0,32.041666666666664,7.6875,0.0,24
2012-02-26,7.3625,10.2,81.16666666666667,87.16666666666667,84.41666666666667,6.520833333333333,0.0,24
2012-02-27,6.979166666666667,10.7,83.375,89.79166666666667,72.16666666666667,6.770833333333333,0.0,24
2012-02-28,8.258333333333333,10.6,88.33333333333333,93.75,47.208333333333336,5.070833333333334,0.0,24
2012-02-29,8.891666666666667,14.1,89.125,42.583333333333336,120.125,6.254166666666666,0.0,24
2012-03-01,8.579166666666667,12.1,93.66666666666667,87.58333333333333,57.291666666666664,8.208333333333334,0.0,24
2012-03-02,9.766666666666667,11.6,91.04166666666667,99.70833333333333,47.958333333333336,4.445833333333334,0.0,24
2012-03-03,9.275,13.0,85.95833333333333,79.58333333333333,88.83333333333333,10.258333333333333,0.8999999999999999,24
2012-03-04,7.429166666666667,9.6,91.83333333333333,98.375,43.666666666666664,14.737499999999999,7.1,24
2012-03-05,5.308333333333334,8.1,72.875,68.20833333333333,105.875,24.729166666666668,1.2,24
2012-03-06,5.2375,7.9,81.41666666666667,79.0,105.91666666666667,11.862499999999999,2.9,24
2012-03-07,4.033333333333333,8.5,86.91666666666667,89.54166666666667,64.25,16.670833333333334,4.7,24
2012-03-08,5.404166666666666,9.4,76.83333333333333,43.208333333333336,121.20833333333333,12.833333333333334,0.0,24
2012-03-09,5.616666666666667,11.0,79.75,54.458333333333336,136.5,4.8500000000000005,0.3,24
2012-03-10,8.754166666666666,12.7,85.375,96.08333333333333,70.0,7.258333333333333,0.0,24
2012-03-11,10.204166666666667,13.3,83.66666666666667,93.33333333333333,75.70833333333333,10.5375,0.0,24
2012-03-12,8.4625,14.6,85.75,40.041666666666664,176.375,9.191666666666666,0.0,24
2012-03-13,8.554166666666667,13.3,87.0,23.916666666666668,148.54166666666666,11.7875,0.0,24
2012-03-14,8.5375,15.2,83.20833333333333,30.041666666666668,186.375,9.308333333333334,0.0,24
2012-03-15,9.549999999999999,19.2,82.91666666666667,0.125,190.54166666666666,8.070833333333333,0.0,24
2012-03-16,11.450000000000001,20.8,81.20833333333333,16.916666666666668,182.58333333333334,8.1875,0.0,24
2012-03-17,9.383333333333333,11.7,83.20833333333333,90.04166666666667,73.70833333333333,13.866666666666667,1.2000000000000002,24
2012-03-18,8.120833333333334,10.5,87.04166666666667,92.83333333333333,108.5,10.108333333333333,4.8,24
2012-03-19,6.375,10.4,74.625,68.25,115.08333333333333,13.920833333333334,0.0,24
2012-03-20,5.8374999999999995,12.5,74.625,17.666666666666668,196.33333333333334,6.95,0.0,24
2012-03-21,8.191666666666666,15.8,70.79166666666667,14.291666666666666,204.16666666666666,12.954166666666666,0.0,24
2012-03-22,11.695833333333333,18.1,67.79166666666667,76.91666666666667,201.5,9.95,0.0,24
2012-03-23,11.583333333333334,19.5,74.66666666666667,6.041666666666667,207.75,6.875,0.0,24
2012-03-24,12.158333333333333,19.8,74.625,1.75,210.5,8.237499999999999,0.0,24
2012-03-25,12.920833333333334,19.6,76.5,4.166666666666667,211.33333333333334,11.379166666666668,0.0,24
2012-03-26,13.108333333333334,19.1,61.166666666666664,1.0833333333333333,221.375,13.720833333333333,0.0,24
2012-03-27,12.362499999999999,18.9,63.041666666666664,0.125,220.66666666666666,12.666666666666666,0.0,24
2012-03-28,12.887500000000001,19.2,67.20833333333333,0.0,221.08333333333334,12.112499999999999,0.0,24
2012-03-29,12.233333333333334,18.6,66.875,9.75,227.95833333333334,11.633333333333333,0.0,24
2012-03-30,11.375,18.3,68.75,7.833333333333333,212.58333333333334,9.2125,0.0,24
2012-03-31,8.933333333333334,13.6,77.91666666666667,75.375,136.83333333333334,11.275,0.0,24
2012-04-01,7.175,11.4,56.125,30.291666666666668,233.95833333333334,15.4,0.0,24
2012-04-02,8.529166666666667,15.0,63.625,28.0,236.0,9.1625,0.0,24
2012-04-03,10.220833333333333,17.0,65.79166666666667,46.208333333333336,209.41666666666666,7.3374999999999995,0.0,24
2012-04-04,9.0375,13.5,78.66666666666667,49.916666666666664,188.91666666666666,5.620833333333334,0.8,24
2012-04-05,9.204166666666667,14.0,78.04166666666667,47.708333333333336,182.79166666666666,13.754166666666668,0.0,24
2012-04-06,9.008333333333333,13.0,68.75,62.791666666666664,153.125,13.924999999999999,0.0,24
2012-04-07,7.529166666666666,11.9,69.08333333333333,72.29166666666667,141.79166666666666,11.495833333333332,0.7000000000000001,24
2012-04-08,5.720833333333334,9.6,68.58333333333333,70.54166666666667,131.375,8.85,0.0,24
2012-04-09,10.158333333333333,12.6,79.16666666666667,100.0,69.91666666666667,19.379166666666666,2.5,24
2012-04-10,9.379166666666666,11.3,85.33333333333333,97.70833333333333,44.75,18.079166666666666,10.700000000000001,24
2012-04-11,7.866666666666667,13.0,82.75,36.958333333333336,198.5,12.9375,3.9,24
2012-04-12,7.654166666666666,12.7,84.20833333333333,39.833333333333336,206.58333333333334,8.049999999999999,0.8,24
2012-04-13,8.620833333333334,13.1,71.79166666666667,63.208333333333336,234.33333333333334,4.333333333333333,0.7000000000000001,24
2012-04-14,8.254166666666666,13.2,74.08333333333333,87.20833333333333,215.54166666666666,11.316666666666668,0.2,24
2012-04-15,6.983333333333333,10.3,65.95833333333333,74.0,171.41666666666666,25.7375,0.0,24
2012-04-16,5.9375,9.8,60.416666666666664,47.416666666666664,189.0,18.533333333333335,0.0,24
2012-04-17,4.729166666666667,7.9,80.5,80.08333333333333,70.58333333333333,14.762500000000001,5.9,24
2012-04-18,7.670833333333333,11.7,85.125,84.5,130.95833333333334,22.754166666666666,7.6,24
2012-04-19,8.887500000000001,13.5,78.41666666666667,54.0,234.0,14.575000000000001,0.1,24
2012-04-20,8.720833333333333,13.4,77.66666666666667,40.5,221.58333333333334,15.404166666666667,2.6,24
2012-04-21,8.7125,12.9,79.66666666666667,51.458333333333336,212.70833333333334,16.720833333333335,3.7,24
2012-04-22,8.575000000000001,13.0,74.125,59.583333333333336,208.625,18.845833333333335,2.2,24
2012-04-23,7.266666666666667,10.9,85.625,70.25,106.79166666666667,20.016666666666666,7.5,24
2012-04-24,8.866666666666667,11.7,84.58333333333333,86.45833333333333,169.125,15.945833333333333,6.6000000000000005,24
2012-04-25,9.533333333333333,14.2,80.16666666666667,93.66666666666667,105.41666666666667,25.079166666666666,5.3999999999999995,24
2012-04-26,12.495833333333332,16.1,63.583333333333336,81.375,224.29166666666666,27.504166666666666,0.1,24
2012-04-27,11.825000000000001,15.1,74.54166666666667,99.75,152.70833333333334,12.737499999999999,0.4,24
2012-04-28,13.095833333333333,16.9,86.375,99.79166666666667,99.45833333333333,10.466666666666667,7.6,24
2012-04-29,14.929166666666667,16.4,69.16666666666667,74.41666666666667,202.29166666666666,23.8625,4.0,24
2012-04-30,13.154166666666667,19.4,76.625,68.875,216.54166666666666,12.520833333333334,7.3,24
2012-05-01,13.233333333333334,17.6,71.83333333333333,48.583333333333336,242.0,8.1625,0.1,24
2012-05-02,11.545833333333334,15.4,83.20833333333333,88.91666666666667,109.75,11.4625,3.5,24
2012-05-03,13.520833333333334,18.0,77.79166666666667,64.16666666666667,254.08333333333334,6.870833333333334,1.2,24
2012-05-04,13.166666666666666,17.9,81.66666666666667,74.66666666666667,187.58333333333334,8.141666666666667,5.8,24
2012-05-05,11.420833333333334,13.9,89.08333333333333,97.79166666666667,140.33333333333334,9.020833333333334,4.7,24
2012-05-06,10.387500000000001,13.2,82.83333333333333,98.125,112.625,9.054166666666667,11.1,24
2012-05-07,11.625,16.2,75.91666666666667,64.79166666666667,209.20833333333334,7.733333333333333,0.5,24
2012-05-08,13.908333333333333,16.9,78.20833333333333,91.75,128.16666666666666,16.2375,6.0,24
2012-05-09,16.920833333333334,20.8,79.375,94.33333333333333,207.29166666666666,17.554166666666667,1.3,24
2012-05-10,20.508333333333333,26.4,74.66666666666667,80.25,253.75,16.991666666666667,2.2,24
2012-05-11,16.537499999999998,19.7,79.16666666666667,83.08333333333333,181.25,12.924999999999999,2.7,24
2012-05-12,12.245833333333332,15.1,62.541666666666664,49.125,277.25,15.9,0.0,24
2012-05-13,9.924999999999999,14.1,66.66666666666667,7.0,298.2916666666667,12.158333333333333,0.0,24
2012-05-14,12.258333333333333,17.6,63.708333333333336,16.25,317.875,5.758333333333333,0.0,24
2012-05-15,10.012500000000001,11.7,72.58333333333333,46.708333333333336,247.41666666666666,18.683333333333334,3.2,24
2012-05-16,9.620833333333334,13.8,63.208333333333336,34.166666666666664,257.75,10.7125,0.1,24
2012-05-17,10.270833333333334,15.1,65.125,82.95833333333333,199.33333333333334,14.4625,1.1,24
2012-05-18,13.979166666666666,17.7,71.29166666666667,77.70833333333333,155.16666666666666,18.3125,0.30000000000000004,24
2012-05-19,14.387500000000001,19.2,76.79166666666667,87.75,195.58333333333334,7.4375,2.4,24
2012-05-20,15.683333333333332,20.4,83.83333333333333,87.0,187.875,8.379166666666666,3.7,24
2012-05-21,13.658333333333333,15.3,93.45833333333333,99.95833333333333,61.791666666666664,17.849999999999998,11.8,24
2012-05-22,15.116666666666667,19.2,83.25,95.66666666666667,144.91666666666666,21.675,0.5,24
2012-05-23,17.920833333333334,24.0,80.08333333333333,46.25,216.16666666666666,10.741666666666667,0.0,24
2012-05-24,19.758333333333333,26.3,81.54166666666667,26.25,272.9583333333333,11.670833333333334,0.2,24
2012-05-25,20.912499999999998,25.0,66.91666666666667,18.583333333333332,327.9166666666667,16.670833333333334,0.0,24
2012-05-26,19.575,24.9,54.25,0.0,334.8333333333333,15.950000000000001,0.0,24
2012-05-27,19.654166666666665,25.8,62.833333333333336,15.416666666666666,303.25,6.516666666666667,0.0,24
2012-05-28,18.8125,24.0,69.16666666666667,19.166666666666668,273.0833333333333,12.5875,0.1,24
2012-05-29,18.370833333333334,24.1,65.33333333333333,10.5,306.7083333333333,7.595833333333334,0.0,24
2012-05-30,18.729166666666668,24.3,70.45833333333333,49.916666666666664,286.875,7.3,0.30000000000000004,24
2012-05-31,17.35,21.1,72.33333333333333,85.875,267.9583333333333,11.6,0.6,24
2012-06-01,17.3,21.1,74.45833333333333,83.375,155.75,6.991666666666667,0.1,24
2012-06-02,19.870833333333334,25.0,69.0,77.33333333333333,299.625,8.720833333333333,0.0,24
2012-06-03,18.045833333333334,20.3,74.20833333333333,90.95833333333333,190.125,15.729166666666666,8.9,24
2012-06-04,14.258333333333333,17.2,73.41666666666667,86.08333333333333,140.75,17.566666666666666,1.1,24
2012-06-05,12.483333333333334,16.7,71.25,84.33333333333333,210.0,8.991666666666667,1.3,24
2012-06-06,16.370833333333334,20.3,74.75,86.45833333333333,200.54166666666666,18.170833333333334,3.8000000000000003,24
2012-06-07,17.45,20.8,77.5,68.41666666666667,173.125,16.595833333333335,7.9,24
2012-06-08,16.008333333333333,19.1,63.916666666666664,37.208333333333336,242.875,22.920833333333334,0.4,24
2012-06-09,14.275,17.7,62.25,62.208333333333336,221.95833333333334,14.875,0.0,24
2012-06-10,14.450000000000001,18.6,78.33333333333333,80.83333333333333,152.95833333333334,9.924999999999999,3.8,24
2012-06-11,15.308333333333332,18.8,79.5,82.04166666666667,202.29166666666666,14.950000000000001,6.3999999999999995,24
2012-06-12,13.775,16.6,83.79166666666667,94.91666666666667,127.125,13.691666666666668,2.0,24
2012-06-13,13.424999999999999,17.0,77.08333333333333,85.375,172.125,8.808333333333334,3.7,24
2012-06-14,15.008333333333333,19.9,74.875,73.75,222.375,10.012500000000001,0.0,24
2012-06-15,16.849999999999998,20.4,74.91666666666667,94.29166666666667,137.04166666666666,15.6875,3.6999999999999997,24
2012-06-16,16.404166666666665,18.5,82.875,76.66666666666667,130.25,17.154166666666665,6.3,24
2012-06-17,16.233333333333334,20.9,64.58333333333333,34.541666666666664,311.875,11.4625,0.0,24
2012-06-18,16.537499999999998,19.3,72.54166666666667,77.75,221.83333333333334,9.85,9.799999999999999,24
2012-06-19,16.3125,20.4,76.75,87.79166666666667,184.125,10.137500000000001,4.1,24
2012-06-20,18.108333333333334,23.0,76.54166666666667,54.875,272.7916666666667,9.049999999999999,1.5,24
2012-06-21,18.920833333333334,23.9,78.95833333333333,73.41666666666667,209.5,16.141666666666666,7.9,24
2012-06-22,16.508333333333333,20.0,62.291666666666664,44.208333333333336,232.625,21.895833333333332,0.0,24
2012-06-23,16.254166666666666,20.1,66.625,60.208333333333336,224.04166666666666,9.625,0.30000000000000004,24
2012-06-24,14.804166666666667,17.2,82.625,88.66666666666667,70.29166666666667,17.670833333333334,6.2,24
2012-06-25,15.700000000000001,20.4,75.54166666666667,79.58333333333333,251.0,7.8875,0.0,24
2012-06-26,17.208333333333332,20.6,84.75,96.29166666666667,68.66666666666667,5.1875,3.9,24
2012-06-27,21.008333333333333,25.8,78.91666666666667,91.16666666666667,220.0,5.929166666666667,0.0,24
2012-06-28,23.53333333333333,30.3,75.58333333333333,50.041666666666664,258.4583333333333,13.854166666666666,0.5,24
2012-06-29,18.758333333333333,22.3,73.58333333333333,65.16666666666667,147.375,13.991666666666667,5.7,24
2012-06-30,18.070833333333333,22.4,71.0,39.291666666666664,229.16666666666666,12.9125,0.0,24
2012-07-01,16.3625,19.8,69.625,47.125,272.125,11.716666666666667,0.1,24
2012-07-02,17.104166666666668,22.0,63.0,66.79166666666667,247.25,9.504166666666666,0.0,24
2012-07-03,18.462500000000002,22.6,71.66666666666667,61.833333333333336,188.04166666666666,9.020833333333334,0.0,24
2012-07-04,20.849999999999998,25.8,72.29166666666667,56.208333333333336,263.0,9.770833333333334,3.6999999999999997,24
2012-07-05,19.220833333333335,23.2,80.41666666666667,64.79166666666667,220.16666666666666,6.504166666666666,2.6,24
2012-07-06,17.325,21.2,79.375,56.75,241.33333333333334,14.15,3.4,24
2012-07-07,17.716666666666665,22.8,78.20833333333333,67.83333333333333,175.04166666666666,12.883333333333333,4.7,24
2012-07-08,17.616666666666667,20.3,78.45833333333333,78.0,185.375,16.595833333333335,7.6000000000000005,24
2012-07-09,17.825,21.8,74.0,39.041666666666664,259.25,9.275,0.4,24
2012-07-10,17.554166666666667,20.1,71.5,61.083333333333336,221.41666666666666,12.583333333333334,0.0,24
2012-07-11,16.462500000000002,19.6,70.16666666666667,86.08333333333333,218.04166666666666,15.512500000000001,3.0,24
2012-07-12,14.9,17.1,80.41666666666667,90.375,75.625,16.420833333333334,7.5,24
2012-07-13,15.833333333333334,19.5,84.83333333333333,98.375,131.83333333333334,17.108333333333334,14.7,24
2012-07-14,15.9625,20.1,80.04166666666667,70.25,223.08333333333334,17.354166666666668,8.4,24
2012-07-15,15.0875,18.1,76.83333333333333,50.75,227.66666666666666,14.408333333333333,0.2,24
2012-07-16,15.845833333333333,20.0,70.04166666666667,61.208333333333336,201.04166666666666,14.941666666666665,0.0,24
2012-07-17,18.966666666666665,23.5,68.16666666666667,75.25,211.45833333333334,14.933333333333335,0.0,24
2012-07-18,19.779166666666665,24.0,70.375,65.0,303.0833333333333,12.745833333333332,0.0,24
2012-07-19,17.791666666666668,20.1,67.41666666666667,93.83333333333333,178.83333333333334,15.183333333333335,0.5,24
2012-07-20,16.195833333333333,19.4,72.125,78.29166666666667,173.91666666666666,7.0625,0.0,24
2012-07-21,15.304166666666667,19.4,73.45833333333333,30.833333333333332,232.875,8.25,0.9,24
2012-07-22,17.212500000000002,22.2,66.58333333333333,53.833333333333336,315.375,7.870833333333334,0.0,24
2012-07-23,18.595833333333335,24.6,60.75,0.0,323.375,9.950000000000001,0.0,24
2012-07-24,20.579166666666666,27.8,62.416666666666664,0.20833333333333334,320.9166666666667,7.7749999999999995,0.0,24
2012-07-25,23.025000000000002,29.7,61.166666666666664,0.0,314.4583333333333,5.916666666666667,0.0,24
2012-07-26,24.3625,30.8,57.083333333333336,1.5,311.5416666666667,8.845833333333333,0.0,24
2012-07-27,23.962500000000002,29.8,69.95833333333333,65.25,209.79166666666666,8.0,18.0,24
2012-07-28,20.195833333333333,23.3,77.16666666666667,72.20833333333333,209.08333333333334,13.137500000000001,4.6,24
2012-07-29,16.058333333333334,19.6,69.91666666666667,45.666666666666664,207.0,14.15,5.4,24
2012-07-30,15.7125,19.2,74.79166666666667,74.91666666666667,177.29166666666666,9.270833333333334,0.4,24
2012-07-31,17.620833333333334,23.5,70.70833333333333,41.125,279.25,8.183333333333334,0.0,24
2012-08-01,20.454166666666666,27.9,71.54166666666667,31.958333333333332,216.41666666666666,11.1875,1.3,24
2012-08-02,19.98333333333333,23.5,65.70833333333333,56.208333333333336,227.41666666666666,14.345833333333333,0.0,24
2012-08-03,19.254166666666666,23.4,65.70833333333333,48.458333333333336,212.54166666666666,13.904166666666667,0.2,24
2012-08-04,19.1375,23.6,66.70833333333333,63.541666666666664,225.20833333333334,11.133333333333333,0.1,24
2012-08-05,18.204166666666666,23.0,74.83333333333333,67.5,167.5,10.533333333333333,2.7,24
2012-08-06,17.579166666666666,21.4,69.41666666666667,64.875,197.08333333333334,17.416666666666668,0.0,24
2012-08-07,17.95,22.0,63.833333333333336,84.66666666666667,207.08333333333334,9.470833333333333,0.0,24
2012-08-08,20.195833333333333,25.7,60.166666666666664,38.25,275.0,3.841666666666667,0.0,24
2012-08-09,20.5125,25.3,71.04166666666667,61.0,212.54166666666666,8.245833333333334,0.0,24
2012-08-10,20.204166666666666,25.7,58.458333333333336,0.25,294.0,11.958333333333334,0.0,24
2012-08-11,20.2375,26.9,56.708333333333336,23.75,294.7083333333333,12.420833333333334,0.0,24
2012-08-12,20.879166666666666,27.4,61.5,43.875,246.16666666666666,9.549999999999999,0.0,24
2012-08-13,21.1625,25.8,68.66666666666667,93.0,180.66666666666666,8.608333333333333,0.0,24
2012-08-14,20.8875,24.4,70.33333333333333,79.29166666666667,125.66666666666667,6.341666666666666,0.2,24
2012-08-15,23.379166666666666,28.8,57.333333333333336,75.125,172.54166666666666,16.787499999999998,0.2,24
2012-08-16,20.675,26.3,54.791666666666664,31.291666666666668,250.45833333333334,11.5875,0.0,24
2012-08-17,24.254166666666666,31.5,48.208333333333336,39.541666666666664,268.0,13.125,0.0,24
2012-08-18,27.9875,36.9,45.291666666666664,3.0,267.9583333333333,11.791666666666666,0.0,24
2012-08-19,28.9875,37.3,50.416666666666664,29.416666666666668,258.125,9.3375,0.0,24
2012-08-20,24.175,28.5,64.5,56.791666666666664,191.20833333333334,5.916666666666667,1.6,24
2012-08-21,23.858333333333334,29.2,67.0,56.875,220.5,9.983333333333333,0.5,24
2012-08-22,19.820833333333333,24.5,57.666666666666664,49.75,258.5,9.862499999999999,0.0,24
2012-08-23,19.045833333333334,24.6,61.833333333333336,67.83333333333333,220.95833333333334,7.541666666666667,1.5,24
2012-08-24,19.833333333333332,24.8,68.0,72.41666666666667,187.41666666666666,10.725,1.5,24
2012-08-25,20.1125,23.8,61.625,40.916666666666664,202.79166666666666,24.808333333333334,0.0,24
2012-08-26,18.533333333333335,22.2,59.833333333333336,76.375,154.04166666666666,17.962500000000002,0.0,24
2012-08-27,20.7375,26.4,51.541666666666664,36.666666666666664,249.91666666666666,11.583333333333334,0.0,24
2012-08-28,21.150000000000002,25.5,52.041666666666664,73.45833333333333,197.625,11.941666666666668,0.2,24
2012-08-29,21.025000000000002,26.3,49.791666666666664,56.291666666666664,243.58333333333334,12.4625,0.0,24
2012-08-30,18.404166666666665,22.2,61.375,52.583333333333336,185.125,16.341666666666665,0.3,24
2012-08-31,14.920833333333334,18.5,59.666666666666664,64.95833333333333,161.83333333333334,19.183333333333334,0.0,24
2012-09-01,15.0375,21.1,56.416666666666664,53.041666666666664,247.66666666666666,9.112499999999999,0.0,24
2012-09-02,17.4375,22.7,68.41666666666667,91.33333333333333,131.0,8.450000000000001,0.5,24
2012-09-03,18.3875,22.2,75.375,85.58333333333333,73.20833333333333,10.5,0.0,24
2012-09-04,19.4625,25.7,70.54166666666667,52.625,227.25,12.1875,0.0,24
2012-09-05,18.970833333333335,24.5,70.41666666666667,49.75,199.58333333333334,14.954166666666666,0.0,24
2012-09-06,16.779166666666665,22.5,60.666666666666664,31.75,226.875,11.516666666666666,0.0,24
2012-09-07,17.304166666666667,25.1,57.583333333333336,9.458333333333334,236.33333333333334,6.470833333333334,0.0,24
2012-09-08,19.820833333333333,28.4,45.083333333333336,3.0,229.5,8.104166666666666,0.0,24
2012-09-09,21.504166666666666,30.2,41.583333333333336,8.166666666666666,227.79166666666666,8.845833333333333,0.0,24
2012-09-10,21.554166666666664,27.1,61.541666666666664,65.54166666666667,192.20833333333334,11.254166666666668,0.1,24
2012-09-11,17.64166666666667,20.2,79.16666666666667,89.20833333333333,58.083333333333336,12.754166666666668,6.8,24
2012-09-12,14.5625,17.7,63.083333333333336,85.45833333333333,119.16666666666667,11.416666666666666,0.2,24
2012-09-13,14.700000000000001,18.1,70.125,70.75,122.20833333333333,15.0,5.8,24
2012-09-14,13.883333333333333,18.6,76.58333333333333,59.291666666666664,89.95833333333333,13.066666666666668,0.0,24
2012-09-15,16.629166666666666,20.7,68.0,40.541666666666664,177.625,6.016666666666667,0.0,24
2012-09-16,16.441666666666666,22.8,67.875,37.666666666666664,199.58333333333334,6.154166666666666,0.0,24
2012-09-17,16.941666666666666,22.6,73.16666666666667,62.958333333333336,172.33333333333334,6.0,0.0,24
2012-09-18,15.683333333333332,19.4,70.83333333333333,57.875,123.08333333333333,11.475,0.0,24
2012-09-19,13.1,17.2,59.833333333333336,31.625,176.45833333333334,11.4625,0.0,24
2012-09-20,12.391666666666666,17.3,58.791666666666664,89.20833333333333,175.79166666666666,5.220833333333333,0.0,24
2012-09-21,12.612499999999999,18.9,67.125,84.83333333333333,129.83333333333334,7.533333333333334,6.7,24
2012-09-22,13.308333333333332,17.7,72.41666666666667,76.91666666666667,161.375,9.1,0.2,24
2012-09-23,16.854166666666668,24.8,68.08333333333333,99.33333333333333,105.33333333333333,14.104166666666666,1.0,24
2012-09-24,17.454166666666666,19.4,75.04166666666667,88.79166666666667,100.41666666666667,26.791666666666668,6.4,24
2012-09-25,14.183333333333332,17.7,81.625,98.66666666666667,111.25,23.02916666666667,5.3,24
2012-09-26,14.237499999999999,17.9,76.0,81.66666666666667,122.33333333333333,20.075,1.3,24
2012-09-27,13.266666666666666,15.8,82.79166666666667,57.75,84.875,17.541666666666668,4.6000000000000005,24
2012-09-28,13.095833333333333,18.7,75.58333333333333,47.458333333333336,142.54166666666666,8.595833333333333,0.0,24
2012-09-29,13.195833333333333,17.9,71.25,31.291666666666668,128.0,9.804166666666667,0.0,24
2012-09-30,10.970833333333333,16.6,73.16666666666667,2.2916666666666665,175.25,4.3500000000000005,0.0,24
2012-10-01,11.8125,18.6,73.25,44.083333333333336,168.08333333333334,10.916666666666666,0.0,24
2012-10-02,15.104166666666666,18.9,72.20833333333333,85.45833333333333,112.29166666666667,16.400000000000002,1.1,24
2012-10-03,14.970833333333333,18.2,79.20833333333333,79.0,72.875,23.295833333333334,4.3,24
2012-10-04,14.370833333333332,17.2,74.20833333333333,87.83333333333333,110.75,17.466666666666665,8.3,24
2012-10-05,17.266666666666666,20.7,76.83333333333333,83.41666666666667,67.66666666666667,22.03333333333333,0.1,24
2012-10-06,15.808333333333335,18.6,82.95833333333333,84.66666666666667,52.791666666666664,16.445833333333333,6.9,24
2012-10-07,13.670833333333334,15.9,76.875,98.875,124.25,11.266666666666666,0.6000000000000001,24
2012-10-08,12.779166666666667,16.7,88.875,99.83333333333333,11.625,10.870833333333332,10.8,24
2012-10-09,14.895833333333334,16.3,90.79166666666667,99.58333333333333,33.625,10.025,2.5,24
2012-10-10,12.758333333333333,14.2,87.25,99.875,28.791666666666668,6.925,0.6,24
2012-10-11,14.575000000000001,17.1,93.0,90.875,30.333333333333332,10.616666666666667,7.6,24
2012-10-12,13.720833333333333,15.3,71.08333333333333,64.125,105.70833333333333,18.216666666666665,0.5,24
2012-10-13,10.666666666666666,12.6,83.25,78.41666666666667,47.041666666666664,17.254166666666666,6.9,24
2012-10-14,7.183333333333334,9.2,92.91666666666667,80.58333333333333,18.333333333333332,11.841666666666667,13.9,24
2012-10-15,8.895833333333334,13.6,78.20833333333333,47.75,118.75,15.708333333333334,0.5,24
2012-10-16,11.475,14.7,76.83333333333333,81.58333333333333,80.625,18.008333333333333,2.3,24
2012-10-17,12.9625,15.2,86.0,96.125,38.75,17.087500000000002,5.9,24
2012-10-18,16.029166666666665,20.3,84.41666666666667,95.75,57.458333333333336,9.8375,6.0,24
2012-10-19,17.079166666666666,21.2,77.0,98.375,73.375,10.754166666666668,4.0,24
2012-10-20,14.816666666666668,16.1,94.04166666666667,98.33333333333333,22.208333333333332,8.020833333333334,10.2,24
2012-10-21,17.025000000000002,22.5,88.70833333333333,81.66666666666667,92.08333333333333,7.341666666666666,1.4000000000000001,24
2012-10-22,16.770833333333332,21.3,87.625,22.666666666666668,113.33333333333333,6.1000000000000005,0.0,24
2012-10-23,14.429166666666667,17.7,91.5,55.041666666666664,65.25,7.983333333333333,0.0,24
2012-10-24,11.266666666666666,16.2,85.66666666666667,28.791666666666668,109.41666666666667,9.166666666666666,0.0,24
2012-10-25,11.525,16.9,85.95833333333333,27.416666666666668,113.33333333333333,9.737499999999999,0.0,24
2012-10-26,10.483333333333333,12.4,84.91666666666667,100.0,28.541666666666668,19.1875,0.0,24
2012-10-27,4.766666666666667,7.7,72.08333333333333,49.541666666666664,94.91666666666667,22.7375,1.2,24
2012-10-28,4.795833333333333,9.0,78.54166666666667,25.166666666666668,105.95833333333333,10.129166666666666,0.0,24
2012-10-29,7.516666666666667,10.8,80.75,98.0,68.20833333333333,12.420833333333334,1.4,24
2012-10-30,8.183333333333334,10.4,82.20833333333333,87.16666666666667,28.208333333333332,12.983333333333334,0.1,24
2012-10-31,7.070833333333333,11.3,81.08333333333333,16.333333333333332,97.41666666666667,11.666666666666666,0.0,24
2012-11-01,9.525,11.9,77.75,63.916666666666664,77.83333333333333,24.21666666666667,3.5999999999999996,24
2012-11-02,7.170833333333333,9.2,83.33333333333333,42.666666666666664,27.125,20.066666666666666,5.0,24
2012-11-03,8.85,11.3,86.95833333333333,82.375,41.083333333333336,16.133333333333333,6.0,24
2012-11-04,7.6875,10.9,86.58333333333333,55.5,48.458333333333336,17.445833333333333,1.6,24
2012-11-05,8.0375,11.0,82.79166666666667,79.45833333333333,72.375,13.4,0.2,24
2012-11-06,5.829166666666667,10.2,84.41666666666667,50.75,70.29166666666667,9.112499999999999,0.0,24
2012-11-07,9.516666666666667,12.3,77.91666666666667,88.41666666666667,52.666666666666664,12.604166666666666,0.0,24
2012-11-08,7.9750000000000005,11.0,85.25,88.20833333333333,57.458333333333336,5.158333333333333,0.0,24
2012-11-09,7.391666666666667,10.6,88.45833333333333,88.04166666666667,40.291666666666664,8.883333333333333,3.5,24
2012-11-10,10.529166666666667,12.7,93.16666666666667,85.54166666666667,30.291666666666668,14.404166666666667,2.7,24
2012-11-11,6.3625,9.5,89.70833333333333,59.083333333333336,43.125,5.879166666666666,0.0,24
2012-11-12,6.058333333333334,10.8,87.5,75.45833333333333,73.70833333333333,8.975,0.0,24
2012-11-13,8.237499999999999,10.1,87.70833333333333,86.79166666666667,26.75,8.016666666666667,0.0,24
2012-11-14,4.929166666666666,8.0,91.125,54.625,68.66666666666667,8.35,0.0,24
2012-11-15,4.491666666666666,6.2,91.625,94.45833333333333,40.75,3.4583333333333335,0.0,24
2012-11-16,5.079166666666667,7.6,96.58333333333333,90.20833333333333,36.291666666666664,7.566666666666666,0.0,24
2012-11-17,8.5375,11.6,94.5,98.29166666666667,32.0,8.854166666666666,2.3,24
2012-11-18,8.954166666666667,10.2,94.20833333333333,99.33333333333333,10.333333333333334,9.779166666666667,4.3,24
2012-11-19,9.516666666666667,11.2,95.25,99.83333333333333,19.583333333333332,8.054166666666667,0.0,24
2012-11-20,9.779166666666667,12.3,91.70833333333333,98.45833333333333,40.25,12.304166666666667,0.0,24
2012-11-21,8.495833333333334,11.9,87.83333333333333,75.0,30.541666666666668,15.737499999999999,2.2,24
2012-11-22,6.45,9.1,92.0,66.79166666666667,46.083333333333336,13.933333333333332,0.0,24
2012-11-23,8.629166666666666,10.2,84.20833333333333,99.875,10.166666666666666,18.329166666666666,5.2,24
2012-11-24,9.125,13.4,89.58333333333333,91.33333333333333,16.583333333333332,12.075000000000001,0.0,24
2012-11-25,11.158333333333333,14.3,70.20833333333333,71.41666666666667,57.916666666666664,24.825,0.1,24
2012-11-26,9.920833333333333,11.9,77.04166666666667,57.208333333333336,52.791666666666664,19.929166666666667,0.1,24
2012-11-27,7.0249999999999995,8.3,83.66666666666667,67.54166666666667,28.291666666666668,11.9125,0.5,24
2012-11-28,5.0874999999999995,8.1,88.79166666666667,54.666666666666664,46.833333333333336,13.970833333333333,0.0,24
2012-11-29,5.1375,6.9,81.66666666666667,59.666666666666664,35.208333333333336,19.075,0.0,24
2012-11-30,2.2375000000000003,4.9,90.08333333333333,76.66666666666667,29.625,5.233333333333333,0.0,24
2012-12-01,2.279166666666667,5.6,90.375,70.70833333333333,39.041666666666664,7.7124999999999995,0.2,24
2012-12-02,2.3249999999999997,5.4,85.125,37.083333333333336,59.916666666666664,10.141666666666667,1.0,24
2012-12-03,5.220833333333333,10.5,91.79166666666667,97.95833333333333,11.375,16.316666666666666,4.4,24
2012-12-04,5.333333333333333,7.1,88.79166666666667,91.625,39.541666666666664,16.6875,8.9,24
2012-12-05,3.641666666666667,5.4,88.33333333333333,91.33333333333333,26.25,11.845833333333333,1.6,24
2012-12-06,1.3583333333333334,3.3,82.70833333333333,68.41666666666667,42.708333333333336,10.870833333333332,0.0,24
2012-12-07,2.733333333333333,4.3,87.45833333333333,91.625,32.5,23.037499999999998,10.1,24
2012-12-08,2.2958333333333334,3.9,86.20833333333333,79.20833333333333,31.625,10.783333333333333,0.2,24
2012-12-09,3.154166666666667,7.2,88.08333333333333,82.625,22.416666666666668,15.570833333333333,1.0,24
2012-12-10,4.670833333333333,6.4,85.375,64.91666666666667,38.208333333333336,16.433333333333334,1.2,24
2012-12-11,-0.075,2.9,86.45833333333333,21.166666666666668,57.208333333333336,9.229166666666666,0.0,24
2012-12-12,-1.3125,1.3,79.70833333333333,78.125,49.5,7.9624999999999995,0.0,24
2012-12-13,0.09166666666666663,4.1,83.41666666666667,97.66666666666667,13.083333333333334,11.520833333333334,2.6,24
2012-12-14,7.004166666666666,10.8,91.66666666666667,97.625,4.625,24.166666666666668,7.1,24
2012-12-15,8.708333333333334,10.4,87.20833333333333,75.375,29.916666666666668,23.52916666666667,1.0,24
2012-12-16,7.879166666666666,10.0,87.5,81.375,40.5,19.716666666666665,0.3,24
2012-12-17,7.4750000000000005,9.1,88.33333333333333,73.83333333333333,33.25,18.583333333333332,1.7,24
2012-12-18,6.2749999999999995,8.4,90.125,68.625,37.833333333333336,13.558333333333332,2.5,24
2012-12-19,4.533333333333333,7.4,92.875,98.16666666666667,20.375,11.508333333333333,6.5,24
2012-12-20,7.191666666666666,9.6,91.33333333333333,93.45833333333333,7.625,16.783333333333335,13.0,24
2012-12-21,7.7,9.6,91.125,87.0,26.666666666666668,11.533333333333333,1.0,24
2012-12-22,8.529166666666667,13.5,93.375,100.0,2.6666666666666665,20.2375,17.3,24
2012-12-23,13.008333333333333,13.7,83.45833333333333,99.95833333333333,11.125,26.59166666666667,0.0,24
2012-12-24,10.804166666666667,12.8,79.54166666666667,98.875,36.208333333333336,19.079166666666666,0.0,24
2012-12-25,10.4625,11.8,76.79166666666667,65.875,44.375,25.045833333333334,2.4,24
2012-12-26,8.695833333333333,10.7,80.16666666666667,77.45833333333333,35.166666666666664,24.90416666666667,2.4000000000000004,24
2012-12-27,9.625,10.9,82.25,78.5,34.916666666666664,26.429166666666664,3.5,24
2012-12-28,8.829166666666667,11.2,87.91666666666667,98.875,10.125,17.104166666666668,0.9,24
2012-12-29,10.458333333333334,12.4,82.875,84.625,48.916666666666664,21.650000000000002,0.3,24
2012-12-30,8.012500000000001,10.1,78.29166666666667,48.125,52.0,23.349999999999998,0.2,24
2012-12-31,8.591666666666667,10.2,83.20833333333333,99.25,12.75,24.275000000000002,0.3,24
2013-01-01,7.520833333333333,8.7,85.45833333333333,58.875,41.041666666666664,16.583333333333332,8.700000000000001,24
2013-01-02,5.325,8.8,87.95833333333333,63.166666666666664,46.166666666666664,9.595833333333333,0.1,24
2013-01-03,9.458333333333334,11.4,94.0,100.0,13.25,11.637500000000001,0.0,24
2013-01-04,9.195833333333333,10.2,91.41666666666667,94.54166666666667,17.708333333333332,8.595833333333333,0.0,24
2013-01-05,8.679166666666667,9.5,93.83333333333333,99.75,15.833333333333334,7.2375,0.0,24
2013-01-06,7.3625,8.1,91.375,99.54166666666667,18.666666666666668,4.804166666666666,0.0,24
2013-01-07,6.408333333333334,7.5,89.75,94.79166666666667,30.958333333333332,4.25,0.0,24
2013-01-08,5.033333333333333,6.1,89.95833333333333,99.875,20.083333333333332,5.841666666666666,0.0,24
2013-01-09,4.7375,5.8,86.91666666666667,99.875,10.125,8.379166666666666,0.1,24
2013-01-10,6.6125,7.8,97.66666666666667,100.0,4.5,8.0,3.6,24
2013-01-11,5.5,6.9,87.29166666666667,90.04166666666667,29.541666666666668,10.095833333333333,3.2,24
2013-01-12,4.129166666666666,6.1,93.41666666666667,93.41666666666667,26.875,9.545833333333333,2.0,24
2013-01-13,2.970833333333333,3.9,90.58333333333333,98.125,23.083333333333332,9.508333333333333,0.5,24
2013-01-14,-0.44999999999999996,1.6,76.58333333333333,73.125,62.541666666666664,12.854166666666666,1.4,24
2013-01-15,0.9583333333333334,3.1,89.83333333333333,50.333333333333336,42.333333333333336,16.658333333333335,3.2,24
2013-01-16,-3.1333333333333333,-0.4,86.70833333333333,22.208333333333332,69.08333333333333,8.145833333333334,0.0,24
2013-01-17,-4.075,-1.2,83.70833333333333,32.791666666666664,65.375,5.4624999999999995,0.0,24
2013-01-18,-2.4375,-0.2,73.45833333333333,96.54166666666667,25.041666666666668,13.924999999999999,2.2,24
2013-01-19,-1.1,0.4,88.95833333333333,97.70833333333333,29.166666666666668,12.758333333333333,1.7,24
2013-01-20,-2.5208333333333335,-1.3,90.45833333333333,98.16666666666667,32.916666666666664,14.204166666666666,9.4,24
2013-01-21,-1.2083333333333333,1.3,92.91666666666667,83.375,43.083333333333336,11.049999999999999,2.0,24
2013-01-22,0.3208333333333333,2.3,95.83333333333333,88.66666666666667,35.75,11.762500000000001,1.7000000000000002,24
2013-01-23,1.8333333333333333,4.4,94.375,97.54166666666667,40.208333333333336,5.083333333333333,0.3,24
2013-01-24,0.2916666666666667,1.5,93.375,96.0,33.875,10.970833333333333,0.0,24
2013-01-25,-2.3833333333333333,-1.0,83.25,91.91666666666667,37.541666666666664,8.441666666666666,0.0,24
2013-01-26,-0.21666666666666667,3.9,87.125,99.20833333333333,36.166666666666664,11.820833333333333,0.8,24
2013-01-27,4.229166666666667,7.8,90.5,95.375,12.625,19.670833333333334,4.1000000000000005,24
2013-01-28,5.070833333333334,8.9,83.45833333333333,85.45833333333333,66.91666666666667,17.754166666666666,0.0,24
2013-01-29,10.654166666666667,12.5,87.83333333333333,100.0,9.791666666666666,28.583333333333332,2.4,24
2013-01-30,11.770833333333334,13.4,82.25,75.875,18.666666666666668,26.337500000000002,2.8,24
2013-01-31,7.0125,10.5,85.45833333333333,78.58333333333333,24.166666666666668,20.279166666666665,0.8,24
2013-02-01,8.237499999999999,10.5,92.625,99.91666666666667,12.125,16.150000000000002,10.0,24
2013-02-02,4.095833333333333,6.1,83.29166666666667,43.833333333333336,83.91666666666667,18.283333333333335,0.7,24
2013-02-03,2.6166666666666667,5.8,78.95833333333333,87.54166666666667,54.375,15.554166666666667,1.2000000000000002,24
2013-02-04,8.375,10.9,87.75,95.29166666666667,26.75,19.270833333333332,0.8,24
2013-02-05,5.0125,7.1,82.5,89.375,58.875,22.858333333333334,3.8,24
2013-02-06,3.9583333333333335,6.2,82.45833333333333,81.875,75.0,23.479166666666668,5.4,24
2013-02-07,2.9499999999999997,5.2,75.75,79.91666666666667,64.20833333333333,17.966666666666665,0.30000000000000004,24
2013-02-08,0.9083333333333332,5.6,85.25,45.0,92.75,10.458333333333334,0.2,24
2013-02-09,0.5458333333333333,4.0,83.25,73.41666666666667,68.04166666666667,6.45,0.7000000000000001,24
2013-02-10,0.25000000000000006,2.7,86.375,93.66666666666667,32.791666666666664,19.145833333333332,11.4,24
2013-02-11,4.995833333333334,7.6,88.79166666666667,92.625,54.0,9.879166666666666,6.8,24
2013-02-12,2.0458333333333334,3.4,87.54166666666667,94.54166666666667,29.916666666666668,9.033333333333333,0.0,24
2013-02-13,0.21666666666666667,1.6,71.375,93.625,60.916666666666664,7.520833333333333,0.0,24
2013-02-14,2.2916666666666665,6.7,81.33333333333333,85.33333333333333,20.625,14.079166666666666,3.9000000000000004,24
2013-02-15,4.958333333333333,9.4,85.375,56.875,76.66666666666667,10.85,0.0,24
2013-02-16,2.8208333333333333,6.7,93.5,81.08333333333333,68.08333333333333,5.345833333333334,0.0,24
2013-02-17,3.045833333333333,8.3,85.41666666666667,25.125,125.5,11.370833333333332,0.0,24
2013-02-18,2.4208333333333334,8.5,80.91666666666667,0.4583333333333333,128.79166666666666,10.779166666666667,0.0,24
2013-02-19,1.8499999999999999,8.6,82.91666666666667,3.8333333333333335,128.875,6.566666666666666,0.0,24
2013-02-20,2.0875,6.0,79.875,54.875,91.0,12.791666666666666,0.0,24
2013-02-21,0.18333333333333332,2.8,60.625,52.083333333333336,109.41666666666667,17.4875,0.0,24
2013-02-22,-1.2083333333333333,1.1,59.625,59.416666666666664,85.70833333333333,20.099999999999998,0.0,24
2013-02-23,-2.095833333333333,-0.3,65.33333333333333,70.95833333333333,68.58333333333333,18.1125,0.0,24
2013-02-24,0.06666666666666667,2.9,75.08333333333333,97.95833333333333,75.04166666666667,17.333333333333332,1.0,24
2013-02-25,0.9083333333333333,3.1,91.16666666666667,99.58333333333333,48.708333333333336,13.204166666666666,6.1,24
2013-02-26,2.6583333333333337,7.2,84.25,98.5,105.29166666666667,12.516666666666666,0.6,24
2013-02-27,3.4166666666666665,4.8,90.0,99.625,35.083333333333336,13.633333333333333,0.7000000000000001,24
2013-02-28,3.1208333333333336,5.5,81.70833333333333,97.41666666666667,62.916666666666664,10.808333333333332,0.0,24
2013-03-01,2.9125,4.5,80.58333333333333,92.33333333333333,47.916666666666664,12.741666666666667,0.0,24
2013-03-02,2.6666666666666665,6.1,77.08333333333333,79.875,134.66666666666666,10.8375,0.0,24
2013-03-03,2.716666666666667,8.3,77.91666666666667,25.291666666666668,157.08333333333334,9.691666666666666,0.0,24
2013-03-04,5.4750000000000005,14.0,76.45833333333333,0.041666666666666664,158.45833333333334,12.450000000000001,0.0,24
2013-03-05,9.1875,13.6,62.541666666666664,64.95833333333333,94.33333333333333,14.829166666666666,0.0,24
2013-03-06,10.054166666666667,13.8,71.08333333333333,90.66666666666667,57.291666666666664,8.1625,0.0,24
2013-03-07,9.908333333333333,13.5,89.375,96.08333333333333,47.125,8.966666666666667,1.0,24
2013-03-08,9.466666666666667,11.9,94.29166666666667,91.91666666666667,22.791666666666668,13.091666666666667,6.5,24
2013-03-09,9.9125,14.7,82.0,88.58333333333333,149.29166666666666,8.9,0.1,24
2013-03-10,6.2250000000000005,10.3,85.04166666666667,88.33333333333333,86.75,10.595833333333333,0.9,24
2013-03-11,1.4291666666666665,2.9,85.83333333333333,100.0,36.833333333333336,16.787499999999998,7.2,24
2013-03-12,-1.25,1.7,88.91666666666667,100.0,35.625,21.133333333333333,18.2,24
2013-03-13,-3.3375,2.2,82.75,40.5,173.375,12.266666666666666,0.8,24
2013-03-14,-2.095833333333333,3.6,80.33333333333333,22.083333333333332,172.04166666666666,11.895833333333334,0.0,24
2013-03-15,0.9541666666666667,7.2,71.54166666666667,62.958333333333336,161.58333333333334,13.025,0.0,24
2013-03-16,5.1,8.7,69.20833333333333,99.25,103.5,22.025000000000002,2.1,24
2013-03-17,6.3125,9.8,86.25,79.25,127.83333333333333,18.683333333333334,3.6999999999999997,24
2013-03-18,3.8625000000000003,6.9,87.16666666666667,78.16666666666667,101.79166666666667,13.65,4.2,24
2013-03-19,5.345833333333334,9.8,81.625,80.79166666666667,142.125,16.095833333333335,4.3,24
2013-03-20,5.7124999999999995,9.7,82.0,61.541666666666664,151.20833333333334,15.0625,4.3,24
2013-03-21,4.841666666666667,9.9,82.625,72.0,103.45833333333333,9.237499999999999,0.8,24
2013-03-22,8.1,13.5,71.54166666666667,94.625,160.16666666666666,16.895833333333332,0.2,24
2013-03-23,8.920833333333333,13.6,73.54166666666667,92.75,155.04166666666666,7.116666666666667,0.8,24
2013-03-24,6.079166666666667,8.2,76.33333333333333,98.04166666666667,89.75,13.495833333333335,0.0,24
2013-03-25,4.383333333333334,6.8,59.458333333333336,93.79166666666667,121.0,12.691666666666668,0.0,24
2013-03-26,3.5833333333333335,5.8,61.166666666666664,90.375,135.08333333333334,10.5875,0.0,24
2013-03-27,3.2125,4.9,64.875,94.16666666666667,91.29166666666667,8.6,0.0,24
2013-03-28,3.4583333333333335,6.8,68.875,83.0,147.91666666666666,7.75,0.1,24
2013-03-29,1.4124999999999999,5.6,72.83333333333333,68.70833333333333,166.79166666666666,8.4125,0.0,24
2013-03-30,2.8083333333333336,5.9,65.16666666666667,91.75,122.375,14.7125,0.1,24
2013-03-31,1.9000000000000001,4.9,69.625,62.375,143.375,11.791666666666666,0.0,24
2013-04-01,3.9458333333333333,8.7,59.875,18.041666666666668,229.58333333333334,17.254166666666666,0.0,24
2013-04-02,4.479166666666667,9.5,56.208333333333336,9.333333333333334,226.70833333333334,16.3875,0.0,24
2013-04-03,4.645833333333333,8.2,65.54166666666667,73.0,180.33333333333334,12.341666666666667,1.2,24
2013-04-04,4.454166666666667,9.7,76.0,78.66666666666667,90.5,16.991666666666667,2.7,24
2013-04-05,5.3625,9.8,73.79166666666667,99.70833333333333,116.5,15.908333333333333,4.6,24
2013-04-06,4.7124999999999995,8.1,71.45833333333333,76.20833333333333,146.125,15.254166666666668,0.2,24
2013-04-07,5.245833333333334,9.8,69.33333333333333,49.291666666666664,182.33333333333334,10.116666666666667,0.0,24
2013-04-08,6.7625,10.1,70.625,93.25,133.41666666666666,8.512500000000001,2.2,24
2013-04-09,7.875,12.4,87.83333333333333,80.83333333333333,119.83333333333333,16.8,10.9,24
2013-04-10,9.504166666666666,11.9,81.29166666666667,97.16666666666667,112.83333333333333,21.083333333333332,8.0,24
2013-04-11,11.975,14.2,82.45833333333333,99.25,97.25,19.241666666666667,1.1,24
2013-04-12,10.4,13.3,83.16666666666667,73.79166666666667,148.5,23.166666666666668,4.7,24
2013-04-13,9.916666666666666,12.8,82.54166666666667,76.41666666666667,99.875,16.583333333333332,1.8,24
2013-04-14,16.241666666666667,23.2,71.41666666666667,56.708333333333336,257.7083333333333,14.895833333333334,0.0,24
2013-04-15,14.095833333333333,18.7,78.125,62.25,164.83333333333334,7.504166666666666,1.5,24
2013-04-16,13.833333333333334,17.6,75.04166666666667,98.0,160.04166666666666,11.929166666666667,0.30000000000000004,24
2013-04-17,15.945833333333333,21.9,69.66666666666667,62.166666666666664,253.66666666666666,10.854166666666666,0.0,24
2013-04-18,13.516666666666666,15.7,64.375,72.0,196.33333333333334,16.708333333333332,0.0,24
2013-04-19,9.1625,13.0,71.625,50.916666666666664,216.58333333333334,14.383333333333333,2.3000000000000003,24
2013-04-20,7.354166666666667,11.1,72.45833333333333,62.041666666666664,148.0,17.520833333333332,0.0,24
2013-04-21,8.770833333333334,14.1,67.58333333333333,12.791666666666666,261.4166666666667,8.741666666666667,0.0,24
2013-04-22,8.6625,13.1,71.16666666666667,64.33333333333333,163.04166666666666,7.175,0.0,24
2013-04-23,11.029166666666667,15.2,77.20833333333333,69.75,105.91666666666667,8.016666666666667,0.0,24
2013-04-24,14.158333333333333,20.5,73.66666666666667,32.75,277.0833333333333,4.829166666666667,0.0,24
2013-04-25,16.841666666666665,23.4,68.54166666666667,0.3333333333333333,285.1666666666667,5.920833333333333,0.0,24
2013-04-26,12.191666666666668,16.2,78.875,87.5,115.58333333333333,13.579166666666666,1.8,24
2013-04-27,7.754166666666666,10.9,69.125,97.125,196.54166666666666,12.966666666666667,0.1,24
2013-04-28,7.858333333333333,11.3,66.08333333333333,77.41666666666667,184.16666666666666,9.891666666666667,0.0,24
2013-04-29,8.504166666666666,14.4,69.45833333333333,39.541666666666664,240.25,9.5,0.0,24
2013-04-30,9.570833333333333,14.4,69.79166666666667,99.45833333333333,148.33333333333334,16.508333333333333,4.3,24
2013-05-01,11.495833333333332,15.4,82.79166666666667,79.70833333333333,129.16666666666666,12.466666666666667,5.5,24
2013-05-02,11.783333333333333,17.4,81.29166666666667,66.16666666666667,224.625,6.629166666666666,0.0,24
2013-05-03,12.308333333333332,17.2,76.33333333333333,58.166666666666664,217.79166666666666,14.354166666666666,1.5999999999999999,24
2013-05-04,11.816666666666668,17.8,70.95833333333333,54.0,261.7083333333333,10.020833333333334,0.0,24
2013-05-05,12.908333333333333,17.2,69.5,69.16666666666667,213.66666666666666,5.379166666666666,0.0,24
2013-05-06,13.012500000000001,17.8,73.625,36.25,215.375,7.6000000000000005,0.0,24
2013-05-07,14.220833333333333,19.9,73.70833333333333,39.916666666666664,223.04166666666666,4.470833333333333,0.30000000000000004,24
2013-05-08,14.3375,19.1,85.58333333333333,61.416666666666664,142.95833333333334,14.299999999999999,6.8,24
2013-05-09,13.420833333333334,16.2,68.08333333333333,83.5,222.375,12.487499999999999,0.1,24
2013-05-10,11.770833333333334,15.0,69.75,68.54166666666667,131.0,15.8375,0.5,24
2013-05-11,12.804166666666667,16.1,71.29166666666667,68.95833333333333,219.54166666666666,16.900000000000002,0.2,24
2013-05-12,11.512500000000001,14.0,62.583333333333336,73.375,196.16666666666666,16.579166666666666,0.1,24
2013-05-13,13.174999999999999,15.8,70.91666666666667,95.58333333333333,126.16666666666667,18.970833333333335,0.5,24
2013-05-14,12.4375,15.3,65.95833333333333,99.45833333333333,142.79166666666666,14.833333333333334,0.4,24
2013-05-15,12.1,14.3,65.625,97.95833333333333,181.16666666666666,16.241666666666667,0.0,24
2013-05-16,11.229166666666666,14.3,78.95833333333333,92.875,183.83333333333334,4.5874999999999995,3.9,24
2013-05-17,10.654166666666667,15.2,76.95833333333333,74.54166666666667,220.08333333333334,9.512500000000001,0.2,24
2013-05-18,11.179166666666667,16.7,78.33333333333333,63.416666666666664,183.75,13.745833333333332,3.7,24
2013-05-19,11.933333333333332,14.6,83.54166666666667,99.125,136.25,7.379166666666666,4.2,24
2013-05-20,10.9625,12.8,93.70833333333333,99.95833333333333,48.208333333333336,13.354166666666666,19.3,24
2013-05-21,11.279166666666667,12.7,90.25,99.91666666666667,57.458333333333336,13.766666666666666,9.8,24
2013-05-22,11.408333333333333,14.7,73.79166666666667,74.29166666666667,171.0,14.504166666666668,0.0,24
2013-05-23,9.370833333333334,12.1,75.25,68.08333333333333,253.33333333333334,15.987499999999999,3.3,24
2013-05-24,6.641666666666667,10.0,84.45833333333333,76.08333333333333,158.29166666666666,9.404166666666667,5.8,24
2013-05-25,8.8375,14.0,79.25,52.0,269.5416666666667,13.583333333333334,1.7,24
2013-05-26,10.262500000000001,14.6,74.25,89.08333333333333,148.20833333333334,13.416666666666666,0.1,24
2013-05-27,11.625,17.1,67.83333333333333,38.458333333333336,241.70833333333334,7.1125,0.0,24
2013-05-28,12.004166666666668,13.5,77.625,90.625,131.29166666666666,13.325000000000001,6.2,24
2013-05-29,10.466666666666667,14.7,74.08333333333333,70.75,244.625,8.579166666666667,0.7000000000000001,24
2013-05-30,11.854166666666666,15.5,87.70833333333333,87.58333333333333,144.45833333333334,9.975,11.9,24
2013-05-31,12.554166666666667,15.5,86.45833333333333,93.25,105.45833333333333,18.483333333333334,0.0,24
2013-06-01,14.554166666666667,19.2,76.83333333333333,38.458333333333336,252.875,16.8,0.8,24
2013-06-02,13.266666666666666,16.1,69.08333333333333,83.91666666666667,222.16666666666666,14.762500000000001,0.0,24
2013-06-03,11.791666666666666,15.5,72.25,54.791666666666664,281.1666666666667,17.766666666666666,0.0,24
2013-06-04,12.700000000000001,17.3,71.5,41.958333333333336,338.5,16.3,0.0,24
2013-06-05,16.354166666666668,22.9,70.66666666666667,4.75,321.5416666666667,10.395833333333334,0.0,24
2013-06-06,19.2625,25.4,73.125,22.541666666666668,291.7083333333333,10.029166666666667,1.5,24
2013-06-07,20.658333333333335,26.0,61.416666666666664,12.208333333333334,329.1666666666667,12.341666666666667,0.0,24
2013-06-08,19.716666666666665,24.3,66.91666666666667,55.25,276.5,16.395833333333332,0.3,24
2013-06-09,15.158333333333333,17.9,85.45833333333333,98.625,84.45833333333333,11.908333333333333,10.799999999999999,24
2013-06-10,14.7125,17.8,76.875,81.79166666666667,139.16666666666666,7.608333333333333,0.2,24
2013-06-11,15.770833333333334,19.5,79.70833333333333,89.79166666666667,149.58333333333334,10.095833333333333,0.6000000000000001,24
2013-06-12,17.716666666666665,21.0,81.20833333333333,95.91666666666667,115.29166666666667,17.554166666666664,0.1,24
2013-06-13,15.791666666666666,18.2,83.33333333333333,75.70833333333333,92.16666666666667,15.424999999999999,6.5,24
2013-06-14,14.045833333333334,18.7,73.75,86.08333333333333,187.29166666666666,6.841666666666666,0.30000000000000004,24
2013-06-15,15.958333333333334,18.6,67.75,71.66666666666667,231.16666666666666,17.095833333333335,0.0,24
2013-06-16,16.283333333333335,22.1,66.625,63.916666666666664,302.9583333333333,8.133333333333333,0.0,24
2013-06-17,21.150000000000002,28.6,71.16666666666667,89.08333333333333,282.9166666666667,11.741666666666667,1.0,24
2013-06-18,22.420833333333334,27.8,75.41666666666667,77.70833333333333,242.91666666666666,5.466666666666666,0.1,24
2013-06-19,22.09166666666667,27.6,84.66666666666667,88.29166666666667,196.70833333333334,9.358333333333333,17.0,24
2013-06-20,19.083333333333332,22.5,87.58333333333333,83.125,175.875,7.816666666666666,4.3,24
2013-06-21,16.5,19.1,78.79166666666667,81.83333333333333,154.70833333333334,14.733333333333333,1.6,24
2013-06-22,15.720833333333333,16.8,81.5,95.58333333333333,64.45833333333333,22.6375,0.30000000000000004,24
2013-06-23,15.200000000000001,18.3,73.625,81.95833333333333,214.04166666666666,21.875,2.2,24
2013-06-24,14.316666666666668,17.2,67.375,79.20833333333333,220.70833333333334,16.195833333333333,0.0,24
2013-06-25,13.875,18.0,71.375,53.041666666666664,206.66666666666666,8.2125,0.4,24
2013-06-26,14.616666666666667,18.6,68.45833333333333,50.958333333333336,211.875,9.3125,0.0,24
2013-06-27,15.220833333333333,18.4,70.54166666666667,74.33333333333333,237.83333333333334,8.375,0.7,24
2013-06-28,14.666666666666666,17.4,83.83333333333333,100.0,60.666666666666664,8.829166666666667,1.3,24
2013-06-29,16.766666666666666,19.9,75.08333333333333,88.29166666666667,219.25,15.854166666666666,0.4,24
2013-06-30,17.145833333333332,22.4,71.25,44.083333333333336,242.0,5.179166666666666,0.0,24
2013-07-01,17.558333333333334,21.9,80.29166666666667,67.75,199.125,6.958333333333333,0.5,24
2013-07-02,18.4875,25.2,75.33333333333333,94.875,231.91666666666666,8.275,0.4,24
2013-07-03,17.066666666666666,19.5,79.54166666666667,99.5,90.41666666666667,14.908333333333333,1.4000000000000001,24
2013-07-04,17.541666666666668,21.4,75.70833333333333,97.45833333333333,176.0,8.958333333333334,0.0,24
2013-07-05,19.241666666666667,22.8,73.875,56.125,255.16666666666666,7.2875000000000005,0.0,24
2013-07-06,21.129166666666666,27.1,72.25,54.791666666666664,292.125,9.908333333333333,0.0,24
2013-07-07,23.3,28.1,65.25,20.291666666666668,293.4583333333333,14.5,0.0,24
2013-07-08,22.837500000000002,28.0,61.083333333333336,0.08333333333333333,336.7083333333333,16.645833333333332,0.0,24
2013-07-09,23.191666666666666,28.1,62.291666666666664,17.041666666666668,309.9583333333333,15.608333333333334,0.0,24
2013-07-10,21.866666666666664,26.6,63.916666666666664,4.083333333333333,327.5416666666667,18.2625,0.0,24
2013-07-11,17.349999999999998,21.5,65.08333333333333,21.25,321.2083333333333,18.208333333333332,0.0,24
2013-07-12,18.133333333333333,23.7,65.25,0.125,333.0,14.883333333333333,0.0,24
2013-07-13,18.400000000000002,23.4,66.875,20.833333333333332,306.2916666666667,14.541666666666666,0.0,24
2013-07-14,20.991666666666667,27.5,64.875,9.041666666666666,325.875,10.270833333333334,0.0,24
2013-07-15,22.458333333333332,27.7,64.83333333333333,76.58333333333333,265.1666666666667,6.416666666666667,0.0,24
2013-07-16,23.358333333333334,28.7,55.666666666666664,82.875,314.6666666666667,8.370833333333334,0.0,24
2013-07-17,23.920833333333334,28.9,56.25,50.041666666666664,276.6666666666667,11.504166666666668,0.2,24
2013-07-18,24.362499999999997,29.4,56.791666666666664,35.25,280.5833333333333,15.091666666666667,0.0,24
2013-07-19,24.925,29.8,55.458333333333336,54.0,266.0833333333333,17.229166666666668,0.0,24
2013-07-20,24.7625,29.8,54.25,12.708333333333334,303.8333333333333,15.529166666666667,0.0,24
2013-07-21,25.766666666666666,31.5,55.791666666666664,33.375,265.75,8.754166666666666,0.0,24
2013-07-22,26.72083333333333,32.7,56.625,29.791666666666668,265.5,5.341666666666666,1.7000000000000002,24
2013-07-23,25.316666666666666,32.7,66.625,62.625,243.91666666666666,6.195833333333333,1.8,24
2013-07-24,23.004166666666666,27.7,68.45833333333333,49.833333333333336,273.3333333333333,4.9875,1.4,24
2013-07-25,24.15416666666667,28.6,63.75,27.416666666666668,273.5416666666667,9.35,0.0,24
2013-07-26,23.895833333333332,28.2,74.41666666666667,74.0,185.0,6.55,7.9,24
2013-07-27,24.224999999999998,30.1,77.70833333333333,81.04166666666667,220.08333333333334,10.691666666666668,5.7,24
2013-07-28,21.233333333333334,25.5,64.20833333333333,75.83333333333333,247.54166666666666,10.729166666666666,0.0,24
2013-07-29,20.650000000000002,24.4,63.875,56.333333333333336,230.5,16.341666666666665,0.4,24
2013-07-30,20.220833333333335,23.9,68.75,87.70833333333333,129.25,19.133333333333333,0.5,24
2013-07-31,22.537499999999998,27.1,67.5,62.333333333333336,193.54166666666666,11.979166666666666,0.0,24
2013-08-01,25.920833333333334,33.9,58.5,0.041666666666666664,307.5,11.279166666666667,0.0,24
2013-08-02,26.6375,32.4,52.875,10.75,296.75,14.0,0.0,24
2013-08-03,22.045833333333334,25.6,56.625,66.0,238.0,13.354166666666666,1.4,24
2013-08-04,22.008333333333336,26.7,52.916666666666664,29.375,303.5,7.629166666666666,0.0,24
2013-08-05,23.65416666666667,30.0,51.5,47.333333333333336,245.83333333333334,10.670833333333334,0.0,24
2013-08-06,21.1875,26.0,57.416666666666664,81.54166666666667,247.79166666666666,5.858333333333333,0.0,24
2013-08-07,18.808333333333334,21.7,80.20833333333333,86.625,103.29166666666667,7.375,22.0,24
2013-08-08,18.658333333333335,22.7,70.875,50.541666666666664,206.125,9.354166666666666,0.0,24
2013-08-09,19.358333333333334,24.0,68.25,56.0,223.33333333333334,11.733333333333334,0.4,24
2013-08-10,17.495833333333334,21.4,67.54166666666667,45.375,191.375,10.808333333333332,0.0,24
2013-08-11,18.020833333333332,23.0,63.541666666666664,58.375,190.5,6.4125000000000005,0.0,24
2013-08-12,18.641666666666666,21.9,68.91666666666667,56.333333333333336,204.16666666666666,10.058333333333334,0.4,24
2013-08-13,16.816666666666666,21.2,62.833333333333336,51.5,204.25,11.075000000000001,0.0,24
2013-08-14,17.266666666666666,21.7,63.583333333333336,31.291666666666668,187.79166666666666,5.658333333333334,0.0,24
2013-08-15,20.708333333333332,26.4,58.708333333333336,30.375,243.58333333333334,5.158333333333333,0.0,24
2013-08-16,21.441666666666666,28.3,56.5,25.041666666666668,263.4583333333333,8.320833333333333,0.0,24
2013-08-17,21.508333333333336,26.8,65.41666666666667,80.08333333333333,211.0,11.775,0.2,24
2013-08-18,20.962500000000002,24.0,74.79166666666667,93.66666666666667,119.625,17.3625,3.0,24
2013-08-19,18.691666666666666,22.3,70.54166666666667,45.791666666666664,203.20833333333334,12.1625,0.1,24
2013-08-20,17.787499999999998,23.6,64.875,0.5833333333333334,270.2916666666667,5.445833333333333,0.0,24
2013-08-21,19.554166666666667,25.9,56.166666666666664,16.541666666666668,269.5833333333333,7.991666666666667,0.0,24
2013-08-22,21.120833333333334,27.1,54.291666666666664,81.29166666666667,212.20833333333334,11.525,0.0,24
2013-08-23,22.400000000000002,29.0,54.125,9.0,263.9166666666667,7.741666666666666,0.0,24
2013-08-24,20.220833333333335,22.3,61.041666666666664,78.75,166.66666666666666,15.4375,0.6000000000000001,24
2013-08-25,15.016666666666667,16.6,87.25,99.75,47.5,11.416666666666666,16.9,24
2013-08-26,16.895833333333332,22.5,77.20833333333333,76.83333333333333,169.33333333333334,11.908333333333333,0.5,24
2013-08-27,18.233333333333334,21.8,76.08333333333333,67.54166666666667,158.79166666666666,11.508333333333333,2.0,24
2013-08-28,18.329166666666666,23.1,68.45833333333333,20.291666666666668,225.5,10.983333333333334,0.0,24
2013-08-29,17.754166666666666,23.3,71.375,41.791666666666664,227.375,7.9624999999999995,0.0,24
2013-08-30,17.6375,23.8,71.625,42.333333333333336,206.125,7.141666666666667,0.0,24
2013-08-31,18.370833333333334,23.3,76.75,82.375,130.95833333333334,9.825000000000001,0.1,24
2013-09-01,16.266666666666666,20.3,59.458333333333336,80.08333333333333,207.33333333333334,10.933333333333332,0.0,24
2013-09-02,16.304166666666667,22.3,69.66666666666667,41.125,228.29166666666666,8.512500000000001,0.0,24
2013-09-03,18.2625,25.5,71.58333333333333,1.4583333333333333,234.66666666666666,6.054166666666667,0.0,24
2013-09-04,21.858333333333334,29.9,66.0,0.0,233.95833333333334,7.183333333333334,0.0,24
2013-09-05,23.883333333333336,32.0,57.375,0.0,231.95833333333334,8.391666666666667,0.0,24
2013-09-06,19.833333333333332,24.2,68.75,62.541666666666664,177.16666666666666,8.895833333333334,0.5,24
2013-09-07,17.691666666666666,21.9,55.541666666666664,62.583333333333336,222.25,8.245833333333334,0.30000000000000004,24
2013-09-08,17.191666666666666,21.8,55.0,54.958333333333336,192.45833333333334,7.7,0.0,24
2013-09-09,14.629166666666668,18.5,76.25,71.16666666666667,104.5,14.279166666666667,4.7,24
2013-09-10,14.458333333333334,17.9,72.20833333333333,58.791666666666664,172.5,14.5625,0.2,24
2013-09-11,14.233333333333334,16.1,73.79166666666667,90.08333333333333,73.125,16.087500000000002,0.2,24
2013-09-12,14.545833333333334,17.0,78.91666666666667,97.33333333333333,56.875,7.6875,1.3,24
2013-09-13,15.295833333333334,18.2,91.5,90.70833333333333,27.625,9.579166666666667,2.2,24
2013-09-14,15.066666666666668,17.3,92.45833333333333,100.0,17.916666666666668,13.241666666666667,17.8,24
2013-09-15,14.808333333333332,18.3,72.33333333333333,79.91666666666667,167.58333333333334,17.395833333333332,0.5,24
2013-09-16,14.008333333333333,15.9,72.70833333333333,68.375,143.79166666666666,18.445833333333333,2.8,24
2013-09-17,12.604166666666666,16.4,78.0,86.83333333333333,58.875,21.787499999999998,3.3,24
2013-09-18,15.325000000000001,16.9,81.83333333333333,89.25,86.375,20.8625,3.6,24
2013-09-19,14.279166666666667,17.4,69.91666666666667,89.91666666666667,127.25,14.241666666666667,0.0,24
2013-09-20,16.183333333333334,19.7,73.0,67.79166666666667,154.875,11.220833333333333,0.0,24
2013-09-21,14.558333333333332,20.3,80.33333333333333,86.95833333333333,159.41666666666666,4.608333333333333,0.0,24
2013-09-22,18.099999999999998,21.0,81.5,99.66666666666667,76.45833333333333,4.079166666666667,0.0,24
2013-09-23,17.8875,21.6,79.33333333333333,54.208333333333336,155.83333333333334,8.429166666666667,0.0,24
2013-09-24,16.325,22.4,81.41666666666667,1.625,188.16666666666666,6.2749999999999995,0.0,24
2013-09-25,17.529166666666665,24.5,80.04166666666667,70.58333333333333,160.5,4.470833333333333,0.9,24
2013-09-26,17.791666666666668,22.3,81.70833333333333,78.79166666666667,148.08333333333334,8.025,0.4,24
2013-09-27,17.029166666666665,22.0,80.95833333333333,90.91666666666667,153.04166666666666,11.170833333333334,0.0,24
2013-09-28,18.420833333333334,23.6,82.79166666666667,99.20833333333333,88.83333333333333,12.054166666666667,7.1,24
2013-09-29,17.308333333333334,21.1,90.70833333333333,96.625,67.70833333333333,5.2124999999999995,7.8,24
2013-09-30,16.541666666666668,19.3,84.16666666666667,97.54166666666667,66.625,6.033333333333334,0.5,24
2013-10-01,16.958333333333332,18.9,84.20833333333333,94.08333333333333,70.70833333333333,8.637500000000001,1.9,24
2013-10-02,17.7125,21.8,82.58333333333333,99.375,77.70833333333333,7.208333333333333,0.30000000000000004,24
2013-10-03,19.233333333333334,24.4,81.0,97.08333333333333,112.375,12.387500000000001,2.2,24
2013-10-04,19.224999999999998,22.4,82.375,89.04166666666667,104.875,14.5625,2.7,24
2013-10-05,16.150000000000002,18.9,83.5,90.54166666666667,73.58333333333333,10.816666666666668,1.4000000000000001,24
2013-10-06,14.858333333333334,18.5,86.0,68.83333333333333,106.33333333333333,7.0,0.1,24
2013-10-07,14.737499999999999,19.3,83.33333333333333,37.625,118.95833333333333,6.583333333333333,0.0,24
2013-10-08,14.4,18.8,81.875,91.25,110.83333333333333,6.6375,0.0,24
2013-10-09,14.9625,17.7,87.83333333333333,82.95833333333333,56.416666666666664,10.608333333333333,2.1,24
2013-10-10,10.375,12.9,74.33333333333333,67.625,95.0,20.054166666666667,1.6,24
2013-10-11,9.308333333333334,11.7,82.375,91.66666666666667,63.208333333333336,12.525,5.2,24
2013-10-12,8.908333333333333,12.5,80.20833333333333,83.41666666666667,63.833333333333336,10.545833333333333,1.4000000000000001,24
2013-10-13,9.5,13.5,75.41666666666667,51.166666666666664,135.91666666666666,15.841666666666667,0.0,24
2013-10-14,11.620833333333332,14.9,79.29166666666667,69.16666666666667,76.04166666666667,16.375,5.1,24
2013-10-15,11.983333333333334,15.1,84.25,60.041666666666664,66.5,10.679166666666667,0.3,24
2013-10-16,9.4125,13.9,94.83333333333333,75.125,17.791666666666668,11.758333333333333,6.0,24
2013-10-17,13.108333333333334,17.9,84.54166666666667,43.458333333333336,82.45833333333333,14.4625,0.0,24
2013-10-18,11.1875,15.4,90.79166666666667,70.25,74.20833333333333,10.491666666666667,0.0,24
2013-10-19,14.133333333333333,20.1,88.66666666666667,63.541666666666664,68.875,12.612499999999999,0.9,24
2013-10-20,15.329166666666666,19.5,87.20833333333333,91.95833333333333,86.75,15.670833333333334,5.3999999999999995,24
2013-10-21,16.066666666666666,20.4,84.29166666666667,83.83333333333333,94.875,15.075000000000001,0.1,24
2013-10-22,17.724999999999998,22.9,83.125,73.45833333333333,91.83333333333333,17.895833333333332,3.8,24
2013-10-23,16.679166666666667,19.4,76.79166666666667,48.583333333333336,90.875,20.216666666666665,1.1,24
2013-10-24,14.245833333333332,17.1,85.0,89.0,84.375,11.987499999999999,0.0,24
2013-10-25,16.554166666666667,20.2,86.83333333333333,99.25,50.625,14.1625,18.3,24
2013-10-26,16.9875,20.1,89.54166666666667,73.29166666666667,62.333333333333336,16.341666666666665,0.3,24
2013-10-27,15.254166666666668,16.5,77.375,84.125,66.625,30.15416666666667,5.1,24
2013-10-28,15.275,17.6,68.75,83.625,66.54166666666667,31.8875,4.2,24
2013-10-29,10.841666666666667,13.6,71.08333333333333,19.583333333333332,96.875,18.087500000000002,0.0,24
2013-10-30,9.512500000000001,14.3,78.91666666666667,32.875,97.375,8.441666666666666,0.0,24
2013-10-31,9.3125,13.3,78.875,60.375,97.375,13.100000000000001,0.0,24
2013-11-01,10.075000000000001,11.0,85.20833333333333,100.0,13.375,15.85,16.9,24
2013-11-02,13.879166666666668,15.6,84.95833333333333,99.66666666666667,43.958333333333336,22.891666666666666,7.8,24
2013-11-03,10.366666666666667,12.2,69.625,80.375,81.45833333333333,23.491666666666664,0.2,24
2013-11-04,10.700000000000001,12.8,82.5,76.0,41.25,25.795833333333334,7.5,24
2013-11-05,7.829166666666667,11.5,85.04166666666667,77.41666666666667,12.5,17.8125,4.2,24
2013-11-06,13.1875,15.6,82.70833333333333,95.66666666666667,39.416666666666664,21.370833333333334,2.7,24
2013-11-07,15.158333333333333,17.2,80.66666666666667,95.29166666666667,44.0,24.09583333333333,3.0,24
2013-11-08,11.075000000000001,13.0,91.33333333333333,92.95833333333333,27.458333333333332,12.2875,11.5,24
2013-11-09,8.370833333333334,11.3,86.79166666666667,52.583333333333336,49.083333333333336,19.76666666666667,4.4,24
2013-11-10,7.845833333333334,9.9,79.91666666666667,55.541666666666664,79.375,16.991666666666667,10.9,24
2013-11-11,5.341666666666666,9.7,81.5,68.25,72.70833333333333,10.433333333333334,0.0,24
2013-11-12,8.770833333333334,9.8,80.5,100.0,11.208333333333334,9.862499999999999,1.3,24
2013-11-13,7.6000000000000005,9.6,86.33333333333333,39.458333333333336,69.45833333333333,13.008333333333333,1.4,24
2013-11-14,5.345833333333334,9.9,89.375,55.0,59.5,14.200000000000001,0.7,24
2013-11-15,6.8625,9.1,81.91666666666667,58.791666666666664,45.416666666666664,20.295833333333334,0.0,24
2013-11-16,4.283333333333333,6.4,89.5,65.25,52.875,11.929166666666667,0.0,24
2013-11-17,4.4624999999999995,6.1,88.0,100.0,30.666666666666668,8.941666666666666,0.0,24
2013-11-18,5.416666666666667,6.6,87.70833333333333,98.08333333333333,26.083333333333332,4.291666666666667,0.0,24
2013-11-19,5.079166666666667,6.5,85.75,95.33333333333333,28.916666666666668,12.658333333333333,1.7,24
2013-11-20,3.233333333333333,6.0,84.625,53.041666666666664,60.083333333333336,18.520833333333332,6.3,24
2013-11-21,3.0833333333333335,4.1,88.29166666666667,94.5,37.708333333333336,11.808333333333332,0.4,24
2013-11-22,3.608333333333333,5.4,80.29166666666667,87.20833333333333,49.625,19.6375,0.0,24
2013-11-23,5.0375,6.7,79.875,98.16666666666667,32.708333333333336,18.770833333333332,0.0,24
2013-11-24,5.866666666666666,8.7,79.29166666666667,74.0,41.0,16.5,0.0,24
2013-11-25,5.329166666666667,7.2,81.29166666666667,72.29166666666667,52.75,14.583333333333334,0.0,24
2013-11-26,5.2,7.2,87.625,85.125,21.291666666666668,11.920833333333334,0.0,24
2013-11-27,4.716666666666667,6.5,86.70833333333333,83.875,26.25,8.058333333333334,0.0,24
2013-11-28,3.279166666666667,6.2,91.625,79.70833333333333,27.333333333333332,4.754166666666666,0.2,24
2013-11-29,7.416666666666667,9.1,93.58333333333333,97.625,25.5,10.612499999999999,0.4,24
2013-11-30,6.120833333333334,8.4,83.95833333333333,57.125,42.583333333333336,14.620833333333332,1.0,24
2013-12-01,5.1000000000000005,7.7,90.75,65.625,35.958333333333336,10.920833333333334,0.0,24
2013-12-02,5.8875,8.5,85.70833333333333,58.875,31.291666666666668,14.579166666666666,0.0,24
2013-12-03,1.1833333333333333,3.7,97.04166666666667,67.125,37.791666666666664,4.6625000000000005,0.0,24
2013-12-04,4.470833333333333,7.7,91.33333333333333,98.375,27.541666666666668,7.370833333333334,0.0,24
2013-12-05,6.291666666666667,8.6,85.125,82.66666666666667,44.833333333333336,13.262500000000001,0.0,24
2013-12-06,5.720833333333334,8.8,80.45833333333333,52.0,43.083333333333336,13.870833333333332,0.8,24
2013-12-07,5.266666666666667,8.6,86.95833333333333,84.54166666666667,25.875,9.887500000000001,0.0,24
2013-12-08,5.2,9.1,90.125,56.083333333333336,42.583333333333336,7.4750000000000005,0.0,24
2013-12-09,0.19166666666666665,2.6,97.875,50.041666666666664,35.416666666666664,5.766666666666667,0.0,24
2013-12-10,-0.46666666666666673,5.1,91.83333333333333,32.416666666666664,54.75,6.675,0.0,24
2013-12-11,-0.9333333333333332,4.7,88.0,0.125,60.916666666666664,6.9750000000000005,0.0,24
2013-12-12,-0.49999999999999994,5.5,90.04166666666667,63.75,52.791666666666664,7.8625,0.0,24
2013-12-13,0.39166666666666666,4.2,95.0,60.666666666666664,29.75,9.15,0.9,24
2013-12-14,5.858333333333333,9.3,91.95833333333333,64.95833333333333,54.625,13.4625,2.1999999999999997,24
2013-12-15,5.283333333333333,8.3,82.95833333333333,36.791666666666664,52.916666666666664,16.558333333333334,0.0,24
2013-12-16,5.6875,10.2,80.16666666666667,13.291666666666666,56.416666666666664,14.679166666666667,0.0,24
2013-12-17,5.729166666666667,9.0,85.08333333333333,67.83333333333333,46.041666666666664,12.5875,0.0,24
2013-12-18,8.395833333333334,9.9,88.75,95.5,24.083333333333332,16.3125,0.0,24
2013-12-19,8.0375,10.1,86.08333333333333,46.916666666666664,43.5,18.758333333333333,3.4,24
2013-12-20,4.433333333333333,8.1,89.45833333333333,29.333333333333332,56.375,11.954166666666666,0.0,24
2013-12-21,4.870833333333334,7.1,76.16666666666667,94.45833333333333,33.166666666666664,22.3,0.3,24
2013-12-22,8.479166666666666,10.8,82.91666666666667,91.375,19.166666666666668,26.8625,2.0,24
2013-12-23,8.879166666666666,11.7,84.58333333333333,91.79166666666667,16.25,25.5625,0.0,24
2013-12-24,10.341666666666667,11.6,80.75,100.0,5.791666666666667,36.612500000000004,16.3,24
2013-12-25,7.370833333333334,10.0,88.625,79.16666666666667,38.791666666666664,16.5,7.7,24
2013-12-26,5.541666666666667,8.2,89.54166666666667,51.666666666666664,46.583333333333336,11.754166666666668,0.0,24
2013-12-27,8.941666666666666,12.6,86.33333333333333,95.83333333333333,6.125,29.212500000000002,2.7,24
2013-12-28,8.658333333333333,11.5,86.66666666666667,83.08333333333333,40.125,14.895833333333334,11.200000000000001,24
2013-12-29,5.3999999999999995,7.9,88.125,34.416666666666664,49.5,13.3125,0.0,24
2013-12-30,4.375,6.9,90.70833333333333,85.5,28.708333333333332,19.025000000000002,1.1,24
2013-12-31,6.816666666666666,8.4,81.0,93.0,26.375,18.429166666666667,2.3,24
2014-01-01,7.4875,10.2,88.95833333333333,73.95833333333333,15.833333333333334,23.90833333333333,2.4,24
2014-01-02,9.245833333333334,10.4,84.75,57.333333333333336,46.0,23.670833333333334,2.0,24
2014-01-03,10.179166666666667,12.5,80.83333333333333,60.916666666666664,41.625,26.754166666666666,1.8,24
2014-01-04,8.404166666666667,10.9,83.5,93.66666666666667,32.291666666666664,18.55,1.1,24
2014-01-05,5.9125000000000005,9.0,84.75,69.79166666666667,38.708333333333336,16.366666666666667,0.39999999999999997,24
2014-01-06,11.450000000000001,13.2,84.04166666666667,95.45833333333333,35.041666666666664,26.395833333333332,2.4,24
2014-01-07,9.970833333333333,11.7,87.08333333333333,44.083333333333336,22.791666666666668,19.5125,4.3,24
2014-01-08,10.225,12.7,88.75,77.54166666666667,37.25,13.875,0.30000000000000004,24
2014-01-09,9.491666666666667,10.6,87.29166666666667,85.125,15.875,19.791666666666668,1.6,24
2014-01-10,5.391666666666667,7.1,92.0,77.95833333333333,23.833333333333332,8.875,0.0,24
2014-01-11,6.266666666666667,9.9,91.08333333333333,74.375,50.958333333333336,6.495833333333334,1.0,24
2014-01-12,4.579166666666667,8.5,93.66666666666667,96.83333333333333,23.625,12.612499999999999,0.0,24
2014-01-13,7.658333333333334,9.9,90.29166666666667,52.083333333333336,53.416666666666664,14.633333333333333,0.1,24
2014-01-14,5.470833333333334,7.1,85.58333333333333,61.625,48.833333333333336,15.833333333333334,2.4,24
2014-01-15,5.8,8.6,91.83333333333333,99.29166666666667,8.958333333333334,18.520833333333332,3.2,24
2014-01-16,8.433333333333334,10.1,88.75,89.75,38.375,20.3875,8.4,24
2014-01-17,8.125,10.4,76.70833333333333,77.83333333333333,50.125,20.379166666666666,0.0,24
2014-01-18,6.404166666666666,10.5,82.79166666666667,92.41666666666667,61.583333333333336,12.629166666666668,0.0,24
2014-01-19,6.941666666666666,8.5,88.375,94.25,42.5,7.416666666666667,3.6,24
2014-01-20,5.108333333333333,7.8,87.125,99.91666666666667,50.125,7.891666666666667,0.0,24
2014-01-21,2.6625,5.3,91.45833333333333,70.08333333333333,31.083333333333332,9.916666666666666,0.0,24
2014-01-22,3.0875,5.5,86.25,97.66666666666667,33.416666666666664,12.104166666666666,2.6,24
2014-01-23,5.9875,9.1,90.125,92.625,48.791666666666664,14.195833333333333,2.9,24
2014-01-24,4.158333333333333,6.7,91.58333333333333,82.95833333333333,21.666666666666668,8.879166666666666,1.1,24
2014-01-25,4.770833333333333,8.8,89.83333333333333,95.66666666666667,21.625,13.804166666666667,2.9,24
2014-01-26,6.395833333333333,9.8,86.75,82.125,19.416666666666668,19.545833333333334,7.1,24
2014-01-27,4.741666666666666,7.2,77.04166666666667,84.45833333333333,49.166666666666664,21.4875,0.9,24
2014-01-28,4.1875,7.2,88.125,92.25,37.666666666666664,19.291666666666668,2.2,24
2014-01-29,4.666666666666667,5.7,89.20833333333333,99.875,23.083333333333332,11.770833333333334,4.8,24
2014-01-30,4.629166666666666,7.7,92.25,53.583333333333336,68.41666666666667,6.604166666666667,0.2,24
2014-01-31,2.9625,7.2,89.75,84.5,42.458333333333336,13.695833333333333,1.0,24
2014-02-01,7.116666666666667,8.9,80.58333333333333,73.875,53.083333333333336,22.0,11.3,24
2014-02-02,4.2625,8.9,83.125,29.333333333333332,82.75,13.616666666666667,0.0,24
2014-02-03,3.7708333333333335,8.6,84.83333333333333,23.166666666666668,95.20833333333333,14.141666666666666,0.0,24
2014-02-04,6.2,8.6,74.75,57.041666666666664,53.625,21.337500000000002,0.0,24
2014-02-05,7.4375,9.7,73.95833333333333,84.83333333333333,53.208333333333336,28.462500000000002,4.7,24
2014-02-06,7.645833333333333,11.7,81.29166666666667,78.33333333333333,19.833333333333332,22.933333333333334,4.6,24
2014-02-07,9.579166666666667,12.3,66.58333333333333,58.291666666666664,89.5,30.945833333333336,0.6000000000000001,24
2014-02-08,7.795833333333333,10.3,79.16666666666667,84.04166666666667,50.916666666666664,29.804166666666664,4.8,24
2014-02-09,6.1375,8.8,72.08333333333333,58.166666666666664,86.66666666666667,26.508333333333336,0.7000000000000001,24
2014-02-10,5.620833333333334,8.2,80.45833333333333,96.79166666666667,61.208333333333336,12.0625,0.9,24
2014-02-11,5.329166666666667,8.0,83.875,73.16666666666667,54.375,19.404166666666665,4.9,24
2014-02-12,5.233333333333333,9.8,83.08333333333333,56.75,89.04166666666667,23.09583333333333,3.8000000000000003,24
2014-02-13,6.3625,8.6,82.58333333333333,63.625,50.291666666666664,21.416666666666668,9.2,24
2014-02-14,6.904166666666666,13.6,85.66666666666667,89.75,24.083333333333332,20.191666666666666,3.6,24
2014-02-15,9.575,12.2,69.625,80.20833333333333,67.20833333333333,28.09583333333333,0.0,24
2014-02-16,7.391666666666667,10.4,75.58333333333333,70.875,82.0,17.033333333333335,0.30000000000000004,24
2014-02-17,6.6625000000000005,10.4,81.75,95.29166666666667,74.375,14.424999999999999,0.0,24
2014-02-18,6.533333333333334,11.3,81.66666666666667,82.83333333333333,90.54166666666667,11.258333333333333,0.6,24
2014-02-19,7.5249999999999995,10.9,89.20833333333333,73.0,51.75,10.629166666666666,0.4,24
2014-02-20,8.608333333333333,11.0,92.125,84.29166666666667,14.75,19.8,1.7999999999999998,24
2014-02-21,7.054166666666667,9.3,75.75,43.416666666666664,106.20833333333333,18.570833333333333,0.8,24
2014-02-22,6.108333333333333,9.5,84.33333333333333,84.125,48.541666666666664,13.012500000000001,5.5,24
2014-02-23,7.145833333333333,11.7,84.08333333333333,76.125,116.54166666666667,13.395833333333334,0.0,24
2014-02-24,8.525,14.1,75.29166666666667,63.916666666666664,132.5,16.125,0.0,24
2014-02-25,9.0375,12.7,77.04166666666667,81.875,68.79166666666667,22.195833333333336,3.2,24
2014-02-26,6.304166666666667,10.4,80.95833333333333,41.791666666666664,103.79166666666667,9.674999999999999,0.0,24
2014-02-27,5.070833333333334,8.4,90.0,73.625,33.416666666666664,17.4375,8.8,24
2014-02-28,5.7,9.0,87.95833333333333,88.20833333333333,76.66666666666667,13.470833333333333,8.5,24
2014-03-01,5.108333333333333,8.6,82.41666666666667,60.458333333333336,86.08333333333333,11.325000000000001,1.3,24
2014-03-02,3.829166666666667,9.2,76.70833333333333,48.958333333333336,92.79166666666667,13.75,0.0,24
2014-03-03,6.608333333333333,10.2,80.83333333333333,76.20833333333333,105.0,20.508333333333333,7.6,24
2014-03-04,5.3625,10.4,81.08333333333333,50.666666666666664,108.625,8.966666666666667,0.0,24
2014-03-05,6.879166666666666,11.5,78.33333333333333,33.208333333333336,137.95833333333334,7.495833333333334,0.0,24
2014-03-06,6.579166666666667,12.8,77.5,4.583333333333333,160.54166666666666,6.6875,0.0,24
2014-03-07,6.779166666666666,14.1,76.875,36.333333333333336,150.91666666666666,6.7,0.0,24
2014-03-08,8.979166666666666,16.5,77.04166666666667,6.416666666666667,172.41666666666666,11.229166666666666,0.0,24
2014-03-09,10.520833333333334,18.3,70.83333333333333,0.0,175.20833333333334,11.025,0.0,24
2014-03-10,10.0375,17.5,78.875,0.0,176.95833333333334,11.333333333333334,0.0,24
2014-03-11,9.766666666666667,15.2,80.95833333333333,28.75,168.95833333333334,16.729166666666668,0.0,24
2014-03-12,10.112499999999999,16.5,75.0,17.0,181.45833333333334,10.020833333333334,0.0,24
2014-03-13,10.083333333333334,16.9,77.375,0.0,182.5,4.929166666666666,0.0,24
2014-03-14,9.504166666666666,17.1,83.125,0.5,183.625,6.795833333333333,0.0,24
2014-03-15,9.183333333333334,13.4,80.79166666666667,75.70833333333333,109.41666666666667,14.266666666666666,0.0,24
2014-03-16,9.924999999999999,15.6,82.41666666666667,4.791666666666667,184.33333333333334,12.308333333333332,0.0,24
2014-03-17,8.083333333333334,12.0,89.625,72.70833333333333,108.375,6.266666666666667,0.0,24
2014-03-18,9.279166666666667,11.2,82.04166666666667,95.29166666666667,72.91666666666667,9.595833333333333,0.0,24
2014-03-19,10.291666666666666,15.2,77.70833333333333,65.70833333333333,178.0,9.858333333333333,0.0,24
2014-03-20,11.195833333333333,19.0,74.125,29.291666666666668,200.625,14.920833333333334,0.0,24
2014-03-21,9.883333333333333,12.6,72.375,91.41666666666667,97.16666666666667,17.691666666666666,1.5,24
2014-03-22,8.6,11.6,69.25,78.25,130.0,18.695833333333333,0.9,24
2014-03-23,6.108333333333333,10.5,77.08333333333333,58.5,157.04166666666666,15.845833333333333,2.3,24
2014-03-24,5.416666666666667,9.8,73.79166666666667,60.125,146.95833333333334,7.1875,0.0,24
2014-03-25,5.304166666666666,7.6,80.91666666666667,95.70833333333333,50.208333333333336,11.0,4.3,24
2014-03-26,5.8374999999999995,10.9,72.58333333333333,52.708333333333336,206.20833333333334,11.591666666666667,0.2,24
2014-03-27,5.8625,11.2,72.16666666666667,71.54166666666667,208.33333333333334,6.2,0.0,24
2014-03-28,8.229166666666666,14.8,60.708333333333336,74.70833333333333,211.95833333333334,10.329166666666667,0.0,24
2014-03-29,11.75,19.2,61.708333333333336,60.416666666666664,214.5,14.570833333333333,0.0,24
2014-03-30,13.566666666666668,20.0,65.125,76.95833333333333,170.58333333333334,10.516666666666667,0.0,24
2014-03-31,13.554166666666667,19.3,72.29166666666667,74.875,191.625,7.625,0.1,24
2014-04-01,13.575000000000001,20.4,74.16666666666667,78.58333333333333,201.125,6.995833333333334,0.0,24
2014-04-02,14.033333333333333,20.5,74.08333333333333,89.375,180.33333333333334,10.408333333333333,0.0,24
2014-04-03,14.8375,18.6,68.375,93.41666666666667,145.41666666666666,12.758333333333333,0.7,24
2014-04-04,12.733333333333334,16.1,79.04166666666667,91.58333333333333,130.0,9.416666666666666,0.0,24
2014-04-05,12.004166666666668,15.9,75.875,60.833333333333336,170.08333333333334,9.362499999999999,0.0,24
2014-04-06,14.116666666666667,17.0,82.41666666666667,89.20833333333333,63.458333333333336,12.35,0.1,24
2014-04-07,15.083333333333334,21.1,81.625,87.29166666666667,123.04166666666667,15.116666666666667,0.7999999999999999,24
2014-04-08,10.891666666666666,13.8,67.875,71.16666666666667,150.875,18.7375,0.0,24
2014-04-09,8.920833333333333,13.1,74.83333333333333,34.041666666666664,171.54166666666666,5.395833333333333,0.0,24
2014-04-10,10.674999999999999,17.5,72.75,6.75,254.75,6.533333333333334,0.0,24
2014-04-11,11.450000000000001,16.9,75.125,48.166666666666664,206.70833333333334,12.395833333333334,0.0,24
2014-04-12,11.054166666666667,15.9,72.66666666666667,84.54166666666667,195.79166666666666,8.9375,0.0,24
2014-04-13,10.395833333333334,13.9,75.5,64.95833333333333,142.5,8.4625,0.0,24
2014-04-14,10.158333333333333,14.5,71.0,41.208333333333336,196.41666666666666,13.108333333333334,0.0,24
2014-04-15,8.108333333333333,12.4,65.29166666666667,9.791666666666666,261.0,13.566666666666668,0.0,24
2014-04-16,9.166666666666666,15.0,59.625,14.916666666666666,273.5416666666667,11.879166666666668,0.0,24
2014-04-17,11.225,18.4,56.041666666666664,31.416666666666668,277.7916666666667,7.479166666666667,0.0,24
2014-04-18,11.054166666666667,13.1,59.541666666666664,80.875,141.04166666666666,14.870833333333332,0.0,24
2014-04-19,9.25,13.8,64.95833333333333,59.875,204.41666666666666,14.295833333333334,1.7000000000000002,24
2014-04-20,12.025,16.6,65.75,72.66666666666667,196.04166666666666,8.799999999999999,1.2,24
2014-04-21,12.129166666666668,15.3,69.75,99.66666666666667,114.33333333333333,4.608333333333333,1.2000000000000002,24
2014-04-22,12.549999999999999,17.8,79.04166666666667,50.0,227.41666666666666,7.9624999999999995,1.1,24
2014-04-23,12.579166666666666,18.7,80.04166666666667,85.29166666666667,179.875,6.695833333333333,1.9,24
2014-04-24,14.291666666666666,19.3,77.41666666666667,81.58333333333333,204.20833333333334,8.083333333333334,5.2,24
2014-04-25,13.516666666666666,15.6,85.08333333333333,89.66666666666667,127.95833333333333,9.670833333333333,10.1,24
2014-04-26,10.283333333333333,12.7,87.45833333333333,78.625,76.95833333333333,15.045833333333334,5.6000000000000005,24
2014-04-27,10.670833333333334,14.8,84.29166666666667,68.41666666666667,174.29166666666666,16.650000000000002,6.6,24
2014-04-28,11.204166666666666,15.0,83.45833333333333,67.58333333333333,177.83333333333334,9.279166666666667,2.1,24
2014-04-29,10.304166666666667,15.1,85.33333333333333,76.70833333333333,147.83333333333334,7.433333333333334,8.3,24
2014-04-30,13.145833333333334,17.5,77.91666666666667,67.125,211.5,9.145833333333334,3.7,24
2014-05-01,12.320833333333333,15.1,88.375,83.54166666666667,143.83333333333334,9.345833333333333,11.5,24
2014-05-02,11.879166666666668,16.2,82.75,83.70833333333333,153.91666666666666,16.583333333333332,1.5,24
2014-05-03,10.270833333333334,13.6,62.5,49.333333333333336,215.70833333333334,16.025000000000002,0.0,24
2014-05-04,10.929166666666667,15.7,64.91666666666667,48.416666666666664,276.4166666666667,8.591666666666667,0.0,24
2014-05-05,13.220833333333333,20.7,66.41666666666667,60.416666666666664,308.25,9.541666666666666,0.0,24
2014-05-06,15.075000000000001,19.2,74.625,82.08333333333333,175.25,15.5625,5.3,24
2014-05-07,13.424999999999999,16.9,79.125,62.666666666666664,210.125,16.554166666666667,1.3,24
2014-05-08,12.854166666666666,15.0,78.58333333333333,99.41666666666667,116.375,18.283333333333335,3.8,24
2014-05-09,14.558333333333332,17.2,73.58333333333333,79.70833333333333,185.375,18.604166666666668,2.4,24
2014-05-10,12.216666666666667,15.1,83.79166666666667,87.83333333333333,80.79166666666667,20.041666666666668,8.5,24
2014-05-11,11.695833333333333,14.6,72.375,54.166666666666664,236.625,22.508333333333336,5.2,24
2014-05-12,10.754166666666668,14.5,76.0,72.0,195.375,17.308333333333334,3.4000000000000004,24
2014-05-13,10.795833333333334,14.9,79.70833333333333,48.375,238.70833333333334,12.770833333333334,3.0,24
2014-05-14,11.308333333333332,16.6,80.33333333333333,45.083333333333336,224.58333333333334,10.904166666666667,0.4,24
2014-05-15,10.658333333333333,16.0,66.66666666666667,8.333333333333334,306.375,12.641666666666667,0.0,24
2014-05-16,12.508333333333333,18.3,66.04166666666667,14.541666666666666,302.5416666666667,14.016666666666666,0.0,24
2014-05-17,14.745833333333332,20.2,65.625,9.75,302.4166666666667,12.358333333333334,0.0,24
2014-05-18,16.3125,22.9,67.54166666666667,20.375,296.5,6.833333333333333,0.0,24
2014-05-19,17.8,23.9,63.708333333333336,38.25,299.625,11.991666666666667,0.0,24
2014-05-20,17.545833333333334,20.4,69.58333333333333,84.58333333333333,179.91666666666666,12.266666666666666,8.3,24
2014-05-21,16.308333333333334,22.1,83.95833333333333,99.70833333333333,142.625,13.083333333333334,18.8,24
2014-05-22,15.433333333333332,20.7,64.16666666666667,48.333333333333336,251.5,17.8125,0.2,24
2014-05-23,13.841666666666667,17.6,75.25,82.91666666666667,204.91666666666666,15.479166666666666,1.3,24
2014-05-24,13.137500000000001,16.3,76.5,66.625,211.04166666666666,19.720833333333335,4.2,24
2014-05-25,14.254166666666668,19.3,72.875,60.541666666666664,230.91666666666666,8.004166666666666,0.0,24
2014-05-26,14.3375,17.0,83.58333333333333,95.95833333333333,128.95833333333334,6.458333333333333,5.5,24
2014-05-27,14.316666666666668,18.1,84.79166666666667,80.25,195.08333333333334,14.191666666666668,7.499999999999999,24
2014-05-28,12.625,14.5,90.16666666666667,87.70833333333333,92.375,9.983333333333333,6.4,24
2014-05-29,14.379166666666668,18.8,76.625,46.666666666666664,255.04166666666666,7.791666666666667,0.1,24
2014-05-30,15.370833333333335,19.3,77.70833333333333,64.25,209.95833333333334,7.5625,1.3,24
2014-05-31,15.541666666666666,19.5,69.45833333333333,46.541666666666664,281.4583333333333,11.445833333333333,0.0,24
2014-06-01,14.691666666666668,17.3,71.66666666666667,65.5,201.83333333333334,9.125,0.5,24
2014-06-02,14.833333333333334,18.1,79.75,78.29166666666667,179.29166666666666,6.866666666666667,0.2,24
2014-06-03,15.554166666666667,19.2,79.45833333333333,87.625,184.0,7.520833333333333,1.5999999999999999,24
2014-06-04,13.895833333333334,16.0,84.875,83.5,103.83333333333333,13.566666666666668,16.2,24
2014-06-05,13.529166666666667,18.3,64.875,44.875,277.7916666666667,11.1875,0.0,24
2014-06-06,18.099999999999998,26.4,65.83333333333333,55.208333333333336,326.9166666666667,10.908333333333333,0.0,24
2014-06-07,21.175,25.4,71.0,60.25,233.16666666666666,10.766666666666666,0.3,24
2014-06-08,21.445833333333336,26.7,78.66666666666667,39.25,282.125,5.579166666666667,6.0,24
2014-06-09,21.916666666666668,29.8,82.0,62.333333333333336,258.0,7.233333333333333,22.0,24
2014-06-10,19.470833333333335,21.7,82.125,71.33333333333333,216.41666666666666,8.133333333333335,5.3,24
2014-06-11,18.983333333333334,23.0,71.41666666666667,57.833333333333336,278.8333333333333,9.866666666666667,0.1,24
2014-06-12,19.145833333333332,23.7,64.0,12.833333333333334,317.125,13.804166666666667,0.0,24
2014-06-13,18.720833333333335,23.5,68.20833333333333,14.125,334.9583333333333,13.15,0.0,24
2014-06-14,17.3,20.7,71.08333333333333,44.166666666666664,267.4583333333333,16.816666666666666,0.4,24
2014-06-15,15.375,18.7,71.33333333333333,46.958333333333336,227.95833333333334,18.758333333333333,0.30000000000000004,24
2014-06-16,15.691666666666668,20.1,69.125,53.625,300.5833333333333,19.275000000000002,0.0,24
2014-06-17,15.791666666666666,19.9,70.875,93.625,230.25,18.4875,0.0,24
2014-06-18,16.745833333333334,21.3,69.79166666666667,42.125,276.6666666666667,17.412499999999998,0.0,24
2014-06-19,16.483333333333334,20.9,73.625,39.708333333333336,307.5416666666667,10.270833333333334,0.0,24
2014-06-20,16.454166666666666,19.6,67.95833333333333,52.041666666666664,253.91666666666666,11.720833333333333,0.0,24
2014-06-21,17.1875,22.9,62.333333333333336,9.125,345.5833333333333,10.991666666666667,0.0,24
2014-06-22,19.320833333333333,24.6,57.666666666666664,45.166666666666664,327.75,12.200000000000001,0.0,24
2014-06-23,19.333333333333332,23.8,55.333333333333336,78.79166666666667,265.875,13.924999999999999,0.0,24
2014-06-24,19.779166666666665,25.0,58.333333333333336,22.25,313.0833333333333,11.141666666666666,0.0,24
2014-06-25,18.158333333333335,21.9,60.166666666666664,29.416666666666668,299.25,12.629166666666668,0.0,24
2014-06-26,18.212500000000002,23.5,55.666666666666664,67.41666666666667,249.83333333333334,5.9875,0.6,24
2014-06-27,18.504166666666666,23.1,78.04166666666667,76.125,242.0,10.866666666666667,2.0,24
2014-06-28,15.854166666666666,18.7,87.70833333333333,98.0,82.41666666666667,6.479166666666667,13.0,24
2014-06-29,15.233333333333334,18.6,83.5,79.625,172.625,8.520833333333334,11.8,24
2014-06-30,15.416666666666666,19.8,74.58333333333333,51.125,252.04166666666666,5.1625000000000005,0.0,24
2014-07-01,17.866666666666667,22.3,61.833333333333336,66.66666666666667,213.625,11.299999999999999,0.0,24
2014-07-02,18.420833333333334,23.8,60.375,44.0,332.8333333333333,12.320833333333333,0.0,24
2014-07-03,21.029166666666665,27.4,60.791666666666664,20.5,339.875,5.658333333333334,0.0,24
2014-07-04,20.691666666666666,24.8,72.29166666666667,74.58333333333333,191.58333333333334,11.170833333333334,4.4,24
2014-07-05,19.4875,21.8,78.54166666666667,82.79166666666667,94.0,21.462500000000002,3.6,24
2014-07-06,17.829166666666666,21.1,81.0,88.75,151.58333333333334,16.645833333333332,9.5,24
2014-07-07,16.4375,20.1,74.83333333333333,85.08333333333333,204.16666666666666,4.825,0.4,24
2014-07-08,15.970833333333333,19.2,80.75,84.58333333333333,206.29166666666666,7.766666666666667,6.1,24
2014-07-09,14.4125,17.1,88.0,89.25,113.66666666666667,15.362499999999999,11.8,24
2014-07-10,15.112499999999999,17.4,87.45833333333333,100.0,57.416666666666664,20.691666666666666,17.2,24
2014-07-11,16.070833333333333,18.9,88.79166666666667,91.375,138.16666666666666,11.404166666666667,6.7,24
2014-07-12,17.854166666666668,21.9,79.83333333333333,91.04166666666667,155.25,5.625,0.2,24
2014-07-13,17.4375,21.3,90.33333333333333,90.5,106.16666666666667,10.254166666666666,15.9,24
2014-07-14,17.150000000000002,21.1,76.58333333333333,63.375,151.70833333333334,9.929166666666667,1.0,24
2014-07-15,18.966666666666665,23.4,75.25,51.541666666666664,198.70833333333334,5.625,0.0,24
2014-07-16,22.041666666666668,26.9,72.20833333333333,30.541666666666668,280.2916666666667,4.979166666666667,0.0,24
2014-07-17,23.1125,29.2,70.5,10.5,323.625,9.358333333333333,0.0,24
2014-07-18,25.516666666666666,31.7,68.20833333333333,47.333333333333336,309.1666666666667,9.4625,0.0,24
2014-07-19,24.683333333333334,29.6,69.83333333333333,92.375,224.33333333333334,7.533333333333334,14.6,24
2014-07-20,20.579166666666666,23.1,87.0,94.54166666666667,194.125,8.183333333333334,19.3,24
2014-07-21,19.150000000000002,22.6,84.79166666666667,72.5,155.25,15.3125,2.1999999999999997,24
2014-07-22,19.570833333333333,23.2,82.25,70.08333333333333,133.875,15.066666666666668,0.2,24
2014-07-23,22.041666666666668,27.9,79.91666666666667,64.66666666666667,238.5,11.916666666666666,0.7,24
2014-07-24,22.90833333333333,28.2,70.83333333333333,24.666666666666668,292.0833333333333,8.725,1.2,24
2014-07-25,20.900000000000002,25.2,68.875,13.291666666666666,284.9583333333333,9.262500000000001,0.0,24
2014-07-26,20.1125,23.9,75.125,44.541666666666664,241.16666666666666,10.262500000000001,0.6000000000000001,24
2014-07-27,21.354166666666668,26.6,74.875,49.583333333333336,267.6666666666667,7.891666666666667,0.5,24
2014-07-28,19.216666666666665,22.1,79.04166666666667,76.5,196.79166666666666,10.654166666666667,6.2,24
2014-07-29,18.929166666666667,23.0,78.75,87.41666666666667,129.95833333333334,13.8375,2.0,24
2014-07-30,20.133333333333333,24.3,70.58333333333333,33.666666666666664,240.79166666666666,11.85,0.1,24
2014-07-31,19.208333333333332,24.8,71.20833333333333,39.541666666666664,294.125,5.154166666666667,0.0,24
2014-08-01,20.716666666666665,25.4,71.625,53.333333333333336,244.45833333333334,6.995833333333334,0.1,24
2014-08-02,20.608333333333334,24.5,69.125,72.625,216.875,13.174999999999999,0.0,24
2014-08-03,19.183333333333334,22.8,82.5,59.875,207.29166666666666,6.570833333333333,6.800000000000001,24
2014-08-04,18.266666666666666,22.3,72.91666666666667,47.375,217.91666666666666,6.954166666666667,0.30000000000000004,24
2014-08-05,19.679166666666667,24.1,66.16666666666667,45.333333333333336,236.29166666666666,5.008333333333334,0.0,24
2014-08-06,18.333333333333332,21.5,82.29166666666667,93.75,72.33333333333333,10.383333333333333,11.3,24
2014-08-07,19.129166666666666,23.9,87.58333333333333,81.54166666666667,153.83333333333334,4.541666666666667,2.4,24
2014-08-08,19.020833333333332,22.5,91.125,97.16666666666667,95.66666666666667,10.029166666666667,14.4,24
2014-08-09,18.8625,22.0,75.0,85.45833333333333,161.33333333333334,13.9375,3.5999999999999996,24
2014-08-10,19.016666666666666,22.7,79.70833333333333,71.25,148.25,16.879166666666666,8.1,24
2014-08-11,16.95,20.7,67.91666666666667,38.416666666666664,233.41666666666666,15.445833333333333,1.0,24
2014-08-12,16.462500000000002,20.1,79.875,39.083333333333336,189.95833333333334,14.125,6.0,24
2014-08-13,15.808333333333332,20.0,80.91666666666667,77.04166666666667,123.04166666666667,11.420833333333334,3.4000000000000004,24
2014-08-14,15.933333333333332,20.1,80.5,60.958333333333336,204.95833333333334,12.191666666666668,9.7,24
2014-08-15,15.341666666666667,18.8,81.41666666666667,52.708333333333336,199.29166666666666,14.433333333333332,1.3,24
2014-08-16,16.358333333333334,21.0,73.20833333333333,23.625,228.75,7.345833333333334,0.0,24
2014-08-17,16.154166666666665,20.1,70.54166666666667,83.95833333333333,193.29166666666666,15.5375,0.0,24
2014-08-18,16.404166666666665,18.8,68.20833333333333,71.45833333333333,172.16666666666666,13.287500000000001,0.0,24
2014-08-19,14.4625,17.8,71.70833333333333,45.75,188.125,11.170833333333334,0.0,24
2014-08-20,14.229166666666666,17.8,73.20833333333333,43.0,203.70833333333334,7.370833333333334,1.0,24
2014-08-21,13.637500000000001,18.4,72.29166666666667,34.875,187.75,8.125,0.1,24
2014-08-22,15.1,19.4,68.20833333333333,67.875,190.79166666666666,12.6625,0.0,24
2014-08-23,15.166666666666666,18.2,69.75,51.625,203.58333333333334,11.8125,0.0,24
2014-08-24,14.616666666666667,19.1,72.20833333333333,58.083333333333336,168.5,7.383333333333333,0.1,24
2014-08-25,15.0625,16.6,87.91666666666667,100.0,42.125,13.166666666666666,20.5,24
2014-08-26,17.216666666666665,21.4,89.08333333333333,71.79166666666667,140.45833333333334,12.204166666666666,10.0,24
2014-08-27,17.154166666666665,20.8,84.875,72.66666666666667,133.54166666666666,7.379166666666666,1.2,24
2014-08-28,18.5875,22.1,79.54166666666667,92.625,112.375,12.870833333333332,1.2,24
2014-08-29,18.220833333333335,21.8,75.0,64.54166666666667,201.79166666666666,8.916666666666666,0.0,24
2014-08-30,17.179166666666667,21.9,79.33333333333333,66.75,153.08333333333334,10.558333333333334,0.30000000000000004,24
2014-08-31,16.420833333333334,19.2,77.29166666666667,55.916666666666664,144.41666666666666,13.641666666666666,0.2,24
2014-09-01,15.887500000000001,20.8,80.70833333333333,31.666666666666668,169.75,6.108333333333333,0.0,24
2014-09-02,17.429166666666667,22.1,81.20833333333333,40.583333333333336,183.79166666666666,6.945833333333333,0.1,24
2014-09-03,17.416666666666668,21.7,77.41666666666667,19.625,189.08333333333334,11.633333333333333,0.0,24
2014-09-04,17.708333333333332,21.7,79.33333333333333,64.04166666666667,110.83333333333333,8.479166666666666,0.1,24
2014-09-05,18.925,22.8,81.83333333333333,65.70833333333333,138.79166666666666,6.316666666666666,0.3,24
2014-09-06,18.787499999999998,22.9,80.625,56.875,179.29166666666666,5.7749999999999995,0.2,24
2014-09-07,18.545833333333334,23.5,79.58333333333333,21.916666666666668,202.95833333333334,4.816666666666666,0.0,24
2014-09-08,18.779166666666665,24.4,76.0,5.458333333333333,214.91666666666666,9.591666666666667,0.0,24
2014-09-09,17.466666666666665,21.8,73.75,44.583333333333336,198.125,11.254166666666668,0.0,24
2014-09-10,15.854166666666666,20.3,72.41666666666667,32.541666666666664,202.45833333333334,14.262500000000001,0.0,24
2014-09-11,15.1625,19.6,71.58333333333333,34.916666666666664,156.95833333333334,13.575000000000001,0.0,24
2014-09-12,15.983333333333334,21.2,73.625,1.4166666666666667,214.79166666666666,11.25,0.0,24
2014-09-13,16.595833333333335,21.2,76.29166666666667,36.125,147.08333333333334,13.954166666666666,0.0,24
2014-09-14,17.333333333333332,21.1,74.08333333333333,78.125,97.79166666666667,13.154166666666667,0.0,24
2014-09-15,18.754166666666666,23.0,75.25,51.791666666666664,157.75,8.1625,0.0,24
2014-09-16,18.316666666666666,24.2,76.75,26.291666666666668,177.45833333333334,7.0125,0.0,24
2014-09-17,20.108333333333334,25.7,77.91666666666667,91.125,151.08333333333334,8.954166666666667,0.3,24
2014-09-18,19.5625,25.9,82.41666666666667,54.541666666666664,164.29166666666666,7.108333333333333,2.7,24
2014-09-19,19.900000000000002,25.2,80.91666666666667,82.91666666666667,155.0,7.5625,0.0,24
2014-09-20,19.8,25.5,81.95833333333333,58.833333333333336,165.20833333333334,7.458333333333333,3.1,24
2014-09-21,17.2625,19.6,84.33333333333333,73.70833333333333,84.16666666666667,10.862499999999999,4.6,24
2014-09-22,14.045833333333334,17.7,73.45833333333333,61.916666666666664,152.75,11.637500000000001,0.0,24
2014-09-23,13.404166666666667,17.5,72.625,48.458333333333336,183.41666666666666,10.058333333333334,0.0,24
2014-09-24,13.083333333333334,18.4,78.0,81.29166666666667,127.83333333333333,8.783333333333333,0.1,24
2014-09-25,13.637500000000001,18.2,76.91666666666667,43.125,131.08333333333334,5.958333333333333,0.0,24
2014-09-26,14.708333333333334,20.8,74.58333333333333,17.291666666666668,180.04166666666666,6.208333333333333,0.0,24
2014-09-27,16.150000000000002,22.5,78.0,27.166666666666668,177.75,8.379166666666666,0.0,24
2014-09-28,17.425,23.5,75.66666666666667,75.33333333333333,160.75,8.991666666666667,0.0,24
2014-09-29,17.5625,21.9,82.75,88.0,97.0,9.316666666666666,5.1,24
2014-09-30,17.654166666666665,22.0,83.375,51.5,142.75,4.616666666666666,0.2,24
2014-10-01,17.254166666666666,22.6,78.83333333333333,39.791666666666664,155.0,4.8999999999999995,0.0,24
2014-10-02,16.866666666666667,21.2,84.45833333333333,73.41666666666667,110.0,5.945833333333333,0.0,24
2014-10-03,16.854166666666668,22.2,82.45833333333333,41.166666666666664,147.20833333333334,4.954166666666667,0.0,24
2014-10-04,15.883333333333333,22.3,79.45833333333333,43.458333333333336,140.16666666666666,11.008333333333333,2.7,24
2014-10-05,12.491666666666667,14.9,76.45833333333333,99.70833333333333,61.0,13.620833333333332,1.8,24
2014-10-06,12.020833333333334,14.3,79.0,99.5,52.458333333333336,15.320833333333333,7.0,24
2014-10-07,13.783333333333333,15.6,85.29166666666667,87.625,62.458333333333336,19.420833333333334,2.0,24
2014-10-08,15.112499999999999,19.5,87.45833333333333,90.70833333333333,44.875,17.8875,15.200000000000001,24
2014-10-09,15.85,18.8,80.54166666666667,76.25,84.33333333333333,16.283333333333335,0.0,24
2014-10-10,14.316666666666668,17.9,80.79166666666667,96.625,124.25,8.979166666666666,0.0,24
2014-10-11,14.733333333333334,18.9,80.5,78.08333333333333,130.45833333333334,7.670833333333333,1.2,24
2014-10-12,13.012500000000001,16.3,90.66666666666667,61.708333333333336,34.166666666666664,12.3375,7.0,24
2014-10-13,15.420833333333334,18.3,74.0,43.875,121.625,21.7375,0.0,24
2014-10-14,12.308333333333332,17.3,76.66666666666667,20.208333333333332,133.08333333333334,10.0875,0.1,24
2014-10-15,12.145833333333334,17.0,86.70833333333333,89.875,56.125,8.729166666666666,0.1,24
2014-10-16,15.987499999999999,19.1,84.95833333333333,96.58333333333333,82.5,15.791666666666666,3.4000000000000004,24
2014-10-17,15.558333333333332,18.9,84.54166666666667,94.33333333333333,68.375,12.9,3.7,24
2014-10-18,17.708333333333332,23.7,81.79166666666667,14.625,126.45833333333333,12.633333333333333,0.0,24
2014-10-19,17.875,23.1,83.83333333333333,8.708333333333334,120.79166666666667,13.104166666666666,0.0,24
2014-10-20,14.266666666666666,16.5,89.75,75.91666666666667,23.625,8.5625,3.0,24
2014-10-21,12.245833333333332,15.6,80.91666666666667,65.25,57.125,22.78333333333333,1.2,24
2014-10-22,10.795833333333334,13.4,63.583333333333336,56.833333333333336,80.79166666666667,16.037499999999998,0.2,24
2014-10-23,12.716666666666667,15.9,74.375,79.58333333333333,95.95833333333333,8.112499999999999,0.0,24
2014-10-24,12.058333333333332,13.4,78.54166666666667,94.95833333333333,62.416666666666664,10.091666666666667,2.3000000000000003,24
2014-10-25,12.870833333333332,15.0,90.33333333333333,86.75,32.666666666666664,3.4791666666666665,0.30000000000000004,24
2014-10-26,13.637500000000001,16.6,90.08333333333333,96.83333333333333,63.041666666666664,3.220833333333333,0.0,24
2014-10-27,12.504166666666668,16.9,91.875,85.375,87.25,4.9750000000000005,0.0,24
2014-10-28,10.358333333333333,14.0,93.25,79.16666666666667,71.20833333333333,8.633333333333333,0.0,24
2014-10-29,9.354166666666666,14.2,95.54166666666667,72.125,56.791666666666664,6.095833333333334,0.30000000000000004,24
2014-10-30,12.4625,18.8,87.54166666666667,23.666666666666668,102.875,8.65,0.0,24
2014-10-31,13.858333333333334,20.6,81.45833333333333,87.91666666666667,102.33333333333333,10.579166666666667,0.0,24
2014-11-01,14.1,19.1,85.45833333333333,4.958333333333333,101.25,10.299999999999999,0.0,24
2014-11-02,13.958333333333334,17.1,88.83333333333333,62.208333333333336,47.666666666666664,17.3,1.9,24
2014-11-03,12.829166666666666,14.9,87.45833333333333,90.83333333333333,34.583333333333336,25.016666666666666,17.2,24
2014-11-04,9.229166666666666,11.6,85.66666666666667,99.54166666666667,57.916666666666664,7.3999999999999995,5.8,24
2014-11-05,7.4375,10.7,82.875,32.458333333333336,82.41666666666667,10.533333333333333,0.0,24
2014-11-06,7.233333333333333,11.7,81.875,41.25,86.83333333333333,10.625,0.0,24
2014-11-07,10.641666666666667,14.0,71.79166666666667,63.5,66.125,23.925,2.0,24
2014-11-08,10.875,14.4,81.95833333333333,68.875,55.541666666666664,18.0,0.0,24
2014-11-09,10.408333333333333,12.2,85.45833333333333,96.25,29.083333333333332,12.195833333333333,1.3,24
2014-11-10,9.133333333333335,12.4,84.29166666666667,77.125,88.04166666666667,13.283333333333333,0.0,24
2014-11-11,10.616666666666665,15.5,84.29166666666667,77.70833333333333,82.58333333333333,13.091666666666667,0.0,24
2014-11-12,11.15,14.0,79.29166666666667,81.5,66.125,14.4375,0.30000000000000004,24
2014-11-13,9.645833333333334,13.7,86.33333333333333,76.20833333333333,51.041666666666664,15.200000000000001,0.0,24
2014-11-14,9.862499999999999,11.1,88.54166666666667,97.04166666666667,13.458333333333334,13.5375,12.4,24
2014-11-15,9.129166666666666,11.8,93.29166666666667,95.375,37.125,9.133333333333335,0.0,24
2014-11-16,8.375,11.1,91.95833333333333,94.20833333333333,33.041666666666664,9.174999999999999,3.0,24
2014-11-17,7.420833333333333,10.3,91.0,90.91666666666667,45.25,8.179166666666667,0.8,24
2014-11-18,7.0249999999999995,10.4,92.16666666666667,70.375,42.541666666666664,7.158333333333334,0.1,24
2014-11-19,7.1875,10.1,90.79166666666667,83.79166666666667,36.541666666666664,6.791666666666667,0.0,24
2014-11-20,7.945833333333333,10.2,88.375,97.54166666666667,36.958333333333336,10.225,0.7,24
2014-11-21,8.5875,11.4,90.625,96.5,47.541666666666664,7.245833333333334,0.0,24
2014-11-22,10.191666666666666,14.7,91.75,71.54166666666667,61.083333333333336,9.0375,0.2,24
2014-11-23,10.8375,15.8,93.04166666666667,50.375,62.291666666666664,8.766666666666667,0.2,24
2014-11-24,9.483333333333333,11.3,87.875,84.66666666666667,27.666666666666668,14.4625,1.6,24
2014-11-25,9.758333333333333,11.5,86.41666666666667,99.41666666666667,22.541666666666668,10.85,3.8,24
2014-11-26,11.200000000000001,12.8,96.08333333333333,99.29166666666667,11.958333333333334,6.129166666666666,8.2,24
2014-11-27,10.720833333333333,12.2,95.125,98.66666666666667,34.0,6.633333333333333,0.1,24
2014-11-28,11.645833333333334,15.1,79.83333333333333,84.20833333333333,48.708333333333336,16.179166666666667,0.0,24
2014-11-29,8.4,13.0,83.45833333333333,57.291666666666664,64.625,11.145833333333334,0.0,24
2014-11-30,3.9125,7.4,92.45833333333333,53.125,59.041666666666664,6.154166666666666,0.0,24
2014-12-01,5.0125,7.9,87.875,97.875,18.041666666666668,15.129166666666668,0.2,24
2014-12-02,3.033333333333333,3.9,83.16666666666667,97.83333333333333,21.375,12.041666666666666,0.1,24
2014-12-03,2.2041666666666666,3.7,87.875,99.125,27.166666666666668,14.579166666666666,1.6,24
2014-12-04,3.1125000000000003,4.7,83.375,97.20833333333333,16.0,7.9375,0.0,24
2014-12-05,4.616666666666666,5.9,89.54166666666667,98.66666666666667,20.0,5.675,0.30000000000000004,24
2014-12-06,3.9166666666666665,7.0,89.29166666666667,48.916666666666664,47.416666666666664,12.004166666666668,0.0,24
2014-12-07,2.3041666666666667,6.3,92.58333333333333,64.41666666666667,19.916666666666668,12.299999999999999,1.8,24
2014-12-08,3.9875000000000003,6.6,91.20833333333333,67.45833333333333,38.041666666666664,12.233333333333334,2.4,24
2014-12-09,1.9124999999999999,5.9,89.375,25.25,59.583333333333336,9.975,0.0,24
2014-12-10,6.8374999999999995,9.8,86.875,79.04166666666667,19.458333333333332,18.075,0.7999999999999999,24
2014-12-11,7.404166666666666,9.1,83.25,88.29166666666667,31.083333333333332,22.458333333333332,1.0,24
2014-12-12,9.4625,11.3,83.66666666666667,99.875,10.625,28.595833333333335,7.9,24
2014-12-13,4.795833333333333,8.0,93.70833333333333,99.58333333333333,4.333333333333333,10.741666666666667,20.1,24
2014-12-14,1.3125,3.1,96.58333333333333,92.375,29.166666666666668,5.608333333333333,0.0,24
2014-12-15,3.529166666666667,6.3,93.20833333333333,93.33333333333333,12.166666666666666,13.604166666666666,1.6,24
2014-12-16,6.45,8.7,92.91666666666667,82.08333333333333,35.583333333333336,8.308333333333334,0.30000000000000004,24
2014-12-17,8.195833333333333,11.0,93.91666666666667,100.0,3.25,18.295833333333334,14.0,24
2014-12-18,11.450000000000001,11.9,89.29166666666667,99.83333333333333,17.875,19.779166666666665,1.2,24
2014-12-19,10.487499999999999,11.5,84.875,91.95833333333333,4.541666666666667,22.75,3.5,24
2014-12-20,6.825,9.5,83.125,75.16666666666667,36.833333333333336,14.204166666666666,0.0,24
2014-12-21,6.741666666666667,9.1,83.83333333333333,88.04166666666667,30.5,13.095833333333333,0.0,24
2014-12-22,8.5,10.6,82.29166666666667,89.29166666666667,33.666666666666664,19.404166666666665,0.0,24
2014-12-23,8.495833333333334,9.2,86.29166666666667,99.375,18.083333333333332,15.35,0.0,24
2014-12-24,8.845833333333333,10.8,86.75,93.20833333333333,9.75,20.120833333333334,0.8,24
2014-12-25,5.8625,8.4,84.0,59.083333333333336,36.958333333333336,10.633333333333333,0.30000000000000004,24
2014-12-26,2.591666666666667,5.7,92.5,70.54166666666667,34.25,9.783333333333333,2.3,24
2014-12-27,4.733333333333333,8.2,85.20833333333333,84.5,33.458333333333336,30.070833333333336,7.6,24
2014-12-28,-0.6416666666666666,2.4,69.75,58.333333333333336,44.708333333333336,21.8125,0.1,24
2014-12-29,-0.6083333333333333,4.2,84.25,46.041666666666664,41.666666666666664,11.845833333333333,0.1,24
2014-12-30,2.345833333333333,4.7,90.75,56.541666666666664,45.916666666666664,8.4375,0.0,24
2014-12-31,1.1958333333333333,5.3,90.0,33.208333333333336,47.875,4.9875,0.0,24
2015-01-01,-0.6166666666666667,1.5,95.08333333333333,62.041666666666664,36.75,8.616666666666667,0.0,24
2015-01-02,5.0,10.0,87.66666666666667,87.08333333333333,13.458333333333334,16.454166666666666,1.1,24
2015-01-03,5.866666666666667,12.1,95.25,94.33333333333333,5.333333333333333,19.104166666666668,3.7,24
2015-01-04,4.429166666666666,10.6,91.20833333333333,82.58333333333333,26.375,8.1625,1.0999999999999999,24
2015-01-05,0.4875,4.4,93.79166666666667,57.458333333333336,50.791666666666664,6.3999999999999995,0.0,24
2015-01-06,0.7541666666666668,5.6,92.83333333333333,70.375,31.916666666666668,9.299999999999999,0.0,24
2015-01-07,3.1166666666666667,5.5,96.95833333333333,88.16666666666667,28.958333333333332,6.95,0.0,24
2015-01-08,7.925,10.3,92.375,93.875,7.583333333333333,21.375,3.7,24
2015-01-09,9.445833333333333,12.5,90.08333333333333,97.33333333333333,8.458333333333334,25.066666666666666,0.7,24
2015-01-10,11.375,12.6,85.5,98.66666666666667,18.708333333333332,26.358333333333334,2.4,24
2015-01-11,6.170833333333333,8.3,76.16666666666667,70.45833333333333,53.125,17.825,0.0,24
2015-01-12,7.208333333333333,9.1,76.29166666666667,95.04166666666667,29.75,23.666666666666668,0.0,24
2015-01-13,9.220833333333333,11.1,80.45833333333333,76.625,21.208333333333332,26.15416666666667,1.3,24
2015-01-14,6.404166666666666,7.9,81.58333333333333,73.04166666666667,52.416666666666664,23.504166666666666,2.1,24
2015-01-15,8.887500000000001,10.4,80.25,99.91666666666667,13.291666666666666,31.087500000000002,3.6,24
2015-01-16,5.933333333333334,8.7,87.375,84.95833333333333,59.791666666666664,10.279166666666667,3.1,24
2015-01-17,2.4125,5.6,86.33333333333333,49.958333333333336,63.291666666666664,10.083333333333334,0.0,24
2015-01-18,2.8958333333333335,6.9,83.41666666666667,93.125,60.791666666666664,13.4125,0.0,24
2015-01-19,2.3541666666666665,4.2,88.75,92.125,28.666666666666668,8.766666666666667,1.6,24
2015-01-20,0.6125,3.2,89.33333333333333,80.875,46.166666666666664,6.1375,0.0,24
2015-01-21,1.2958333333333334,5.1,82.91666666666667,97.625,59.875,10.466666666666667,0.0,24
2015-01-22,0.6708333333333334,3.3,84.45833333333333,79.08333333333333,71.45833333333333,11.5375,0.0,24
2015-01-23,-0.06249999999999999,1.7,81.79166666666667,92.95833333333333,41.833333333333336,8.166666666666666,0.0,24
2015-01-24,1.8375000000000001,5.8,84.08333333333333,61.333333333333336,58.375,16.087500000000002,3.4000000000000004,24
2015-01-25,1.7791666666666668,6.7,89.625,47.083333333333336,66.0,7.945833333333333,0.0,24
2015-01-26,6.008333333333333,8.3,91.29166666666667,95.70833333333333,9.166666666666666,13.945833333333333,2.6,24
2015-01-27,4.141666666666667,7.2,88.5,82.04166666666667,42.625,10.341666666666667,0.1,24
2015-01-28,4.833333333333333,8.2,89.5,87.33333333333333,21.25,19.279166666666665,1.5999999999999999,24
2015-01-29,3.9375,5.7,90.25,94.875,19.791666666666668,20.445833333333333,6.0,24
2015-01-30,2.154166666666667,5.0,86.45833333333333,71.04166666666667,46.625,19.474999999999998,1.6,24
2015-01-31,2.029166666666667,5.0,89.08333333333333,80.75,59.708333333333336,14.004166666666668,1.8,24
2015-02-01,2.3916666666666666,4.6,84.20833333333333,75.125,43.791666666666664,19.558333333333334,0.9,24
2015-02-02,1.3791666666666667,3.6,78.54166666666667,78.375,72.5,10.3375,0.4,24
2015-02-03,0.32083333333333336,3.6,73.91666666666667,94.58333333333333,71.58333333333333,7.6125,0.2,24
2015-02-04,0.875,4.6,80.83333333333333,90.20833333333333,72.875,16.833333333333332,0.0,24
2015-02-05,0.6833333333333332,3.0,78.91666666666667,44.166666666666664,83.66666666666667,17.712500000000002,0.0,24
2015-02-06,-0.5875,2.3,63.625,29.125,94.54166666666667,24.854166666666668,0.0,24
2015-02-07,0.4375,4.5,62.5,13.833333333333334,103.95833333333333,19.770833333333332,0.0,24
2015-02-08,4.441666666666666,6.6,79.125,68.04166666666667,67.66666666666667,18.5125,0.1,24
2015-02-09,1.2958333333333332,4.9,90.875,48.25,57.083333333333336,8.0625,0.0,24
2015-02-10,3.9,6.5,86.58333333333333,93.83333333333333,40.541666666666664,10.424999999999999,0.0,24
2015-02-11,3.0666666666666664,7.7,87.16666666666667,18.291666666666668,105.125,7.8875,0.0,24
2015-02-12,1.6583333333333332,7.1,91.79166666666667,45.125,89.41666666666667,3.2875,0.0,24
2015-02-13,4.704166666666667,11.6,84.33333333333333,49.875,86.70833333333333,18.462500000000002,2.0,24
2015-02-14,6.454166666666667,8.0,90.54166666666667,94.66666666666667,37.416666666666664,15.7125,7.0,24
2015-02-15,5.291666666666667,8.2,89.16666666666667,77.91666666666667,42.166666666666664,8.0375,0.30000000000000004,24
2015-02-16,5.020833333333333,10.5,87.58333333333333,77.58333333333333,102.875,8.804166666666667,0.0,24
2015-02-17,6.0625,7.5,86.20833333333333,90.91666666666667,24.375,14.3375,0.0,24
2015-02-18,3.1999999999999997,6.9,89.33333333333333,76.5,65.41666666666667,6.6499999999999995,0.0,24
2015-02-19,4.7124999999999995,8.5,81.45833333333333,68.375,103.79166666666667,11.6875,0.0,24
2015-02-20,6.170833333333333,7.5,87.79166666666667,95.33333333333333,15.958333333333334,24.425,9.6,24
2015-02-21,3.9375,6.9,92.375,77.54166666666667,73.04166666666667,13.154166666666667,7.5,24
2015-02-22,2.5541666666666667,7.8,78.91666666666667,48.625,118.375,13.016666666666666,0.3,24
2015-02-23,7.091666666666666,10.4,81.29166666666667,82.70833333333333,93.41666666666667,21.616666666666664,9.5,24
2015-02-24,4.6625000000000005,8.3,79.79166666666667,45.666666666666664,102.29166666666667,18.875,1.8,24
2015-02-25,4.520833333333333,7.2,92.91666666666667,89.41666666666667,21.375,11.737499999999999,5.2,24
2015-02-26,8.179166666666667,10.5,96.625,96.66666666666667,22.708333333333332,10.65,4.6000000000000005,24
2015-02-27,5.645833333333333,8.8,69.54166666666667,47.666666666666664,119.75,16.579166666666666,0.0,24
2015-02-28,3.6999999999999997,8.7,76.875,75.375,67.95833333333333,16.1125,0.0,24
2015-03-01,9.766666666666667,11.5,81.625,96.04166666666667,67.29166666666667,21.958333333333332,4.1000000000000005,24
2015-03-02,7.454166666666667,10.4,74.95833333333333,60.333333333333336,125.75,21.695833333333336,3.9,24
2015-03-03,5.2124999999999995,10.3,78.375,71.29166666666667,89.5,15.995833333333335,1.9,24
2015-03-04,4.408333333333333,8.8,74.70833333333333,30.625,140.79166666666666,15.229166666666666,0.0,24
2015-03-05,4.5874999999999995,10.2,78.04166666666667,7.25,145.25,9.041666666666666,0.0,24
2015-03-06,4.333333333333333,10.8,80.375,39.041666666666664,162.20833333333334,6.304166666666667,0.0,24
2015-03-07,5.920833333333333,14.8,77.20833333333333,67.29166666666667,154.625,8.758333333333333,0.0,24
2015-03-08,7.420833333333333,16.1,78.04166666666667,56.083333333333336,171.45833333333334,6.979166666666667,0.0,24
2015-03-09,8.579166666666667,13.6,86.04166666666667,96.75,120.41666666666667,5.8500000000000005,0.0,24
2015-03-10,8.045833333333333,11.3,91.5,97.25,27.25,7.529166666666666,0.8999999999999999,24
2015-03-11,8.333333333333334,13.1,76.08333333333333,86.08333333333333,156.0,9.645833333333334,0.0,24
2015-03-12,6.841666666666666,13.0,65.5,37.333333333333336,184.5,11.666666666666666,0.0,24
2015-03-13,6.354166666666667,11.3,68.125,99.625,113.20833333333333,9.154166666666667,0.0,24
2015-03-14,6.133333333333333,10.1,65.54166666666667,75.79166666666667,126.875,14.470833333333333,0.0,24
2015-03-15,5.95,7.9,81.70833333333333,98.20833333333333,81.875,12.416666666666666,0.8,24
2015-03-16,6.7625,12.7,79.625,33.5,175.70833333333334,6.175,0.0,24
2015-03-17,8.674999999999999,16.5,74.66666666666667,7.875,192.25,6.3875,0.0,24
2015-03-18,9.258333333333333,15.9,79.20833333333333,59.958333333333336,183.41666666666666,13.279166666666667,0.0,24
2015-03-19,6.3625,9.1,80.70833333333333,95.33333333333333,78.16666666666667,16.691666666666666,0.0,24
2015-03-20,8.516666666666667,13.7,79.41666666666667,55.791666666666664,168.33333333333334,13.9,0.0,24
2015-03-21,6.270833333333333,9.6,81.04166666666667,71.125,85.45833333333333,13.737499999999999,0.0,24
2015-03-22,7.170833333333333,10.4,72.83333333333333,66.375,117.0,18.404166666666665,0.8,24
2015-03-23,6.358333333333333,12.3,74.45833333333333,1.6666666666666667,185.45833333333334,5.991666666666667,0.0,24
2015-03-24,5.770833333333333,8.9,82.33333333333333,93.29166666666667,83.125,8.470833333333333,7.2,24
2015-03-25,6.141666666666667,9.8,75.95833333333333,65.66666666666667,166.20833333333334,13.0625,2.0,24
2015-03-26,3.704166666666667,8.2,90.04166666666667,60.416666666666664,43.875,14.2875,3.1999999999999997,24
2015-03-27,7.141666666666667,10.9,78.29166666666667,59.583333333333336,135.70833333333334,11.775,0.0,24
2015-03-28,9.674999999999999,14.1,85.66666666666667,92.66666666666667,51.166666666666664,16.820833333333333,0.30000000000000004,24
2015-03-29,10.9,12.7,85.58333333333333,100.0,31.583333333333332,27.724999999999998,5.4,24
2015-03-30,10.154166666666667,11.4,75.33333333333333,95.95833333333333,110.54166666666667,21.370833333333334,5.3,24
2015-03-31,11.045833333333334,12.3,69.625,74.0,138.83333333333334,30.679166666666664,0.30000000000000004,24
2015-04-01,7.6875,10.5,62.625,48.083333333333336,170.66666666666666,20.995833333333334,0.5,24
2015-04-02,7.954166666666667,9.8,85.04166666666667,95.04166666666667,20.0,17.0,3.2,24
2015-04-03,8.579166666666667,11.6,90.45833333333333,99.91666666666667,63.583333333333336,7.7749999999999995,6.0,24
2015-04-04,7.991666666666667,9.1,86.70833333333333,82.04166666666667,54.958333333333336,14.758333333333333,0.30000000000000004,24
2015-04-05,5.704166666666667,10.2,69.0,30.958333333333332,191.54166666666666,14.683333333333332,0.0,24
2015-04-06,6.745833333333334,12.1,70.83333333333333,20.083333333333332,213.70833333333334,11.1,0.0,24
2015-04-07,8.241666666666667,14.0,67.91666666666667,0.875,255.0,9.366666666666667,0.0,24
2015-04-08,8.904166666666667,15.7,69.625,0.041666666666666664,252.875,7.958333333333333,0.0,24
2015-04-09,10.729166666666666,19.3,70.66666666666667,21.666666666666668,258.5416666666667,7.383333333333333,0.0,24
2015-04-10,12.116666666666667,19.8,70.75,55.875,242.125,11.095833333333333,0.0,24
2015-04-11,11.8375,15.0,78.625,89.95833333333333,108.91666666666667,16.8,1.6,24
2015-04-12,11.120833333333332,17.1,75.375,58.708333333333336,167.25,7.895833333333333,0.1,24
2015-04-13,11.395833333333334,17.8,76.0,22.666666666666668,254.20833333333334,5.541666666666667,0.0,24
2015-04-14,14.241666666666667,22.4,72.33333333333333,48.0,266.2083333333333,7.0375000000000005,0.0,24
2015-04-15,15.424999999999999,23.8,70.0,29.833333333333332,257.2916666666667,7.370833333333334,0.0,24
2015-04-16,15.454166666666666,22.3,73.45833333333333,91.08333333333333,217.75,8.229166666666666,0.0,24
2015-04-17,13.741666666666667,17.6,72.16666666666667,72.79166666666667,189.66666666666666,10.058333333333334,0.0,24
2015-04-18,11.237499999999999,15.4,55.208333333333336,52.75,257.625,20.220833333333335,0.0,24
2015-04-19,10.941666666666668,16.3,55.541666666666664,0.0,284.1666666666667,16.491666666666667,0.0,24
2015-04-20,12.833333333333334,19.6,59.875,22.0,270.4166666666667,11.858333333333334,0.0,24
2015-04-21,14.008333333333333,20.5,62.208333333333336,0.0,282.9583333333333,13.441666666666668,0.0,24
2015-04-22,13.383333333333333,19.0,62.5,0.0,287.25,17.675,0.0,24
2015-04-23,12.958333333333334,19.7,65.16666666666667,0.0,288.2916666666667,9.5,0.0,24
2015-04-24,14.0875,20.3,71.79166666666667,46.041666666666664,268.375,11.008333333333333,0.8999999999999999,24
2015-04-25,14.658333333333333,18.2,77.0,83.625,156.91666666666666,11.008333333333333,4.4,24
2015-04-26,12.895833333333334,14.8,86.25,85.45833333333333,93.0,8.2125,8.200000000000001,24
2015-04-27,10.558333333333334,13.1,72.08333333333333,98.5,132.04166666666666,18.054166666666667,0.0,24
2015-04-28,9.0875,13.4,64.20833333333333,47.916666666666664,226.45833333333334,12.3375,0.0,24
2015-04-29,9.754166666666666,14.3,67.41666666666667,88.04166666666667,182.625,12.049999999999999,0.9,24
2015-04-30,9.049999999999999,10.8,91.41666666666667,83.33333333333333,36.333333333333336,12.625,12.5,24
2015-05-01,9.708333333333334,10.7,90.75,100.0,32.0,12.995833333333332,9.9,24
2015-05-02,11.225,13.8,89.79166666666667,99.95833333333333,63.375,8.495833333333334,10.1,24
2015-05-03,14.950000000000001,18.5,88.20833333333333,83.375,96.0,18.120833333333334,6.0,24
2015-05-04,15.320833333333333,19.8,80.58333333333333,93.25,182.04166666666666,14.004166666666668,14.4,24
2015-05-05,16.295833333333334,18.4,72.45833333333333,34.083333333333336,213.125,24.808333333333334,3.4,24
2015-05-06,12.666666666666666,15.9,66.29166666666667,22.083333333333332,242.95833333333334,23.84583333333333,0.1,24
2015-05-07,12.049999999999999,15.5,67.25,59.041666666666664,226.625,9.700000000000001,0.0,24
2015-05-08,13.558333333333332,17.8,77.08333333333333,82.83333333333333,147.33333333333334,7.758333333333333,3.0,24
2015-05-09,15.116666666666667,18.1,72.0,64.375,224.33333333333334,17.775000000000002,0.0,24
2015-05-10,15.491666666666667,20.9,75.54166666666667,61.166666666666664,269.4583333333333,8.083333333333334,0.0,24
2015-05-11,18.529166666666665,25.5,74.33333333333333,99.20833333333333,251.375,7.254166666666666,0.0,24
2015-05-12,15.950000000000001,19.1,74.25,94.58333333333333,262.0,10.566666666666666,0.0,24
2015-05-13,13.441666666666668,19.0,72.25,42.625,226.45833333333334,9.570833333333333,1.5,24
2015-05-14,13.229166666666666,16.0,78.375,83.20833333333333,100.79166666666667,10.858333333333334,5.3,24
2015-05-15,11.025,15.1,80.08333333333333,85.45833333333333,138.625,13.691666666666668,0.3,24
2015-05-16,11.608333333333334,15.8,82.875,83.45833333333333,93.5,10.866666666666667,0.30000000000000004,24
2015-05-17,12.258333333333333,17.4,73.29166666666667,19.125,274.125,7.8875,0.0,24
2015-05-18,12.887500000000001,19.0,75.125,54.125,265.5,13.6,0.4,24
2015-05-19,10.866666666666667,14.7,67.375,54.208333333333336,223.79166666666666,19.3625,1.0,24
2015-05-20,10.279166666666667,14.3,69.16666666666667,30.625,281.6666666666667,13.241666666666667,0.1,24
2015-05-21,11.608333333333334,16.5,70.33333333333333,40.791666666666664,230.95833333333334,9.4375,0.1,24
2015-05-22,13.058333333333335,18.6,71.33333333333333,40.0,281.4583333333333,7.941666666666666,0.0,24
2015-05-23,15.033333333333333,19.7,75.75,59.125,199.125,10.729166666666666,0.0,24
2015-05-24,15.137500000000001,19.4,69.95833333333333,49.25,260.5416666666667,10.054166666666667,0.0,24
2015-05-25,14.475000000000001,17.9,77.41666666666667,73.625,162.79166666666666,12.654166666666667,1.6,24
2015-05-26,13.5875,17.0,66.625,82.20833333333333,147.95833333333334,9.575000000000001,0.0,24
2015-05-27,14.945833333333333,20.2,66.625,43.541666666666664,292.125,5.879166666666666,0.0,24
2015-05-28,15.104166666666666,18.9,70.125,82.45833333333333,235.45833333333334,10.154166666666667,0.0,24
2015-05-29,13.958333333333334,17.5,67.54166666666667,90.125,157.66666666666666,12.470833333333333,1.2,24
2015-05-30,14.025,17.5,62.875,95.58333333333333,257.875,11.495833333333332,0.0,24
2015-05-31,14.4125,16.9,80.95833333333333,99.75,69.0,19.016666666666666,5.7,24
2015-06-01,13.070833333333333,17.1,66.5,87.58333333333333,269.0416666666667,10.133333333333335,0.3,24
2015-06-02,16.145833333333332,21.9,64.79166666666667,72.79166666666667,188.75,24.858333333333334,0.2,24
2015-06-03,16.554166666666667,19.0,69.41666666666667,61.583333333333336,182.83333333333334,11.216666666666667,0.0,24
2015-06-04,17.858333333333334,24.9,64.75,9.083333333333334,329.2916666666667,10.362499999999999,0.0,24
2015-06-05,22.65833333333333,30.9,69.83333333333333,31.916666666666668,286.5416666666667,11.174999999999999,3.0,24
2015-06-06,16.587500000000002,20.9,59.541666666666664,16.291666666666668,331.75,12.241666666666667,0.0,24
2015-06-07,15.575000000000001,21.5,59.291666666666664,56.375,337.4166666666667,13.433333333333332,0.0,24
2015-06-08,15.025,19.4,54.208333333333336,6.708333333333333,342.0833333333333,22.008333333333336,0.0,24
2015-06-09,14.920833333333334,18.9,56.208333333333336,70.5,240.04166666666666,23.666666666666668,0.0,24
2015-06-10,17.070833333333333,21.7,55.75,62.583333333333336,242.66666666666666,20.208333333333332,0.0,24
2015-06-11,21.695833333333336,28.0,63.958333333333336,43.125,317.3333333333333,13.141666666666666,1.0,24
2015-06-12,21.820833333333336,26.6,67.41666666666667,83.20833333333333,239.75,13.112499999999999,1.1,24
2015-06-13,19.775000000000002,24.2,60.75,76.08333333333333,313.8333333333333,9.529166666666667,0.0,24
2015-06-14,18.641666666666666,23.6,60.041666666666664,87.41666666666667,199.91666666666666,12.570833333333333,0.2,24
2015-06-15,17.566666666666666,20.4,68.25,96.95833333333333,160.79166666666666,13.237499999999999,0.1,24
2015-06-16,16.866666666666667,21.2,54.416666666666664,31.5,316.5,15.591666666666667,0.0,24
2015-06-17,17.808333333333334,24.2,59.0,40.916666666666664,290.8333333333333,10.362499999999999,0.0,24
2015-06-18,17.108333333333334,18.5,82.16666666666667,96.33333333333333,60.916666666666664,13.75,2.9,24
2015-06-19,16.116666666666667,21.3,65.91666666666667,38.083333333333336,282.6666666666667,11.258333333333333,0.2,24
2015-06-20,16.7,21.1,67.33333333333333,60.041666666666664,162.33333333333334,9.558333333333334,0.0,24
2015-06-21,17.787499999999998,21.6,71.33333333333333,86.41666666666667,194.29166666666666,11.883333333333333,1.1,24
2015-06-22,14.720833333333333,17.4,72.95833333333333,87.54166666666667,82.95833333333333,13.012500000000001,1.2,24
2015-06-23,14.733333333333334,19.1,68.08333333333333,49.458333333333336,217.66666666666666,11.791666666666666,0.0,24
2015-06-24,17.1125,23.6,61.5,25.833333333333332,296.875,5.1875,0.0,24
2015-06-25,21.095833333333335,27.1,55.041666666666664,67.79166666666667,325.2916666666667,4.279166666666667,0.0,24
2015-06-26,23.52916666666667,30.2,50.25,66.625,294.375,9.491666666666667,0.0,24
2015-06-27,19.954166666666666,23.6,58.208333333333336,77.70833333333333,269.5833333333333,13.15,0.0,24
2015-06-28,21.283333333333335,28.5,53.166666666666664,53.083333333333336,327.5416666666667,8.391666666666667,0.0,24
2015-06-29,21.254166666666666,27.2,55.458333333333336,59.208333333333336,333.2083333333333,8.525,0.0,24
2015-06-30,24.508333333333336,31.8,47.833333333333336,0.0,337.7083333333333,10.0875,0.0,24
2015-07-01,29.204166666666666,37.1,41.625,11.75,327.75,11.729166666666666,0.9,24
2015-07-02,26.150000000000002,30.9,59.833333333333336,43.166666666666664,276.625,12.291666666666666,0.2,24
2015-07-03,26.462500000000002,34.6,55.791666666666664,39.666666666666664,319.5,14.1625,0.0,24
2015-07-04,28.287499999999998,32.5,51.708333333333336,46.916666666666664,287.1666666666667,8.025,0.3,24
2015-07-05,22.28333333333333,24.9,61.875,62.708333333333336,206.33333333333334,11.420833333333334,5.3999999999999995,24
2015-07-06,22.3875,28.6,55.833333333333336,15.875,322.0416666666667,7.695833333333333,0.0,24
2015-07-07,23.004166666666666,28.5,60.0,58.458333333333336,243.04166666666666,11.308333333333332,2.2,24
2015-07-08,17.733333333333334,20.4,61.666666666666664,76.25,147.125,19.629166666666666,0.5,24
2015-07-09,17.745833333333334,21.7,58.833333333333336,38.625,248.91666666666666,12.725,0.0,24
2015-07-10,19.8125,27.2,47.125,0.0,339.5416666666667,10.695833333333333,0.0,24
2015-07-11,21.829166666666666,27.3,48.833333333333336,22.666666666666668,329.875,13.320833333333333,0.0,24
2015-07-12,19.433333333333334,24.7,61.666666666666664,74.58333333333333,205.375,8.466666666666667,0.1,24
2015-07-13,21.366666666666664,24.7,62.083333333333336,81.66666666666667,120.625,12.695833333333333,0.0,24
2015-07-14,21.191666666666666,25.5,64.625,68.375,178.20833333333334,11.166666666666666,0.0,24
2015-07-15,22.8125,28.7,64.5,13.75,237.75,7.445833333333333,0.0,24
2015-07-16,26.333333333333332,35.1,58.541666666666664,10.75,320.875,12.091666666666667,0.0,24
2015-07-17,25.229166666666668,29.7,57.166666666666664,57.5,264.2083333333333,15.491666666666667,0.0,24
2015-07-18,22.629166666666666,27.7,57.916666666666664,55.291666666666664,240.70833333333334,7.016666666666667,1.2000000000000002,24
2015-07-19,21.995833333333334,26.1,66.20833333333333,91.33333333333333,178.70833333333334,12.174999999999999,0.7000000000000001,24
2015-07-20,22.65833333333333,26.1,72.75,98.16666666666667,81.20833333333333,14.083333333333334,2.5,24
2015-07-21,23.53333333333333,27.8,69.75,51.041666666666664,174.25,11.1625,0.0,24
2015-07-22,21.849999999999998,26.9,61.458333333333336,80.83333333333333,213.33333333333334,10.179166666666665,1.8,24
2015-07-23,20.5125,24.8,55.208333333333336,63.958333333333336,261.125,7.883333333333333,0.0,24
2015-07-24,21.787499999999998,28.9,55.875,77.91666666666667,216.75,14.0625,2.3,24
2015-07-25,18.175,20.9,61.333333333333336,58.083333333333336,212.58333333333334,22.150000000000002,0.9,24
2015-07-26,15.858333333333334,19.7,72.95833333333333,86.79166666666667,98.08333333333333,14.079166666666666,6.0,24
2015-07-27,18.366666666666667,21.8,68.29166666666667,82.08333333333333,151.375,24.1875,2.0,24
2015-07-28,16.32916666666667,19.0,62.791666666666664,98.04166666666667,138.45833333333334,17.504166666666666,0.2,24
2015-07-29,16.3125,20.2,62.625,69.5,209.91666666666666,12.987499999999999,0.0,24
2015-07-30,16.075,20.1,59.958333333333336,33.666666666666664,231.33333333333334,11.304166666666667,0.0,24
2015-07-31,16.458333333333332,22.6,57.5,62.666666666666664,297.75,9.5875,0.0,24
2015-08-01,19.175,24.6,51.041666666666664,34.583333333333336,304.375,10.320833333333333,0.0,24
2015-08-02,21.020833333333332,29.1,50.041666666666664,19.125,311.0833333333333,9.108333333333333,0.0,24
2015-08-03,25.679166666666664,32.6,41.0,33.166666666666664,293.5416666666667,10.575000000000001,0.0,24
2015-08-04,21.5625,25.0,58.708333333333336,78.0,245.58333333333334,11.75,2.9,24
2015-08-05,22.3125,29.8,50.166666666666664,37.541666666666664,283.7916666666667,8.970833333333333,0.0,24
2015-08-06,23.5625,28.7,53.625,39.708333333333336,290.5,8.545833333333333,0.0,24
2015-08-07,22.920833333333334,28.8,56.458333333333336,25.916666666666668,243.375,12.4375,0.0,24
2015-08-08,23.175,28.5,52.833333333333336,81.0,213.08333333333334,11.575000000000001,0.0,24
2015-08-09,21.566666666666666,24.1,56.958333333333336,81.08333333333333,96.29166666666667,10.0,0.7,24
2015-08-10,21.816666666666666,28.0,59.375,82.20833333333333,228.08333333333334,8.604166666666666,0.0,24
2015-08-11,23.28333333333333,29.2,65.58333333333333,72.70833333333333,217.25,11.929166666666667,0.0,24
2015-08-12,26.25,32.7,57.083333333333336,55.708333333333336,258.125,12.3125,0.0,24
2015-08-13,25.0125,30.4,67.66666666666667,96.66666666666667,168.375,12.4625,5.2,24
2015-08-14,20.466666666666665,25.4,79.45833333333333,77.20833333333333,177.41666666666666,11.737499999999999,6.1000000000000005,24
2015-08-15,17.720833333333335,20.9,75.875,90.625,172.08333333333334,16.724999999999998,3.6,24
2015-08-16,17.095833333333335,20.6,68.16666666666667,72.95833333333333,147.875,6.558333333333334,0.2,24
2015-08-17,17.679166666666667,21.4,57.25,97.04166666666667,169.375,10.3875,0.0,24
2015-08-18,16.9375,20.9,63.458333333333336,88.25,170.45833333333334,5.970833333333334,0.0,24
2015-08-19,19.25,24.2,57.208333333333336,64.16666666666667,203.08333333333334,6.291666666666667,0.0,24
2015-08-20,19.183333333333334,23.2,74.41666666666667,81.45833333333333,120.95833333333333,6.3374999999999995,6.7,24
2015-08-21,21.983333333333334,27.9,67.0,25.041666666666668,248.29166666666666,6.404166666666666,0.0,24
2015-08-22,23.479166666666668,30.0,52.041666666666664,7.125,268.1666666666667,10.095833333333333,0.0,24
2015-08-23,20.212500000000002,22.2,63.0,75.04166666666667,106.41666666666667,11.1,4.7,24
2015-08-24,17.2625,21.0,75.95833333333333,80.125,145.375,25.179166666666664,13.8,24
2015-08-25,16.620833333333334,20.1,69.125,65.08333333333333,116.375,20.837500000000002,0.2,24
2015-08-26,21.941666666666666,29.3,67.20833333333333,90.33333333333333,205.70833333333334,20.075,0.30000000000000004,24
2015-08-27,16.4875,19.7,87.125,100.0,18.541666666666668,10.4375,19.3,24
2015-08-28,17.320833333333333,20.7,78.41666666666667,84.70833333333333,124.54166666666667,3.8625000000000003,0.2,24
2015-08-29,21.575,28.8,74.375,36.875,228.625,7.6499999999999995,0.0,24
2015-08-30,25.09583333333333,31.5,70.75,37.541666666666664,229.33333333333334,9.325000000000001,0.0,24
2015-08-31,22.05,25.9,78.16666666666667,80.08333333333333,137.91666666666666,11.179166666666667,5.8999999999999995,24
2015-09-01,17.404166666666665,19.1,81.54166666666667,73.25,143.79166666666666,14.054166666666667,4.7,24
2015-09-02,15.116666666666667,20.1,72.91666666666667,34.833333333333336,197.0,7.708333333333333,0.0,24
2015-09-03,14.608333333333334,18.1,70.0,34.0,180.0,9.395833333333334,0.6000000000000001,24
2015-09-04,13.958333333333334,17.3,71.66666666666667,55.916666666666664,139.45833333333334,8.445833333333333,0.5,24
2015-09-05,14.158333333333333,17.8,73.33333333333333,61.125,123.29166666666667,9.429166666666667,0.2,24
2015-09-06,14.025,16.6,62.416666666666664,65.95833333333333,183.625,10.3375,0.0,24
2015-09-07,14.129166666666668,19.2,72.75,36.833333333333336,137.5,9.137500000000001,0.0,24
2015-09-08,15.220833333333333,18.9,75.04166666666667,58.25,115.95833333333333,13.066666666666668,0.30000000000000004,24
2015-09-09,16.537499999999998,22.5,66.66666666666667,8.791666666666666,214.83333333333334,13.245833333333332,0.0,24
2015-09-10,16.8125,22.6,57.083333333333336,1.5,226.5,11.491666666666667,0.0,24
2015-09-11,16.070833333333333,22.2,58.708333333333336,52.041666666666664,217.70833333333334,6.504166666666666,0.0,24
2015-09-12,17.183333333333334,18.9,78.16666666666667,96.04166666666667,54.791666666666664,10.220833333333333,8.200000000000001,24
2015-09-13,15.1875,19.2,91.75,96.58333333333333,60.583333333333336,10.054166666666667,4.6,24
2015-09-14,15.391666666666666,18.3,76.125,63.5,152.70833333333334,21.316666666666666,2.2,24
2015-09-15,14.9,18.8,67.41666666666667,74.41666666666667,160.33333333333334,20.375,2.2,24
2015-09-16,17.483333333333334,19.9,79.20833333333333,78.58333333333333,60.458333333333336,24.045833333333334,17.4,24
2015-09-17,15.987499999999999,18.5,77.29166666666667,81.29166666666667,126.45833333333333,17.104166666666668,2.8,24
2015-09-18,13.966666666666667,18.3,82.91666666666667,68.58333333333333,125.33333333333333,15.816666666666668,7.6,24
2015-09-19,14.379166666666665,18.9,81.04166666666667,41.666666666666664,145.25,10.533333333333333,0.0,24
2015-09-20,13.0,17.2,78.5,40.958333333333336,161.625,5.895833333333333,0.0,24
2015-09-21,15.0875,19.0,71.79166666666667,70.54166666666667,150.20833333333334,8.570833333333333,0.0,24
2015-09-22,13.887500000000001,15.9,78.125,76.75,107.29166666666667,19.995833333333334,7.5,24
2015-09-23,13.283333333333333,17.3,76.70833333333333,57.5,131.95833333333334,12.904166666666667,0.0,24
2015-09-24,13.15,16.6,82.83333333333333,72.875,56.041666666666664,12.1,0.5,24
2015-09-25,14.479166666666666,17.8,79.625,74.25,133.41666666666666,7.308333333333334,0.0,24
2015-09-26,13.729166666666666,17.2,72.0,58.708333333333336,141.625,12.845833333333333,0.0,24
2015-09-27,14.079166666666666,19.2,69.29166666666667,8.125,182.16666666666666,17.133333333333333,0.0,24
2015-09-28,13.358333333333334,18.1,66.45833333333333,27.166666666666668,182.91666666666666,17.770833333333332,0.0,24
2015-09-29,13.533333333333333,18.3,60.125,4.041666666666667,182.75,20.320833333333333,0.0,24
2015-09-30,13.195833333333333,17.7,61.583333333333336,0.0,178.70833333333334,17.0625,0.0,24
2015-10-01,12.054166666666667,16.0,60.458333333333336,4.0,177.25,17.5625,0.0,24
2015-10-02,12.616666666666667,18.8,65.875,4.75,171.54166666666666,11.174999999999999,0.0,24
2015-10-03,13.5,19.4,75.16666666666667,33.583333333333336,161.5,4.6125,0.2,24
2015-10-04,12.9375,18.6,80.41666666666667,82.70833333333333,142.16666666666666,9.495833333333334,0.6000000000000001,24
2015-10-05,15.35,17.7,89.04166666666667,99.83333333333333,39.958333333333336,12.545833333333334,12.7,24
2015-10-06,16.916666666666668,19.6,87.70833333333333,83.66666666666667,84.125,16.683333333333334,10.4,24
2015-10-07,14.487499999999999,16.4,71.83333333333333,84.41666666666667,85.20833333333333,17.495833333333334,1.6,24
2015-10-08,12.158333333333333,15.4,73.0,62.416666666666664,97.66666666666667,7.904166666666666,0.0,24
2015-10-09,12.408333333333333,15.2,76.45833333333333,60.0,83.875,9.154166666666667,0.0,24
2015-10-10,12.295833333333334,16.7,82.70833333333333,64.45833333333333,93.625,13.475,0.0,24
2015-10-11,12.133333333333333,15.8,78.75,89.20833333333333,92.375,13.029166666666667,0.0,24
2015-10-12,11.520833333333334,14.6,77.33333333333333,68.625,103.375,11.225,0.0,24
2015-10-13,8.929166666666665,11.8,75.41666666666667,36.5,129.375,15.104166666666666,0.0,24
2015-10-14,7.45,10.2,75.41666666666667,88.16666666666667,76.29166666666667,12.458333333333334,0.8999999999999999,24
2015-10-15,5.904166666666666,7.9,78.79166666666667,92.95833333333333,53.416666666666664,14.866666666666667,0.0,24
2015-10-16,6.216666666666666,7.9,89.04166666666667,91.45833333333333,26.458333333333332,7.358333333333333,3.8000000000000003,24
2015-10-17,9.929166666666667,13.4,87.25,93.41666666666667,53.708333333333336,6.020833333333333,0.5,24
2015-10-18,9.262500000000001,11.0,86.66666666666667,98.91666666666667,42.583333333333336,9.545833333333333,0.0,24
2015-10-19,9.6,14.4,84.625,67.75,76.375,7.820833333333333,0.0,24
2015-10-20,10.566666666666666,12.7,88.83333333333333,87.83333333333333,38.25,7.3875,0.1,24
2015-10-21,9.491666666666667,13.4,88.875,89.375,62.125,7.645833333333333,1.0,24
2015-10-22,12.775,15.4,89.16666666666667,99.33333333333333,40.916666666666664,12.608333333333334,1.4000000000000001,24
2015-10-23,11.862499999999999,13.9,79.25,94.625,64.375,4.608333333333333,0.0,24
2015-10-24,11.854166666666666,15.4,85.0,96.70833333333333,71.875,10.025,0.0,24
2015-10-25,11.979166666666666,13.5,82.54166666666667,84.20833333333333,64.79166666666667,10.129166666666666,0.0,24
2015-10-26,12.470833333333333,17.6,88.29166666666667,61.208333333333336,87.91666666666667,11.416666666666666,0.0,24
2015-10-27,14.025,19.9,81.04166666666667,54.5,99.83333333333333,10.4125,3.2,24
2015-10-28,13.200000000000001,14.7,90.04166666666667,90.20833333333333,47.583333333333336,9.174999999999999,7.1,24
2015-10-29,10.924999999999999,14.7,85.5,72.625,51.791666666666664,12.145833333333334,0.0,24
2015-10-30,11.4125,16.1,86.08333333333333,70.25,96.0,12.362499999999999,0.0,24
2015-10-31,11.145833333333334,16.9,87.54166666666667,27.916666666666668,103.16666666666667,9.0375,0.0,24
2015-11-01,9.658333333333333,15.8,93.45833333333333,28.083333333333332,83.41666666666667,5.7250000000000005,0.0,24
2015-11-02,8.958333333333334,14.8,92.54166666666667,48.916666666666664,75.5,8.941666666666666,0.0,24
2015-11-03,11.950000000000001,14.5,81.125,87.54166666666667,15.708333333333334,13.916666666666666,4.0,24
2015-11-04,13.854166666666666,16.4,88.08333333333333,91.45833333333333,57.666666666666664,14.370833333333332,6.0,24
2015-11-05,14.216666666666667,18.1,87.08333333333333,83.66666666666667,66.04166666666667,12.658333333333333,1.9,24
2015-11-06,16.079166666666666,17.6,91.625,98.79166666666667,21.125,16.087500000000002,6.2,24
2015-11-07,17.479166666666668,20.8,88.25,82.375,75.79166666666667,12.416666666666666,0.5,24
2015-11-08,15.279166666666667,19.4,89.625,65.25,54.25,12.304166666666667,0.0,24
2015-11-09,14.983333333333334,16.5,79.16666666666667,63.166666666666664,79.16666666666667,17.0375,0.0,24
2015-11-10,11.841666666666667,15.3,85.08333333333333,60.041666666666664,65.625,12.775,0.0,24
2015-11-11,11.820833333333333,15.9,90.875,87.16666666666667,53.25,9.191666666666666,0.0,24
2015-11-12,12.5,15.3,92.66666666666667,95.45833333333333,45.041666666666664,7.141666666666667,0.0,24
2015-11-13,12.329166666666666,15.0,84.04166666666667,82.08333333333333,39.75,16.325,0.8,24
2015-11-14,10.083333333333334,12.5,73.70833333333333,98.04166666666667,56.125,16.733333333333334,0.0,24
2015-11-15,12.333333333333334,16.1,80.29166666666667,58.125,72.16666666666667,19.454166666666666,0.0,24
2015-11-16,11.979166666666666,14.3,84.25,78.875,30.666666666666668,19.8625,0.1,24
2015-11-17,14.975,16.7,88.375,99.04166666666667,19.333333333333332,26.820833333333336,2.5,24
2015-11-18,13.558333333333332,15.2,76.45833333333333,74.20833333333333,54.5,22.858333333333334,0.0,24
2015-11-19,14.058333333333332,15.4,82.29166666666667,90.625,30.333333333333332,23.633333333333336,2.2,24
2015-11-20,11.095833333333333,14.4,89.5,99.41666666666667,5.208333333333333,14.65,21.3,24
2015-11-21,5.495833333333334,7.6,79.75,66.83333333333333,52.541666666666664,22.695833333333336,2.0,24
2015-11-22,3.3249999999999997,6.0,71.58333333333333,34.291666666666664,72.95833333333333,12.583333333333334,0.0,24
2015-11-23,1.7750000000000001,5.4,84.45833333333333,51.0,62.166666666666664,5.091666666666667,0.0,24
2015-11-24,2.8125,6.8,89.33333333333333,99.5,10.791666666666666,17.404166666666665,4.9,24
2015-11-25,7.558333333333334,10.0,89.875,62.708333333333336,50.166666666666664,15.841666666666667,4.8,24
2015-11-26,5.545833333333333,9.3,87.04166666666667,41.208333333333336,57.125,8.991666666666665,0.0,24
2015-11-27,4.9375,8.1,88.0,59.833333333333336,42.041666666666664,11.674999999999999,0.30000000000000004,24
2015-11-28,7.004166666666666,9.0,77.41666666666667,59.666666666666664,63.083333333333336,18.974999999999998,0.7,24
2015-11-29,10.4125,11.9,75.54166666666667,98.66666666666667,23.833333333333332,28.041666666666668,0.5,24
2015-11-30,11.512500000000001,12.9,73.41666666666667,97.58333333333333,35.583333333333336,26.483333333333334,0.0,24
2015-12-01,11.5625,13.2,78.04166666666667,86.25,31.25,17.758333333333333,0.0,24
2015-12-02,8.320833333333333,11.9,83.16666666666667,29.958333333333332,57.625,8.549999999999999,0.0,24
2015-12-03,5.854166666666667,10.8,84.91666666666667,55.833333333333336,59.791666666666664,11.487499999999999,0.0,24
2015-12-04,9.141666666666667,11.9,79.58333333333333,47.0,57.041666666666664,14.799999999999999,0.0,24
2015-12-05,4.7875000000000005,8.3,88.54166666666667,56.458333333333336,55.041666666666664,15.600000000000001,0.0,24
2015-12-06,8.799999999999999,12.0,87.70833333333333,81.04166666666667,31.5,17.7375,0.1,24
2015-12-07,9.012500000000001,12.2,89.875,58.25,47.25,10.950000000000001,0.0,24
2015-12-08,8.879166666666666,11.1,91.91666666666667,59.958333333333336,24.916666666666668,14.5875,7.4,24
2015-12-09,6.158333333333334,9.9,92.45833333333333,5.125,59.166666666666664,9.570833333333333,0.0,24
2015-12-10,3.858333333333333,6.6,90.83333333333333,81.41666666666667,41.583333333333336,11.845833333333333,0.0,24
2015-12-11,6.0625,10.0,90.0,96.58333333333333,21.708333333333332,17.416666666666668,0.0,24
2015-12-12,9.316666666666666,11.4,92.75,93.375,24.041666666666668,14.279166666666667,0.2,24
2015-12-13,6.220833333333334,7.6,96.79166666666667,96.125,23.458333333333332,9.25,0.0,24
2015-12-14,4.979166666666667,8.1,93.375,90.04166666666667,44.041666666666664,9.450000000000001,0.0,24
2015-12-15,7.7124999999999995,10.4,91.29166666666667,86.91666666666667,13.541666666666666,13.583333333333334,13.200000000000001,24
2015-12-16,12.220833333333333,13.9,93.125,93.91666666666667,18.708333333333332,16.995833333333334,0.0,24
2015-12-17,12.429166666666667,15.4,87.58333333333333,74.58333333333333,52.708333333333336,14.520833333333334,0.6,24
2015-12-18,11.512500000000001,13.1,92.625,81.20833333333333,14.75,10.604166666666666,1.0,24
2015-12-19,11.054166666666667,14.3,89.375,80.91666666666667,43.291666666666664,13.829166666666666,0.0,24
2015-12-20,11.6875,13.8,81.41666666666667,92.41666666666667,39.291666666666664,16.875,1.8,24
2015-12-21,10.979166666666666,12.5,81.125,56.958333333333336,48.875,23.820833333333336,0.4,24
2015-12-22,12.316666666666668,13.0,68.41666666666667,97.125,19.375,23.795833333333334,0.0,24
2015-12-23,11.3375,12.7,77.95833333333333,75.20833333333333,48.75,17.175,0.0,24
2015-12-24,10.891666666666666,13.2,83.75,89.41666666666667,42.041666666666664,19.945833333333333,0.5,24
2015-12-25,10.9375,12.7,86.79166666666667,80.25,23.041666666666668,15.487499999999999,4.1,24
2015-12-26,9.870833333333334,12.7,87.33333333333333,58.583333333333336,53.125,14.924999999999999,0.0,24
2015-12-27,9.279166666666667,12.8,88.95833333333333,73.54166666666667,54.0,14.137500000000001,0.0,24
2015-12-28,7.683333333333334,11.8,85.16666666666667,84.25,48.041666666666664,13.104166666666666,0.0,24
2015-12-29,9.520833333333334,11.6,82.58333333333333,73.5,42.875,15.029166666666667,2.7,24
2015-12-30,7.804166666666667,10.7,83.125,77.83333333333333,49.916666666666664,17.808333333333334,0.0,24
2015-12-31,9.004166666666666,10.8,81.41666666666667,43.041666666666664,55.916666666666664,16.933333333333334,2.9,24
2016-01-01,6.620833333333334,9.2,90.95833333333333,85.16666666666667,41.041666666666664,13.862499999999999,1.9,24
2016-01-02,9.058333333333334,11.0,85.29166666666667,86.70833333333333,41.708333333333336,21.675,1.9000000000000001,24
2016-01-03,7.0125,8.3,87.79166666666667,90.75,12.375,22.008333333333336,11.4,24
2016-01-04,7.433333333333334,9.5,85.75,48.791666666666664,43.208333333333336,19.295833333333334,0.1,24
2016-01-05,7.116666666666667,9.2,85.41666666666667,68.83333333333333,33.666666666666664,20.145833333333332,2.4,24
2016-01-06,7.295833333333333,9.2,90.66666666666667,89.875,31.625,13.1,0.7000000000000001,24
2016-01-07,7.533333333333334,10.8,85.875,84.25,30.583333333333332,21.733333333333334,10.7,24
2016-01-08,5.0249999999999995,8.5,89.70833333333333,89.75,42.375,9.429166666666667,0.0,24
2016-01-09,6.9375,10.4,88.29166666666667,79.5,34.083333333333336,17.479166666666668,2.0999999999999996,24
2016-01-10,7.033333333333334,9.2,87.0,68.54166666666667,27.125,21.758333333333336,4.8,24
2016-01-11,6.6125,8.2,87.45833333333333,93.0,35.125,23.104166666666668,5.6,24
2016-01-12,6.3999999999999995,7.3,79.45833333333333,77.25,39.5,22.604166666666668,1.2,24
2016-01-13,5.2375,7.4,76.41666666666667,61.083333333333336,59.125,18.7625,0.0,24
2016-01-14,4.533333333333333,6.8,86.66666666666667,62.458333333333336,46.666666666666664,17.8625,5.8,24
2016-01-15,2.9875000000000003,5.3,70.375,34.666666666666664,57.208333333333336,20.329166666666666,0.0,24
2016-01-16,1.5958333333333332,5.6,82.20833333333333,30.458333333333332,46.791666666666664,12.308333333333332,0.0,24
2016-01-17,0.26666666666666666,2.9,92.0,78.95833333333333,22.25,6.920833333333333,0.30000000000000004,24
2016-01-18,-1.2666666666666666,1.4,77.41666666666667,94.25,39.666666666666664,13.1625,0.0,24
2016-01-19,-2.6625,1.3,84.29166666666667,66.54166666666667,57.916666666666664,6.083333333333333,0.0,24
2016-01-20,-1.55,2.0,84.33333333333333,31.583333333333332,69.79166666666667,4.7625,0.0,24
2016-01-21,-1.6958333333333335,4.2,85.75,29.791666666666668,72.0,7.6000000000000005,0.0,24
2016-01-22,1.5958333333333332,5.7,88.125,86.375,25.75,14.225,7.7,24
2016-01-23,4.916666666666667,6.0,98.875,99.91666666666667,24.25,10.045833333333333,0.0,24
2016-01-24,7.329166666666667,10.4,94.33333333333333,97.875,20.958333333333332,10.058333333333334,0.0,24
2016-01-25,7.991666666666667,13.0,84.66666666666667,46.666666666666664,75.66666666666667,12.733333333333334,0.0,24
2016-01-26,9.008333333333333,10.8,87.79166666666667,81.54166666666667,49.916666666666664,16.970833333333335,0.0,24
2016-01-27,10.291666666666666,11.7,79.375,99.66666666666667,32.291666666666664,25.933333333333334,2.3000000000000003,24
2016-01-28,7.8125,11.0,85.04166666666667,88.70833333333333,39.333333333333336,9.316666666666666,3.6999999999999997,24
2016-01-29,5.304166666666666,9.4,83.58333333333333,45.791666666666664,60.25,18.416666666666668,0.0,24
2016-01-30,8.470833333333333,9.4,84.375,99.91666666666667,6.375,26.366666666666664,8.4,24
2016-01-31,8.741666666666667,12.3,91.83333333333333,100.0,9.041666666666666,17.891666666666666,2.2,24
2016-02-01,11.325000000000001,12.5,79.20833333333333,99.95833333333333,33.583333333333336,22.366666666666664,0.0,24
2016-02-02,10.0375,11.3,86.45833333333333,91.0,9.916666666666666,20.974999999999998,4.1,24
2016-02-03,5.766666666666667,7.6,81.58333333333333,69.66666666666667,74.58333333333333,18.166666666666668,0.8,24
2016-02-04,6.895833333333333,10.5,87.0,82.70833333333333,13.166666666666666,18.195833333333333,0.30000000000000004,24
2016-02-05,9.716666666666667,11.4,88.91666666666667,99.75,26.333333333333332,12.708333333333334,0.0,24
2016-02-06,10.008333333333333,13.4,77.25,98.45833333333333,68.625,23.224999999999998,0.0,24
2016-02-07,8.862499999999999,12.2,70.54166666666667,74.41666666666667,77.20833333333333,24.662499999999998,3.5,24
2016-02-08,9.158333333333333,10.4,75.375,73.5,64.08333333333333,33.96666666666667,5.8,24
2016-02-09,7.429166666666667,10.9,82.79166666666667,88.41666666666667,44.625,26.237499999999997,8.3,24
2016-02-10,4.854166666666667,7.6,75.875,66.45833333333333,75.70833333333333,21.433333333333334,0.2,24
2016-02-11,4.408333333333333,7.6,83.375,46.375,95.41666666666667,11.120833333333332,0.7000000000000001,24
2016-02-12,2.404166666666667,3.7,95.91666666666667,92.5,20.375,12.616666666666667,6.7,24
2016-02-13,5.833333333333333,10.5,93.91666666666667,95.29166666666667,40.041666666666664,16.620833333333334,12.200000000000001,24
2016-02-14,5.895833333333333,8.4,87.58333333333333,83.66666666666667,66.5,12.612499999999999,2.8,24
2016-02-15,3.4499999999999997,6.1,78.29166666666667,58.625,98.54166666666667,19.775000000000002,0.30000000000000004,24
2016-02-16,1.0916666666666668,5.4,77.29166666666667,1.9583333333333333,124.91666666666667,11.0375,0.0,24
2016-02-17,-0.125,4.5,78.25,44.541666666666664,115.0,6.7250000000000005,0.0,24
2016-02-18,1.8499999999999999,5.6,82.16666666666667,99.04166666666667,60.458333333333336,10.700000000000001,0.1,24
2016-02-19,3.295833333333333,8.6,81.0,22.083333333333332,109.20833333333333,13.054166666666667,0.0,24
2016-02-20,9.079166666666667,11.9,86.91666666666667,99.95833333333333,18.666666666666668,26.0,2.6,24
2016-02-21,10.825000000000001,12.0,82.79166666666667,100.0,32.208333333333336,23.245833333333334,0.0,24
2016-02-22,9.591666666666667,10.6,83.79166666666667,89.25,21.708333333333332,21.045833333333334,1.1,24
2016-02-23,6.829166666666667,10.0,78.875,67.29166666666667,87.0,11.958333333333334,6.4,24
2016-02-24,3.6916666666666664,8.2,82.33333333333333,94.29166666666667,55.375,8.775,2.5,24
2016-02-25,2.9791666666666665,7.1,80.375,27.791666666666668,129.83333333333334,7.920833333333333,0.0,24
2016-02-26,2.4208333333333334,6.4,68.83333333333333,83.70833333333333,80.66666666666667,8.470833333333333,0.0,24
2016-02-27,3.3874999999999997,8.3,65.5,99.54166666666667,118.66666666666667,17.904166666666665,0.0,24
2016-02-28,3.3208333333333333,7.8,65.45833333333333,73.5,146.45833333333334,22.97083333333333,0.0,24
2016-02-29,2.6875,7.1,66.5,18.125,154.70833333333334,20.004166666666666,0.0,24
2016-03-01,2.908333333333333,8.8,88.20833333333333,79.66666666666667,36.791666666666664,15.066666666666668,2.9,24
2016-03-02,7.420833333333333,10.0,77.875,82.16666666666667,111.625,23.358333333333334,2.6,24
2016-03-03,5.2124999999999995,7.8,77.45833333333333,75.875,123.58333333333333,20.775000000000002,1.5,24
2016-03-04,5.9750000000000005,8.1,84.45833333333333,98.5,74.0,12.370833333333332,16.5,24
2016-03-05,3.75,7.1,86.29166666666667,81.04166666666667,103.41666666666667,12.799999999999999,10.799999999999999,24
2016-03-06,4.104166666666667,7.9,75.33333333333333,44.625,136.20833333333334,13.445833333333333,0.6000000000000001,24
2016-03-07,2.0458333333333334,6.4,85.75,40.041666666666664,138.54166666666666,12.891666666666666,1.6,24
2016-03-08,3.725,8.2,76.45833333333333,56.791666666666664,124.08333333333333,8.700000000000001,0.2,24
2016-03-09,5.4624999999999995,8.2,80.0,87.08333333333333,58.333333333333336,22.325,10.6,24
2016-03-10,6.2749999999999995,9.0,83.125,93.45833333333333,76.08333333333333,6.183333333333334,0.0,24
2016-03-11,6.875,11.0,73.54166666666667,66.20833333333333,143.75,8.954166666666667,0.0,24
2016-03-12,6.9750000000000005,11.4,72.25,52.0,165.08333333333334,9.700000000000001,0.0,24
2016-03-13,5.645833333333333,10.8,75.16666666666667,27.083333333333332,159.29166666666666,16.583333333333332,0.0,24
2016-03-14,5.8999999999999995,10.1,71.70833333333333,36.125,168.91666666666666,16.75,0.0,24
2016-03-15,5.970833333333334,11.6,68.95833333333333,36.291666666666664,186.0,12.891666666666666,0.0,24
2016-03-16,6.020833333333333,8.1,67.29166666666667,38.333333333333336,125.875,19.7625,0.2,24
2016-03-17,5.958333333333333,11.6,67.95833333333333,1.7083333333333333,194.20833333333334,11.291666666666666,0.0,24
2016-03-18,5.404166666666666,11.6,79.29166666666667,0.9166666666666666,195.54166666666666,10.841666666666667,0.0,24
2016-03-19,5.4750000000000005,8.0,80.45833333333333,84.29166666666667,97.58333333333333,13.008333333333333,0.0,24
2016-03-20,5.808333333333334,8.7,75.875,70.54166666666667,141.25,13.058333333333332,0.0,24
2016-03-21,6.941666666666666,9.9,78.29166666666667,84.58333333333333,84.04166666666667,12.633333333333333,0.0,24
2016-03-22,7.233333333333333,11.4,73.29166666666667,36.583333333333336,151.29166666666666,11.5375,0.0,24
2016-03-23,6.758333333333333,9.8,79.45833333333333,68.45833333333333,82.5,13.320833333333333,0.0,24
2016-03-24,7.233333333333333,9.8,74.625,93.29166666666667,94.95833333333333,8.375,0.0,24
2016-03-25,8.275,11.8,85.75,86.91666666666667,51.291666666666664,12.816666666666668,6.0,24
2016-03-26,10.0875,14.0,86.625,94.375,62.875,18.395833333333332,0.0,24
2016-03-27,9.729166666666666,13.0,76.54166666666667,78.04166666666667,162.20833333333334,23.287499999999998,8.9,24
2016-03-28,10.095833333333333,13.1,71.95833333333333,77.79166666666667,145.66666666666666,31.5125,6.3,24
2016-03-29,9.025,12.9,76.95833333333333,61.583333333333336,154.625,20.091666666666665,2.1,24
2016-03-30,8.729166666666666,10.0,83.79166666666667,99.95833333333333,67.125,9.683333333333334,2.4,24
2016-03-31,6.895833333333333,7.8,88.25,99.45833333333333,40.375,18.654166666666665,13.3,24
2016-04-01,7.558333333333334,12.1,77.04166666666667,61.166666666666664,189.66666666666666,10.241666666666667,0.0,24
2016-04-02,9.066666666666666,15.0,83.58333333333333,67.91666666666667,150.79166666666666,10.733333333333334,4.4,24
2016-04-03,13.945833333333333,20.0,86.25,65.04166666666667,195.75,11.420833333333334,6.1,24
2016-04-04,12.470833333333333,15.6,75.125,83.5,188.33333333333334,13.704166666666666,4.7,24
2016-04-05,11.379166666666668,15.1,76.08333333333333,71.54166666666667,192.45833333333334,8.8125,0.0,24
2016-04-06,9.291666666666666,12.8,79.04166666666667,66.29166666666667,140.20833333333334,15.424999999999999,0.4,24
2016-04-07,7.929166666666666,11.7,75.79166666666667,37.125,209.08333333333334,15.204166666666666,3.3,24
2016-04-08,7.9875,12.5,81.66666666666667,38.75,199.75,7.541666666666667,1.8,24
2016-04-09,7.279166666666668,11.9,86.08333333333333,77.41666666666667,117.58333333333333,12.387500000000001,2.5,24
2016-04-10,9.137500000000001,16.3,77.875,51.75,220.91666666666666,14.320833333333333,0.0,24
2016-04-11,10.9,13.9,80.625,75.20833333333333,86.83333333333333,11.704166666666666,9.2,24
2016-04-12,9.737499999999999,14.9,81.91666666666667,47.541666666666664,178.45833333333334,9.166666666666666,0.9,24
2016-04-13,10.970833333333333,15.8,81.95833333333333,75.125,200.16666666666666,7.433333333333334,3.1999999999999997,24
2016-04-14,10.729166666666666,16.0,82.75,86.33333333333333,189.75,8.4,3.5,24
2016-04-15,11.716666666666667,15.5,76.375,64.79166666666667,166.33333333333334,19.958333333333332,2.0,24
2016-04-16,10.887500000000001,14.3,74.70833333333333,84.08333333333333,205.95833333333334,14.35,0.4,24
2016-04-17,7.1499999999999995,11.1,73.16666666666667,43.5,231.91666666666666,11.541666666666666,2.1,24
2016-04-18,7.1000000000000005,12.8,68.75,9.708333333333334,265.2083333333333,7.066666666666666,0.0,24
2016-04-19,8.779166666666667,14.4,72.91666666666667,9.541666666666666,267.9583333333333,9.200000000000001,0.0,24
2016-04-20,11.25,17.1,66.125,64.375,279.4166666666667,18.716666666666665,0.0,24
2016-04-21,14.0375,20.1,65.41666666666667,99.25,223.58333333333334,9.120833333333334,0.0,24
2016-04-22,13.4,16.6,81.08333333333333,95.75,139.20833333333334,6.120833333333334,1.7,24
2016-04-23,9.583333333333334,11.8,71.29166666666667,80.875,154.625,16.245833333333334,1.1,24
2016-04-24,5.929166666666667,10.3,74.5,46.916666666666664,224.95833333333334,12.5,3.5,24
2016-04-25,7.095833333333334,10.6,77.125,92.16666666666667,146.95833333333334,17.595833333333335,1.8,24
2016-04-26,6.7625,9.7,79.20833333333333,67.79166666666667,230.83333333333334,14.445833333333333,4.0,24
2016-04-27,6.033333333333334,10.5,75.45833333333333,52.375,251.66666666666666,11.733333333333334,2.1,24
2016-04-28,6.2875000000000005,11.4,69.33333333333333,39.666666666666664,244.625,8.516666666666667,0.2,24
2016-04-29,8.795833333333333,13.1,73.20833333333333,76.5,225.16666666666666,16.858333333333334,4.2,24
2016-04-30,7.820833333333333,9.7,85.16666666666667,89.08333333333333,114.41666666666667,12.304166666666667,8.3,24
2016-05-01,8.420833333333333,14.1,67.625,4.708333333333333,303.3333333333333,14.679166666666667,0.0,24
2016-05-02,10.275,16.4,71.04166666666667,69.66666666666667,275.375,7.6625000000000005,0.0,24
2016-05-03,11.645833333333334,14.8,67.83333333333333,61.666666666666664,228.33333333333334,13.15,0.5,24
2016-05-04,10.637500000000001,16.7,68.29166666666667,17.416666666666668,305.125,7.904166666666666,0.0,24
2016-05-05,12.729166666666666,18.7,60.833333333333336,18.583333333333332,312.2916666666667,13.083333333333334,0.0,24
2016-05-06,15.625,22.2,68.16666666666667,34.541666666666664,309.625,9.737499999999999,0.0,24
2016-05-07,16.6125,22.2,67.375,64.875,275.5,11.554166666666667,0.0,24
2016-05-08,17.908333333333335,23.5,60.708333333333336,76.91666666666667,274.7916666666667,13.166666666666666,0.0,24
2016-05-09,18.366666666666667,21.5,66.125,99.45833333333333,190.45833333333334,14.629166666666668,2.0,24
2016-05-10,16.554166666666667,19.6,88.20833333333333,98.79166666666667,123.58333333333333,8.895833333333334,12.700000000000001,24
2016-05-11,15.75,20.6,89.54166666666667,91.125,141.95833333333334,5.3125,8.8,24
2016-05-12,14.975,18.4,88.625,99.5,144.375,6.45,1.8,24
2016-05-13,16.270833333333332,21.1,85.5,75.5,208.54166666666666,11.125,5.4,24
2016-05-14,10.904166666666667,13.2,69.41666666666667,68.58333333333333,192.25,17.145833333333332,0.0,24
2016-05-15,9.595833333333333,13.9,68.95833333333333,43.625,198.5,8.204166666666667,0.30000000000000004,24
2016-05-16,11.4375,15.6,76.66666666666667,59.041666666666664,219.375,8.179166666666667,0.5,24
2016-05-17,12.079166666666666,16.9,75.04166666666667,46.958333333333336,213.66666666666666,7.479166666666667,0.0,24
2016-05-18,13.183333333333332,15.7,77.375,85.91666666666667,155.58333333333334,15.616666666666667,3.4,24
2016-05-19,12.229166666666666,16.7,79.91666666666667,88.95833333333333,171.33333333333334,16.370833333333334,2.8,24
2016-05-20,14.2125,18.5,81.75,94.95833333333333,114.45833333333333,12.279166666666667,0.8,24
2016-05-21,17.9875,23.7,75.66666666666667,93.29166666666667,265.9166666666667,13.354166666666666,0.5,24
2016-05-22,15.025,16.8,90.95833333333333,99.04166666666667,63.291666666666664,10.0625,29.099999999999998,24
2016-05-23,12.299999999999999,16.1,88.41666666666667,88.54166666666667,143.91666666666666,15.808333333333332,11.5,24
2016-05-24,11.362499999999999,14.7,78.83333333333333,77.54166666666667,177.0,9.779166666666667,0.0,24
2016-05-25,13.641666666666666,17.9,71.66666666666667,53.208333333333336,242.875,10.125,0.0,24
2016-05-26,16.337500000000002,22.1,76.04166666666667,73.70833333333333,231.0,8.204166666666667,0.8,24
2016-05-27,18.145833333333332,23.0,80.0,31.166666666666668,270.875,4.175,9.6,24
2016-05-28,17.5625,22.3,85.95833333333333,55.416666666666664,223.16666666666666,5.9624999999999995,12.3,24
2016-05-29,16.125,18.3,92.08333333333333,99.875,93.45833333333333,11.591666666666667,10.0,24
2016-05-30,13.575000000000001,15.3,93.58333333333333,99.58333333333333,38.75,20.3625,22.1,24
2016-05-31,13.520833333333334,16.4,95.41666666666667,100.0,40.166666666666664,18.25,35.0,24
2016-06-01,16.1375,20.1,87.54166666666667,96.45833333333333,145.54166666666666,13.516666666666666,2.7,24
2016-06-02,13.887500000000001,15.3,89.95833333333333,100.0,76.66666666666667,18.462500000000002,2.0,24
2016-06-03,12.166666666666666,13.4,87.70833333333333,100.0,51.458333333333336,12.4375,1.3,24
2016-06-04,15.283333333333333,19.1,84.625,99.79166666666667,129.25,10.945833333333333,0.0,24
2016-06-05,16.895833333333332,21.3,85.45833333333333,95.5,130.29166666666666,7.4624999999999995,0.4,24
2016-06-06,18.474999999999998,23.8,87.29166666666667,76.33333333333333,227.20833333333334,4.991666666666666,2.6,24
2016-06-07,19.462500000000002,25.1,85.75,36.666666666666664,277.5416666666667,8.779166666666667,0.7,24
2016-06-08,18.825,23.2,81.04166666666667,54.166666666666664,236.75,11.5875,0.7,24
2016-06-09,16.920833333333334,21.9,77.33333333333333,28.625,326.7916666666667,9.558333333333334,0.0,24
2016-06-10,17.837500000000002,22.1,76.41666666666667,96.875,198.58333333333334,5.8500000000000005,0.2,24
2016-06-11,17.754166666666666,20.5,82.54166666666667,95.79166666666667,164.08333333333334,4.641666666666667,4.7,24
2016-06-12,16.125,18.2,87.375,83.70833333333333,128.45833333333334,12.6,6.0,24
2016-06-13,15.420833333333334,17.5,81.95833333333333,81.95833333333333,147.0,13.3375,1.5,24
2016-06-14,15.483333333333334,18.8,82.75,91.16666666666667,213.375,15.016666666666666,6.2,24
2016-06-15,14.6625,19.0,84.875,88.375,229.0,9.8875,9.6,24
2016-06-16,14.816666666666668,19.1,84.58333333333333,94.83333333333333,215.04166666666666,6.1875,6.8999999999999995,24
2016-06-17,15.262500000000001,19.4,85.08333333333333,76.75,224.0,11.491666666666667,3.9000000000000004,24
2016-06-18,14.75,19.4,84.41666666666667,65.08333333333333,241.5,11.3375,5.3,24
2016-06-19,16.033333333333335,19.7,77.20833333333333,79.125,200.66666666666666,6.004166666666666,0.9,24
2016-06-20,15.333333333333334,16.0,88.41666666666667,99.83333333333333,35.833333333333336,16.825,8.2,24
2016-06-21,17.804166666666667,21.7,89.66666666666667,100.0,94.75,10.204166666666667,1.4000000000000001,24
2016-06-22,22.291666666666668,27.7,80.70833333333333,54.916666666666664,257.1666666666667,9.316666666666666,0.30000000000000004,24
2016-06-23,24.291666666666668,29.3,78.66666666666667,50.291666666666664,285.75,8.791666666666666,1.4,24
2016-06-24,20.129166666666666,23.0,76.25,72.58333333333333,254.41666666666666,10.283333333333333,0.0,24
2016-06-25,17.066666666666666,19.8,70.5,71.125,211.125,11.470833333333333,1.1,24
2016-06-26,15.791666666666666,19.3,75.41666666666667,40.083333333333336,251.58333333333334,10.683333333333332,1.9000000000000001,24
2016-06-27,16.716666666666665,20.0,80.04166666666667,95.04166666666667,127.54166666666667,11.491666666666667,1.4000000000000001,24
2016-06-28,16.675,20.3,78.875,64.375,138.45833333333334,10.183333333333334,0.30000000000000004,24
2016-06-29,17.8125,21.6,67.70833333333333,78.375,260.1666666666667,13.483333333333334,0.0,24
2016-06-30,18.291666666666668,21.8,76.45833333333333,74.95833333333333,175.0,16.775000000000002,1.6,24
2016-07-01,18.383333333333333,21.0,80.20833333333333,78.91666666666667,157.29166666666666,19.525000000000002,1.7000000000000002,24
2016-07-02,16.070833333333333,18.5,67.0,69.58333333333333,220.5,14.404166666666667,0.9,24
2016-07-03,14.616666666666667,15.9,79.79166666666667,86.75,56.625,8.733333333333333,1.0,24
2016-07-04,17.616666666666667,20.9,80.125,83.75,190.5,8.237499999999999,0.5,24
2016-07-05,18.212500000000002,21.1,75.54166666666667,75.95833333333333,213.04166666666666,10.741666666666667,0.39999999999999997,24
2016-07-06,17.095833333333335,21.8,70.66666666666667,43.125,307.8333333333333,5.445833333333333,0.0,24
2016-07-07,19.212500000000002,25.2,68.625,4.291666666666667,336.6666666666667,6.95,0.0,24
2016-07-08,20.4125,26.5,71.5,56.208333333333336,297.7083333333333,9.741666666666667,0.0,24
2016-07-09,20.016666666666666,25.7,74.41666666666667,0.5,323.7916666666667,7.129166666666666,0.0,24
2016-07-10,22.170833333333334,27.6,68.45833333333333,53.791666666666664,313.0416666666667,11.575000000000001,0.0,24
2016-07-11,19.912499999999998,22.1,65.79166666666667,86.0,185.20833333333334,15.958333333333334,0.0,24
2016-07-12,17.591666666666665,21.1,72.79166666666667,54.541666666666664,241.29166666666666,10.7125,6.5,24
2016-07-13,15.733333333333334,18.6,73.125,45.875,264.7083333333333,13.612499999999999,3.0,24
2016-07-14,15.4625,19.3,71.33333333333333,36.125,244.58333333333334,12.025,1.0,24
2016-07-15,16.508333333333333,21.6,67.75,58.708333333333336,259.625,6.208333333333333,0.0,24
2016-07-16,18.775000000000002,23.1,74.45833333333333,66.375,165.54166666666666,6.545833333333333,0.1,24
2016-07-17,21.4375,26.3,72.75,26.75,259.875,6.641666666666667,0.0,24
2016-07-18,22.77916666666667,28.7,71.125,18.083333333333332,316.75,7.433333333333334,0.0,24
2016-07-19,25.291666666666668,32.1,63.666666666666664,0.0,324.5416666666667,10.545833333333333,0.0,24
2016-07-20,25.3,29.6,61.333333333333336,43.833333333333336,239.54166666666666,11.316666666666668,1.7,24
2016-07-21,21.925,26.3,69.125,76.5,249.5,9.633333333333333,0.0,24
2016-07-22,20.741666666666667,24.3,70.20833333333333,93.5,149.04166666666666,10.995833333333332,0.4,24
2016-07-23,21.216666666666665,26.1,65.66666666666667,26.416666666666668,275.375,12.654166666666667,0.0,24
2016-07-24,20.566666666666666,25.1,69.58333333333333,37.5,228.70833333333334,7.4875,0.0,24
2016-07-25,21.733333333333334,24.5,72.29166666666667,70.08333333333333,179.83333333333334,6.733333333333333,1.0,24
2016-07-26,19.583333333333332,23.6,65.625,58.166666666666664,227.875,10.825000000000001,0.7,24
2016-07-27,19.166666666666668,23.0,69.125,76.29166666666667,138.25,8.487499999999999,0.0,24
2016-07-28,20.679166666666667,24.1,71.70833333333333,92.375,171.25,11.679166666666667,5.2,24
2016-07-29,21.037499999999998,23.1,71.75,71.91666666666667,151.70833333333334,15.0875,1.6,24
2016-07-30,20.025000000000002,23.4,68.875,72.375,163.91666666666666,6.708333333333333,0.0,24
2016-07-31,19.1875,23.1,71.08333333333333,55.25,218.625,8.070833333333333,0.30000000000000004,24
2016-08-01,18.645833333333332,23.1,63.416666666666664,74.08333333333333,282.1666666666667,7.825,0.0,24
2016-08-02,19.337500000000002,22.2,71.08333333333333,99.95833333333333,97.375,16.054166666666667,2.9,24
2016-08-03,21.05,25.0,71.29166666666667,96.91666666666667,155.75,17.079166666666666,0.0,24
2016-08-04,19.1875,21.7,73.45833333333333,92.75,117.16666666666667,9.291666666666666,1.0,24
2016-08-05,17.575,21.3,73.25,66.41666666666667,145.41666666666666,10.870833333333332,0.4,24
2016-08-06,18.029166666666665,23.0,72.45833333333333,40.5,184.08333333333334,8.700000000000001,0.0,24
2016-08-07,20.841666666666665,27.6,68.58333333333333,7.5,287.3333333333333,6.808333333333334,0.0,24
2016-08-08,19.308333333333334,21.6,67.75,70.70833333333333,157.79166666666666,12.545833333333334,0.0,24
2016-08-09,17.245833333333334,21.5,60.458333333333336,40.375,241.08333333333334,12.512500000000001,0.0,24
2016-08-10,15.479166666666666,19.1,66.04166666666667,39.75,204.0,12.304166666666667,0.0,24
2016-08-11,16.05,22.1,68.875,81.75,157.54166666666666,10.670833333333334,0.0,24
2016-08-12,19.458333333333332,25.7,69.83333333333333,28.5,249.58333333333334,6.920833333333333,0.0,24
2016-08-13,20.245833333333334,27.4,66.45833333333333,22.791666666666668,285.875,6.341666666666666,0.0,24
2016-08-14,20.6875,27.0,68.75,46.625,268.2916666666667,9.879166666666666,0.0,24
2016-08-15,21.425,27.7,64.41666666666667,4.083333333333333,283.125,13.979166666666666,0.0,24
2016-08-16,22.400000000000002,28.8,63.833333333333336,0.5833333333333334,266.4583333333333,10.991666666666667,0.0,24
2016-08-17,23.066666666666666,29.5,57.791666666666664,9.875,285.1666666666667,8.054166666666667,0.0,24
2016-08-18,21.004166666666666,25.2,75.33333333333333,79.29166666666667,171.29166666666666,6.8875,5.2,24
2016-08-19,19.4875,25.2,81.79166666666667,92.125,159.91666666666666,10.554166666666667,4.3,24
2016-08-20,19.287499999999998,23.4,65.70833333333333,48.166666666666664,193.25,17.154166666666665,0.0,24
2016-08-21,18.17083333333333,21.9,58.916666666666664,59.166666666666664,147.20833333333334,16.400000000000002,0.0,24
2016-08-22,21.175,27.1,60.083333333333336,29.458333333333332,257.2916666666667,7.7250000000000005,0.0,24
2016-08-23,23.8875,31.2,58.333333333333336,0.0,260.0416666666667,10.779166666666667,0.0,24
2016-08-24,26.791666666666668,34.1,57.041666666666664,0.0,259.4166666666667,9.458333333333334,0.0,24
2016-08-25,27.962500000000002,35.4,55.833333333333336,3.4166666666666665,255.41666666666666,6.4375,0.0,24
2016-08-26,27.47083333333333,33.4,58.541666666666664,42.416666666666664,238.91666666666666,7.866666666666667,0.0,24
2016-08-27,27.087500000000002,33.8,61.333333333333336,46.166666666666664,218.125,8.4625,0.8,24
2016-08-28,23.933333333333334,27.5,52.083333333333336,45.5,235.79166666666666,14.512500000000001,0.0,24
2016-08-29,21.0,23.9,64.375,61.041666666666664,158.125,11.641666666666666,1.4000000000000001,24
2016-08-30,20.7,26.4,62.666666666666664,29.958333333333332,203.5,10.066666666666666,0.0,24
2016-08-31,22.191666666666666,28.0,56.583333333333336,24.875,227.45833333333334,7.820833333333333,0.0,24
2016-09-01,20.470833333333335,26.5,64.79166666666667,38.875,217.125,6.920833333333333,0.0,24
2016-09-02,21.758333333333336,28.6,62.125,88.875,223.54166666666666,6.1499999999999995,0.0,24
2016-09-03,21.670833333333334,27.7,64.33333333333333,75.58333333333333,208.04166666666666,8.216666666666667,0.0,24
2016-09-04,20.354166666666668,21.8,70.95833333333333,99.0,59.125,12.5,1.0,24
2016-09-05,18.833333333333332,21.6,80.16666666666667,98.83333333333333,41.458333333333336,5.6125,2.6999999999999997,24
2016-09-06,20.983333333333334,24.0,81.04166666666667,94.375,79.125,5.920833333333333,0.0,24
2016-09-07,21.820833333333336,28.4,62.666666666666664,3.3333333333333335,231.66666666666666,9.808333333333334,0.0,24
2016-09-08,20.154166666666665,26.1,65.66666666666667,5.291666666666667,222.5,11.558333333333332,0.0,24
2016-09-09,19.337500000000002,25.5,61.958333333333336,2.4166666666666665,219.33333333333334,7.091666666666666,0.0,24
2016-09-10,20.224999999999998,26.5,59.458333333333336,40.875,209.25,8.041666666666666,0.0,24
2016-09-11,21.337500000000002,25.0,71.20833333333333,93.95833333333333,98.58333333333333,5.833333333333333,0.6,24
2016-09-12,24.150000000000002,30.4,61.791666666666664,50.333333333333336,178.95833333333334,7.383333333333333,0.0,24
2016-09-13,26.291666666666668,32.6,49.5,59.583333333333336,197.95833333333334,11.870833333333332,0.0,24
2016-09-14,24.8,28.9,52.291666666666664,48.541666666666664,195.54166666666666,10.525,0.0,24
2016-09-15,20.016666666666666,22.9,73.375,93.58333333333333,84.20833333333333,9.504166666666666,2.0,24
2016-09-16,17.1375,21.6,78.20833333333333,74.04166666666667,135.625,14.345833333333333,8.4,24
2016-09-17,15.6625,17.5,77.16666666666667,82.41666666666667,73.04166666666667,14.870833333333332,0.0,24
2016-09-18,16.833333333333332,21.6,80.08333333333333,80.41666666666667,110.45833333333333,12.779166666666667,0.2,24
2016-09-19,17.587500000000002,21.0,79.95833333333333,90.95833333333333,117.04166666666667,10.4625,0.8,24
2016-09-20,16.875,20.5,75.75,77.20833333333333,127.66666666666667,6.966666666666666,0.1,24
2016-09-21,16.395833333333332,21.8,68.20833333333333,34.0,178.41666666666666,3.5875,0.0,24
2016-09-22,17.0125,22.3,69.91666666666667,70.75,148.41666666666666,6.0,0.0,24
2016-09-23,17.616666666666667,22.2,71.70833333333333,41.583333333333336,155.875,5.5249999999999995,0.0,24
2016-09-24,17.4875,24.3,65.20833333333333,9.625,191.08333333333334,11.395833333333334,0.0,24
2016-09-25,17.087500000000002,20.5,67.70833333333333,49.333333333333336,88.625,13.137500000000001,0.8999999999999999,24
2016-09-26,14.625,19.5,70.125,66.79166666666667,126.54166666666667,6.0625,0.0,24
2016-09-27,15.204166666666666,21.8,68.83333333333333,71.79166666666667,127.625,7.425,0.0,24
2016-09-28,18.441666666666666,23.8,71.04166666666667,67.41666666666667,114.33333333333333,9.991666666666667,0.2,24
2016-09-29,17.537499999999998,21.5,78.875,51.458333333333336,83.45833333333333,14.525,0.0,24
2016-09-30,16.104166666666668,19.8,77.0,80.54166666666667,105.25,5.9624999999999995,5.7,24
2016-10-01,14.654166666666667,18.9,77.75,55.916666666666664,135.54166666666666,11.283333333333333,1.7999999999999998,24
2016-10-02,12.945833333333333,16.9,70.83333333333333,33.0,94.66666666666667,14.095833333333333,0.0,24
2016-10-03,11.983333333333334,18.0,73.875,19.291666666666668,161.08333333333334,7.375,0.0,24
2016-10-04,13.6625,19.1,75.58333333333333,1.1666666666666667,164.875,14.825000000000001,0.0,24
2016-10-05,12.891666666666666,16.7,62.0,18.541666666666668,164.66666666666666,19.329166666666666,0.0,24
2016-10-06,11.0,15.3,59.833333333333336,29.958333333333332,147.54166666666666,18.541666666666668,0.0,24
2016-10-07,12.783333333333333,15.4,70.58333333333333,89.875,63.541666666666664,13.808333333333332,0.1,24
2016-10-08,12.799999999999999,16.3,74.125,53.708333333333336,111.20833333333333,11.029166666666667,0.0,24
2016-10-09,10.754166666666668,15.4,67.79166666666667,37.916666666666664,121.75,6.979166666666667,0.0,24
2016-10-10,9.129166666666666,14.5,76.5,32.375,126.83333333333333,7.008333333333333,0.3,24
2016-10-11,8.674999999999999,13.4,81.20833333333333,53.333333333333336,110.0,8.762500000000001,0.0,24
2016-10-12,9.258333333333333,14.5,73.54166666666667,33.25,127.79166666666667,11.9625,0.0,24
2016-10-13,9.733333333333333,13.2,75.33333333333333,90.54166666666667,68.70833333333333,14.15,4.0,24
2016-10-14,11.487499999999999,14.6,88.91666666666667,95.625,48.208333333333336,7.2250000000000005,8.0,24
2016-10-15,13.35,18.2,79.54166666666667,71.54166666666667,129.125,14.845833333333333,1.2,24
2016-10-16,14.633333333333333,21.1,75.45833333333333,35.125,127.16666666666667,12.183333333333332,0.6,24
2016-10-17,13.424999999999999,17.8,85.79166666666667,61.833333333333336,98.375,8.379166666666666,0.9,24
2016-10-18,11.254166666666668,15.5,84.91666666666667,72.45833333333333,79.33333333333333,12.174999999999999,0.4,24
2016-10-19,10.674999999999999,13.7,79.20833333333333,55.416666666666664,81.70833333333333,12.766666666666666,0.1,24
2016-10-20,10.5375,14.3,81.54166666666667,51.166666666666664,81.95833333333333,12.862499999999999,0.30000000000000004,24
2016-10-21,10.275,13.5,85.79166666666667,63.208333333333336,52.75,9.049999999999999,0.0,24
2016-10-22,8.554166666666667,12.8,89.125,65.70833333333333,71.04166666666667,4.8625,0.0,24
2016-10-23,8.683333333333334,13.0,89.20833333333333,92.70833333333333,68.04166666666667,12.783333333333333,8.5,24
2016-10-24,11.104166666666666,13.3,97.20833333333333,98.58333333333333,30.583333333333332,4.745833333333334,5.8,24
2016-10-25,12.075000000000001,16.4,91.875,79.20833333333333,49.625,4.833333333333333,0.0,24
2016-10-26,12.112499999999999,16.0,85.875,87.45833333333333,89.33333333333333,6.045833333333333,0.0,24
2016-10-27,12.4625,14.5,84.54166666666667,92.33333333333333,57.958333333333336,3.1,0.0,24
2016-10-28,12.204166666666666,15.0,84.875,92.20833333333333,83.58333333333333,3.35,0.0,24
2016-10-29,12.904166666666667,15.9,84.25,83.25,61.125,8.033333333333333,0.0,24
2016-10-30,11.545833333333334,16.5,84.25,14.916666666666666,105.625,10.799999999999999,0.0,24
2016-10-31,11.25,17.0,83.70833333333333,8.0,103.0,9.424999999999999,0.0,24
2016-11-01,8.799999999999999,11.8,95.29166666666667,77.29166666666667,52.0,5.470833333333334,0.0,24
2016-11-02,9.879166666666666,11.0,81.375,78.91666666666667,29.083333333333332,8.125,0.0,24
2016-11-03,6.254166666666666,10.8,80.91666666666667,19.625,101.20833333333333,6.183333333333334,0.0,24
2016-11-04,5.9125000000000005,9.4,90.83333333333333,95.04166666666667,41.958333333333336,8.704166666666667,5.6,24
2016-11-05,8.666666666666666,10.8,83.375,85.5,60.958333333333336,10.379166666666666,3.1,24
2016-11-06,5.1875,8.6,82.75,38.083333333333336,82.91666666666667,9.279166666666667,0.0,24
2016-11-07,3.5208333333333335,5.2,93.16666666666667,89.0,21.75,11.541666666666666,2.2,24
2016-11-08,4.6375,7.1,84.75,82.16666666666667,48.833333333333336,9.233333333333333,0.7000000000000001,24
2016-11-09,7.3625,9.7,87.08333333333333,89.45833333333333,20.625,21.150000000000002,11.8,24
2016-11-10,8.733333333333333,10.8,89.5,88.20833333333333,43.958333333333336,15.625,5.2,24
2016-11-11,6.333333333333333,8.9,82.16666666666667,32.5,70.29166666666667,13.970833333333333,0.3,24
2016-11-12,2.8541666666666665,6.6,85.125,95.70833333333333,39.125,11.7875,5.3,24
2016-11-13,8.008333333333333,9.7,92.25,98.54166666666667,23.083333333333332,11.779166666666667,0.7000000000000001,24
2016-11-14,7.570833333333333,8.9,89.25,96.91666666666667,33.958333333333336,6.5375000000000005,0.0,24
2016-11-15,10.341666666666667,12.1,95.08333333333333,99.16666666666667,11.791666666666666,11.65,1.0999999999999999,24
2016-11-16,12.216666666666667,13.0,93.66666666666667,99.91666666666667,19.708333333333332,15.866666666666667,1.8,24
2016-11-17,11.7125,12.9,85.5,95.66666666666667,27.666666666666668,23.745833333333334,0.8,24
2016-11-18,9.545833333333333,11.9,74.29166666666667,73.79166666666667,61.0,25.1375,3.2,24
2016-11-19,6.891666666666667,9.1,75.08333333333333,70.875,44.791666666666664,18.391666666666666,0.0,24
2016-11-20,11.208333333333334,12.8,77.66666666666667,94.79166666666667,21.583333333333332,27.429166666666664,6.6,24
2016-11-21,12.225,14.4,85.95833333333333,78.25,24.875,21.445833333333336,4.0,24
2016-11-22,10.108333333333333,12.1,80.125,80.375,38.5,16.570833333333333,0.0,24
2016-11-23,10.258333333333333,15.4,90.625,99.08333333333333,53.416666666666664,9.366666666666667,6.8,24
2016-11-24,10.504166666666666,13.1,84.29166666666667,97.08333333333333,35.208333333333336,14.341666666666667,0.1,24
2016-11-25,9.262500000000001,10.9,80.41666666666667,97.75,36.166666666666664,15.991666666666667,0.0,24
2016-11-26,7.708333333333333,9.9,90.08333333333333,87.5,21.541666666666668,6.3374999999999995,0.0,24
2016-11-27,5.991666666666667,8.6,87.875,59.666666666666664,35.791666666666664,12.691666666666668,0.0,24
2016-11-28,4.425,6.0,68.75,23.833333333333332,67.04166666666667,19.316666666666666,0.0,24
2016-11-29,0.37916666666666665,4.2,63.0,0.0,69.0,14.554166666666667,0.0,24
2016-11-30,-0.6458333333333334,3.8,79.0,0.3333333333333333,65.95833333333333,4.445833333333334,0.0,24
2016-12-01,-0.24166666666666667,5.0,85.45833333333333,0.125,65.20833333333333,5.370833333333334,0.0,24
2016-12-02,2.2291666666666665,6.1,95.83333333333333,66.20833333333333,24.166666666666668,6.854166666666667,0.0,24
2016-12-03,3.845833333333333,5.2,87.91666666666667,57.25,45.333333333333336,13.875,0.0,24
2016-12-04,1.5,6.8,83.66666666666667,1.3333333333333333,62.583333333333336,10.429166666666667,0.0,24
2016-12-05,2.904166666666667,9.2,92.375,3.25,59.125,7.629166666666666,0.0,24
2016-12-06,2.245833333333333,7.0,96.54166666666667,76.33333333333333,41.458333333333336,6.145833333333333,0.0,24
2016-12-07,4.116666666666666,10.1,92.375,73.54166666666667,54.458333333333336,8.491666666666667,0.0,24
2016-12-08,3.65,9.1,88.95833333333333,53.375,54.458333333333336,10.612499999999999,0.0,24
2016-12-09,5.029166666666667,10.4,92.625,59.916666666666664,55.833333333333336,9.404166666666667,0.0,24
2016-12-10,4.491666666666666,8.5,96.20833333333333,55.625,36.75,10.545833333333333,0.0,24
2016-12-11,7.541666666666667,9.8,92.04166666666667,81.83333333333333,48.916666666666664,10.395833333333334,0.1,24
2016-12-12,4.058333333333334,5.4,94.20833333333333,91.08333333333333,15.291666666666666,8.762500000000001,0.6,24
2016-12-13,6.591666666666666,10.1,91.58333333333333,76.0,33.375,9.216666666666667,2.0,24
2016-12-14,4.341666666666667,8.6,89.79166666666667,30.583333333333332,56.125,8.108333333333333,0.0,24
2016-12-15,2.6875,6.0,97.75,65.29166666666667,26.25,7.9125000000000005,0.0,24
2016-12-16,4.904166666666667,10.0,92.875,27.875,50.791666666666664,7.654166666666666,0.0,24
2016-12-17,3.25,5.2,98.04166666666667,90.58333333333333,27.416666666666668,5.2749999999999995,0.0,24
2016-12-18,4.029166666666667,4.9,97.58333333333333,100.0,16.208333333333332,5.0125,0.0,24
2016-12-19,4.641666666666667,6.4,89.08333333333333,79.54166666666667,27.666666666666668,9.279166666666667,0.0,24
2016-12-20,3.4125,5.7,88.29166666666667,78.75,39.291666666666664,7.358333333333333,0.1,24
2016-12-21,3.9416666666666664,6.6,86.20833333333333,97.125,40.416666666666664,14.700000000000001,1.3,24
2016-12-22,7.620833333333334,9.0,95.66666666666667,96.20833333333333,8.0,12.237499999999999,15.0,24
2016-12-23,4.983333333333333,6.5,95.83333333333333,95.58333333333333,23.416666666666668,10.575000000000001,0.0,24
2016-12-24,8.404166666666667,10.1,89.08333333333333,91.5,35.333333333333336,15.620833333333332,0.0,24
2016-12-25,7.916666666666667,10.1,90.58333333333333,94.58333333333333,29.083333333333332,15.6875,0.0,24
2016-12-26,9.370833333333334,11.1,88.75,82.5,18.375,12.4,0.1,24
2016-12-27,1.7083333333333333,6.4,90.66666666666667,19.708333333333332,57.208333333333336,6.945833333333333,0.0,24
2016-12-28,0.9458333333333333,6.4,90.41666666666667,58.791666666666664,57.833333333333336,9.933333333333334,0.0,24
2016-12-29,-0.6333333333333333,4.7,90.5,3.2083333333333335,59.666666666666664,8.304166666666667,0.0,24
2016-12-30,-2.8833333333333333,-1.1,96.91666666666667,99.75,29.375,3.170833333333333,0.0,24
2016-12-31,-3.5625,-2.2,96.0,100.0,24.208333333333332,4.6499999999999995,0.0,24
2017-01-01,-2.0749999999999997,0.9,90.91666666666667,95.5,17.666666666666668,9.475,0.30000000000000004,24
2017-01-02,0.4291666666666667,2.4,94.625,93.33333333333333,17.208333333333332,6.416666666666667,0.6000000000000001,24
2017-01-03,-0.11249999999999999,2.5,95.625,92.54166666666667,29.0,6.3625,0.0,24
2017-01-04,3.4166666666666665,5.3,89.45833333333333,88.83333333333333,9.375,16.204166666666666,0.2,24
2017-01-05,1.3625,6.2,88.125,27.333333333333332,56.666666666666664,9.125,0.1,24
2017-01-06,-2.4625,1.3,83.70833333333333,41.375,60.958333333333336,6.879166666666666,0.0,24
2017-01-07,-1.2958333333333334,3.0,82.33333333333333,99.66666666666667,7.375,7.491666666666667,0.1,24
2017-01-08,2.4291666666666667,3.8,100.0,100.0,10.041666666666666,5.7,0.0,24
2017-01-09,4.8374999999999995,7.5,97.54166666666667,100.0,13.541666666666666,9.604166666666666,1.9,24
2017-01-10,5.2749999999999995,7.6,90.04166666666667,66.875,42.25,11.491666666666667,3.3000000000000003,24
2017-01-11,6.875,10.2,90.29166666666667,87.0,10.916666666666666,15.308333333333332,1.1,24
2017-01-12,6.279166666666666,8.2,82.70833333333333,97.83333333333333,21.083333333333332,21.575,5.9,24
2017-01-13,2.4125,4.5,80.16666666666667,51.333333333333336,48.625,23.34583333333333,2.9,24
2017-01-14,1.5250000000000001,4.5,85.16666666666667,52.0,51.25,13.995833333333332,1.0,24
2017-01-15,0.8375,3.7,93.58333333333333,84.91666666666667,25.208333333333332,8.9,5.1,24
2017-01-16,1.6708333333333334,2.6,91.95833333333333,93.83333333333333,27.666666666666668,7.445833333333333,0.1,24
2017-01-17,-2.8958333333333335,0.1,82.5,12.5,68.91666666666667,11.012500000000001,0.0,24
2017-01-18,-2.4166666666666665,1.7,64.83333333333333,2.125,71.91666666666667,14.891666666666666,0.0,24
2017-01-19,-2.441666666666667,1.8,63.375,0.9583333333333334,72.70833333333333,11.887500000000001,0.0,24
2017-01-20,-3.0500000000000003,1.7,70.375,3.7916666666666665,73.66666666666667,9.895833333333334,0.0,24
2017-01-21,-2.970833333333333,2.7,76.83333333333333,1.6666666666666667,74.29166666666667,6.216666666666666,0.0,24
2017-01-22,-3.033333333333333,5.0,78.75,53.458333333333336,72.25,7.191666666666666,0.0,24
2017-01-23,-2.191666666666667,3.7,85.70833333333333,32.416666666666664,73.875,8.670833333333333,0.0,24
2017-01-24,-2.0124999999999997,1.0,93.375,69.70833333333333,22.416666666666668,4.4750000000000005,0.2,24
2017-01-25,-1.7583333333333335,1.5,84.5,35.916666666666664,73.33333333333333,8.175,0.0,24
2017-01-26,-2.3541666666666665,3.6,72.125,7.125,81.83333333333333,9.875,0.0,24
2017-01-27,3.7083333333333335,10.7,75.29166666666667,80.75,64.375,14.429166666666667,0.7,24
2017-01-28,6.3374999999999995,9.1,77.66666666666667,80.95833333333333,39.208333333333336,14.825000000000001,0.3,24
2017-01-29,4.3,7.2,91.04166666666667,82.04166666666667,45.333333333333336,13.658333333333333,2.8000000000000003,24
2017-01-30,8.7875,10.2,92.66666666666667,99.375,12.916666666666666,13.229166666666666,11.1,24
2017-01-31,9.700000000000001,11.1,97.95833333333333,99.875,19.666666666666668,6.108333333333333,2.6,24
2017-02-01,9.625,13.3,91.29166666666667,88.0,49.791666666666664,13.25,1.4,24
2017-02-02,9.641666666666667,12.7,85.45833333333333,98.29166666666667,44.041666666666664,15.958333333333334,3.3000000000000003,24
2017-02-03,8.475,11.5,83.45833333333333,84.91666666666667,60.458333333333336,21.4875,2.3,24
2017-02-04,5.625,7.8,88.75,79.16666666666667,25.083333333333332,15.4,8.1,24
2017-02-05,5.9125000000000005,10.5,86.375,88.875,45.791666666666664,10.75,3.4,24
2017-02-06,6.054166666666667,8.7,82.5,99.875,43.166666666666664,12.304166666666667,0.0,24
2017-02-07,6.808333333333334,10.6,85.45833333333333,93.79166666666667,48.666666666666664,12.708333333333334,8.0,24
2017-02-08,4.670833333333333,8.2,85.5,76.33333333333333,52.291666666666664,10.5625,0.2,24
2017-02-09,3.5833333333333335,6.7,80.58333333333333,84.70833333333333,44.208333333333336,9.8125,0.1,24
2017-02-10,0.9791666666666666,2.9,79.70833333333333,87.95833333333333,53.375,9.424999999999999,0.6000000000000001,24
2017-02-11,-1.0916666666666666,2.3,87.0,57.25,53.083333333333336,6.545833333333333,0.8,24
2017-02-12,2.766666666666667,8.8,89.41666666666667,90.41666666666667,50.291666666666664,10.204166666666667,2.1,24
2017-02-13,5.966666666666666,10.1,72.125,53.958333333333336,109.95833333333333,16.733333333333334,0.0,24
2017-02-14,7.316666666666666,12.5,74.25,71.375,45.875,13.141666666666666,0.0,24
2017-02-15,9.558333333333334,15.7,81.125,31.041666666666668,109.91666666666667,11.237499999999999,1.3,24
2017-02-16,8.308333333333334,13.1,89.875,79.33333333333333,70.33333333333333,4.679166666666666,1.3,24
2017-02-17,5.845833333333334,9.7,90.33333333333333,85.58333333333333,61.833333333333336,5.641666666666667,0.0,24
2017-02-18,5.179166666666666,11.4,86.0,45.125,105.58333333333333,7.879166666666666,0.0,24
2017-02-19,4.75,12.1,89.08333333333333,75.91666666666667,90.95833333333333,6.566666666666666,0.0,24
2017-02-20,9.333333333333334,12.1,86.16666666666667,99.16666666666667,29.416666666666668,12.779166666666667,0.0,24
2017-02-21,10.891666666666666,11.9,87.16666666666667,100.0,26.208333333333332,17.108333333333334,0.0,24
2017-02-22,10.725,12.7,77.20833333333333,99.25,35.416666666666664,21.791666666666668,0.0,24
2017-02-23,9.637500000000001,11.3,74.375,93.79166666666667,33.583333333333336,26.4875,0.30000000000000004,24
2017-02-24,5.679166666666667,8.4,70.75,37.333333333333336,114.25,15.520833333333334,0.30000000000000004,24
2017-02-25,4.379166666666666,10.7,74.95833333333333,55.291666666666664,127.95833333333333,11.629166666666668,0.0,24
2017-02-26,8.104166666666666,12.5,79.29166666666667,89.29166666666667,45.666666666666664,15.470833333333333,1.7000000000000002,24
2017-02-27,9.216666666666667,11.1,81.33333333333333,90.125,32.375,27.258333333333336,8.9,24
2017-02-28,5.4875,7.9,76.79166666666667,64.66666666666667,78.83333333333333,22.875,4.3,24
2017-03-01,7.754166666666666,11.0,83.91666666666667,83.83333333333333,25.5,22.84166666666667,10.4,24
2017-03-02,7.804166666666667,11.9,69.29166666666667,53.958333333333336,136.70833333333334,18.966666666666665,0.0,24
2017-03-03,9.275,15.6,74.45833333333333,99.29166666666667,86.79166666666667,14.079166666666666,2.4,24
2017-03-04,8.733333333333333,11.0,87.08333333333333,96.41666666666667,20.791666666666668,13.545833333333334,21.8,24
2017-03-05,6.329166666666667,9.9,82.83333333333333,64.41666666666667,47.875,22.620833333333334,7.0,24
2017-03-06,6.358333333333333,7.5,77.83333333333333,83.95833333333333,37.541666666666664,20.566666666666666,7.3,24
2017-03-07,6.558333333333334,9.6,76.54166666666667,84.70833333333333,76.875,14.566666666666668,0.9,24
2017-03-08,9.737499999999999,13.9,88.04166666666667,97.75,29.208333333333332,18.329166666666666,2.1,24
2017-03-09,12.116666666666667,13.6,88.0,100.0,27.291666666666668,16.7375,0.2,24
2017-03-10,9.0,12.2,89.33333333333333,76.20833333333333,77.20833333333333,7.504166666666666,0.0,24
2017-03-11,7.875,16.2,80.08333333333333,62.125,155.83333333333334,8.424999999999999,0.0,24
2017-03-12,9.741666666666667,16.6,78.75,84.33333333333333,160.0,7.654166666666666,0.0,24
2017-03-13,9.891666666666667,14.2,82.45833333333333,58.25,102.83333333333333,12.641666666666666,0.1,24
2017-03-14,8.25,13.6,84.0,73.58333333333333,134.41666666666666,8.566666666666666,0.0,24
2017-03-15,10.762500000000001,14.5,80.91666666666667,87.58333333333333,78.29166666666667,6.808333333333334,0.0,24
2017-03-16,10.895833333333334,18.9,80.41666666666667,2.9583333333333335,183.54166666666666,7.8999999999999995,0.0,24
2017-03-17,9.454166666666667,12.6,79.0,85.91666666666667,76.58333333333333,12.845833333333333,0.2,24
2017-03-18,10.308333333333334,13.3,78.33333333333333,99.91666666666667,29.541666666666668,24.241666666666664,1.1,24
2017-03-19,12.070833333333333,13.6,78.04166666666667,98.875,65.29166666666667,17.554166666666667,0.0,24
2017-03-20,10.575000000000001,12.4,74.58333333333333,97.91666666666667,70.04166666666667,16.870833333333334,0.0,24
2017-03-21,9.012500000000001,11.0,73.91666666666667,95.29166666666667,112.125,14.137500000000001,0.7000000000000001,24
2017-03-22,7.208333333333333,12.1,76.45833333333333,61.458333333333336,121.29166666666667,14.1,2.7,24
2017-03-23,8.637500000000001,13.2,84.04166666666667,95.58333333333333,94.83333333333333,10.979166666666666,20.7,24
2017-03-24,9.262500000000001,13.8,84.625,95.375,101.83333333333333,9.549999999999999,3.6,24
2017-03-25,11.237499999999999,17.2,64.625,24.416666666666668,216.29166666666666,19.979166666666668,0.0,24
2017-03-26,11.466666666666667,16.8,64.54166666666667,36.583333333333336,203.20833333333334,10.708333333333334,0.0,24
2017-03-27,11.070833333333333,18.3,74.04166666666667,30.166666666666668,215.29166666666666,8.875,0.0,24
2017-03-28,11.766666666666666,16.7,75.04166666666667,31.291666666666668,174.5,11.375,0.2,24
2017-03-29,11.825000000000001,18.7,75.33333333333333,57.5,137.16666666666666,9.154166666666667,0.0,24
2017-03-30,14.4375,21.8,70.91666666666667,73.20833333333333,220.75,11.495833333333332,0.0,24
2017-03-31,14.666666666666666,18.0,65.45833333333333,95.20833333333333,160.58333333333334,15.529166666666667,0.4,24
2017-04-01,11.5625,15.0,71.95833333333333,92.0,132.625,9.262500000000001,0.2,24
2017-04-02,10.304166666666667,16.1,79.29166666666667,46.791666666666664,194.83333333333334,6.9375,0.5,24
2017-04-03,11.620833333333332,18.2,75.125,25.125,213.45833333333334,6.1000000000000005,0.0,24
2017-04-04,10.945833333333333,15.8,77.0,53.0,148.41666666666666,10.299999999999999,0.0,24
2017-04-05,11.029166666666667,14.9,74.79166666666667,80.25,166.70833333333334,14.245833333333332,0.0,24
2017-04-06,8.762500000000001,12.6,68.45833333333333,55.125,168.125,12.445833333333333,0.0,24
2017-04-07,9.5625,17.0,76.83333333333333,0.2916666666666667,243.08333333333334,7.1125,0.0,24
2017-04-08,11.820833333333333,19.1,77.16666666666667,0.0,247.29166666666666,7.083333333333333,0.0,24
2017-04-09,13.958333333333334,23.4,72.70833333333333,0.0,252.20833333333334,7.2875000000000005,0.0,24
2017-04-10,12.045833333333334,15.2,70.41666666666667,61.083333333333336,136.875,14.5,0.0,24
2017-04-11,9.9,15.3,64.625,48.166666666666664,249.04166666666666,7.004166666666666,0.0,24
2017-04-12,10.354166666666666,17.0,70.95833333333333,10.666666666666666,255.0,11.841666666666667,0.0,24
2017-04-13,10.341666666666667,13.8,77.5,63.291666666666664,124.125,8.295833333333333,0.5,24
2017-04-14,11.424999999999999,15.1,69.75,96.08333333333333,134.66666666666666,8.195833333333333,0.5,24
2017-04-15,10.275,15.1,79.04166666666667,82.625,85.25,12.154166666666667,1.8,24
2017-04-16,9.904166666666667,13.6,68.83333333333333,79.0,136.33333333333334,13.066666666666668,0.2,24
2017-04-17,9.754166666666666,12.9,72.70833333333333,63.25,137.29166666666666,14.670833333333334,0.30000000000000004,24
2017-04-18,6.8999999999999995,11.2,65.16666666666667,26.125,246.125,11.3125,1.5,24
2017-04-19,6.483333333333333,11.3,60.125,6.708333333333333,278.5,15.1,0.0,24
2017-04-20,5.958333333333333,12.0,57.375,25.291666666666668,284.125,7.733333333333333,0.0,24
2017-04-21,9.008333333333333,16.2,62.541666666666664,13.5,279.0416666666667,5.479166666666667,0.0,24
2017-04-22,10.179166666666667,15.3,76.91666666666667,67.0,156.625,9.625,0.5,24
2017-04-23,8.695833333333333,13.2,65.625,50.125,215.41666666666666,9.995833333333334,0.0,24
2017-04-24,9.608333333333333,16.1,61.666666666666664,55.583333333333336,278.625,7.1625000000000005,0.0,24
2017-04-25,8.475,11.3,56.541666666666664,99.70833333333333,175.08333333333334,12.6625,0.6000000000000001,24
2017-04-26,5.854166666666667,10.7,63.958333333333336,40.625,249.75,11.833333333333334,2.1,24
2017-04-27,6.279166666666666,11.3,64.625,31.958333333333332,263.0,12.158333333333333,0.8,24
2017-04-28,8.0,14.2,72.41666666666667,68.875,178.25,7.625,2.2,24
2017-04-29,10.354166666666666,15.9,66.875,48.541666666666664,180.25,11.195833333333333,0.0,24
2017-04-30,12.012500000000001,18.7,59.5,82.83333333333333,204.29166666666666,18.254166666666666,8.4,24
2017-05-01,10.525,14.9,65.20833333333333,80.375,227.125,21.75,1.8,24
2017-05-02,11.129166666666668,16.5,70.25,78.08333333333333,225.91666666666666,8.804166666666667,1.5,24
2017-05-03,9.983333333333333,12.3,85.08333333333333,97.45833333333333,120.875,7.2625,6.4,24
2017-05-04,10.8125,16.5,81.04166666666667,53.958333333333336,230.5,8.295833333333333,2.8000000000000003,24
2017-05-05,12.25,17.1,75.79166666666667,36.166666666666664,192.33333333333334,12.875,0.0,24
2017-05-06,12.275,15.9,80.45833333333333,97.625,81.375,10.4625,2.6,24
2017-05-07,11.5875,14.7,82.0,95.75,82.91666666666667,16.162499999999998,2.0,24
2017-05-08,9.9375,12.0,78.125,79.95833333333333,118.0,12.520833333333334,0.0,24
2017-05-09,10.799999999999999,15.6,66.375,12.833333333333334,315.375,13.9125,0.0,24
2017-05-10,12.654166666666667,20.3,65.5,37.875,315.9583333333333,10.520833333333334,0.0,24
2017-05-11,15.266666666666666,20.7,75.5,85.0,212.95833333333334,12.0375,3.2,24
2017-05-12,14.804166666666667,18.4,82.66666666666667,69.29166666666667,186.375,12.254166666666668,6.6,24
2017-05-13,14.995833333333332,18.8,72.75,46.625,217.08333333333334,13.458333333333334,0.1,24
2017-05-14,14.375,18.6,70.29166666666667,64.04166666666667,178.625,11.783333333333333,1.4,24
2017-05-15,16.154166666666665,23.2,69.91666666666667,88.25,225.75,9.220833333333333,0.0,24
2017-05-16,20.195833333333333,26.4,62.083333333333336,55.791666666666664,262.25,9.079166666666667,0.0,24
2017-05-17,20.345833333333335,28.1,68.0,75.20833333333333,257.5,10.504166666666666,1.4,24
2017-05-18,16.054166666666667,20.8,86.41666666666667,93.5,159.08333333333334,12.816666666666668,12.1,24
2017-05-19,11.620833333333332,15.2,75.83333333333333,76.58333333333333,219.25,12.783333333333333,11.0,24
2017-05-20,12.333333333333334,17.1,72.41666666666667,42.166666666666664,248.16666666666666,8.8375,0.8,24
2017-05-21,14.870833333333332,20.5,69.79166666666667,51.458333333333336,253.54166666666666,8.333333333333334,0.0,24
2017-05-22,17.683333333333334,24.5,63.666666666666664,77.83333333333333,270.9166666666667,8.525,0.0,24
2017-05-23,17.829166666666666,23.3,73.66666666666667,57.625,281.5833333333333,12.633333333333333,0.0,24
2017-05-24,17.229166666666668,22.3,79.16666666666667,72.95833333333333,147.375,7.466666666666666,0.2,24
2017-05-25,19.625,25.6,65.75,1.375,325.0416666666667,12.754166666666668,0.0,24
2017-05-26,21.379166666666666,27.6,55.958333333333336,0.0,328.0416666666667,14.833333333333334,0.0,24
2017-05-27,23.195833333333336,30.0,63.875,34.333333333333336,292.625,8.700000000000001,0.3,24
2017-05-28,23.150000000000002,30.6,68.125,81.70833333333333,269.5,8.450000000000001,0.6,24
2017-05-29,23.212500000000002,29.1,71.54166666666667,66.66666666666667,247.54166666666666,8.4375,7.2,24
2017-05-30,18.724999999999998,21.7,73.875,76.45833333333333,165.58333333333334,11.095833333333333,0.5,24
2017-05-31,17.495833333333334,22.8,68.875,77.45833333333333,237.75,7.575,0.0,24
2017-06-01,20.275000000000002,26.1,65.45833333333333,29.708333333333332,264.1666666666667,7.7875000000000005,0.0,24
2017-06-02,21.420833333333334,27.1,71.79166666666667,63.875,225.875,5.5,6.9,24
2017-06-03,17.316666666666666,19.5,80.33333333333333,98.5,121.625,10.9625,3.2,24
2017-06-04,15.15,19.9,61.208333333333336,60.541666666666664,262.1666666666667,10.179166666666667,0.1,24
2017-06-05,17.349999999999998,22.3,57.125,65.70833333333333,230.66666666666666,13.391666666666666,0.0,24
2017-06-06,14.808333333333332,17.5,62.916666666666664,63.875,253.75,28.166666666666668,8.6,24
2017-06-07,14.883333333333333,19.0,57.041666666666664,63.75,184.91666666666666,20.341666666666665,0.4,24
2017-06-08,18.845833333333335,26.5,62.0,86.875,308.4166666666667,13.0625,0.8,24
2017-06-09,18.375,21.5,68.83333333333333,68.125,245.25,12.975,9.3,24
2017-06-10,19.679166666666667,26.0,62.5,13.833333333333334,326.1666666666667,8.358333333333333,0.0,24
2017-06-11,21.604166666666668,28.6,62.083333333333336,40.625,263.2916666666667,11.0,1.2,24
2017-06-12,17.162499999999998,20.5,62.083333333333336,35.958333333333336,298.4583333333333,12.033333333333333,0.0,24
2017-06-13,17.3125,23.5,65.70833333333333,59.0,315.4583333333333,7.55,0.0,24
2017-06-14,21.504166666666666,27.4,59.375,52.5,283.7083333333333,8.441666666666666,0.0,24
2017-06-15,22.599999999999998,27.8,63.875,45.666666666666664,292.9583333333333,12.195833333333333,0.0,24
2017-06-16,18.016666666666666,22.7,60.25,51.125,296.2083333333333,14.545833333333334,0.0,24
2017-06-17,20.0125,26.5,62.791666666666664,33.708333333333336,267.2083333333333,8.045833333333333,0.0,24
2017-06-18,23.4875,29.8,57.916666666666664,2.2083333333333335,333.0,12.620833333333332,0.0,24
2017-06-19,25.304166666666664,32.4,51.125,0.0,336.7916666666667,7.154166666666666,0.0,24
2017-06-20,26.525000000000002,33.2,50.5,43.125,297.2083333333333,6.366666666666667,0.0,24
2017-06-21,28.03333333333333,35.5,51.041666666666664,44.916666666666664,290.1666666666667,7.7124999999999995,2.3000000000000003,24
2017-06-22,26.520833333333332,34.1,56.791666666666664,52.541666666666664,312.5416666666667,12.170833333333334,1.4000000000000001,24
2017-06-23,19.870833333333334,23.4,61.041666666666664,42.25,292.9166666666667,12.445833333333333,0.0,24
2017-06-24,20.241666666666667,24.5,55.5,44.916666666666664,245.08333333333334,12.216666666666667,0.0,24
2017-06-25,21.166666666666668,25.6,60.333333333333336,71.04166666666667,176.33333333333334,13.154166666666667,0.0,24
2017-06-26,21.47083333333333,27.2,64.20833333333333,39.125,261.0416666666667,8.691666666666666,0.0,24
2017-06-27,21.033333333333335,25.6,72.95833333333333,96.04166666666667,142.95833333333334,6.579166666666667,2.0,24
2017-06-28,18.779166666666665,22.8,81.16666666666667,84.25,187.375,11.670833333333334,5.0,24
2017-06-29,17.429166666666667,20.8,69.91666666666667,78.45833333333333,210.20833333333334,13.483333333333334,1.6,24
2017-06-30,16.6875,19.4,74.08333333333333,82.16666666666667,168.29166666666666,12.495833333333332,4.4,24
2017-07-01,16.141666666666666,20.0,82.5,82.41666666666667,70.66666666666667,15.454166666666666,4.2,24
2017-07-02,16.775000000000002,21.3,78.75,69.79166666666667,106.79166666666667,12.133333333333333,0.8,24
2017-07-03,18.0625,23.7,71.20833333333333,43.625,257.0416666666667,9.654166666666667,0.1,24
2017-07-04,19.370833333333334,26.0,70.45833333333333,17.958333333333332,328.75,4.354166666666667,0.0,24
2017-07-05,22.97083333333333,30.4,65.20833333333333,41.666666666666664,315.2916666666667,7.8500000000000005,0.0,24
2017-07-06,25.454166666666666,32.1,61.791666666666664,51.5,250.79166666666666,9.362499999999999,2.0999999999999996,24
2017-07-07,24.974999999999998,31.3,59.958333333333336,21.375,321.2916666666667,10.333333333333334,0.0,24
2017-07-08,23.34583333333333,28.9,55.75,31.833333333333332,319.0833333333333,10.375,0.0,24
2017-07-09,22.6125,27.0,66.33333333333333,91.58333333333333,188.20833333333334,8.979166666666666,6.3,24
2017-07-10,19.408333333333335,22.9,79.16666666666667,84.875,139.625,9.779166666666667,5.2,24
2017-07-11,19.037499999999998,23.7,67.83333333333333,82.16666666666667,157.0,9.083333333333334,1.4,24
2017-07-12,19.733333333333334,22.6,69.375,88.5,122.83333333333333,17.325,6.5,24
2017-07-13,17.650000000000002,22.4,67.54166666666667,96.29166666666667,95.125,8.387500000000001,1.5,24
2017-07-14,18.587500000000002,23.3,61.583333333333336,62.791666666666664,223.29166666666666,14.720833333333333,0.1,24
2017-07-15,18.816666666666666,25.3,63.125,71.08333333333333,243.625,7.895833333333333,0.0,24
2017-07-16,21.554166666666664,27.4,65.875,59.666666666666664,175.875,9.200000000000001,2.4,24
2017-07-17,22.754166666666666,28.9,66.125,42.041666666666664,271.5416666666667,8.291666666666666,0.0,24
2017-07-18,25.52916666666667,33.3,58.5,72.04166666666667,277.5833333333333,12.15,2.7,24
2017-07-19,24.941666666666666,30.7,62.041666666666664,73.5,192.16666666666666,14.195833333333333,2.0,24
2017-07-20,20.154166666666665,22.7,66.66666666666667,79.125,175.375,16.845833333333335,2.2,24
2017-07-21,19.945833333333333,27.9,54.083333333333336,34.083333333333336,309.4166666666667,10.895833333333334,0.0,24
2017-07-22,18.704166666666666,21.4,63.166666666666664,75.04166666666667,105.0,13.795833333333334,2.4,24
2017-07-23,17.533333333333335,21.5,63.166666666666664,68.5,152.83333333333334,18.066666666666666,3.3,24
2017-07-24,16.354166666666668,20.0,80.70833333333333,88.25,103.04166666666667,17.120833333333334,5.3,24
2017-07-25,17.779166666666665,21.1,71.875,76.5,185.54166666666666,15.866666666666667,1.2,24
2017-07-26,18.304166666666667,23.6,74.5,70.58333333333333,162.83333333333334,12.0,0.5,24
2017-07-27,18.75,21.3,73.83333333333333,90.75,123.04166666666667,11.366666666666667,1.9,24
2017-07-28,19.212500000000002,22.5,61.375,77.29166666666667,154.04166666666666,12.970833333333333,0.0,24
2017-07-29,21.633333333333336,27.1,64.125,69.70833333333333,152.125,16.2375,1.8,24
2017-07-30,21.566666666666666,24.8,59.291666666666664,72.25,201.0,19.883333333333333,0.2,24
2017-07-31,19.662499999999998,25.1,62.166666666666664,90.16666666666667,205.75,8.858333333333333,0.9,24
2017-08-01,19.958333333333332,26.2,66.75,69.66666666666667,193.875,8.195833333333333,0.9,24
2017-08-02,21.025000000000002,28.0,56.291666666666664,90.75,121.91666666666667,7.441666666666666,0.0,24
2017-08-03,22.150000000000002,26.5,54.583333333333336,70.58333333333333,218.04166666666666,18.904166666666665,3.0,24
2017-08-04,20.741666666666667,25.4,59.083333333333336,82.25,132.625,14.733333333333334,0.5,24
2017-08-05,19.308333333333334,22.6,66.20833333333333,61.291666666666664,201.04166666666666,13.833333333333334,5.1,24
2017-08-06,17.608333333333334,23.5,59.625,11.0,283.0,7.845833333333334,0.0,24
2017-08-07,19.533333333333335,26.4,50.333333333333336,59.708333333333336,284.9583333333333,8.970833333333333,0.0,24
2017-08-08,16.695833333333333,20.2,75.08333333333333,76.0,152.04166666666666,10.4,9.7,24
2017-08-09,15.058333333333332,19.1,79.66666666666667,56.416666666666664,179.75,4.979166666666667,7.5,24
2017-08-10,15.008333333333333,20.1,79.41666666666667,53.166666666666664,216.33333333333334,7.879166666666666,1.7000000000000002,24
2017-08-11,16.229166666666668,21.3,75.5,61.083333333333336,159.54166666666666,10.141666666666667,0.7,24
2017-08-12,16.8875,20.7,77.04166666666667,95.91666666666667,57.291666666666664,13.995833333333332,1.5,24
2017-08-13,17.458333333333332,21.7,69.625,58.75,212.95833333333334,5.941666666666666,0.0,24
2017-08-14,19.445833333333333,26.9,62.666666666666664,34.666666666666664,262.4583333333333,6.3125,0.0,24
2017-08-15,21.724999999999998,25.5,67.125,89.16666666666667,166.625,11.495833333333332,1.2000000000000002,24
2017-08-16,19.241666666666667,24.6,71.0,71.375,203.66666666666666,6.370833333333334,0.0,24
2017-08-17,19.404166666666665,23.2,79.79166666666667,86.75,92.20833333333333,14.616666666666667,8.1,24
2017-08-18,18.675,21.2,81.83333333333333,83.875,91.79166666666667,12.916666666666666,21.9,24
2017-08-19,16.041666666666668,19.8,68.25,33.625,180.91666666666666,14.016666666666666,1.2,24
2017-08-20,15.991666666666667,20.8,69.0,40.541666666666664,202.20833333333334,7.158333333333334,0.0,24
2017-08-21,18.770833333333332,22.9,70.45833333333333,95.41666666666667,96.20833333333333,5.425,0.2,24
2017-08-22,20.841666666666665,27.4,79.83333333333333,59.166666666666664,213.375,6.566666666666666,0.0,24
2017-08-23,21.495833333333334,28.6,72.41666666666667,46.291666666666664,236.75,11.154166666666667,0.2,24
2017-08-24,18.983333333333334,23.9,70.91666666666667,88.75,181.45833333333334,4.258333333333334,0.5,24
2017-08-25,19.354166666666668,23.0,83.20833333333333,66.29166666666667,138.95833333333334,8.9,17.0,24
2017-08-26,21.379166666666666,27.2,80.33333333333333,74.91666666666667,198.66666666666666,5.404166666666666,0.0,24
2017-08-27,22.254166666666666,27.7,73.375,54.125,234.16666666666666,6.1375,0.0,24
2017-08-28,22.958333333333332,29.5,73.70833333333333,34.708333333333336,239.83333333333334,7.4125000000000005,0.0,24
2017-08-29,25.066666666666666,32.5,65.33333333333333,20.166666666666668,236.83333333333334,6.595833333333334,0.0,24
2017-08-30,20.079166666666666,25.8,80.375,80.79166666666667,61.083333333333336,13.3375,4.300000000000001,24
2017-08-31,15.866666666666667,20.0,73.04166666666667,55.458333333333336,181.83333333333334,11.433333333333332,1.9000000000000001,24
2017-09-01,16.354166666666668,21.0,68.20833333333333,57.416666666666664,209.875,6.295833333333333,0.4,24
2017-09-02,15.370833333333332,20.4,73.33333333333333,35.708333333333336,203.0,8.841666666666667,0.7,24
2017-09-03,15.858333333333334,21.3,65.875,95.33333333333333,163.0,7.658333333333334,0.0,24
2017-09-04,19.020833333333332,23.1,67.95833333333333,96.16666666666667,99.91666666666667,6.545833333333333,0.0,24
2017-09-05,19.783333333333335,22.5,77.08333333333333,74.75,103.75,13.6875,0.4,24
2017-09-06,17.416666666666668,20.0,66.25,91.0,108.66666666666667,17.429166666666667,0.2,24
2017-09-07,16.466666666666665,20.1,69.875,86.95833333333333,125.08333333333333,11.991666666666667,0.7,24
2017-09-08,16.391666666666666,18.8,79.54166666666667,94.25,41.791666666666664,20.841666666666665,9.2,24
2017-09-09,14.641666666666666,17.1,79.125,54.791666666666664,156.70833333333334,15.704166666666666,6.0,24
2017-09-10,14.9,19.1,72.375,54.916666666666664,123.83333333333333,15.354166666666666,1.0,24
2017-09-11,15.0625,17.9,71.04166666666667,63.958333333333336,125.125,23.504166666666666,1.6,24
2017-09-12,14.8125,17.9,70.29166666666667,45.791666666666664,147.29166666666666,18.845833333333335,0.2,24
2017-09-13,16.2875,19.0,79.375,98.875,66.16666666666667,24.825,25.9,24
2017-09-14,13.5375,15.9,71.95833333333333,60.041666666666664,160.75,20.991666666666667,8.3,24
2017-09-15,11.891666666666666,15.5,80.16666666666667,42.5,145.33333333333334,9.741666666666667,0.9,24
2017-09-16,10.612499999999999,14.8,84.04166666666667,51.666666666666664,138.70833333333334,5.0249999999999995,4.2,24
2017-09-17,11.266666666666666,16.1,86.625,79.29166666666667,146.75,4.558333333333333,5.3,24
2017-09-18,11.483333333333334,16.9,83.125,45.833333333333336,149.58333333333334,9.029166666666667,3.8,24
2017-09-19,12.454166666666666,16.9,79.375,72.20833333333333,139.41666666666666,9.629166666666666,6.6,24
2017-09-20,12.025,17.3,79.54166666666667,48.625,106.45833333333333,6.529166666666666,0.1,24
2017-09-21,14.125,20.2,73.16666666666667,53.041666666666664,191.125,8.2875,0.0,24
2017-09-22,14.395833333333334,18.7,79.58333333333333,52.083333333333336,128.16666666666666,7.375,0.2,24
2017-09-23,13.341666666666667,19.9,78.375,57.25,177.79166666666666,6.395833333333333,0.0,24
2017-09-24,15.195833333333333,21.8,78.5,68.83333333333333,181.66666666666666,7.358333333333333,0.0,24
2017-09-25,16.195833333333333,19.8,75.79166666666667,95.20833333333333,83.70833333333333,6.466666666666666,0.0,24
2017-09-26,16.345833333333335,20.2,85.58333333333333,74.70833333333333,106.45833333333333,4.683333333333334,1.0,24
2017-09-27,15.208333333333334,19.1,85.375,92.125,102.79166666666667,6.895833333333333,0.0,24
2017-09-28,17.220833333333335,19.9,84.375,90.08333333333333,72.95833333333333,8.408333333333333,1.7000000000000002,24
2017-09-29,18.729166666666668,24.2,80.875,75.875,124.20833333333333,10.620833333333334,3.3,24
2017-09-30,15.641666666666666,17.9,74.70833333333333,85.16666666666667,115.875,10.924999999999999,1.9,24
2017-10-01,13.875,15.4,86.83333333333333,99.91666666666667,14.875,16.420833333333334,7.2,24
2017-10-02,17.275000000000002,19.5,82.41666666666667,95.16666666666667,73.58333333333333,16.900000000000002,1.9,24
2017-10-03,14.070833333333333,16.1,75.20833333333333,78.29166666666667,102.79166666666667,11.258333333333333,3.9,24
2017-10-04,12.3125,17.3,77.875,81.91666666666667,143.20833333333334,8.229166666666666,0.0,24
2017-10-05,12.933333333333332,17.9,83.33333333333333,37.375,65.20833333333333,15.387500000000001,1.7,24
2017-10-06,11.133333333333333,15.5,74.79166666666667,45.833333333333336,120.66666666666667,12.379166666666668,0.1,24
2017-10-07,10.679166666666667,15.8,75.70833333333333,64.125,90.25,13.166666666666666,2.0,24
2017-10-08,14.004166666666668,16.6,84.79166666666667,87.5,72.0,10.479166666666666,1.1,24
2017-10-09,13.362499999999999,17.8,80.16666666666667,69.625,111.25,6.6000000000000005,0.0,24
2017-10-10,15.120833333333332,17.4,81.16666666666667,95.83333333333333,69.75,10.604166666666666,2.5,24
2017-10-11,15.5625,18.9,75.20833333333333,72.875,91.79166666666667,12.170833333333334,0.30000000000000004,24
2017-10-12,16.108333333333334,19.7,81.875,68.20833333333333,58.875,12.341666666666667,1.1,24
2017-10-13,16.295833333333334,21.2,82.70833333333333,41.666666666666664,116.375,6.520833333333333,0.0,24
2017-10-14,15.483333333333334,21.9,84.125,12.041666666666666,135.70833333333334,6.133333333333333,0.0,24
2017-10-15,16.208333333333332,23.1,81.75,19.708333333333332,135.91666666666666,10.4,0.0,24
2017-10-16,18.716666666666665,24.9,77.5,8.291666666666666,133.29166666666666,11.458333333333334,0.1,24
2017-10-17,16.483333333333334,22.0,88.08333333333333,87.91666666666667,117.16666666666667,6.366666666666667,0.0,24
2017-10-18,15.358333333333334,20.6,82.04166666666667,47.25,100.5,8.604166666666666,0.0,24
2017-10-19,16.25,21.5,76.95833333333333,33.041666666666664,101.20833333333333,15.791666666666666,0.1,24
2017-10-20,14.0875,16.1,70.66666666666667,55.541666666666664,95.91666666666667,18.370833333333334,5.800000000000001,24
2017-10-21,14.695833333333333,17.2,68.25,42.666666666666664,87.5,22.95,1.5,24
2017-10-22,11.225,13.2,68.58333333333333,55.25,86.125,23.45,0.9,24
2017-10-23,11.979166666666666,14.1,85.83333333333333,94.16666666666667,16.541666666666668,14.179166666666667,4.7,24
2017-10-24,15.25,19.0,90.54166666666667,94.83333333333333,42.958333333333336,11.170833333333334,3.0,24
2017-10-25,14.737499999999999,18.7,86.91666666666667,69.0,84.66666666666667,8.341666666666667,0.0,24
2017-10-26,12.120833333333332,14.8,97.0,90.66666666666667,50.958333333333336,2.9125,0.1,24
2017-10-27,12.520833333333334,16.1,84.625,69.04166666666667,78.41666666666667,10.025,0.9,24
2017-10-28,9.654166666666667,14.1,81.875,54.541666666666664,74.08333333333333,12.991666666666667,0.0,24
2017-10-29,12.516666666666666,15.1,80.875,94.25,21.666666666666668,17.5625,1.1,24
2017-10-30,8.1875,11.9,77.0,39.583333333333336,83.75,10.175,0.0,24
2017-10-31,6.695833333333333,11.8,85.20833333333333,39.833333333333336,103.29166666666667,4.995833333333334,0.0,24
2017-11-01,8.0625,14.3,80.625,97.58333333333333,84.83333333333333,8.433333333333334,0.0,24
2017-11-02,10.791666666666666,14.1,84.29166666666667,93.41666666666667,47.958333333333336,8.066666666666666,0.1,24
2017-11-03,11.75,16.0,86.66666666666667,89.33333333333333,64.0,7.0874999999999995,0.0,24
2017-11-04,12.075000000000001,15.0,88.16666666666667,74.58333333333333,38.208333333333336,16.0,1.3,24
2017-11-05,7.9624999999999995,10.8,80.16666666666667,38.541666666666664,81.04166666666667,15.120833333333332,3.7,24
2017-11-06,5.9624999999999995,10.6,78.75,10.208333333333334,92.04166666666667,10.120833333333334,0.0,24
2017-11-07,3.7624999999999997,9.2,81.125,6.333333333333333,95.91666666666667,4.8625,0.0,24
2017-11-08,4.554166666666666,7.7,81.54166666666667,92.83333333333333,36.0,5.833333333333333,0.6000000000000001,24
2017-11-09,7.383333333333333,10.9,81.54166666666667,97.04166666666667,47.583333333333336,6.6875,0.0,24
2017-11-10,9.995833333333334,12.3,86.875,90.83333333333333,19.666666666666668,14.995833333333332,0.6000000000000001,24
2017-11-11,10.745833333333332,12.8,88.375,99.45833333333333,5.666666666666667,19.8,7.9,24
2017-11-12,8.916666666666666,12.0,84.41666666666667,70.08333333333333,36.041666666666664,20.712500000000002,13.100000000000001,24
2017-11-13,6.6375,9.1,74.875,43.083333333333336,57.666666666666664,17.962500000000002,0.0,24
2017-11-14,5.520833333333333,10.4,83.58333333333333,38.75,78.29166666666667,6.308333333333334,0.0,24
2017-11-15,7.458333333333333,9.7,87.79166666666667,99.16666666666667,27.041666666666668,4.425,0.2,24
2017-11-16,7.008333333333333,10.3,87.83333333333333,84.83333333333333,54.875,3.8708333333333336,0.0,24
2017-11-17,7.875,10.7,91.16666666666667,87.08333333333333,30.375,4.845833333333333,0.0,24
2017-11-18,5.8125,8.9,89.04166666666667,84.79166666666667,45.75,8.420833333333333,0.30000000000000004,24
2017-11-19,7.8625,9.9,79.33333333333333,78.25,54.541666666666664,11.112499999999999,0.0,24
2017-11-20,7.104166666666667,10.6,88.79166666666667,88.20833333333333,19.0,13.391666666666666,0.30000000000000004,24
2017-11-21,9.704166666666667,10.7,87.70833333333333,92.08333333333333,26.791666666666668,15.116666666666667,0.6000000000000001,24
2017-11-22,10.591666666666667,13.8,76.0,40.5,74.375,17.241666666666667,0.0,24
2017-11-23,13.2875,15.1,70.20833333333333,58.875,44.708333333333336,24.420833333333334,1.4000000000000001,24
2017-11-24,10.858333333333334,13.0,85.66666666666667,94.20833333333333,28.0,13.120833333333332,3.3,24
2017-11-25,5.304166666666666,8.0,87.875,59.625,43.125,13.295833333333334,0.5,24
2017-11-26,4.1375,7.7,80.33333333333333,24.291666666666668,62.541666666666664,14.783333333333333,0.0,24
2017-11-27,6.5125,8.5,86.20833333333333,88.70833333333333,15.583333333333334,21.604166666666668,5.3,24
2017-11-28,6.658333333333334,9.3,88.66666666666667,46.208333333333336,58.916666666666664,13.845833333333333,10.9,24
2017-11-29,2.3583333333333334,5.6,91.66666666666667,40.958333333333336,39.958333333333336,10.424999999999999,0.9,24
2017-11-30,2.2916666666666665,4.0,88.41666666666667,55.541666666666664,47.708333333333336,13.704166666666666,1.2,24
2017-12-01,2.0708333333333333,4.5,85.16666666666667,84.33333333333333,37.666666666666664,12.9375,0.5,24
2017-12-02,0.6541666666666667,2.3,88.08333333333333,85.79166666666667,39.583333333333336,7.633333333333333,0.0,24
2017-12-03,1.0625,4.8,91.45833333333333,98.29166666666667,10.375,7.729166666666667,1.6,24
2017-12-04,5.458333333333333,8.6,94.16666666666667,84.33333333333333,36.625,7.070833333333333,0.0,24
2017-12-05,5.454166666666667,8.7,93.83333333333333,69.70833333333333,23.958333333333332,6.55,0.1,24
2017-12-06,5.254166666666666,7.3,92.58333333333333,73.625,21.958333333333332,8.6625,0.0,24
2017-12-07,4.895833333333333,9.8,90.79166666666667,93.91666666666667,17.583333333333332,22.354166666666668,5.3,24
2017-12-08,3.766666666666667,6.9,84.41666666666667,53.0,45.041666666666664,17.391666666666666,2.3,24
2017-12-09,1.3166666666666667,4.7,82.70833333333333,46.0,57.25,12.995833333333332,0.30000000000000004,24
2017-12-10,6.220833333333334,10.6,85.5,91.54166666666667,38.666666666666664,25.679166666666664,14.2,24
2017-12-11,6.679166666666667,9.7,85.41666666666667,97.625,11.083333333333334,24.741666666666664,13.8,24
2017-12-12,2.533333333333333,5.6,84.20833333333333,37.208333333333336,44.083333333333336,12.441666666666668,0.6,24
2017-12-13,6.354166666666667,9.0,89.54166666666667,81.125,14.416666666666666,24.175,8.9,24
2017-12-14,5.808333333333334,7.3,78.58333333333333,63.541666666666664,37.333333333333336,26.5,3.2,24
2017-12-15,4.4125000000000005,6.1,87.5,84.16666666666667,29.708333333333332,20.295833333333334,2.7,24
2017-12-16,3.8083333333333336,5.7,85.41666666666667,70.125,39.833333333333336,15.262500000000001,0.5,24
2017-12-17,2.904166666666667,5.5,90.0,62.083333333333336,37.916666666666664,8.754166666666666,1.2,24
2017-12-18,6.554166666666667,8.7,87.95833333333333,61.125,43.958333333333336,16.220833333333335,4.5,24
2017-12-19,2.8333333333333335,5.3,96.25,62.708333333333336,40.75,7.4375,0.0,24
2017-12-20,6.529166666666666,9.1,89.66666666666667,98.91666666666667,14.875,8.670833333333333,0.1,24
2017-12-21,9.045833333333333,9.9,97.5,100.0,5.458333333333333,8.970833333333333,0.5,24
2017-12-22,8.741666666666667,10.6,95.29166666666667,96.125,10.666666666666666,9.637500000000001,1.2,24
2017-12-23,8.679166666666667,9.8,94.25,93.375,15.0,7.762499999999999,0.0,24
2017-12-24,8.741666666666667,9.6,90.79166666666667,96.95833333333333,15.333333333333334,11.870833333333332,0.4,24
2017-12-25,6.366666666666667,8.3,89.91666666666667,97.5,16.333333333333332,15.5875,0.2,24
2017-12-26,6.595833333333334,8.1,82.08333333333333,78.08333333333333,39.666666666666664,24.183333333333334,4.7,24
2017-12-27,5.141666666666667,6.5,87.04166666666667,92.79166666666667,22.416666666666668,26.779166666666665,6.2,24
2017-12-28,2.158333333333333,5.5,81.08333333333333,15.583333333333334,53.833333333333336,13.266666666666666,0.0,24
2017-12-29,3.9375,8.1,86.25,68.16666666666667,11.25,20.275000000000002,6.300000000000001,24
2017-12-30,11.8125,14.9,86.08333333333333,98.45833333333333,12.166666666666666,25.21666666666667,6.8,24
2017-12-31,12.604166666666666,14.2,75.625,95.66666666666667,26.25,29.712500000000002,0.9,24
2018-01-01,7.779166666666666,9.2,75.375,62.916666666666664,10.833333333333334,28.954166666666666,3.9,24
2018-01-02,7.758333333333333,12.0,82.875,74.58333333333333,15.958333333333334,19.483333333333334,3.2,24
2018-01-03,10.025,13.4,76.54166666666667,75.66666666666667,44.458333333333336,33.291666666666664,11.0,24
2018-01-04,11.070833333333333,13.4,87.5,88.08333333333333,3.9166666666666665,24.65833333333333,11.5,24
2018-01-05,8.958333333333334,10.4,86.83333333333333,87.20833333333333,26.833333333333332,17.508333333333333,1.3,24
2018-01-06,6.3625,8.2,91.95833333333333,99.16666666666667,24.25,8.070833333333333,0.1,24
2018-01-07,5.983333333333333,6.7,89.20833333333333,98.16666666666667,26.458333333333332,20.837500000000002,2.8,24
2018-01-08,5.016666666666667,8.7,88.70833333333333,71.5,53.291666666666664,13.291666666666666,0.2,24
2018-01-09,4.604166666666667,7.6,95.29166666666667,99.75,17.666666666666668,9.7875,2.5,24
2018-01-10,7.395833333333333,9.5,87.83333333333333,91.08333333333333,24.166666666666668,11.4,6.500000000000001,24
2018-01-11,5.033333333333333,7.2,95.58333333333333,86.5,21.166666666666668,6.520833333333333,2.1,24
2018-01-12,5.3875,6.6,92.625,96.625,21.791666666666668,7.0375000000000005,0.4,24
2018-01-13,4.925,7.0,87.5,77.70833333333333,50.666666666666664,10.041666666666666,0.0,24
2018-01-14,2.275,6.7,92.08333333333333,66.70833333333333,60.583333333333336,4.533333333333333,0.0,24
2018-01-15,6.666666666666667,9.9,87.04166666666667,89.875,9.5,22.583333333333332,8.1,24
2018-01-16,7.758333333333333,9.3,83.16666666666667,84.66666666666667,35.208333333333336,26.141666666666666,8.4,24
2018-01-17,5.191666666666666,7.8,73.875,62.583333333333336,64.75,27.712500000000002,2.5,24
2018-01-18,8.766666666666667,11.2,83.08333333333333,87.875,19.125,26.84166666666667,5.7,24
2018-01-19,5.020833333333333,6.9,82.08333333333333,52.291666666666664,48.583333333333336,16.962500000000002,0.6000000000000001,24
2018-01-20,6.579166666666667,10.6,90.20833333333333,89.41666666666667,8.791666666666666,20.516666666666666,9.2,24
2018-01-21,6.970833333333334,11.4,92.83333333333333,98.125,8.75,12.7875,9.2,24
2018-01-22,10.433333333333334,12.0,90.66666666666667,83.08333333333333,14.75,19.425,11.1,24
2018-01-23,8.108333333333333,12.1,89.83333333333333,85.25,19.083333333333332,15.516666666666666,0.2,24
2018-01-24,11.954166666666666,13.0,83.625,95.95833333333333,52.583333333333336,24.441666666666666,0.7,24
2018-01-25,8.950000000000001,11.6,87.29166666666667,99.91666666666667,17.083333333333332,15.454166666666666,7.4,24
2018-01-26,5.708333333333333,8.9,88.04166666666667,84.29166666666667,56.25,7.416666666666667,0.1,24
2018-01-27,3.404166666666667,6.1,93.54166666666667,82.91666666666667,41.791666666666664,9.025,0.1,24
2018-01-28,8.987499999999999,11.1,87.66666666666667,99.33333333333333,21.333333333333332,14.9625,0.2,24
2018-01-29,10.158333333333333,11.1,83.91666666666667,98.29166666666667,25.208333333333332,14.512500000000001,0.4,24
2018-01-30,9.6625,11.3,85.79166666666667,98.54166666666667,16.541666666666668,10.395833333333334,0.5,24
2018-01-31,8.545833333333333,10.0,87.41666666666667,99.0,10.458333333333334,22.454166666666666,12.7,24
2018-02-01,3.8541666666666665,7.1,80.625,46.625,65.58333333333333,15.549999999999999,1.0,24
2018-02-02,3.545833333333333,6.6,84.0,62.0,69.33333333333333,13.995833333333332,2.1,24
2018-02-03,2.920833333333333,5.6,89.625,77.125,40.375,8.458333333333334,1.4000000000000001,24
2018-02-04,2.5166666666666666,4.2,82.33333333333333,75.5,59.166666666666664,15.041666666666666,2.1,24
2018-02-05,-0.26666666666666666,2.4,81.58333333333333,51.041666666666664,46.875,13.483333333333334,2.4,24
2018-02-06,0.2333333333333333,1.2,87.875,99.75,19.25,14.612499999999999,12.1,24
2018-02-07,-1.7375,0.3,84.91666666666667,80.70833333333333,68.66666666666667,14.075000000000001,8.700000000000001,24
2018-02-08,-4.791666666666667,1.3,81.5,33.75,109.33333333333333,8.85,0.0,24
2018-02-09,-2.129166666666667,1.7,84.75,81.20833333333333,33.291666666666664,12.554166666666667,4.5,24
2018-02-10,0.012500000000000011,3.9,84.75,43.958333333333336,108.0,12.133333333333333,1.3,24
2018-02-11,5.383333333333333,7.7,82.54166666666667,87.625,64.29166666666667,21.3125,4.4,24
2018-02-12,1.8708333333333333,6.1,70.70833333333333,13.416666666666666,102.91666666666667,12.208333333333334,0.0,24
2018-02-13,1.1833333333333333,5.0,78.91666666666667,58.708333333333336,58.75,17.675,1.1,24
2018-02-14,1.9708333333333332,5.1,88.08333333333333,82.45833333333333,68.5,14.487499999999999,1.8,24
2018-02-15,8.183333333333334,10.7,93.20833333333333,99.83333333333333,13.125,12.5375,7.5,24
2018-02-16,4.570833333333334,9.0,81.75,79.54166666666667,96.66666666666667,6.8999999999999995,0.0,24
2018-02-17,4.8625,8.9,80.08333333333333,74.25,66.125,7.745833333333334,2.9,24
2018-02-18,3.8166666666666664,9.1,84.16666666666667,55.583333333333336,102.41666666666667,8.891666666666667,0.0,24
2018-02-19,3.8791666666666664,5.8,86.41666666666667,99.41666666666667,32.291666666666664,8.15,3.9,24
2018-02-20,4.816666666666666,6.5,89.66666666666667,98.83333333333333,27.791666666666668,7.5874999999999995,3.4,24
2018-02-21,1.7874999999999999,5.5,78.0,25.083333333333332,125.0,14.441666666666668,0.0,24
2018-02-22,0.8125,5.4,68.45833333333333,0.2916666666666667,138.33333333333334,15.595833333333333,0.0,24
2018-02-23,0.19166666666666665,4.4,60.208333333333336,0.041666666666666664,142.125,16.341666666666665,0.0,24
2018-02-24,0.975,5.9,54.75,1.4166666666666667,141.45833333333334,17.704166666666666,0.0,24
2018-02-25,-0.48333333333333334,3.0,48.916666666666664,14.458333333333334,148.79166666666666,18.895833333333332,0.0,24
2018-02-26,-2.7083333333333335,-0.2,45.208333333333336,40.625,127.375,20.625,0.0,24
2018-02-27,-3.9166666666666665,-2.0,47.708333333333336,46.291666666666664,70.29166666666667,15.4625,0.0,24
2018-02-28,-4.091666666666667,-0.3,37.083333333333336,46.333333333333336,148.125,18.379166666666666,0.0,24
2018-03-01,-0.008333333333333323,4.4,56.75,98.70833333333333,64.125,21.183333333333334,1.2000000000000002,24
2018-03-02,3.0500000000000003,8.5,78.58333333333333,85.08333333333333,46.291666666666664,14.745833333333332,3.0,24
2018-03-03,3.7916666666666665,11.6,81.95833333333333,49.666666666666664,117.45833333333333,10.291666666666666,0.2,24
2018-03-04,4.983333333333333,7.7,91.33333333333333,67.45833333333333,29.25,11.470833333333333,6.6,24
2018-03-05,6.833333333333333,12.4,83.125,59.916666666666664,142.20833333333334,11.174999999999999,0.0,24
2018-03-06,7.266666666666667,10.8,80.25,80.91666666666667,86.45833333333333,11.9,0.7000000000000001,24
2018-03-07,5.7749999999999995,9.9,85.95833333333333,76.41666666666667,89.5,14.700000000000001,4.8,24
2018-03-08,6.2250000000000005,9.5,85.95833333333333,64.25,56.333333333333336,18.479166666666668,11.6,24
2018-03-09,8.833333333333334,14.1,86.20833333333333,96.70833333333333,59.875,10.883333333333333,3.8,24
2018-03-10,12.166666666666666,17.5,83.16666666666667,98.5,60.666666666666664,14.045833333333334,6.7,24
2018-03-11,12.695833333333333,17.3,76.125,59.041666666666664,154.83333333333334,14.070833333333333,13.0,24
2018-03-12,10.320833333333333,12.2,73.66666666666667,71.91666666666667,103.58333333333333,23.433333333333334,1.9,24
2018-03-13,9.0875,11.2,77.54166666666667,83.91666666666667,98.33333333333333,18.554166666666667,1.3,24
2018-03-14,9.095833333333333,14.6,71.375,77.83333333333333,170.75,15.495833333333332,0.0,24
2018-03-15,9.958333333333334,13.7,73.79166666666667,94.125,115.375,14.733333333333334,8.299999999999999,24
2018-03-16,8.666666666666666,12.1,79.41666666666667,68.41666666666667,114.83333333333333,10.658333333333333,0.1,24
2018-03-17,3.8083333333333336,8.7,93.91666666666667,97.83333333333333,75.91666666666667,10.245833333333334,3.6,24
2018-03-18,0.8458333333333333,2.9,79.04166666666667,97.20833333333333,94.70833333333333,14.066666666666668,1.5,24
2018-03-19,0.6916666666666668,3.1,73.33333333333333,98.25,94.04166666666667,10.958333333333334,1.0,24
2018-03-20,2.475,7.5,60.791666666666664,59.583333333333336,108.625,18.783333333333335,0.1,24
2018-03-21,3.141666666666667,7.2,73.75,53.583333333333336,140.625,12.391666666666666,0.0,24
2018-03-22,4.270833333333333,8.6,77.75,86.66666666666667,63.916666666666664,13.291666666666666,0.0,24
2018-03-23,4.95,7.0,79.16666666666667,87.41666666666667,35.0,13.358333333333334,0.8,24
2018-03-24,7.858333333333333,12.9,77.29166666666667,85.625,136.08333333333334,9.762500000000001,1.7,24
2018-03-25,8.591666666666667,14.5,75.08333333333333,52.583333333333336,170.58333333333334,5.8875,0.0,24
2018-03-26,8.383333333333333,13.1,69.5,72.125,170.25,8.979166666666666,0.1,24
2018-03-27,7.820833333333333,12.5,85.04166666666667,95.29166666666667,36.0,14.924999999999999,8.4,24
2018-03-28,8.433333333333334,13.2,83.5,82.70833333333333,70.08333333333333,17.754166666666666,5.8,24
2018-03-29,6.429166666666667,11.5,76.04166666666667,55.208333333333336,163.75,14.870833333333332,2.3,24
2018-03-30,6.504166666666666,10.5,81.25,66.75,117.66666666666667,14.570833333333333,2.7,24
2018-03-31,6.808333333333334,11.5,74.83333333333333,82.58333333333333,137.79166666666666,10.995833333333332,1.0,24
2018-04-01,7.6000000000000005,10.9,72.0,88.375,122.58333333333333,14.575000000000001,1.2,24
2018-04-02,9.916666666666666,15.6,69.54166666666667,95.41666666666667,101.08333333333333,13.983333333333334,3.9000000000000004,24
2018-04-03,11.370833333333332,15.3,80.20833333333333,76.79166666666667,126.66666666666667,18.325,4.4,24
2018-04-04,10.341666666666667,14.1,79.58333333333333,81.25,140.08333333333334,18.287499999999998,5.1,24
2018-04-05,8.820833333333333,10.3,67.83333333333333,84.375,129.91666666666666,14.220833333333333,1.0,24
2018-04-06,10.604166666666666,18.6,67.41666666666667,27.041666666666668,242.375,15.633333333333333,0.0,24
2018-04-07,13.445833333333333,19.9,74.33333333333333,87.20833333333333,138.79166666666666,10.758333333333333,0.30000000000000004,24
2018-04-08,14.279166666666667,21.1,75.66666666666667,72.125,195.95833333333334,8.408333333333333,0.2,24
2018-04-09,11.799999999999999,14.8,88.75,95.75,51.5,7.954166666666667,10.2,24
2018-04-10,11.625,15.1,79.125,73.375,152.41666666666666,13.691666666666668,1.0,24
2018-04-11,11.75,17.9,71.70833333333333,48.833333333333336,242.875,7.929166666666667,0.0,24
2018-04-12,10.7875,14.5,85.16666666666667,88.04166666666667,115.79166666666667,7.129166666666666,5.8999999999999995,24
2018-04-13,12.0375,16.7,82.16666666666667,59.291666666666664,207.83333333333334,7.991666666666666,0.7000000000000001,24
2018-04-14,11.700000000000001,15.9,85.625,69.20833333333333,148.45833333333334,7.9125000000000005,1.9000000000000001,24
2018-04-15,12.554166666666667,16.9,80.66666666666667,63.291666666666664,162.0,11.745833333333332,0.6000000000000001,24
2018-04-16,10.983333333333334,14.9,75.625,88.29166666666667,147.75,7.716666666666666,0.1,24
2018-04-17,13.408333333333333,19.9,71.66666666666667,42.833333333333336,261.0,9.545833333333333,0.0,24
2018-04-18,15.758333333333333,24.5,70.625,38.625,267.0416666666667,10.5625,0.0,24
2018-04-19,17.733333333333334,26.4,70.5,6.833333333333333,265.6666666666667,8.737499999999999,0.0,24
2018-04-20,19.3625,26.7,70.5,5.041666666666667,263.4166666666667,6.879166666666666,0.0,24
2018-04-21,18.958333333333332,25.8,66.125,36.666666666666664,251.70833333333334,8.691666666666666,0.0,24
2018-04-22,19.254166666666666,25.1,66.08333333333333,34.0,244.16666666666666,12.783333333333333,0.3,24
2018-04-23,14.637500000000001,17.9,71.5,87.625,180.29166666666666,11.108333333333334,1.7999999999999998,24
2018-04-24,13.8375,20.1,70.79166666666667,75.08333333333333,251.20833333333334,10.15,0.0,24
2018-04-25,12.754166666666668,14.9,74.08333333333333,51.083333333333336,88.25,14.629166666666668,0.6,24
2018-04-26,10.995833333333332,14.5,62.583333333333336,50.916666666666664,189.25,13.670833333333334,0.2,24
2018-04-27,12.420833333333334,18.3,63.75,71.0,232.54166666666666,15.579166666666666,0.0,24
2018-04-28,12.420833333333334,14.5,65.75,79.54166666666667,148.91666666666666,15.770833333333334,0.1,24
2018-04-29,10.333333333333334,12.0,88.79166666666667,99.29166666666667,47.791666666666664,12.725,12.1,24
2018-04-30,6.0249999999999995,9.8,94.83333333333333,100.0,37.625,25.7625,24.1,24
2018-05-01,8.104166666666666,12.7,75.29166666666667,85.70833333333333,162.41666666666666,11.966666666666667,0.4,24
2018-05-02,10.458333333333334,15.9,70.04166666666667,64.04166666666667,239.375,14.387500000000001,0.7,24
2018-05-03,11.291666666666666,15.6,70.45833333333333,48.333333333333336,235.45833333333334,11.629166666666668,0.0,24
2018-05-04,11.941666666666668,17.8,67.41666666666667,0.875,304.4166666666667,13.262500000000001,0.0,24
2018-05-05,15.183333333333332,21.9,70.91666666666667,0.0,299.2083333333333,13.2125,0.0,24
2018-05-06,18.308333333333334,25.7,73.375,0.0,297.875,9.704166666666667,0.0,24
2018-05-07,17.879166666666666,24.9,67.25,0.0,308.4166666666667,9.316666666666666,0.0,24
2018-05-08,18.170833333333334,25.5,68.45833333333333,5.208333333333333,301.5833333333333,7.8625,0.0,24
2018-05-09,15.758333333333333,21.2,74.08333333333333,42.708333333333336,265.1666666666667,13.191666666666668,0.0,24
2018-05-10,13.208333333333334,16.4,62.708333333333336,76.29166666666667,185.70833333333334,13.458333333333334,0.5,24
2018-05-11,13.241666666666667,20.3,67.45833333333333,28.583333333333332,310.5,9.533333333333333,0.0,24
2018-05-12,14.533333333333333,19.7,75.54166666666667,89.79166666666667,135.29166666666666,9.4125,3.8,24
2018-05-13,11.1625,14.3,77.0,97.5,145.25,12.120833333333332,3.4,24
2018-05-14,11.958333333333334,14.6,83.66666666666667,99.83333333333333,45.666666666666664,19.1375,10.0,24
2018-05-15,15.037500000000001,20.6,80.79166666666667,65.41666666666667,204.04166666666666,14.354166666666666,0.5,24
2018-05-16,15.270833333333334,21.3,76.33333333333333,20.416666666666668,276.875,14.6625,1.7,24
2018-05-17,12.933333333333332,17.6,70.04166666666667,55.041666666666664,278.375,15.4375,0.0,24
2018-05-18,11.666666666666666,17.5,68.5,50.25,319.6666666666667,12.045833333333334,0.0,24
2018-05-19,12.533333333333333,18.3,70.95833333333333,25.416666666666668,324.4583333333333,11.291666666666666,0.0,24
2018-05-20,14.579166666666666,21.8,71.08333333333333,7.166666666666667,320.75,9.791666666666666,0.0,24
2018-05-21,16.412499999999998,21.7,74.66666666666667,38.75,256.6666666666667,5.983333333333333,0.1,24
2018-05-22,17.3125,23.0,76.79166666666667,39.083333333333336,268.0,7.166666666666667,0.8,24
2018-05-23,16.708333333333332,21.2,78.16666666666667,40.208333333333336,287.3333333333333,10.058333333333334,1.3,24
2018-05-24,17.779166666666665,23.1,80.5,60.458333333333336,272.2916666666667,4.520833333333333,0.7,24
2018-05-25,18.420833333333334,25.3,79.875,79.0,242.41666666666666,7.695833333333333,0.30000000000000004,24
2018-05-26,21.933333333333334,27.5,69.45833333333333,62.833333333333336,278.0833333333333,13.625,0.2,24
2018-05-27,21.491666666666664,26.5,71.125,86.79166666666667,269.6666666666667,5.925,1.0,24
2018-05-28,20.558333333333334,26.4,78.20833333333333,92.75,225.79166666666666,5.333333333333333,10.2,24
2018-05-29,18.754166666666666,21.7,86.79166666666667,83.125,169.95833333333334,5.970833333333334,2.2,24
2018-05-30,19.8,24.1,76.83333333333333,54.208333333333336,255.125,7.704166666666667,1.0,24
2018-05-31,19.287499999999998,23.2,82.79166666666667,84.20833333333333,236.54166666666666,8.729166666666666,4.2,24
2018-06-01,17.691666666666666,22.2,84.91666666666667,89.54166666666667,179.29166666666666,9.266666666666667,12.4,24
2018-06-02,18.004166666666666,22.5,77.54166666666667,63.208333333333336,225.83333333333334,6.683333333333334,0.0,24
2018-06-03,19.645833333333332,24.7,74.0,54.375,258.3333333333333,9.291666666666666,0.1,24
2018-06-04,19.8,24.9,78.875,90.08333333333333,170.33333333333334,10.0625,6.8,24
2018-06-05,18.691666666666666,22.0,85.625,98.83333333333333,99.33333333333333,13.070833333333333,11.3,24
2018-06-06,18.520833333333332,23.1,85.5,87.5,169.125,8.679166666666667,11.1,24
2018-06-07,19.8875,23.9,78.29166666666667,79.45833333333333,264.8333333333333,8.762500000000001,0.30000000000000004,24
2018-06-08,19.95,24.3,79.83333333333333,55.166666666666664,281.2083333333333,7.429166666666667,0.2,24
2018-06-09,20.045833333333334,25.2,82.29166666666667,63.291666666666664,266.875,7.833333333333333,3.2,24
2018-06-10,20.2,23.8,83.45833333333333,80.45833333333333,212.45833333333334,6.820833333333333,1.2,24
2018-06-11,19.150000000000002,21.7,89.33333333333333,92.375,120.79166666666667,8.929166666666667,18.9,24
2018-06-12,16.995833333333334,18.8,85.16666666666667,90.66666666666667,123.45833333333333,12.825000000000001,24.4,24
2018-06-13,14.529166666666667,17.9,74.29166666666667,58.458333333333336,183.29166666666666,11.779166666666667,0.8,24
2018-06-14,15.395833333333334,19.9,78.375,81.95833333333333,130.45833333333334,10.674999999999999,0.6,24
2018-06-15,17.150000000000002,22.0,76.95833333333333,67.58333333333333,199.95833333333334,6.979166666666667,0.5,24
2018-06-16,17.004166666666666,21.3,67.79166666666667,74.5,254.25,9.483333333333333,0.0,24
2018-06-17,16.491666666666667,19.7,69.75,90.125,180.08333333333334,11.104166666666666,0.0,24
2018-06-18,17.9375,21.7,76.54166666666667,78.20833333333333,150.25,11.020833333333334,0.7000000000000001,24
2018-06-19,18.575,23.5,79.70833333333333,68.625,191.20833333333334,6.425,0.0,24
2018-06-20,20.241666666666667,26.9,77.83333333333333,27.208333333333332,331.0,5.529166666666666,0.0,24
2018-06-21,17.104166666666668,19.7,70.29166666666667,58.416666666666664,271.75,15.329166666666666,0.6,24
2018-06-22,14.416666666666666,20.0,59.208333333333336,24.125,279.5833333333333,11.4125,0.0,24
2018-06-23,15.095833333333333,20.8,63.166666666666664,32.458333333333336,319.0833333333333,10.762500000000001,0.0,24
2018-06-24,17.145833333333332,21.7,61.666666666666664,83.54166666666667,307.125,9.645833333333334,0.0,24
2018-06-25,18.3125,23.8,64.75,22.625,302.2916666666667,13.3125,0.0,24
2018-06-26,19.6875,25.8,61.583333333333336,0.9583333333333334,342.25,10.7125,0.0,24
2018-06-27,21.275000000000002,27.6,61.25,0.8333333333333334,338.0,11.895833333333334,0.0,24
2018-06-28,22.583333333333332,27.1,50.541666666666664,8.583333333333334,330.9583333333333,16.474999999999998,0.0,24
2018-06-29,23.46666666666667,28.9,50.833333333333336,40.166666666666664,279.75,16.754166666666666,0.0,24
2018-06-30,24.854166666666668,31.3,53.833333333333336,19.583333333333332,291.5,12.516666666666666,0.1,24
2018-07-01,26.554166666666664,31.8,52.125,27.75,283.2083333333333,10.466666666666667,0.0,24
2018-07-02,24.6875,29.4,46.583333333333336,47.458333333333336,295.0,9.7625,0.0,24
2018-07-03,23.641666666666666,27.9,66.66666666666667,33.125,276.375,7.566666666666666,0.1,24
2018-07-04,23.6125,27.9,65.70833333333333,45.333333333333336,274.7916666666667,7.445833333333333,0.5,24
2018-07-05,22.120833333333334,26.3,63.958333333333336,80.625,197.375,9.679166666666667,3.0999999999999996,24
2018-07-06,22.162499999999998,27.9,58.583333333333336,36.208333333333336,301.1666666666667,7.991666666666667,0.0,24
2018-07-07,24.287499999999998,29.4,53.958333333333336,38.125,255.54166666666666,7.491666666666667,0.4,24
2018-07-08,24.21666666666667,29.1,54.5,46.291666666666664,244.91666666666666,7.875,0.0,24
2018-07-09,22.004166666666666,26.2,49.708333333333336,34.916666666666664,285.6666666666667,15.583333333333334,0.0,24
2018-07-10,19.2625,21.4,58.791666666666664,63.791666666666664,261.2083333333333,14.308333333333332,0.2,24
2018-07-11,18.391666666666666,23.2,65.25,60.625,186.29166666666666,12.049999999999999,0.4,24
2018-07-12,20.379166666666666,25.2,60.166666666666664,75.33333333333333,245.16666666666666,9.716666666666667,0.1,24
2018-07-13,21.383333333333336,26.5,63.375,51.375,217.375,10.016666666666667,0.0,24
2018-07-14,23.0125,28.0,56.75,43.083333333333336,267.9166666666667,7.6375,0.1,24
2018-07-15,24.145833333333332,29.5,49.375,54.125,295.9166666666667,7.104166666666667,0.5,24
2018-07-16,23.691666666666666,29.4,51.333333333333336,69.625,270.5833333333333,8.208333333333334,0.0,24
2018-07-17,21.620833333333334,25.4,52.791666666666664,58.708333333333336,235.33333333333334,10.683333333333332,0.0,24
2018-07-18,22.241666666666664,27.3,46.875,34.25,275.875,7.8875,0.0,24
2018-07-19,23.5625,29.5,44.583333333333336,64.83333333333333,250.58333333333334,9.233333333333333,0.0,24
2018-07-20,20.191666666666666,23.2,73.45833333333333,88.5,171.04166666666666,7.745833333333334,7.3,24
2018-07-21,19.991666666666667,25.4,69.16666666666667,53.291666666666664,219.41666666666666,10.2875,0.0,24
2018-07-22,21.6875,26.6,61.333333333333336,52.0,249.16666666666666,6.804166666666667,0.0,24
2018-07-23,23.420833333333334,29.6,56.375,17.916666666666668,286.0416666666667,5.3875,0.0,24
2018-07-24,24.829166666666666,30.1,53.833333333333336,41.625,229.04166666666666,6.983333333333333,0.0,24
2018-07-25,26.125,31.3,52.791666666666664,34.166666666666664,255.125,7.766666666666667,0.0,24
2018-07-26,28.05,34.3,50.041666666666664,21.875,275.0416666666667,4.879166666666666,0.0,24
2018-07-27,27.004166666666666,35.0,56.583333333333336,51.458333333333336,260.9583333333333,9.283333333333333,1.2000000000000002,24
2018-07-28,21.695833333333336,24.6,62.416666666666664,57.875,285.5416666666667,14.495833333333335,3.0,24
2018-07-29,21.25,27.2,56.583333333333336,83.79166666666667,187.95833333333334,12.658333333333333,2.8,24
2018-07-30,22.599999999999998,26.5,68.95833333333333,64.70833333333333,162.95833333333334,12.995833333333332,0.30000000000000004,24
2018-07-31,22.4875,26.8,63.916666666666664,59.166666666666664,201.70833333333334,9.083333333333334,0.2,24
2018-08-01,22.6875,29.1,55.541666666666664,58.375,251.41666666666666,7.604166666666667,0.0,24
2018-08-02,24.241666666666664,31.2,54.666666666666664,12.75,299.7083333333333,9.279166666666667,0.0,24
2018-08-03,26.9375,34.0,47.833333333333336,1.0,296.7916666666667,10.424999999999999,0.0,24
2018-08-04,26.349999999999998,32.5,46.5,24.833333333333332,294.0416666666667,12.570833333333333,0.0,24
2018-08-05,23.875,30.2,54.5,58.791666666666664,295.9583333333333,11.637500000000001,0.0,24
2018-08-06,25.1375,32.6,45.375,12.583333333333334,299.0,6.425,0.0,24
2018-08-07,26.429166666666664,35.5,46.708333333333336,38.0,236.375,10.566666666666666,7.300000000000001,24
2018-08-08,22.083333333333332,26.3,59.541666666666664,78.75,172.375,13.516666666666666,0.2,24
2018-08-09,18.158333333333335,20.3,72.16666666666667,65.41666666666667,118.125,13.095833333333333,14.9,24
2018-08-10,17.712500000000002,23.1,58.5,40.125,221.16666666666666,13.2875,0.0,24
2018-08-11,18.9375,23.8,61.208333333333336,57.083333333333336,196.375,7.916666666666667,0.1,24
2018-08-12,21.866666666666664,30.1,50.75,64.125,250.375,10.9625,0.1,24
2018-08-13,19.620833333333334,23.0,74.04166666666667,54.375,176.75,13.9125,2.1,24
2018-08-14,19.645833333333332,24.3,70.0,35.333333333333336,206.83333333333334,12.170833333333334,0.5,24
2018-08-15,19.866666666666667,24.2,68.70833333333333,18.708333333333332,256.0833333333333,7.333333333333333,0.0,24
2018-08-16,21.683333333333334,29.2,66.95833333333333,52.25,271.375,7.716666666666666,0.0,24
2018-08-17,19.720833333333335,23.6,63.666666666666664,50.25,222.25,13.191666666666668,0.9,24
2018-08-18,18.4875,25.3,66.66666666666667,29.416666666666668,226.95833333333334,7.825,0.0,24
2018-08-19,20.75,27.7,67.875,21.625,256.875,8.029166666666667,0.0,24
2018-08-20,21.7,25.3,70.5,71.08333333333333,148.04166666666666,9.9,0.30000000000000004,24
2018-08-21,21.4875,25.5,72.91666666666667,60.833333333333336,142.83333333333334,5.658333333333334,0.6,24
2018-08-22,22.266666666666666,29.0,70.29166666666667,4.791666666666667,242.79166666666666,6.833333333333333,0.0,24
2018-08-23,21.316666666666666,26.4,70.58333333333333,34.5,234.91666666666666,11.1625,0.0,24
2018-08-24,17.537499999999998,19.9,62.791666666666664,90.04166666666667,166.95833333333334,14.954166666666666,1.3,24
2018-08-25,16.116666666666667,19.3,54.708333333333336,57.708333333333336,199.54166666666666,14.854166666666666,0.5,24
2018-08-26,16.758333333333333,23.0,53.25,74.58333333333333,170.125,12.179166666666667,0.0,24
2018-08-27,19.575,22.5,64.41666666666667,82.0,160.95833333333334,15.2125,1.9,24
2018-08-28,18.575,26.2,64.25,19.333333333333332,247.95833333333334,6.658333333333334,0.0,24
2018-08-29,17.904166666666665,19.8,79.5,87.20833333333333,81.95833333333333,11.583333333333334,17.9,24
2018-08-30,17.099999999999998,20.4,72.41666666666667,76.29166666666667,143.20833333333334,5.408333333333334,0.0,24
2018-08-31,17.412499999999998,21.2,63.875,46.5,195.75,8.345833333333333,0.30000000000000004,24
2018-09-01,16.825,22.5,54.708333333333336,0.2916666666666667,249.5,8.9,0.0,24
2018-09-02,17.3125,23.8,52.25,2.3333333333333335,246.25,8.620833333333334,0.0,24
2018-09-03,18.349999999999998,24.7,65.04166666666667,52.208333333333336,147.375,10.466666666666667,0.0,24
2018-09-04,18.6875,21.2,78.04166666666667,83.125,98.70833333333333,10.012500000000001,0.8,24
2018-09-05,19.895833333333332,24.5,82.0,77.45833333333333,145.125,9.533333333333333,0.5,24
2018-09-06,18.508333333333333,21.8,75.58333333333333,76.79166666666667,114.66666666666667,13.758333333333333,0.9,24
2018-09-07,16.162499999999998,20.2,65.66666666666667,24.875,193.25,11.066666666666668,0.0,24
2018-09-08,16.337500000000002,22.6,58.625,46.25,220.54166666666666,4.504166666666666,0.0,24
2018-09-09,19.891666666666666,28.5,53.25,64.58333333333333,213.95833333333334,8.395833333333334,0.0,24
2018-09-10,18.8875,24.2,67.125,62.958333333333336,204.45833333333334,8.737499999999999,0.0,24
2018-09-11,20.675,28.5,59.166666666666664,23.583333333333332,217.83333333333334,9.004166666666666,0.0,24
2018-09-12,19.9375,27.1,67.75,27.208333333333332,210.95833333333334,8.591666666666667,0.0,24
2018-09-13,16.983333333333334,19.2,77.95833333333333,97.75,59.708333333333336,11.4,1.7000000000000002,24
2018-09-14,16.658333333333335,20.9,61.375,65.29166666666667,167.91666666666666,10.4125,0.0,24
2018-09-15,15.5,21.6,67.33333333333333,17.541666666666668,180.70833333333334,5.191666666666666,0.0,24
2018-09-16,17.570833333333333,25.0,57.5,55.208333333333336,193.70833333333334,5.408333333333334,0.0,24
2018-09-17,19.895833333333332,28.6,50.208333333333336,20.625,206.875,7.4750000000000005,0.0,24
2018-09-18,21.570833333333336,25.9,58.041666666666664,38.25,149.29166666666666,13.041666666666666,0.30000000000000004,24
2018-09-19,20.75,26.2,63.541666666666664,36.125,194.08333333333334,12.179166666666667,0.0,24
2018-09-20,20.233333333333334,25.6,63.375,57.0,175.625,13.8125,0.0,24
2018-09-21,17.5125,21.0,59.25,83.41666666666667,137.45833333333334,21.270833333333332,6.6,24
2018-09-22,15.016666666666666,18.7,58.916666666666664,83.91666666666667,92.95833333333333,14.041666666666666,0.8,24
2018-09-23,17.925,24.0,82.08333333333333,77.20833333333333,73.70833333333333,25.7,12.0,24
2018-09-24,11.916666666666666,16.0,62.708333333333336,27.375,160.25,10.845833333333333,0.0,24
2018-09-25,11.383333333333333,16.7,63.958333333333336,3.375,190.75,12.183333333333332,0.0,24
2018-09-26,12.054166666666667,19.9,62.083333333333336,0.0,188.58333333333334,7.820833333333333,0.0,24
2018-09-27,15.345833333333333,24.4,66.75,0.375,184.95833333333334,3.5583333333333336,0.0,24
2018-09-28,14.799999999999999,20.1,70.875,39.666666666666664,145.25,13.179166666666667,0.0,24
2018-09-29,12.4125,17.9,59.166666666666664,65.75,180.70833333333334,14.904166666666667,0.0,24
2018-09-30,11.137500000000001,17.7,66.75,30.416666666666668,169.83333333333334,10.049999999999999,0.0,24
2018-10-01,11.891666666666666,15.3,59.708333333333336,60.458333333333336,104.29166666666667,16.141666666666666,0.2,24
2018-10-02,12.85,16.8,72.45833333333333,94.16666666666667,56.916666666666664,14.216666666666667,0.2,24
2018-10-03,16.104166666666668,19.0,78.08333333333333,87.79166666666667,96.125,11.450000000000001,0.4,24
2018-10-04,14.441666666666668,20.6,73.08333333333333,16.458333333333332,162.79166666666666,5.979166666666667,0.0,24
2018-10-05,14.804166666666667,24.6,71.20833333333333,0.0,163.0,8.716666666666667,0.0,24
2018-10-06,16.333333333333332,22.7,69.54166666666667,34.083333333333336,140.20833333333334,9.887500000000001,1.1,24
2018-10-07,14.049999999999999,15.3,85.625,99.41666666666667,33.375,11.366666666666667,10.8,24
2018-10-08,12.5375,18.2,67.29166666666667,18.041666666666668,156.20833333333334,8.045833333333333,0.0,24
2018-10-09,13.879166666666668,22.4,75.5,24.625,150.29166666666666,8.220833333333333,0.0,24
2018-10-10,17.358333333333334,24.5,72.29166666666667,20.166666666666668,148.91666666666666,12.395833333333334,0.0,24
2018-10-11,19.220833333333335,25.5,69.25,58.166666666666664,124.625,17.775000000000002,2.3,24
2018-10-12,19.400000000000002,24.9,76.0,78.54166666666667,96.33333333333333,15.708333333333334,0.1,24
2018-10-13,20.458333333333332,26.1,69.20833333333333,57.375,137.375,12.3125,0.0,24
2018-10-14,20.483333333333334,25.0,57.291666666666664,65.25,112.91666666666667,15.970833333333333,0.0,24
2018-10-15,20.004166666666666,25.5,50.458333333333336,43.041666666666664,132.08333333333334,13.620833333333332,0.0,24
2018-10-16,18.120833333333334,24.2,60.791666666666664,29.666666666666668,133.45833333333334,6.466666666666666,0.0,24
2018-10-17,15.283333333333333,20.6,81.33333333333333,57.333333333333336,113.5,8.066666666666666,0.0,24
2018-10-18,15.016666666666666,21.2,77.83333333333333,6.166666666666667,128.95833333333334,14.979166666666666,0.0,24
2018-10-19,13.504166666666668,19.2,82.16666666666667,5.875,121.70833333333333,10.770833333333334,0.0,24
2018-10-20,11.625,16.6,76.79166666666667,10.333333333333334,127.66666666666667,10.279166666666667,0.0,24
2018-10-21,10.5,18.2,76.75,2.7083333333333335,126.08333333333333,7.3999999999999995,0.0,24
2018-10-22,11.679166666666667,15.0,79.91666666666667,51.083333333333336,32.166666666666664,13.612499999999999,0.0,24
2018-10-23,10.225,17.1,75.83333333333333,32.583333333333336,119.33333333333333,11.5375,0.0,24
2018-10-24,13.112499999999999,17.1,85.875,50.916666666666664,75.45833333333333,8.920833333333333,0.0,24
2018-10-25,12.299999999999999,15.7,83.95833333333333,63.875,78.375,7.520833333333333,0.0,24
2018-10-26,10.108333333333333,14.2,80.45833333333333,77.79166666666667,43.916666666666664,11.854166666666666,0.4,24
2018-10-27,6.383333333333333,9.7,75.375,32.291666666666664,88.75,9.5375,0.0,24
2018-10-28,5.8500000000000005,9.1,74.33333333333333,80.91666666666667,56.875,22.766666666666666,0.2,24
2018-10-29,5.333333333333333,7.3,71.04166666666667,99.70833333333333,55.541666666666664,21.0,0.5,24
2018-10-30,6.591666666666666,10.6,78.83333333333333,87.20833333333333,29.958333333333332,18.920833333333334,10.0,24
2018-10-31,7.583333333333333,13.4,85.83333333333333,84.20833333333333,56.25,12.329166666666666,5.1000000000000005,24
2018-11-01,10.829166666666666,13.6,79.08333333333333,83.08333333333333,52.041666666666664,15.6875,4.2,24
2018-11-02,7.033333333333334,11.6,81.91666666666667,27.458333333333332,94.375,8.695833333333333,0.0,24
2018-11-03,4.670833333333333,10.6,82.08333333333333,57.208333333333336,94.79166666666667,6.241666666666667,0.0,24
2018-11-04,6.5,12.7,89.54166666666667,88.875,71.625,8.958333333333334,0.0,24
2018-11-05,12.762500000000001,18.9,76.29166666666667,81.70833333333333,83.25,10.541666666666666,0.0,24
2018-11-06,14.316666666666668,18.5,71.66666666666667,72.79166666666667,80.375,16.495833333333334,0.0,24
2018-11-07,11.020833333333334,12.8,79.54166666666667,74.75,19.958333333333332,20.925,2.7,24
2018-11-08,8.791666666666666,12.9,83.79166666666667,60.5,67.75,12.033333333333333,0.4,24
2018-11-09,9.475,14.6,83.45833333333333,69.125,62.333333333333336,12.791666666666666,0.1,24
2018-11-10,11.5625,12.4,85.83333333333333,85.875,18.541666666666668,22.900000000000002,5.6000000000000005,24
2018-11-11,11.799999999999999,13.3,87.625,86.375,22.083333333333332,20.254166666666666,6.3,24
2018-11-12,10.708333333333334,11.5,93.08333333333333,99.75,22.458333333333332,7.633333333333333,16.1,24
2018-11-13,10.320833333333333,14.3,83.08333333333333,31.583333333333332,81.125,13.241666666666667,0.0,24
2018-11-14,8.641666666666667,13.5,90.54166666666667,51.666666666666664,80.29166666666667,8.0875,0.0,24
2018-11-15,8.054166666666667,10.5,97.20833333333333,54.583333333333336,37.708333333333336,8.458333333333334,0.0,24
2018-11-16,6.983333333333333,9.1,95.91666666666667,98.33333333333333,36.583333333333336,8.512500000000001,0.0,24
2018-11-17,5.05,8.5,80.91666666666667,11.791666666666666,81.70833333333333,12.754166666666668,0.0,24
2018-11-18,4.608333333333333,8.7,67.83333333333333,0.0,80.16666666666667,13.987499999999999,0.0,24
2018-11-19,2.9625,6.6,64.79166666666667,35.333333333333336,50.958333333333336,17.5625,0.30000000000000004,24
2018-11-20,1.9458333333333335,3.3,89.58333333333333,84.33333333333333,24.791666666666668,12.804166666666667,2.9,24
2018-11-21,0.7666666666666666,5.5,86.91666666666667,40.5,75.0,7.420833333333333,0.0,24
2018-11-22,2.829166666666667,5.0,96.41666666666667,90.16666666666667,27.25,7.5625,1.5,24
2018-11-23,5.066666666666666,9.2,94.08333333333333,55.875,57.458333333333336,8.429166666666667,1.0,24
2018-11-24,6.991666666666667,9.7,92.54166666666667,73.25,42.208333333333336,10.779166666666667,6.4,24
2018-11-25,6.479166666666667,8.2,95.16666666666667,99.45833333333333,13.208333333333334,11.299999999999999,8.6,24
2018-11-26,5.8625,7.3,92.375,100.0,19.583333333333332,11.566666666666668,1.0,24
2018-11-27,5.479166666666667,9.3,90.375,76.08333333333333,38.916666666666664,10.424999999999999,3.1,24
2018-11-28,10.116666666666667,12.0,89.08333333333333,99.125,19.291666666666668,17.854166666666668,21.7,24
2018-11-29,11.054166666666667,13.2,78.0,99.25,18.083333333333332,18.912499999999998,2.4999999999999996,24
2018-11-30,9.737499999999999,12.2,85.41666666666667,34.875,56.041666666666664,15.708333333333334,0.0,24
2018-12-01,8.133333333333333,10.9,91.29166666666667,84.83333333333333,13.916666666666666,19.395833333333332,5.8,24
2018-12-02,13.5,15.5,90.5,93.33333333333333,31.75,22.0625,11.2,24
2018-12-03,12.862499999999999,14.1,87.79166666666667,82.83333333333333,16.666666666666668,24.349999999999998,7.3,24
2018-12-04,9.608333333333333,11.0,84.04166666666667,68.70833333333333,48.958333333333336,10.195833333333333,1.3,24
2018-12-05,9.970833333333333,12.2,88.45833333333333,99.54166666666667,28.75,13.049999999999999,2.7,24
2018-12-06,11.858333333333334,13.5,90.79166666666667,89.08333333333333,19.833333333333332,13.179166666666667,1.2,24
2018-12-07,10.658333333333333,12.6,83.29166666666667,81.75,13.5,24.808333333333334,5.3,24
2018-12-08,9.420833333333333,12.3,73.70833333333333,68.29166666666667,23.333333333333332,28.666666666666668,0.7,24
2018-12-09,9.354166666666666,11.1,78.83333333333333,61.083333333333336,24.916666666666668,28.708333333333332,2.6,24
2018-12-10,7.2625,9.3,86.16666666666667,43.875,40.166666666666664,14.012500000000001,0.4,24
2018-12-11,4.4125000000000005,7.8,91.16666666666667,46.75,48.0,5.445833333333333,0.0,24
2018-12-12,2.3583333333333334,4.4,90.16666666666667,57.708333333333336,58.166666666666664,10.566666666666666,0.0,24
2018-12-13,1.0,3.9,81.75,19.125,56.833333333333336,14.970833333333333,0.0,24
2018-12-14,-1.15,2.3,75.95833333333333,31.708333333333332,55.625,7.941666666666666,0.0,24
2018-12-15,-0.033333333333333305,3.0,78.58333333333333,89.625,14.25,14.241666666666667,10.5,24
2018-12-16,4.720833333333333,7.2,94.79166666666667,78.41666666666667,23.916666666666668,11.754166666666668,2.1,24
2018-12-17,5.8,8.6,89.875,45.416666666666664,54.291666666666664,13.095833333333333,1.4000000000000001,24
2018-12-18,6.154166666666666,8.9,84.45833333333333,81.45833333333333,41.541666666666664,15.829166666666666,0.1,24
2018-12-19,8.066666666666666,10.3,89.04166666666667,69.04166666666667,36.166666666666664,17.308333333333334,3.8000000000000003,24
2018-12-20,7.583333333333333,10.2,83.875,73.04166666666667,40.041666666666664,19.825,0.1,24
2018-12-21,12.245833333333332,14.5,87.08333333333333,97.875,20.166666666666668,28.429166666666664,7.9,24
2018-12-22,10.995833333333332,13.2,83.58333333333333,93.08333333333333,27.875,20.429166666666667,1.0,24
2018-12-23,10.954166666666666,13.6,91.29166666666667,99.25,9.958333333333334,18.912499999999998,7.0,24
2018-12-24,8.387500000000001,13.1,90.375,89.41666666666667,16.0,11.012500000000001,4.5,24
2018-12-25,2.183333333333333,6.0,91.5,47.083333333333336,50.083333333333336,7.183333333333334,0.0,24
2018-12-26,-0.5,4.9,92.25,56.208333333333336,53.833333333333336,7.258333333333333,0.0,24
2018-12-27,-1.4708333333333332,2.5,90.79166666666667,87.54166666666667,37.333333333333336,6.629166666666666,0.0,24
2018-12-28,-1.0125,0.7,98.66666666666667,96.875,16.958333333333332,4.079166666666667,0.0,24
2018-12-29,3.591666666666667,7.5,91.83333333333333,99.70833333333333,26.5,8.645833333333334,0.0,24
2018-12-30,6.483333333333333,9.1,95.66666666666667,96.04166666666667,17.583333333333332,6.75,0.5,24
2018-12-31,8.129166666666666,9.5,93.91666666666667,95.95833333333333,21.125,6.320833333333333,0.8,24
2019-01-01,7.354166666666667,8.9,87.625,96.08333333333333,25.625,9.766666666666667,0.4,24
2019-01-02,5.195833333333334,7.5,79.33333333333333,68.79166666666667,36.75,10.479166666666666,0.0,24
2019-01-03,3.8874999999999997,5.9,81.33333333333333,75.66666666666667,25.666666666666668,8.1,0.0,24
2019-01-04,3.1666666666666665,5.5,86.16666666666667,83.04166666666667,30.916666666666668,7.675,0.0,24
2019-01-05,3.4916666666666667,6.4,80.25,87.29166666666667,27.333333333333332,10.091666666666667,0.0,24
2019-01-06,4.029166666666667,6.5,83.54166666666667,92.375,29.75,6.379166666666666,0.3,24
2019-01-07,5.6125,7.8,91.66666666666667,82.41666666666667,16.041666666666668,8.695833333333333,0.6,24
2019-01-08,7.5249999999999995,8.7,83.20833333333333,75.41666666666667,42.208333333333336,17.445833333333333,1.3,24
2019-01-09,3.85,5.9,78.375,57.625,33.791666666666664,17.308333333333334,0.2,24
2019-01-10,1.4958333333333333,4.7,84.83333333333333,68.41666666666667,33.208333333333336,9.895833333333334,0.0,24
2019-01-11,4.416666666666667,7.1,93.66666666666667,94.79166666666667,8.791666666666666,8.333333333333334,0.7000000000000001,24
2019-01-12,6.108333333333333,9.0,91.79166666666667,83.04166666666667,20.416666666666668,14.491666666666667,0.4,24
2019-01-13,9.3125,10.7,86.95833333333333,99.41666666666667,18.625,24.0625,0.8,24
2019-01-14,7.633333333333333,9.9,78.58333333333333,75.375,38.041666666666664,16.224999999999998,0.5,24
2019-01-15,5.683333333333334,8.4,78.29166666666667,70.375,45.416666666666664,8.533333333333333,0.0,24
2019-01-16,4.8625,7.2,77.54166666666667,93.79166666666667,64.08333333333333,12.891666666666666,0.6,24
2019-01-17,4.833333333333333,7.0,86.125,50.666666666666664,51.75,18.083333333333332,2.7,24
2019-01-18,0.34166666666666673,4.7,84.79166666666667,57.041666666666664,71.54166666666667,7.3,0.0,24
2019-01-19,0.020833333333333332,2.4,89.25,85.83333333333333,22.958333333333332,11.008333333333333,2.3,24
2019-01-20,1.9291666666666665,3.6,91.70833333333333,95.54166666666667,24.125,8.370833333333334,0.6,24
2019-01-21,-2.1166666666666667,2.2,83.75,5.25,78.45833333333333,6.029166666666666,0.0,24
2019-01-22,-0.7166666666666667,1.8,91.20833333333333,85.29166666666667,21.791666666666668,12.479166666666666,7.0,24
2019-01-23,0.6583333333333333,2.1,92.29166666666667,87.04166666666667,24.791666666666668,15.700000000000001,2.4,24
2019-01-24,-0.008333333333333299,2.6,87.83333333333333,92.95833333333333,26.166666666666668,6.925,0.5,24
2019-01-25,3.275,7.8,91.125,99.79166666666667,23.833333333333332,8.3125,1.2,24
2019-01-26,7.825,9.2,88.375,92.83333333333333,32.791666666666664,17.804166666666667,0.5,24
2019-01-27,6.0874999999999995,8.5,83.83333333333333,77.54166666666667,23.333333333333332,26.325,3.2,24
2019-01-28,3.25,6.4,75.16666666666667,36.625,54.75,17.479166666666668,0.0,24
2019-01-29,0.7000000000000001,5.4,84.375,84.66666666666667,36.0,13.808333333333332,5.8,24
2019-01-30,1.9749999999999999,4.6,86.5,83.45833333333333,76.04166666666667,16.375,12.0,24
2019-01-31,-0.7958333333333334,3.3,92.5,61.791666666666664,39.875,13.079166666666666,4.4,24
2019-02-01,4.745833333333334,8.0,90.20833333333333,72.58333333333333,39.75,10.370833333333334,3.8000000000000003,24
2019-02-02,3.7708333333333335,5.7,87.16666666666667,78.75,48.041666666666664,16.599999999999998,1.9,24
2019-02-03,2.1583333333333337,5.8,78.70833333333333,44.958333333333336,68.41666666666667,14.9,0.0,24
2019-02-04,0.8916666666666666,3.2,81.125,96.20833333333333,21.791666666666668,13.570833333333333,1.3,24
2019-02-05,2.5125,7.8,86.41666666666667,54.333333333333336,96.54166666666667,8.041666666666666,0.0,24
2019-02-06,7.6875,11.4,90.16666666666667,95.08333333333333,35.25,13.295833333333333,2.9000000000000004,24
2019-02-07,8.700000000000001,10.7,78.0,63.208333333333336,87.08333333333333,20.466666666666665,2.6,24
2019-02-08,8.241666666666667,10.3,81.5,98.54166666666667,28.416666666666668,24.791666666666668,0.30000000000000004,24
2019-02-09,9.020833333333334,11.6,73.95833333333333,63.916666666666664,76.95833333333333,25.791666666666668,1.0,24
2019-02-10,8.262500000000001,10.7,82.08333333333333,88.375,51.291666666666664,31.525000000000002,13.4,24
2019-02-11,5.325,8.8,78.20833333333333,62.041666666666664,42.666666666666664,14.15,0.1,24
2019-02-12,2.2916666666666665,7.8,86.0,65.95833333333333,89.5,4.854166666666667,0.0,24
2019-02-13,1.4958333333333333,7.9,87.75,29.791666666666668,111.83333333333333,8.320833333333333,0.0,24
2019-02-14,3.4375,12.4,85.25,20.0,118.125,8.404166666666667,0.0,24
2019-02-15,5.2250000000000005,13.7,78.0,0.0,121.125,9.158333333333333,0.0,24
2019-02-16,6.070833333333333,14.5,81.58333333333333,31.416666666666668,120.875,8.975,0.0,24
2019-02-17,7.1875,16.2,70.58333333333333,46.5,124.58333333333333,11.891666666666666,0.0,24
2019-02-18,7.108333333333333,14.0,74.70833333333333,25.041666666666668,123.91666666666667,9.7125,0.0,24
2019-02-19,7.370833333333334,11.3,82.25,66.83333333333333,86.875,6.8875,0.5,24
2019-02-20,5.529166666666666,12.6,88.79166666666667,63.791666666666664,101.625,6.504166666666666,0.0,24
2019-02-21,7.695833333333333,14.8,84.33333333333333,21.375,127.54166666666667,5.3875,0.0,24
2019-02-22,7.129166666666666,15.3,88.33333333333333,45.958333333333336,109.04166666666667,5.479166666666667,0.0,24
2019-02-23,8.475,14.6,79.41666666666667,0.0,137.25,10.070833333333333,0.0,24
2019-02-24,5.883333333333333,13.5,60.708333333333336,1.0833333333333333,140.20833333333334,9.204166666666667,0.0,24
2019-02-25,6.625,15.7,68.91666666666667,0.0,141.54166666666666,9.604166666666666,0.0,24
2019-02-26,7.845833333333334,16.9,80.08333333333333,0.0,145.25,9.8,0.0,24
2019-02-27,8.975,18.8,79.625,0.0,146.91666666666666,6.716666666666666,0.0,24
2019-02-28,9.629166666666666,14.0,81.375,48.416666666666664,78.45833333333333,18.349999999999998,2.4,24
2019-03-01,9.770833333333334,11.9,82.16666666666667,87.45833333333333,68.54166666666667,16.445833333333333,1.8,24
2019-03-02,9.9,13.2,76.125,93.625,75.04166666666667,15.595833333333333,2.8,24
2019-03-03,11.924999999999999,15.4,72.5,92.70833333333333,56.5,26.25,0.4,24
2019-03-04,8.862499999999999,11.5,74.875,72.79166666666667,70.58333333333333,30.849999999999998,6.7,24
2019-03-05,7.433333333333334,10.9,82.20833333333333,73.33333333333333,48.625,19.104166666666668,6.1,24
2019-03-06,9.920833333333333,12.9,75.75,99.70833333333333,35.708333333333336,18.904166666666665,5.5,24
2019-03-07,9.054166666666667,11.5,76.66666666666667,61.125,111.45833333333333,25.4375,8.5,24
2019-03-08,8.279166666666667,11.9,69.16666666666667,53.208333333333336,124.95833333333333,19.6375,0.2,24
2019-03-09,10.85,14.1,76.625,98.95833333333333,86.79166666666667,22.104166666666668,3.4,24
2019-03-10,10.954166666666666,13.6,70.41666666666667,59.166666666666664,125.33333333333333,29.45,3.9000000000000004,24
2019-03-11,6.258333333333333,9.2,68.20833333333333,44.166666666666664,156.20833333333334,22.333333333333332,2.7,24
2019-03-12,7.0249999999999995,12.1,67.08333333333333,97.16666666666667,85.08333333333333,22.425,3.9000000000000004,24
2019-03-13,7.05,10.9,71.75,47.208333333333336,123.16666666666667,26.912499999999998,0.7,24
2019-03-14,8.508333333333333,11.1,82.625,97.5,25.5,27.15416666666667,7.4,24
2019-03-15,11.733333333333334,13.3,81.16666666666667,99.5,40.625,25.929166666666664,3.3000000000000003,24
2019-03-16,11.104166666666666,13.8,71.79166666666667,67.75,125.79166666666667,24.9875,0.0,24
2019-03-17,7.729166666666667,9.2,73.08333333333333,70.45833333333333,139.41666666666666,23.09166666666667,5.300000000000001,24
2019-03-18,6.7124999999999995,10.5,73.75,60.958333333333336,140.33333333333334,14.220833333333333,1.2,24
2019-03-19,5.9750000000000005,11.3,78.08333333333333,65.95833333333333,128.5,4.075,0.0,24
2019-03-20,7.929166666666667,13.3,78.125,60.375,140.16666666666666,5.391666666666667,0.0,24
2019-03-21,8.895833333333334,15.5,79.66666666666667,4.333333333333333,194.91666666666666,8.029166666666667,0.0,24
2019-03-22,9.012500000000001,16.5,79.04166666666667,13.625,202.58333333333334,6.020833333333333,0.0,24
2019-03-23,8.266666666666667,13.2,80.625,51.0,191.25,7.5249999999999995,0.0,24
2019-03-24,8.304166666666667,11.5,81.0,64.75,80.66666666666667,9.950000000000001,0.1,24
2019-03-25,6.679166666666667,11.4,66.95833333333333,35.791666666666664,159.125,15.5,0.0,24
2019-03-26,6.841666666666666,11.6,71.16666666666667,42.875,187.0,10.420833333333333,0.0,24
2019-03-27,7.4375,12.3,73.375,73.5,125.33333333333333,9.158333333333333,0.0,24
2019-03-28,9.354166666666666,13.7,68.75,65.54166666666667,137.875,11.1875,0.0,24
2019-03-29,10.370833333333334,17.6,73.29166666666667,21.583333333333332,204.70833333333334,8.825000000000001,0.0,24
2019-03-30,11.35,18.6,67.58333333333333,31.291666666666668,210.58333333333334,8.345833333333333,0.0,24
2019-03-31,11.891666666666666,19.1,66.95833333333333,5.75,218.70833333333334,10.020833333333334,0.0,24
2019-04-01,12.116666666666667,19.2,74.70833333333333,11.166666666666666,226.75,10.483333333333333,0.0,24
2019-04-02,10.945833333333333,15.6,76.45833333333333,80.95833333333333,168.95833333333334,14.483333333333334,4.2,24
2019-04-03,5.995833333333334,9.3,77.58333333333333,63.708333333333336,188.125,11.308333333333332,3.5,24
2019-04-04,5.745833333333334,12.0,66.0,28.291666666666668,209.58333333333334,9.454166666666667,0.0,24
2019-04-05,7.625,13.4,58.958333333333336,70.41666666666667,160.625,12.816666666666668,0.0,24
2019-04-06,9.725,16.9,69.33333333333333,67.70833333333333,211.95833333333334,11.754166666666665,0.2,24
2019-04-07,10.245833333333334,14.7,70.5,94.41666666666667,149.875,9.141666666666667,0.0,24
2019-04-08,10.487499999999999,15.7,71.25,79.125,167.0,7.3500000000000005,0.0,24
2019-04-09,9.275,13.3,84.75,63.0,140.95833333333334,7.491666666666667,4.3,24
2019-04-10,9.325000000000001,12.4,84.25,70.54166666666667,100.04166666666667,11.708333333333334,1.4,24
2019-04-11,7.9375,12.8,62.75,9.125,258.8333333333333,15.033333333333333,0.0,24
2019-04-12,6.429166666666666,10.6,61.166666666666664,41.125,214.16666666666666,13.929166666666667,0.0,24
2019-04-13,4.9624999999999995,9.1,55.458333333333336,36.541666666666664,217.125,12.808333333333335,0.0,24
2019-04-14,4.308333333333334,9.4,62.208333333333336,38.458333333333336,222.45833333333334,10.354166666666666,0.0,24
2019-04-15,8.058333333333334,15.2,66.83333333333333,49.083333333333336,254.95833333333334,13.108333333333334,0.0,24
2019-04-16,10.1625,14.1,76.08333333333333,99.41666666666667,56.291666666666664,8.241666666666667,1.3,24
2019-04-17,10.920833333333334,18.1,78.29166666666667,74.70833333333333,235.66666666666666,7.891666666666667,0.0,24
2019-04-18,15.279166666666667,22.7,66.875,76.625,252.66666666666666,12.608333333333334,0.0,24
2019-04-19,16.091666666666665,23.4,64.125,33.125,244.66666666666666,9.104166666666666,0.0,24
2019-04-20,17.120833333333334,24.3,57.833333333333336,2.5,270.5416666666667,11.341666666666667,0.0,24
2019-04-21,16.483333333333334,24.1,57.583333333333336,23.541666666666668,277.375,9.762500000000001,0.0,24
2019-04-22,16.870833333333334,23.7,60.458333333333336,68.54166666666667,250.08333333333334,7.8500000000000005,0.0,24
2019-04-23,15.799999999999999,21.5,63.791666666666664,77.08333333333333,207.95833333333334,7.466666666666666,0.0,24
2019-04-24,14.116666666666667,16.4,70.95833333333333,63.333333333333336,193.58333333333334,16.358333333333334,1.4000000000000001,24
2019-04-25,11.816666666666668,14.4,76.58333333333333,91.29166666666667,133.45833333333334,17.349999999999998,6.5,24
2019-04-26,11.466666666666667,15.8,69.875,51.416666666666664,233.33333333333334,13.008333333333333,0.1,24
2019-04-27,10.579166666666667,13.4,65.79166666666667,68.04166666666667,207.5,23.866666666666664,2.9,24
2019-04-28,8.529166666666667,11.6,75.58333333333333,56.458333333333336,120.41666666666667,17.441666666666666,2.3,24
2019-04-29,9.5875,14.8,73.95833333333333,48.0,189.58333333333334,7.208333333333333,0.0,24
2019-04-30,11.345833333333333,16.9,72.0,21.833333333333332,275.9166666666667,9.533333333333333,0.0,24
2019-05-01,11.954166666666666,17.7,75.625,66.08333333333333,213.875,6.879166666666666,0.0,24
2019-05-02,11.233333333333334,13.6,83.125,97.58333333333333,95.70833333333333,12.054166666666667,5.9,24
2019-05-03,10.975,15.8,79.5,62.25,222.33333333333334,8.970833333333333,1.2000000000000002,24
2019-05-04,6.8875,9.3,77.45833333333333,58.291666666666664,136.29166666666666,17.079166666666666,4.4,24
2019-05-05,7.5,11.5,65.54166666666667,33.666666666666664,207.16666666666666,16.358333333333334,0.9,24
2019-05-06,7.833333333333333,12.5,64.66666666666667,65.0,179.875,5.325,0.0,24
2019-05-07,10.408333333333333,15.5,62.0,96.125,203.95833333333334,9.241666666666667,0.0,24
2019-05-08,12.416666666666666,16.5,75.125,82.33333333333333,130.45833333333334,18.029166666666665,9.8,24
2019-05-09,12.1625,15.7,74.875,67.20833333333333,189.08333333333334,19.708333333333332,6.8,24
2019-05-10,11.666666666666666,16.1,75.04166666666667,65.41666666666667,175.95833333333334,8.516666666666667,11.4,24
2019-05-11,11.299999999999999,15.4,83.75,79.625,151.375,14.891666666666667,26.3,24
2019-05-12,9.833333333333334,14.2,66.33333333333333,33.333333333333336,250.20833333333334,13.737499999999999,0.0,24
2019-05-13,10.975,16.2,60.833333333333336,3.5833333333333335,315.25,17.1375,0.0,24
2019-05-14,12.174999999999999,17.4,52.791666666666664,1.4166666666666667,318.4583333333333,16.583333333333332,0.0,24
2019-05-15,12.158333333333333,17.4,58.666666666666664,2.9166666666666665,319.4166666666667,12.85,0.0,24
2019-05-16,11.683333333333332,17.3,58.958333333333336,48.833333333333336,283.8333333333333,10.887500000000001,0.0,24
2019-05-17,13.670833333333334,18.2,67.75,83.70833333333333,224.83333333333334,6.9125000000000005,0.2,24
2019-05-18,14.387500000000001,18.3,79.66666666666667,87.41666666666667,200.125,6.675,0.4,24
2019-05-19,14.008333333333333,18.1,85.83333333333333,90.375,179.45833333333334,8.691666666666666,2.4,24
2019-05-20,13.641666666666666,17.9,80.04166666666667,80.95833333333333,152.875,12.495833333333332,2.4,24
2019-05-21,14.308333333333332,19.2,81.0,29.416666666666668,260.3333333333333,10.049999999999999,2.2,24
2019-05-22,14.362499999999999,20.1,67.95833333333333,65.66666666666667,283.5,5.620833333333334,0.0,24
2019-05-23,16.25,21.6,61.291666666666664,64.16666666666667,272.875,5.75,0.0,24
2019-05-24,16.616666666666667,21.2,63.708333333333336,59.333333333333336,260.0833333333333,9.858333333333333,0.1,24
2019-05-25,15.375,20.2,78.375,51.833333333333336,219.125,8.283333333333333,3.2,24
2019-05-26,15.3375,19.5,76.58333333333333,62.75,200.375,10.75,0.1,24
2019-05-27,16.145833333333332,19.4,68.125,92.08333333333333,227.08333333333334,13.716666666666667,0.30000000000000004,24
2019-05-28,13.291666666666666,16.1,71.0,46.166666666666664,247.75,14.654166666666667,3.4,24
2019-05-29,13.616666666666667,19.1,71.625,67.25,222.25,8.316666666666666,0.30000000000000004,24
2019-05-30,17.045833333333334,20.7,73.20833333333333,78.875,191.04166666666666,9.454166666666667,1.0,24
2019-05-31,17.466666666666665,22.2,74.0,43.875,232.95833333333334,6.354166666666667,0.0,24
2019-06-01,20.275000000000002,27.4,69.33333333333333,6.916666666666667,329.375,8.404166666666667,0.0,24
2019-06-02,23.570833333333336,30.9,60.208333333333336,49.833333333333336,315.4166666666667,13.554166666666667,0.0,24
2019-06-03,18.229166666666668,21.9,70.70833333333333,78.08333333333333,134.41666666666666,8.904166666666667,2.1,24
2019-06-04,18.729166666666668,26.7,79.91666666666667,79.625,198.625,13.975,5.7,24
2019-06-05,14.6875,18.4,85.58333333333333,98.95833333333333,72.16666666666667,9.775,21.0,24
2019-06-06,14.079166666666666,18.2,76.70833333333333,54.291666666666664,257.1666666666667,9.6,1.3,24
2019-06-07,14.983333333333334,18.0,68.5,82.70833333333333,163.95833333333334,26.4375,6.3,24
2019-06-08,14.983333333333334,18.5,61.666666666666664,51.208333333333336,257.0416666666667,25.379166666666666,0.7,24
2019-06-09,15.329166666666666,19.8,73.33333333333333,78.0,212.25,6.633333333333333,0.1,24
2019-06-10,14.208333333333334,16.6,79.95833333333333,68.33333333333333,254.625,11.799999999999999,2.6,24
2019-06-11,13.029166666666667,17.2,73.375,55.541666666666664,240.29166666666666,7.695833333333333,0.4,24
2019-06-12,13.137500000000001,16.6,82.79166666666667,72.04166666666667,242.0,10.720833333333333,5.3,24
2019-06-13,14.245833333333332,19.0,77.79166666666667,51.875,200.25,16.491666666666667,0.7000000000000001,24
2019-06-14,16.758333333333333,22.0,75.75,73.79166666666667,234.875,8.025,3.8,24
2019-06-15,17.383333333333333,20.5,70.75,46.583333333333336,271.6666666666667,11.845833333333333,8.5,24
2019-06-16,16.908333333333335,21.0,72.25,51.541666666666664,194.95833333333334,11.804166666666667,0.4,24
2019-06-17,18.95,25.2,70.45833333333333,51.25,280.3333333333333,6.295833333333333,0.0,24
2019-06-18,20.604166666666668,27.1,72.70833333333333,83.33333333333333,236.875,9.629166666666666,0.0,24
2019-06-19,20.4375,23.9,72.83333333333333,67.66666666666667,193.83333333333334,12.808333333333332,6.3,24
2019-06-20,17.2375,20.2,74.41666666666667,69.45833333333333,229.20833333333334,10.725,4.0,24
2019-06-21,16.808333333333334,20.7,65.91666666666667,62.583333333333336,263.6666666666667,8.145833333333334,0.0,24
2019-06-22,18.099999999999998,23.7,65.08333333333333,48.916666666666664,294.7916666666667,9.75,0.0,24
2019-06-23,21.929166666666664,28.9,66.79166666666667,78.41666666666667,298.4583333333333,10.883333333333333,0.0,24
2019-06-24,24.52916666666667,30.0,67.70833333333333,63.708333333333336,311.4166666666667,10.950000000000001,0.0,24
2019-06-25,25.941666666666666,31.3,67.75,65.91666666666667,303.5833333333333,9.595833333333333,0.0,24
2019-06-26,26.09583333333333,32.4,69.45833333333333,8.666666666666666,314.5833333333333,17.4375,0.0,24
2019-06-27,25.7,31.6,64.91666666666667,0.0,332.125,18.633333333333333,0.0,24
2019-06-28,24.858333333333334,31.4,49.041666666666664,21.166666666666668,338.9583333333333,13.704166666666666,0.0,24
2019-06-29,26.291666666666668,34.2,55.375,1.7083333333333333,340.6666666666667,8.908333333333333,0.0,24
2019-06-30,23.316666666666666,27.6,58.916666666666664,15.583333333333334,326.875,13.483333333333334,0.0,24
2019-07-01,19.650000000000002,24.1,64.41666666666667,49.166666666666664,263.5833333333333,11.254166666666668,2.0,24
2019-07-02,18.8875,24.7,59.833333333333336,1.75,341.875,10.845833333333333,0.0,24
2019-07-03,19.966666666666665,25.1,53.25,10.583333333333334,339.125,17.741666666666667,0.0,24
2019-07-04,20.5625,26.8,48.458333333333336,0.0,342.2916666666667,13.633333333333333,0.0,24
2019-07-05,22.229166666666668,29.6,50.208333333333336,20.75,342.5416666666667,6.891666666666667,0.0,24
2019-07-06,23.983333333333334,30.9,51.541666666666664,12.25,325.2083333333333,9.333333333333334,0.0,24
2019-07-07,20.845833333333335,26.5,57.416666666666664,57.041666666666664,289.875,9.841666666666667,0.0,24
2019-07-08,18.9375,23.4,49.208333333333336,70.91666666666667,297.5,15.65,0.0,24
2019-07-09,18.295833333333334,24.0,49.583333333333336,17.666666666666668,333.75,13.9,0.0,24
2019-07-10,20.645833333333332,26.5,50.291666666666664,38.833333333333336,320.25,5.958333333333333,0.0,24
2019-07-11,22.71666666666667,27.9,56.875,72.95833333333333,197.04166666666666,6.479166666666667,0.2,24
2019-07-12,20.825,24.8,59.5,47.708333333333336,219.79166666666666,14.841666666666667,0.6,24
2019-07-13,20.329166666666666,25.7,61.25,30.0,285.6666666666667,11.700000000000001,0.0,24
2019-07-14,17.9375,21.7,63.25,52.125,198.875,16.008333333333333,0.0,24
2019-07-15,18.220833333333335,23.4,59.375,12.5,317.4166666666667,12.954166666666666,0.0,24
2019-07-16,18.741666666666667,25.2,59.083333333333336,42.458333333333336,315.0416666666667,6.708333333333333,0.0,24
2019-07-17,21.4375,28.9,51.916666666666664,55.458333333333336,287.2083333333333,7.825,0.0,24
2019-07-18,20.587500000000002,27.4,59.25,86.0,220.70833333333334,11.5875,1.2,24
2019-07-19,21.820833333333336,27.6,67.125,92.08333333333333,209.875,7.75,0.7000000000000001,24
2019-07-20,22.383333333333336,27.3,63.125,57.625,226.91666666666666,14.225,2.8,24
2019-07-21,21.416666666666668,26.9,61.791666666666664,66.91666666666667,272.9166666666667,9.179166666666667,0.0,24
2019-07-22,23.46666666666667,31.0,55.083333333333336,79.70833333333333,307.2916666666667,5.445833333333333,0.0,24
2019-07-23,27.458333333333332,36.1,44.125,9.166666666666666,319.4166666666667,10.254166666666668,0.0,24
2019-07-24,30.15416666666667,36.9,39.25,9.75,310.0,8.2875,0.0,24
2019-07-25,32.175000000000004,40.7,39.125,30.833333333333332,293.5416666666667,10.479166666666666,0.0,24
2019-07-26,25.25,30.0,58.583333333333336,54.166666666666664,227.29166666666666,14.270833333333334,7.2,24
2019-07-27,18.679166666666667,21.9,78.91666666666667,92.375,148.58333333333334,14.854166666666666,11.6,24
2019-07-28,19.091666666666665,23.1,67.04166666666667,72.41666666666667,230.91666666666666,15.633333333333333,0.6000000000000001,24
2019-07-29,20.066666666666666,26.2,63.541666666666664,4.791666666666667,307.2916666666667,8.154166666666667,0.0,24
2019-07-30,20.220833333333335,23.7,60.375,36.625,222.41666666666666,18.575,0.1,24
2019-07-31,19.0125,22.4,60.625,64.29166666666667,204.91666666666666,12.491666666666667,0.1,24
2019-08-01,20.25,25.4,62.291666666666664,64.04166666666667,246.875,6.483333333333333,0.0,24
2019-08-02,20.970833333333335,26.1,58.791666666666664,51.125,265.1666666666667,10.095833333333333,0.0,24
2019-08-03,19.541666666666668,24.6,67.33333333333333,59.75,211.0,8.129166666666666,0.0,24
2019-08-04,22.258333333333336,29.1,59.083333333333336,71.5,246.66666666666666,6.925,0.0,24
2019-08-05,21.912499999999998,26.4,61.916666666666664,77.66666666666667,190.45833333333334,12.262500000000001,1.0,24
2019-08-06,19.375,21.4,85.45833333333333,88.125,65.04166666666667,7.733333333333333,30.2,24
2019-08-07,19.837500000000002,24.8,72.83333333333333,70.04166666666667,204.04166666666666,8.895833333333334,1.1,24
2019-08-08,21.6125,28.3,62.5,63.0,249.875,6.754166666666666,0.2,24
2019-08-09,22.670833333333334,25.8,71.45833333333333,92.70833333333333,105.79166666666667,14.070833333333333,10.2,24
2019-08-10,21.099999999999998,24.4,57.625,66.125,209.70833333333334,24.96666666666667,0.0,24
2019-08-11,17.941666666666666,21.1,64.58333333333333,81.0,140.625,10.825000000000001,0.2,24
2019-08-12,17.066666666666666,21.0,70.58333333333333,39.125,231.54166666666666,10.862499999999999,1.7,24
2019-08-13,15.658333333333333,20.4,71.625,49.291666666666664,182.29166666666666,11.504166666666668,1.2,24
2019-08-14,17.916666666666668,23.8,73.625,67.95833333333333,187.375,9.945833333333333,0.9,24
2019-08-15,18.941666666666666,22.9,71.54166666666667,71.0,184.54166666666666,18.45,3.1,24
2019-08-16,18.45,25.0,69.66666666666667,78.375,204.20833333333334,10.183333333333334,0.1,24
2019-08-17,18.9,20.0,87.16666666666667,98.70833333333333,59.625,15.220833333333333,17.0,24
2019-08-18,19.158333333333335,22.0,80.75,94.875,96.20833333333333,13.591666666666667,6.5,24
2019-08-19,17.525000000000002,21.8,65.08333333333333,45.375,224.54166666666666,10.733333333333334,0.0,24
2019-08-20,17.075,21.9,67.75,43.083333333333336,238.625,9.066666666666666,0.0,24
2019-08-21,16.708333333333332,22.9,67.04166666666667,27.958333333333332,255.75,7.158333333333334,0.0,24
2019-08-22,18.3625,25.3,61.916666666666664,9.0,269.125,7.654166666666666,0.0,24
2019-08-23,20.0125,27.7,61.75,39.541666666666664,263.5,8.841666666666667,0.0,24
2019-08-24,21.704166666666666,29.7,60.833333333333336,52.916666666666664,258.0,8.004166666666666,0.0,24
2019-08-25,23.891666666666666,31.3,53.291666666666664,16.5,261.5833333333333,6.579166666666667,0.0,24
2019-08-26,23.954166666666666,31.8,52.125,0.0,256.1666666666667,6.8500000000000005,0.0,24
2019-08-27,24.662499999999998,32.9,51.583333333333336,51.208333333333336,209.875,9.737499999999999,0.0,24
2019-08-28,23.579166666666666,29.1,64.125,63.833333333333336,184.08333333333334,8.270833333333334,1.1,24
2019-08-29,20.154166666666665,23.3,69.33333333333333,39.041666666666664,200.0,10.0,0.6,24
2019-08-30,18.854166666666668,26.2,58.375,29.583333333333332,246.83333333333334,5.9125000000000005,0.0,24
2019-08-31,21.712500000000002,30.5,52.0,38.375,225.95833333333334,11.958333333333334,0.0,24
2019-09-01,18.566666666666666,21.8,57.583333333333336,65.5,175.41666666666666,11.420833333333334,0.0,24
2019-09-02,16.566666666666666,21.9,58.708333333333336,11.125,241.625,8.262500000000001,0.0,24
2019-09-03,17.05,22.4,64.625,23.708333333333332,220.79166666666666,7.904166666666666,0.0,24
2019-09-04,17.245833333333334,24.4,65.625,24.708333333333332,184.79166666666666,13.266666666666666,0.4,24
2019-09-05,15.245833333333332,19.1,62.458333333333336,43.041666666666664,155.75,13.612499999999999,0.1,24
2019-09-06,14.583333333333334,22.3,59.875,42.916666666666664,218.125,9.237499999999999,0.2,24
2019-09-07,15.670833333333333,18.9,69.5,53.333333333333336,156.79166666666666,12.424999999999999,0.1,24
2019-09-08,13.975000000000001,18.7,66.08333333333333,31.75,169.25,12.329166666666667,0.0,24
2019-09-09,13.583333333333334,19.1,64.79166666666667,75.70833333333333,117.95833333333333,7.116666666666667,0.0,24
2019-09-10,16.183333333333334,21.9,54.875,42.041666666666664,188.25,9.079166666666667,0.0,24
2019-09-11,17.266666666666666,23.7,65.33333333333333,62.416666666666664,171.04166666666666,10.4,0.0,24
2019-09-12,19.7375,23.8,74.91666666666667,76.58333333333333,93.29166666666667,10.033333333333333,0.30000000000000004,24
2019-09-13,18.966666666666665,23.3,77.83333333333333,65.0,116.45833333333333,7.129166666666666,0.0,24
2019-09-14,19.82916666666667,26.2,67.66666666666667,46.25,192.75,11.470833333333333,0.0,24
2019-09-15,19.404166666666665,27.2,62.75,1.125,213.375,6.766666666666667,0.0,24
2019-09-16,18.579166666666666,25.6,60.458333333333336,48.458333333333336,197.75,8.875,0.0,24
2019-09-17,18.404166666666665,22.2,67.25,25.75,178.54166666666666,11.770833333333334,0.1,24
2019-09-18,15.008333333333333,19.9,51.75,11.625,204.29166666666666,18.641666666666666,0.0,24
2019-09-19,14.991666666666667,20.1,53.291666666666664,2.125,203.08333333333334,17.5625,0.0,24
2019-09-20,16.404166666666665,23.6,39.0,0.0,204.91666666666666,16.441666666666666,0.0,24
2019-09-21,19.8125,27.8,46.958333333333336,13.625,193.45833333333334,11.666666666666666,0.0,24
2019-09-22,19.029166666666665,24.1,72.875,88.04166666666667,61.25,14.516666666666666,5.5,24
2019-09-23,16.900000000000002,21.5,71.29166666666667,53.541666666666664,143.20833333333334,13.504166666666668,0.6,24
2019-09-24,16.620833333333334,20.0,83.95833333333333,85.25,62.666666666666664,17.2625,11.5,24
2019-09-25,15.879166666666668,19.2,78.58333333333333,81.08333333333333,67.16666666666667,17.966666666666665,3.8000000000000003,24
2019-09-26,17.925,21.2,80.375,94.95833333333333,61.208333333333336,21.150000000000002,1.6,24
2019-09-27,16.849999999999998,19.3,75.625,64.70833333333333,123.0,19.604166666666668,3.9,24
2019-09-28,16.25,19.9,68.83333333333333,64.04166666666667,106.20833333333333,19.408333333333335,0.0,24
2019-09-29,16.787499999999998,20.3,73.33333333333333,49.375,96.08333333333333,27.395833333333332,2.0,24
2019-09-30,16.095833333333335,19.2,69.95833333333333,73.95833333333333,120.41666666666667,17.183333333333334,0.0,24
2019-10-01,17.366666666666667,20.3,82.25,72.04166666666667,80.79166666666667,20.175,4.0,24
2019-10-02,13.504166666666668,15.7,70.5,62.708333333333336,112.875,15.841666666666667,0.9,24
2019-10-03,9.1625,13.1,69.45833333333333,59.416666666666664,110.20833333333333,5.9750000000000005,0.0,24
2019-10-04,14.141666666666666,17.5,75.75,89.95833333333333,75.83333333333333,19.870833333333334,5.0,24
2019-10-05,14.754166666666668,17.1,83.0,94.79166666666667,71.625,9.575,0.9,24
2019-10-06,14.404166666666667,17.1,81.29166666666667,70.375,88.04166666666667,15.854166666666666,3.4,24
2019-10-07,14.0,16.9,71.54166666666667,84.0,92.70833333333333,13.487499999999999,0.0,24
2019-10-08,14.275,16.4,88.66666666666667,83.54166666666667,23.916666666666668,15.112499999999999,11.8,24
2019-10-09,12.845833333333333,16.2,79.33333333333333,63.083333333333336,98.20833333333333,19.504166666666666,1.9,24
2019-10-10,13.5,17.4,72.20833333333333,48.125,115.0,17.70416666666667,1.5,24
2019-10-11,14.612499999999999,20.2,78.16666666666667,54.708333333333336,87.41666666666667,16.283333333333335,0.0,24
2019-10-12,15.9625,20.5,82.91666666666667,42.791666666666664,83.33333333333333,12.645833333333334,0.4,24
2019-10-13,18.787499999999998,24.7,77.375,35.416666666666664,118.04166666666667,16.666666666666668,1.0,24
2019-10-14,18.191666666666666,24.0,77.79166666666667,70.70833333333333,112.83333333333333,15.295833333333334,2.0,24
2019-10-15,14.166666666666666,16.3,83.04166666666667,79.25,46.041666666666664,12.204166666666666,3.9,24
2019-10-16,13.820833333333333,16.8,83.16666666666667,88.375,51.0,23.5,11.2,24
2019-10-17,14.266666666666666,17.0,84.45833333333333,84.04166666666667,55.125,12.700000000000001,1.0,24
2019-10-18,14.174999999999999,16.5,70.70833333333333,73.0,115.29166666666667,21.916666666666668,1.4,24
2019-10-19,12.658333333333333,14.8,86.5,92.25,63.291666666666664,12.433333333333332,6.6000000000000005,24
2019-10-20,11.625,13.0,91.0,100.0,24.916666666666668,11.275,13.6,24
2019-10-21,12.116666666666667,14.9,83.04166666666667,84.54166666666667,80.25,12.525,3.0,24
2019-10-22,10.3,13.7,89.91666666666667,74.5,51.541666666666664,6.795833333333333,0.2,24
2019-10-23,12.866666666666667,16.1,89.58333333333333,92.33333333333333,70.25,9.979166666666666,0.6000000000000001,24
2019-10-24,13.816666666666668,16.9,85.79166666666667,70.70833333333333,78.70833333333333,15.25,0.7000000000000001,24
2019-10-25,12.700000000000001,16.2,90.375,90.45833333333333,39.916666666666664,14.729166666666666,0.1,24
2019-10-26,14.879166666666668,19.9,79.20833333333333,77.875,113.875,16.395833333333332,0.0,24
2019-10-27,11.404166666666667,15.9,86.20833333333333,98.66666666666667,18.25,12.391666666666666,8.0,24
2019-10-28,9.770833333333334,12.4,71.79166666666667,97.45833333333333,86.125,14.924999999999999,0.39999999999999997,24
2019-10-29,9.920833333333333,11.9,71.41666666666667,99.5,45.375,15.308333333333332,1.5,24
2019-10-30,8.529166666666667,9.7,89.04166666666667,98.25,25.333333333333332,10.383333333333333,4.8,24
2019-10-31,9.775,11.8,93.08333333333333,95.16666666666667,38.0,10.233333333333333,4.0,24
2019-11-01,12.233333333333334,16.0,94.79166666666667,96.95833333333333,20.791666666666668,14.258333333333333,14.8,24
2019-11-02,13.387500000000001,15.6,82.79166666666667,93.875,34.416666666666664,24.675,2.8,24
2019-11-03,11.370833333333332,12.7,87.95833333333333,92.45833333333333,23.125,17.7375,9.2,24
2019-11-04,11.120833333333332,13.9,80.16666666666667,48.75,76.83333333333333,20.470833333333335,2.4,24
2019-11-05,9.233333333333333,11.6,84.79166666666667,48.333333333333336,61.166666666666664,10.558333333333334,1.1,24
2019-11-06,9.116666666666667,12.5,88.66666666666667,68.45833333333333,60.541666666666664,10.220833333333333,1.7000000000000002,24
2019-11-07,8.695833333333333,10.6,79.16666666666667,55.291666666666664,78.33333333333333,17.491666666666667,10.2,24
2019-11-08,6.0874999999999995,10.1,85.375,61.041666666666664,59.875,7.895833333333333,0.0,24
2019-11-09,6.283333333333334,9.9,82.08333333333333,53.833333333333336,68.41666666666667,11.004166666666668,0.4,24
2019-11-10,6.516666666666667,8.7,87.91666666666667,94.33333333333333,25.375,7.783333333333332,5.4,24
2019-11-11,5.616666666666667,8.7,90.33333333333333,78.375,27.75,15.841666666666667,3.6,24
2019-11-12,5.8,8.3,83.25,51.708333333333336,64.04166666666667,16.579166666666666,0.9,24
2019-11-13,6.5125,9.7,84.29166666666667,72.125,64.33333333333333,14.487499999999999,0.7,24
2019-11-14,5.7625,7.5,83.79166666666667,97.125,53.916666666666664,14.083333333333334,4.199999999999999,24
2019-11-15,3.5375,5.2,95.375,99.95833333333333,9.708333333333334,11.420833333333334,19.4,24
2019-11-16,5.058333333333334,6.8,90.625,95.41666666666667,26.0,13.483333333333334,1.3,24
2019-11-17,3.716666666666667,8.1,91.41666666666667,79.20833333333333,67.20833333333333,6.7,0.0,24
2019-11-18,5.316666666666666,8.2,91.41666666666667,94.04166666666667,22.625,11.616666666666667,4.4,24
2019-11-19,5.695833333333333,8.8,82.625,83.625,51.708333333333336,5.75,0.0,24
2019-11-20,2.733333333333333,7.0,86.75,52.791666666666664,76.875,10.920833333333334,0.0,24
2019-11-21,4.854166666666667,10.2,88.0,62.916666666666664,68.875,11.012500000000001,0.8,24
2019-11-22,8.266666666666667,12.0,81.20833333333333,73.20833333333333,70.0,18.325,0.2,24
2019-11-23,9.608333333333333,10.8,86.20833333333333,97.45833333333333,14.708333333333334,18.287499999999998,7.8,24
2019-11-24,8.3375,10.2,91.58333333333333,95.66666666666667,33.083333333333336,7.4750000000000005,0.8,24
2019-11-25,8.975,11.6,90.95833333333333,92.91666666666667,29.25,13.35,0.7999999999999999,24
2019-11-26,11.266666666666666,12.9,91.625,98.41666666666667,23.333333333333332,17.391666666666666,4.8,24
2019-11-27,10.775,11.7,84.25,70.20833333333333,21.125,25.041666666666668,6.1,24
2019-11-28,10.020833333333334,11.6,85.375,66.91666666666667,42.666666666666664,22.21666666666667,1.3,24
2019-11-29,7.908333333333334,8.8,89.33333333333333,89.625,20.916666666666668,9.275,1.0,24
2019-11-30,5.979166666666667,8.8,82.83333333333333,83.83333333333333,56.958333333333336,12.854166666666666,0.0,24
2019-12-01,3.654166666666667,5.0,82.83333333333333,97.75,20.916666666666668,14.299999999999999,1.6,24
2019-12-02,1.95,6.9,88.08333333333333,16.208333333333332,57.208333333333336,9.345833333333333,0.0,24
2019-12-03,2.1416666666666666,5.9,94.45833333333333,45.625,38.833333333333336,8.4125,0.0,24
2019-12-04,0.7625000000000001,4.9,90.66666666666667,7.916666666666667,63.583333333333336,6.783333333333334,0.0,24
2019-12-05,-0.9,1.4,96.54166666666667,91.95833333333333,24.083333333333332,5.858333333333333,0.0,24
2019-12-06,2.9166666666666665,7.4,94.25,97.66666666666667,13.458333333333334,18.224999999999998,2.7,24
2019-12-07,8.133333333333335,10.4,91.29166666666667,76.08333333333333,23.708333333333332,12.4,0.5,24
2019-12-08,9.920833333333333,12.0,87.45833333333333,80.45833333333333,17.416666666666668,22.650000000000002,4.5,24
2019-12-09,7.295833333333333,8.7,76.375,51.583333333333336,35.875,27.866666666666664,4.1,24
2019-12-10,3.3125,7.4,84.29166666666667,72.29166666666667,50.291666666666664,14.825000000000001,0.7,24
2019-12-11,7.054166666666667,8.3,87.5,94.16666666666667,29.75,15.108333333333334,9.6,24
2019-12-12,4.641666666666667,7.5,90.625,74.95833333333333,21.791666666666668,19.954166666666666,7.3,24
2019-12-13,7.316666666666666,8.9,79.0,61.5,41.625,26.816666666666666,5.8,24
2019-12-14,8.570833333333333,10.5,76.04166666666667,78.0,23.208333333333332,24.879166666666666,3.0,24
2019-12-15,9.295833333333333,11.0,81.20833333333333,89.16666666666667,40.666666666666664,20.037499999999998,3.8,24
2019-12-16,8.758333333333333,10.5,93.25,96.70833333333333,17.875,9.200000000000001,4.7,24
2019-12-17,10.891666666666666,15.0,83.08333333333333,93.625,33.125,13.799999999999999,1.3,24
2019-12-18,8.012500000000001,10.5,90.66666666666667,42.833333333333336,54.25,12.295833333333334,0.0,24
2019-12-19,11.579166666666666,13.6,79.58333333333333,83.5,14.166666666666666,18.6375,0.39999999999999997,24
2019-12-20,10.666666666666666,13.3,79.75,66.16666666666667,38.166666666666664,23.458333333333332,13.2,24
2019-12-21,8.5875,10.8,84.375,62.875,42.708333333333336,21.333333333333332,6.1,24
2019-12-22,8.645833333333334,9.6,81.54166666666667,77.54166666666667,30.041666666666668,23.570833333333336,2.7,24
2019-12-23,8.458333333333334,10.2,77.5,76.33333333333333,37.541666666666664,21.479166666666668,0.9,24
2019-12-24,10.387500000000001,12.3,80.375,74.75,48.0,21.158333333333335,3.4,24
2019-12-25,8.7125,10.9,76.16666666666667,82.29166666666667,37.958333333333336,12.879166666666668,0.0,24
2019-12-26,6.566666666666666,11.0,84.5,89.95833333333333,38.625,12.583333333333334,5.300000000000001,24
2019-12-27,8.941666666666666,10.7,89.70833333333333,91.0,24.333333333333332,15.6,8.5,24
2019-12-28,6.579166666666667,8.4,87.70833333333333,95.95833333333333,31.0,7.808333333333334,0.0,24
2019-12-29,1.1958333333333333,6.0,90.33333333333333,68.625,51.791666666666664,7.458333333333333,0.0,24
2019-12-30,0.8958333333333334,6.8,89.16666666666667,15.375,59.958333333333336,7.845833333333334,0.0,24
2019-12-31,0.21666666666666667,5.5,93.875,42.125,57.041666666666664,7.754166666666666,0.0,24
2020-01-01,2.5833333333333335,4.9,97.20833333333333,98.875,18.166666666666668,7.941666666666666,0.5,24
2020-01-02,7.066666666666666,9.2,94.16666666666667,94.25,27.333333333333332,10.4125,1.5,24
2020-01-03,9.733333333333333,11.5,87.75,93.54166666666667,25.208333333333332,19.416666666666668,1.0,24
2020-01-04,5.9375,8.6,87.20833333333333,72.0,48.166666666666664,11.0375,0.0,24
2020-01-05,5.4375,8.9,92.41666666666667,53.666666666666664,42.75,5.295833333333333,0.0,24
2020-01-06,3.0208333333333335,8.1,89.875,46.0,55.625,11.450000000000001,0.0,24
2020-01-07,7.858333333333333,10.0,90.95833333333333,92.58333333333333,29.541666666666668,12.237499999999999,0.1,24
2020-01-08,11.191666666666668,12.2,93.375,99.25,17.583333333333332,13.495833333333332,0.2,24
2020-01-09,11.479166666666666,12.8,89.91666666666667,94.04166666666667,24.25,21.34583333333333,4.3,24
2020-01-10,7.5375000000000005,10.0,86.41666666666667,71.25,25.0,15.637500000000001,1.7999999999999998,24
2020-01-11,4.3125,8.0,82.79166666666667,72.33333333333333,48.625,10.3375,0.0,24
2020-01-12,6.116666666666667,9.9,86.375,69.625,37.958333333333336,16.170833333333334,0.0,24
2020-01-13,8.329166666666667,9.7,90.41666666666667,97.625,19.291666666666668,18.654166666666665,0.5,24
2020-01-14,10.116666666666667,11.0,68.75,97.625,15.041666666666666,30.645833333333332,3.5,24
2020-01-15,9.758333333333333,12.0,72.29166666666667,58.416666666666664,33.375,22.791666666666668,2.4,24
2020-01-16,8.012500000000001,13.4,85.54166666666667,37.041666666666664,65.45833333333333,14.854166666666666,0.0,24
2020-01-17,9.262500000000001,11.6,74.95833333333333,58.875,51.75,18.7,1.7000000000000002,24
2020-01-18,4.7124999999999995,8.4,82.29166666666667,41.666666666666664,56.208333333333336,11.366666666666667,0.0,24
2020-01-19,2.9499999999999997,7.1,84.0,18.208333333333332,58.666666666666664,12.916666666666666,0.0,24
2020-01-20,2.4541666666666666,6.3,87.45833333333333,13.083333333333334,68.33333333333333,12.683333333333332,0.0,24
2020-01-21,0.19166666666666665,5.0,88.66666666666667,0.0,77.66666666666667,8.295833333333333,0.0,24
2020-01-22,-1.2833333333333334,2.6,91.58333333333333,26.208333333333332,67.91666666666667,8.895833333333334,0.0,24
2020-01-23,0.18333333333333332,4.8,87.25,13.416666666666666,74.45833333333333,9.841666666666667,0.0,24
2020-01-24,-0.525,3.7,92.41666666666667,22.166666666666668,70.66666666666667,4.954166666666667,0.0,24
2020-01-25,0.5125000000000001,3.7,97.625,73.58333333333333,30.291666666666668,6.620833333333334,0.0,24
2020-01-26,4.670833333333333,9.6,93.625,97.66666666666667,37.208333333333336,10.1625,1.0,24
2020-01-27,8.379166666666666,9.0,89.16666666666667,96.75,18.25,23.366666666666664,6.6,24
2020-01-28,6.054166666666667,7.5,78.875,67.125,67.875,28.995833333333334,4.4,24
2020-01-29,6.066666666666666,9.3,80.66666666666667,72.04166666666667,51.208333333333336,18.433333333333334,0.30000000000000004,24
2020-01-30,8.041666666666666,12.8,91.75,98.91666666666667,16.833333333333332,17.474999999999998,1.9000000000000001,24
2020-01-31,11.883333333333333,13.4,87.08333333333333,99.41666666666667,41.583333333333336,17.633333333333333,0.1,24
2020-02-01,12.262500000000001,13.6,85.33333333333333,90.58333333333333,45.25,22.145833333333332,15.9,24
2020-02-02,12.583333333333334,15.5,89.125,98.375,34.0,21.395833333333332,9.8,24
2020-02-03,11.904166666666667,13.5,84.58333333333333,98.54166666666667,26.833333333333332,17.958333333333332,7.7,24
2020-02-04,6.595833333333334,8.4,75.375,58.916666666666664,69.16666666666667,23.90833333333333,5.0,24
2020-02-05,6.266666666666667,9.1,78.0,79.0,46.75,8.629166666666666,0.0,24
2020-02-06,3.579166666666667,9.6,81.91666666666667,26.166666666666668,102.33333333333333,8.291666666666666,0.0,24
2020-02-07,4.741666666666666,11.3,78.41666666666667,30.833333333333332,101.625,10.308333333333334,0.0,24
2020-02-08,8.566666666666666,10.8,86.41666666666667,74.16666666666667,32.125,13.2875,2.5,24
2020-02-09,9.549999999999999,13.3,83.41666666666667,93.91666666666667,24.541666666666668,32.50416666666667,3.0,24
2020-02-10,9.858333333333333,13.3,73.08333333333333,69.875,65.5,36.37083333333333,6.6,24
2020-02-11,6.220833333333334,7.9,73.08333333333333,40.875,87.20833333333333,28.308333333333334,2.2,24
2020-02-12,5.708333333333333,8.9,72.41666666666667,59.041666666666664,86.16666666666667,19.233333333333334,0.1,24
2020-02-13,8.0,12.0,77.95833333333333,78.33333333333333,54.125,27.53333333333333,8.3,24
2020-02-14,9.008333333333333,12.1,75.08333333333333,82.5,76.83333333333333,13.654166666666667,0.0,24
2020-02-15,10.112499999999999,14.6,80.0,81.66666666666667,86.0,19.758333333333333,1.2,24
2020-02-16,13.791666666666666,17.4,68.79166666666667,97.0,56.25,35.06666666666667,7.300000000000001,24
2020-02-17,9.154166666666667,11.4,72.375,54.958333333333336,99.45833333333333,21.7,1.0,24
2020-02-18,7.083333333333333,10.3,73.04166666666667,50.791666666666664,86.375,20.116666666666667,0.0,24
2020-02-19,7.166666666666667,9.0,80.33333333333333,79.54166666666667,58.958333333333336,18.650000000000002,7.1000000000000005,24
2020-02-20,8.629166666666666,11.3,82.875,84.375,49.083333333333336,22.695833333333336,3.1000000000000005,24
2020-02-21,5.954166666666667,10.3,73.95833333333333,38.833333333333336,104.95833333333333,14.329166666666666,0.0,24
2020-02-22,8.091666666666667,12.9,78.625,64.66666666666667,86.16666666666667,17.962500000000002,0.30000000000000004,24
2020-02-23,11.262500000000001,13.3,83.91666666666667,99.75,26.333333333333332,25.150000000000002,1.1,24
2020-02-24,11.5625,12.9,82.70833333333333,99.625,53.458333333333336,23.058333333333334,1.2,24
2020-02-25,8.575,10.2,80.0,81.41666666666667,78.83333333333333,23.008333333333336,6.9,24
2020-02-26,4.179166666666666,6.4,80.125,62.208333333333336,104.95833333333333,24.879166666666666,5.1,24
2020-02-27,5.158333333333333,10.8,78.16666666666667,75.91666666666667,41.208333333333336,24.820833333333336,9.8,24
2020-02-28,4.804166666666666,10.0,83.95833333333333,86.91666666666667,28.375,16.608333333333334,4.5,24
2020-02-29,9.133333333333335,11.4,75.95833333333333,80.75,56.291666666666664,27.599999999999998,2.4,24
2020-03-01,6.1375,8.8,82.54166666666667,69.66666666666667,35.916666666666664,22.0625,15.5,24
2020-03-02,6.45,8.7,84.54166666666667,83.125,44.166666666666664,18.837500000000002,10.7,24
2020-03-03,4.904166666666667,9.0,79.91666666666667,50.75,112.04166666666667,12.283333333333333,1.1,24
2020-03-04,5.233333333333333,7.8,87.20833333333333,89.20833333333333,47.125,13.833333333333334,2.1,24
2020-03-05,8.808333333333334,12.6,90.58333333333333,97.58333333333333,48.666666666666664,17.25,20.2,24
2020-03-06,6.429166666666667,9.2,77.33333333333333,71.29166666666667,104.29166666666667,19.8375,1.7000000000000002,24
2020-03-07,6.258333333333333,11.0,77.79166666666667,54.583333333333336,93.29166666666667,10.1875,0.1,24
2020-03-08,8.775,11.1,83.41666666666667,74.625,40.041666666666664,21.508333333333336,3.8,24
2020-03-09,7.608333333333333,10.8,76.66666666666667,52.5,130.29166666666666,16.991666666666667,1.3,24
2020-03-10,11.045833333333334,14.1,87.33333333333333,100.0,35.208333333333336,24.2,4.8,24
2020-03-11,13.641666666666666,16.1,77.45833333333333,68.54166666666667,82.83333333333333,24.212500000000002,0.30000000000000004,24
2020-03-12,10.716666666666667,12.7,70.16666666666667,68.91666666666667,88.54166666666667,22.275000000000002,0.9,24
2020-03-13,7.341666666666666,11.5,65.91666666666667,42.125,119.54166666666667,15.575000000000001,0.0,24
2020-03-14,7.5874999999999995,11.4,85.25,88.16666666666667,57.333333333333336,10.7875,2.5,24
2020-03-15,9.891666666666667,15.9,79.33333333333333,68.25,124.0,14.424999999999999,0.0,24
2020-03-16,8.641666666666667,12.6,84.25,90.375,80.375,7.454166666666667,0.9,24
2020-03-17,9.566666666666666,14.1,79.125,77.70833333333333,105.20833333333333,4.458333333333333,0.0,24
2020-03-18,11.141666666666666,17.2,81.33333333333333,54.166666666666664,135.16666666666666,5.870833333333334,0.0,24
2020-03-19,12.116666666666667,18.8,80.5,47.875,142.70833333333334,5.925,0.0,24
2020-03-20,11.104166666666666,15.9,83.79166666666667,59.625,140.75,12.991666666666667,4.0,24
2020-03-21,7.404166666666666,9.3,77.66666666666667,84.16666666666667,92.08333333333333,19.9875,0.2,24
2020-03-22,7.3,11.6,61.541666666666664,75.08333333333333,105.875,20.787499999999998,0.0,24
2020-03-23,5.791666666666667,11.1,49.541666666666664,0.0,220.70833333333334,16.587500000000002,0.0,24
2020-03-24,5.2,12.0,48.958333333333336,0.0,221.66666666666666,11.545833333333334,0.0,24
2020-03-25,5.245833333333334,11.6,51.25,0.4166666666666667,224.20833333333334,11.945833333333333,0.0,24
2020-03-26,5.320833333333334,10.4,47.041666666666664,2.75,222.33333333333334,15.220833333333333,0.0,24
2020-03-27,6.820833333333333,13.4,63.458333333333336,53.541666666666664,209.375,10.637500000000001,0.0,24
2020-03-28,9.008333333333333,15.7,70.79166666666667,31.041666666666668,212.625,13.174999999999999,0.0,24
2020-03-29,6.095833333333334,9.0,53.916666666666664,61.166666666666664,165.25,28.425,0.0,24
2020-03-30,4.2375,8.7,44.0,15.25,237.25,24.712500000000002,0.0,24
2020-03-31,6.033333333333334,11.0,69.58333333333333,27.0,192.0,16.541666666666668,0.0,24
2020-04-01,5.6625000000000005,12.0,59.541666666666664,0.0,236.95833333333334,9.241666666666667,0.0,24
2020-04-02,5.179166666666666,9.7,68.45833333333333,42.916666666666664,178.375,9.079166666666667,0.0,24
2020-04-03,9.041666666666666,13.3,77.625,53.083333333333336,155.625,9.525,0.1,24
2020-04-04,10.241666666666667,16.7,69.875,39.25,210.41666666666666,8.9625,0.2,24
2020-04-05,12.245833333333332,21.4,61.375,0.0,245.79166666666666,11.375,0.0,24
2020-04-06,11.745833333333332,14.6,70.25,61.583333333333336,92.5,12.316666666666668,6.2,24
2020-04-07,14.316666666666668,22.0,77.29166666666667,83.5,208.75,9.15,0.5,24
2020-04-08,15.695833333333333,23.9,59.041666666666664,76.54166666666667,220.54166666666666,6.795833333333333,0.0,24
2020-04-09,16.220833333333335,24.5,60.208333333333336,14.833333333333334,229.33333333333334,7.529166666666666,0.0,24
2020-04-10,16.370833333333334,24.4,61.375,22.791666666666668,230.16666666666666,8.595833333333333,0.0,24
2020-04-11,17.087500000000002,23.8,57.416666666666664,11.583333333333334,232.20833333333334,6.295833333333333,0.0,24
2020-04-12,16.854166666666668,23.3,54.5,17.166666666666668,229.875,8.333333333333334,0.2,24
2020-04-13,12.6875,17.0,59.333333333333336,7.416666666666667,249.04166666666666,19.670833333333334,0.0,24
2020-04-14,7.970833333333334,12.9,48.833333333333336,0.3333333333333333,265.9166666666667,18.183333333333334,0.0,24
2020-04-15,11.049999999999999,19.6,47.5,0.0,271.0,12.879166666666668,0.0,24
2020-04-16,15.4125,23.0,58.0,41.083333333333336,244.16666666666666,8.637500000000001,0.1,24
2020-04-17,16.858333333333334,23.7,65.45833333333333,74.83333333333333,194.04166666666666,8.858333333333333,0.9,24
2020-04-18,16.525000000000002,20.7,73.5,71.66666666666667,170.0,7.941666666666666,5.0,24
2020-04-19,14.237499999999999,20.1,73.33333333333333,65.66666666666667,257.2083333333333,13.595833333333333,0.0,24
2020-04-20,15.658333333333333,20.8,56.625,58.041666666666664,249.16666666666666,16.929166666666667,0.0,24
2020-04-21,15.904166666666667,20.4,43.666666666666664,74.16666666666667,265.7083333333333,14.716666666666667,0.0,24
2020-04-22,15.991666666666667,21.9,46.666666666666664,19.0,282.0833333333333,11.683333333333332,0.0,24
2020-04-23,16.320833333333333,24.2,53.25,0.16666666666666666,282.375,6.1625000000000005,0.0,24
2020-04-24,17.162499999999998,23.2,55.333333333333336,34.375,200.66666666666666,8.058333333333334,0.0,24
2020-04-25,14.987499999999999,20.3,50.375,50.958333333333336,203.95833333333334,11.375,0.30000000000000004,24
2020-04-26,13.4375,20.3,55.958333333333336,13.916666666666666,291.9166666666667,7.0625,0.0,24
2020-04-27,16.162499999999998,22.4,58.375,74.25,218.79166666666666,6.766666666666667,1.1,24
2020-04-28,15.137500000000001,18.3,72.08333333333333,75.45833333333333,186.70833333333334,18.1375,3.8000000000000003,24
2020-04-29,12.704166666666666,16.3,75.875,71.16666666666667,121.83333333333333,18.145833333333332,4.5,24
2020-04-30,11.4375,14.6,76.45833333333333,72.08333333333333,171.45833333333334,23.0625,4.0,24
2020-05-01,11.424999999999999,15.7,76.70833333333333,66.54166666666667,130.20833333333334,18.270833333333332,4.0,24
2020-05-02,11.366666666666667,16.0,64.58333333333333,65.04166666666667,190.375,12.654166666666667,0.7,24
2020-05-03,12.329166666666666,17.7,77.875,92.54166666666667,104.58333333333333,8.5,1.3,24
2020-05-04,14.6,18.3,80.08333333333333,90.5,118.75,8.0875,1.2000000000000002,24
2020-05-05,12.479166666666666,14.5,75.20833333333333,99.75,90.58333333333333,13.8375,5.5,24
2020-05-06,14.045833333333334,19.8,60.708333333333336,37.333333333333336,267.2083333333333,8.987499999999999,0.0,24
2020-05-07,13.958333333333334,20.9,59.416666666666664,63.333333333333336,271.5,7.991666666666667,0.0,24
2020-05-08,15.799999999999999,23.3,61.708333333333336,85.91666666666667,170.29166666666666,7.895833333333333,0.3,24
2020-05-09,17.533333333333335,21.7,76.75,92.29166666666667,162.625,6.7375,4.4,24
2020-05-10,16.775,21.6,87.5,97.45833333333333,184.20833333333334,7.191666666666666,4.1,24
2020-05-11,10.129166666666666,13.2,60.5,91.70833333333333,226.08333333333334,30.479166666666668,2.8,24
2020-05-12,9.5625,14.2,49.916666666666664,78.875,271.0833333333333,15.154166666666667,0.0,24
2020-05-13,10.508333333333333,15.9,53.625,87.0,289.5,18.504166666666666,0.0,24
2020-05-14,10.333333333333334,15.3,48.666666666666664,38.5,304.5416666666667,22.145833333333332,0.0,24
2020-05-15,11.495833333333332,16.9,50.958333333333336,5.583333333333333,326.5833333333333,16.891666666666666,0.0,24
2020-05-16,12.779166666666667,18.6,56.291666666666664,20.666666666666668,303.625,9.566666666666666,0.0,24
2020-05-17,13.470833333333333,19.6,60.833333333333336,38.666666666666664,315.4166666666667,6.575,0.0,24
2020-05-18,15.470833333333333,22.1,62.75,39.75,298.9583333333333,8.129166666666666,0.0,24
2020-05-19,16.25,24.9,59.916666666666664,29.5,314.8333333333333,9.270833333333334,0.0,24
2020-05-20,19.866666666666667,27.0,62.791666666666664,15.875,302.7916666666667,8.362499999999999,0.0,24
2020-05-21,22.141666666666666,28.3,56.666666666666664,68.58333333333333,285.0833333333333,6.879166666666666,0.0,24
2020-05-22,20.341666666666665,24.7,66.66666666666667,90.125,170.125,13.704166666666666,1.2,24
2020-05-23,15.5625,18.8,62.083333333333336,71.54166666666667,209.29166666666666,15.070833333333333,4.9,24
2020-05-24,14.366666666666667,19.0,62.791666666666664,73.91666666666667,180.79166666666666,12.012500000000001,0.0,24
2020-05-25,16.745833333333334,22.7,62.791666666666664,77.45833333333333,234.5,9.4,0.0,24
2020-05-26,18.570833333333333,24.8,54.666666666666664,17.041666666666668,323.2083333333333,11.083333333333334,0.0,24
2020-05-27,20.029166666666665,25.8,48.916666666666664,31.625,319.25,12.366666666666667,0.0,24
2020-05-28,18.766666666666666,24.4,49.375,7.458333333333333,330.1666666666667,15.387500000000001,0.0,24
2020-05-29,19.129166666666666,24.4,36.125,0.0,341.125,15.504166666666668,0.0,24
2020-05-30,19.095833333333335,24.8,43.375,1.7083333333333333,335.2916666666667,12.370833333333332,0.0,24
2020-05-31,18.583333333333332,24.0,41.666666666666664,25.208333333333332,296.7916666666667,14.233333333333334,0.0,24
2020-06-01,19.729166666666668,26.3,46.5,3.375,335.75,11.6,0.0,24
2020-06-02,21.77916666666667,29.0,50.916666666666664,38.5,317.0,7.266666666666667,0.0,24
2020-06-03,20.366666666666667,24.7,54.0,83.70833333333333,245.08333333333334,9.291666666666666,2.5,24
2020-06-04,14.445833333333333,17.9,75.54166666666667,92.66666666666667,157.41666666666666,13.5875,5.7,24
2020-06-05,13.670833333333334,18.0,68.75,91.375,127.625,20.7625,1.7000000000000002,24
2020-06-06,14.308333333333332,17.7,58.041666666666664,64.5,256.2083333333333,18.720833333333335,2.2,24
2020-06-07,13.833333333333334,18.2,66.66666666666667,63.125,240.20833333333334,9.716666666666667,3.2,24
2020-06-08,14.908333333333333,18.6,70.33333333333333,61.833333333333336,267.2916666666667,11.491666666666667,2.8,24
2020-06-09,13.708333333333334,18.2,65.375,53.375,187.5,12.758333333333333,0.30000000000000004,24
2020-06-10,14.475,18.9,65.33333333333333,74.875,197.04166666666666,6.691666666666666,0.2,24
2020-06-11,16.666666666666668,22.2,69.70833333333333,87.125,262.5416666666667,8.770833333333334,4.2,24
2020-06-12,16.620833333333334,19.9,79.04166666666667,97.41666666666667,128.95833333333334,15.133333333333333,6.5,24
2020-06-13,17.3875,22.4,68.08333333333333,45.25,277.5,13.704166666666666,0.0,24
2020-06-14,17.3625,21.4,70.125,40.791666666666664,210.41666666666666,11.012500000000001,0.4,24
2020-06-15,17.712500000000002,21.9,70.95833333333333,35.208333333333336,236.33333333333334,12.495833333333332,0.8,24
2020-06-16,17.75,22.6,72.91666666666667,71.625,256.5416666666667,9.325000000000001,0.9,24
2020-06-17,17.170833333333334,20.4,71.83333333333333,96.08333333333333,199.16666666666666,6.604166666666667,0.9,24
2020-06-18,16.412499999999998,19.9,75.875,57.416666666666664,227.875,10.720833333333333,3.6,24
2020-06-19,16.454166666666666,20.8,73.625,66.45833333333333,214.79166666666666,11.304166666666667,0.8,24
2020-06-20,18.537499999999998,22.3,71.54166666666667,69.41666666666667,246.41666666666666,3.65,1.5,24
2020-06-21,17.829166666666666,22.0,72.25,75.41666666666667,165.75,13.9625,1.4,24
2020-06-22,17.2,23.0,66.79166666666667,11.166666666666666,326.0416666666667,6.883333333333333,0.0,24
2020-06-23,21.266666666666666,28.7,55.208333333333336,24.833333333333332,339.3333333333333,9.929166666666667,0.0,24
2020-06-24,25.025000000000002,32.1,47.125,14.291666666666666,339.625,13.358333333333334,0.0,24
2020-06-25,26.541666666666668,33.1,43.25,30.5,303.2083333333333,9.041666666666666,0.3,24
2020-06-26,25.016666666666666,31.7,57.5,75.91666666666667,211.25,13.008333333333333,5.9,24
2020-06-27,20.320833333333333,22.7,73.70833333333333,65.45833333333333,166.25,21.195833333333333,0.6000000000000001,24
2020-06-28,18.816666666666666,22.2,58.208333333333336,85.08333333333333,174.79166666666666,18.025,0.0,24
2020-06-29,17.587500000000002,20.8,59.25,79.0,228.45833333333334,15.533333333333333,1.7,24
2020-06-30,18.966666666666665,22.8,63.125,85.25,119.91666666666667,17.879166666666666,0.0,24
2020-07-01,19.849999999999998,23.6,77.08333333333333,59.791666666666664,142.04166666666666,14.929166666666667,4.3,24
2020-07-02,17.666666666666668,20.8,70.58333333333333,73.54166666666667,196.25,14.195833333333333,0.9,24
2020-07-03,17.341666666666665,21.7,63.5,42.833333333333336,247.20833333333334,11.754166666666668,0.0,24
2020-07-04,19.150000000000002,23.7,66.83333333333333,78.29166666666667,174.0,19.295833333333334,0.0,24
2020-07-05,20.595833333333335,23.9,72.79166666666667,76.375,145.45833333333334,21.358333333333334,0.5,24
2020-07-06,16.395833333333332,21.0,57.666666666666664,43.833333333333336,225.875,17.454166666666666,0.0,24
2020-07-07,17.054166666666667,23.2,60.708333333333336,18.666666666666668,310.25,7.004166666666666,0.0,24
2020-07-08,19.929166666666667,25.9,63.416666666666664,39.583333333333336,252.25,13.070833333333333,0.0,24
2020-07-09,22.958333333333332,30.2,62.041666666666664,30.125,295.0833333333333,11.825000000000001,0.0,24
2020-07-10,19.354166666666668,22.2,60.541666666666664,60.708333333333336,182.95833333333334,15.958333333333334,0.1,24
2020-07-11,17.608333333333334,23.6,51.625,18.583333333333332,291.2083333333333,10.558333333333334,0.0,24
2020-07-12,18.900000000000002,25.0,49.833333333333336,41.458333333333336,331.5,11.991666666666667,0.0,24
2020-07-13,20.758333333333333,26.6,44.458333333333336,42.375,333.0,10.679166666666667,0.0,24
2020-07-14,18.287499999999998,22.6,62.333333333333336,93.58333333333333,151.83333333333334,9.416666666666666,1.7,24
2020-07-15,18.395833333333332,21.5,65.70833333333333,93.5,154.75,10.512500000000001,1.3,24
2020-07-16,18.337500000000002,20.8,69.41666666666667,99.33333333333333,93.54166666666667,12.375,0.1,24
2020-07-17,20.75,25.3,61.833333333333336,79.04166666666667,207.41666666666666,7.1875,0.0,24
2020-07-18,21.758333333333336,27.6,61.25,36.083333333333336,318.8333333333333,8.170833333333333,0.0,24
2020-07-19,21.766666666666666,29.2,55.208333333333336,51.291666666666664,312.625,7.55,0.0,24
2020-07-20,20.533333333333335,25.8,56.583333333333336,22.75,322.5,15.320833333333333,0.0,24
2020-07-21,19.566666666666666,25.4,44.791666666666664,5.75,333.875,14.575000000000001,0.0,24
2020-07-22,19.554166666666667,25.2,44.041666666666664,38.666666666666664,309.4583333333333,12.404166666666667,0.0,24
2020-07-23,20.779166666666665,27.2,44.25,75.875,255.58333333333334,5.9875,0.0,24
2020-07-24,20.870833333333334,24.3,56.333333333333336,48.583333333333336,238.125,11.950000000000001,0.7,24
2020-07-25,21.116666666666667,26.7,64.125,92.58333333333333,182.125,13.033333333333333,0.5,24
2020-07-26,20.7375,24.9,62.25,77.45833333333333,229.16666666666666,15.408333333333333,1.3,24
2020-07-27,22.933333333333334,30.6,49.208333333333336,18.291666666666668,312.0,16.3125,0.0,24
2020-07-28,20.654166666666665,23.7,56.958333333333336,59.083333333333336,266.0833333333333,17.120833333333334,0.2,24
2020-07-29,19.0125,25.7,56.291666666666664,21.875,306.75,5.904166666666666,0.0,24
2020-07-30,22.900000000000002,31.3,46.333333333333336,0.0,309.75,8.866666666666667,0.0,24
2020-07-31,28.087500000000002,38.2,36.791666666666664,26.125,236.79166666666666,11.745833333333332,0.0,24
2020-08-01,23.875,27.3,59.791666666666664,52.333333333333336,225.79166666666666,11.766666666666666,0.0,24
2020-08-02,20.508333333333333,24.4,53.333333333333336,85.375,246.79166666666666,14.029166666666667,0.0,24
2020-08-03,18.275,22.9,56.916666666666664,70.29166666666667,197.95833333333334,12.666666666666666,0.30000000000000004,24
2020-08-04,18.979166666666668,25.4,57.0,20.625,279.1666666666667,6.316666666666666,0.0,24
2020-08-05,22.47083333333333,30.0,39.541666666666664,1.8333333333333333,300.2083333333333,9.3125,0.0,24
2020-08-06,25.116666666666664,33.4,38.875,17.416666666666668,295.5416666666667,5.970833333333334,0.0,24
2020-08-07,27.641666666666666,35.6,38.25,0.0,295.0,9.200000000000001,0.0,24
2020-08-08,28.84583333333333,36.2,39.875,23.541666666666668,246.0,9.258333333333333,0.0,24
2020-08-09,30.45,37.6,38.25,46.958333333333336,248.5,10.737499999999999,0.0,24
2020-08-10,27.870833333333334,32.2,47.958333333333336,88.125,180.375,7.566666666666666,0.6,24
2020-08-11,28.474999999999998,34.5,47.666666666666664,54.708333333333336,227.0,4.7375,0.1,24
2020-08-12,28.2,35.2,50.833333333333336,46.125,254.33333333333334,8.049999999999999,1.6,24
2020-08-13,23.787499999999998,28.8,72.58333333333333,55.458333333333336,215.95833333333334,11.737499999999999,2.9,24
2020-08-14,21.5625,25.0,79.125,74.58333333333333,190.70833333333334,9.4375,4.5,24
2020-08-15,21.662499999999998,26.4,75.54166666666667,51.958333333333336,201.54166666666666,5.595833333333334,0.4,24
2020-08-16,21.220833333333335,25.4,76.375,70.75,164.5,8.625,1.1,24
2020-08-17,19.170833333333334,23.1,74.83333333333333,55.166666666666664,177.375,12.479166666666666,2.8000000000000003,24
2020-08-18,20.599999999999998,25.3,67.04166666666667,50.458333333333336,219.41666666666666,6.8374999999999995,0.1,24
2020-08-19,20.979166666666668,24.9,78.04166666666667,86.95833333333333,96.41666666666667,11.987499999999999,3.7,24
2020-08-20,24.741666666666664,31.3,66.58333333333333,66.70833333333333,213.125,11.174999999999999,0.5,24
2020-08-21,24.133333333333336,27.4,57.541666666666664,65.95833333333333,219.125,17.129166666666666,2.5,24
2020-08-22,20.795833333333334,24.5,60.5,58.208333333333336,193.54166666666666,19.391666666666666,0.2,24
2020-08-23,18.733333333333334,21.8,64.08333333333333,57.5,171.83333333333334,15.220833333333333,0.30000000000000004,24
2020-08-24,17.900000000000002,22.4,66.58333333333333,76.125,159.375,10.137500000000001,0.0,24
2020-08-25,20.4125,27.6,64.08333333333333,87.0,131.875,19.304166666666667,1.1,24
2020-08-26,19.591666666666665,23.6,58.333333333333336,72.0,206.91666666666666,20.720833333333335,0.0,24
2020-08-27,18.379166666666666,25.2,68.45833333333333,74.5,172.20833333333334,11.566666666666668,2.1,24
2020-08-28,16.958333333333332,21.3,78.16666666666667,49.583333333333336,165.125,14.825000000000001,4.0,24
2020-08-29,14.883333333333333,18.1,80.04166666666667,53.041666666666664,147.5,14.633333333333333,0.7000000000000001,24
2020-08-30,14.958333333333334,18.9,82.95833333333333,68.29166666666667,116.95833333333333,15.008333333333333,4.8999999999999995,24
2020-08-31,15.575000000000001,19.4,69.20833333333333,59.916666666666664,180.70833333333334,9.5875,0.0,24
2020-09-01,15.266666666666666,20.0,70.41666666666667,44.541666666666664,169.75,8.049999999999999,0.0,24
2020-09-02,15.445833333333333,20.6,65.04166666666667,47.25,207.875,6.541666666666667,0.0,24
2020-09-03,20.304166666666667,25.8,53.416666666666664,77.04166666666667,177.0,10.725,0.0,24
2020-09-04,21.216666666666665,27.1,65.04166666666667,33.625,205.91666666666666,8.174999999999999,0.0,24
2020-09-05,17.304166666666667,20.3,67.16666666666667,59.541666666666664,169.95833333333334,12.8125,0.2,24
2020-09-06,15.025,18.1,68.91666666666667,59.291666666666664,141.29166666666666,9.016666666666667,0.4,24
2020-09-07,16.025000000000002,22.1,66.625,44.083333333333336,201.16666666666666,6.8125,0.0,24
2020-09-08,18.508333333333333,24.4,71.25,65.29166666666667,136.66666666666666,6.504166666666666,0.0,24
2020-09-09,20.4125,26.8,71.41666666666667,40.666666666666664,201.29166666666666,9.129166666666666,0.0,24
2020-09-10,20.6875,25.0,73.29166666666667,50.041666666666664,164.16666666666666,8.416666666666666,0.30000000000000004,24
2020-09-11,20.470833333333335,25.7,60.0,41.291666666666664,186.0,6.579166666666667,0.0,24
2020-09-12,17.2625,22.5,68.375,5.541666666666667,217.16666666666666,8.725,0.0,24
2020-09-13,18.95,27.4,61.25,20.125,214.625,6.154166666666666,0.0,24
2020-09-14,22.675,33.0,49.875,0.08333333333333333,212.04166666666666,7.8125,0.0,24
2020-09-15,25.195833333333336,33.6,44.833333333333336,29.791666666666668,192.83333333333334,8.299999999999999,0.0,24
2020-09-16,23.6875,30.6,61.458333333333336,37.708333333333336,185.79166666666666,10.420833333333333,0.1,24
2020-09-17,21.058333333333334,25.5,51.208333333333336,10.541666666666666,203.25,18.116666666666667,0.0,24
2020-09-18,21.087500000000002,28.1,50.916666666666664,29.875,198.04166666666666,14.5375,0.0,24
2020-09-19,24.270833333333332,28.0,54.333333333333336,83.83333333333333,121.16666666666667,11.674999999999999,0.1,24
2020-09-20,21.616666666666664,27.8,67.83333333333333,32.833333333333336,170.75,6.516666666666667,0.0,24
2020-09-21,19.4375,26.3,46.916666666666664,3.2083333333333335,200.83333333333334,7.895833333333333,0.0,24
2020-09-22,17.616666666666667,25.5,57.416666666666664,1.2083333333333333,195.66666666666666,6.408333333333334,0.0,24
2020-09-23,18.3875,22.7,76.75,64.66666666666667,126.08333333333333,14.708333333333334,5.4,24
2020-09-24,13.683333333333332,17.1,79.70833333333333,70.66666666666667,70.79166666666667,19.320833333333333,4.8,24
2020-09-25,11.404166666666667,13.3,66.91666666666667,61.25,117.95833333333333,24.97083333333333,2.4,24
2020-09-26,11.708333333333334,14.2,61.041666666666664,55.291666666666664,143.41666666666666,24.099999999999998,0.2,24
2020-09-27,12.112499999999999,13.9,86.83333333333333,99.79166666666667,25.208333333333332,28.299999999999997,10.6,24
2020-09-28,13.504166666666668,15.9,83.625,90.20833333333333,37.041666666666664,16.970833333333335,7.2,24
2020-09-29,15.491666666666667,17.9,88.45833333333333,98.0,42.75,9.304166666666667,1.0,24
2020-09-30,15.691666666666668,18.7,82.66666666666667,81.29166666666667,85.45833333333333,10.458333333333334,0.4,24
2020-10-01,14.020833333333334,16.0,79.25,94.79166666666667,80.58333333333333,16.129166666666666,10.3,24
2020-10-02,12.799999999999999,14.1,87.95833333333333,100.0,30.916666666666668,14.512500000000001,14.7,24
2020-10-03,11.700000000000001,14.5,84.79166666666667,75.5,100.45833333333333,9.6,7.2,24
2020-10-04,11.483333333333334,14.2,78.79166666666667,69.70833333333333,112.125,23.320833333333336,3.2,24
2020-10-05,12.129166666666668,14.0,85.375,99.5,46.958333333333336,24.708333333333332,13.0,24
2020-10-06,13.320833333333333,15.3,77.33333333333333,77.83333333333333,84.125,24.587500000000002,1.9000000000000001,24
2020-10-07,13.695833333333333,16.7,73.83333333333333,79.66666666666667,106.375,18.5,1.0,24
2020-10-08,15.987499999999999,18.9,77.625,96.08333333333333,69.20833333333333,20.520833333333332,0.30000000000000004,24
2020-10-09,14.875,16.8,80.875,83.83333333333333,77.70833333333333,11.85,4.6,24
2020-10-10,11.408333333333333,13.9,70.66666666666667,57.0,118.0,13.979166666666666,0.0,24
2020-10-11,10.466666666666667,13.9,80.625,36.208333333333336,115.33333333333333,12.016666666666666,0.6000000000000001,24
2020-10-12,9.799999999999999,13.8,78.625,60.958333333333336,107.75,8.591666666666667,0.2,24
2020-10-13,10.200000000000001,12.5,84.25,91.125,64.125,12.558333333333332,3.6,24
2020-10-14,9.145833333333334,13.5,82.83333333333333,82.29166666666667,97.375,13.329166666666666,1.7999999999999998,24
2020-10-15,9.354166666666666,12.2,75.08333333333333,83.375,77.25,15.154166666666667,0.1,24
2020-10-16,9.0875,12.9,77.66666666666667,63.833333333333336,93.16666666666667,10.345833333333333,0.0,24
2020-10-17,9.945833333333333,12.9,77.54166666666667,87.08333333333333,59.291666666666664,6.8999999999999995,0.2,24
2020-10-18,9.5,13.1,82.375,73.70833333333333,54.083333333333336,4.95,0.0,24
2020-10-19,8.983333333333333,14.2,78.08333333333333,76.45833333333333,115.91666666666667,11.416666666666666,0.0,24
2020-10-20,12.879166666666668,15.5,83.0,99.5,20.458333333333332,18.220833333333335,6.5,24
2020-10-21,16.633333333333333,20.6,74.5,72.125,66.04166666666667,22.9875,4.7,24
2020-10-22,15.299999999999999,19.0,87.45833333333333,69.16666666666667,72.66666666666667,10.833333333333334,2.2,24
2020-10-23,14.608333333333334,18.1,85.0,69.5,88.04166666666667,9.054166666666667,0.6000000000000001,24
2020-10-24,13.891666666666666,16.6,84.29166666666667,76.58333333333333,50.958333333333336,23.3625,0.4,24
2020-10-25,12.791666666666666,14.7,81.70833333333333,94.29166666666667,26.5,19.125,10.3,24
2020-10-26,9.9125,12.8,81.0,40.0,102.16666666666667,18.05,0.5,24
2020-10-27,10.066666666666666,13.8,89.91666666666667,72.79166666666667,21.333333333333332,20.4875,3.2,24
2020-10-28,12.133333333333333,14.2,83.41666666666667,74.04166666666667,62.208333333333336,21.958333333333332,1.4000000000000001,24
2020-10-29,12.345833333333333,14.0,84.33333333333333,98.66666666666667,31.208333333333332,17.849999999999998,1.8,24
2020-10-30,14.2875,16.5,82.125,74.83333333333333,54.625,15.658333333333333,0.1,24
2020-10-31,13.454166666666666,17.6,85.41666666666667,56.791666666666664,92.58333333333333,15.391666666666666,2.1,24
2020-11-01,16.087500000000002,18.7,87.25,99.29166666666667,29.083333333333332,22.3,4.2,24
2020-11-02,16.445833333333333,19.0,79.95833333333333,77.54166666666667,30.166666666666668,24.645833333333332,1.9,24
2020-11-03,8.799999999999999,11.9,75.70833333333333,46.916666666666664,61.333333333333336,12.545833333333334,0.0,24
2020-11-04,5.879166666666666,11.0,84.16666666666667,6.208333333333333,91.0,7.241666666666667,0.0,24
2020-11-05,6.379166666666666,11.5,81.66666666666667,1.4166666666666667,100.45833333333333,11.666666666666666,0.0,24
2020-11-06,6.808333333333334,12.0,85.125,11.958333333333334,81.08333333333333,11.758333333333333,0.2,24
2020-11-07,10.8375,16.5,88.16666666666667,66.33333333333333,86.375,9.241666666666667,0.0,24
2020-11-08,13.375,17.7,86.29166666666667,69.41666666666667,56.458333333333336,10.083333333333334,0.30000000000000004,24
2020-11-09,11.829166666666666,17.1,92.95833333333333,71.20833333333333,80.66666666666667,7.1499999999999995,0.0,24
2020-11-10,11.533333333333333,14.5,95.125,72.875,54.375,6.729166666666667,2.2,24
2020-11-11,10.379166666666666,12.8,92.625,85.70833333333333,30.583333333333332,8.991666666666667,0.2,24
2020-11-12,11.233333333333334,13.9,79.66666666666667,54.416666666666664,77.875,13.054166666666667,0.7,24
2020-11-13,11.829166666666666,15.3,87.08333333333333,80.625,44.291666666666664,13.858333333333333,1.6,24
2020-11-14,12.9,16.4,82.375,74.08333333333333,76.45833333333333,15.545833333333334,1.1,24
2020-11-15,13.541666666666666,15.6,77.125,81.125,15.625,27.65833333333333,5.1,24
2020-11-16,11.387500000000001,12.3,72.33333333333333,89.79166666666667,40.0,20.145833333333332,0.2,24
2020-11-17,11.441666666666668,13.7,82.29166666666667,90.79166666666667,52.916666666666664,11.570833333333333,0.0,24
2020-11-18,10.770833333333334,16.0,83.04166666666667,30.583333333333332,76.29166666666667,12.420833333333334,0.0,24
2020-11-19,9.966666666666667,14.7,80.125,46.708333333333336,58.875,19.141666666666666,1.8,24
2020-11-20,6.345833333333334,9.0,85.5,74.29166666666667,47.916666666666664,6.5125,0.1,24
2020-11-21,6.4875,10.3,80.16666666666667,69.91666666666667,66.66666666666667,10.554166666666667,0.0,24
2020-11-22,6.75,10.5,85.25,91.41666666666667,45.958333333333336,6.270833333333333,0.2,24
2020-11-23,8.862499999999999,12.2,90.875,84.04166666666667,25.166666666666668,5.7124999999999995,0.1,24
2020-11-24,5.8500000000000005,9.2,90.54166666666667,80.70833333333333,47.0,9.104166666666666,0.0,24
2020-11-25,7.5874999999999995,11.7,86.41666666666667,65.16666666666667,41.5,10.387500000000001,0.0,24
2020-11-26,5.0375000000000005,10.7,93.58333333333333,9.208333333333334,67.5,6.5249999999999995,0.0,24
2020-11-27,5.995833333333334,10.6,95.83333333333333,66.75,42.833333333333336,6.4125000000000005,0.1,24
2020-11-28,5.020833333333333,10.8,91.08333333333333,18.166666666666668,64.91666666666667,8.954166666666667,0.0,24
2020-11-29,2.6833333333333336,4.6,89.70833333333333,43.333333333333336,44.666666666666664,9.375,0.0,24
2020-11-30,1.7208333333333332,6.9,88.58333333333333,67.875,44.541666666666664,6.316666666666666,0.0,24
2020-12-01,7.120833333333334,8.9,83.16666666666667,53.166666666666664,49.083333333333336,18.716666666666665,1.3,24
2020-12-02,6.858333333333333,8.5,84.70833333333333,90.54166666666667,36.041666666666664,10.987499999999999,0.7,24
2020-12-03,6.3999999999999995,7.7,92.58333333333333,99.66666666666667,13.166666666666666,18.258333333333333,7.7,24
2020-12-04,5.554166666666667,8.2,80.04166666666667,61.958333333333336,56.375,21.1125,2.0,24
2020-12-05,3.6999999999999997,6.2,87.5,67.875,29.083333333333332,17.245833333333334,2.5,24
2020-12-06,3.8833333333333333,5.8,89.16666666666667,80.20833333333333,33.041666666666664,8.804166666666665,1.2,24
2020-12-07,2.433333333333333,5.1,95.0,94.0,25.916666666666668,7.316666666666666,0.0,24
2020-12-08,1.1875,4.6,92.29166666666667,47.958333333333336,48.416666666666664,8.479166666666666,0.0,24
2020-12-09,1.2375,4.6,93.75,64.5,29.416666666666668,9.691666666666666,0.0,24
2020-12-10,4.329166666666667,6.2,87.16666666666667,93.75,33.0,13.808333333333332,0.0,24
2020-12-11,8.2,11.1,92.20833333333333,94.70833333333333,24.625,15.075000000000001,19.3,24
2020-12-12,7.783333333333334,10.4,91.83333333333333,68.45833333333333,25.958333333333332,14.029166666666667,3.2,24
2020-12-13,5.216666666666667,8.2,90.70833333333333,84.79166666666667,12.083333333333334,15.183333333333332,1.2,24
2020-12-14,9.920833333333333,11.4,90.75,85.75,20.75,17.504166666666666,4.0,24
2020-12-15,9.512500000000001,11.9,92.08333333333333,63.333333333333336,39.791666666666664,10.612499999999999,10.0,24
2020-12-16,8.0625,9.8,92.58333333333333,89.95833333333333,31.583333333333332,14.079166666666666,0.1,24
2020-12-17,9.049999999999999,11.0,90.25,63.041666666666664,44.625,13.758333333333333,2.9000000000000004,24
2020-12-18,7.529166666666668,10.3,92.54166666666667,48.875,53.166666666666664,13.125,0.0,24
2020-12-19,9.137500000000001,11.1,90.58333333333333,87.25,16.583333333333332,17.6375,1.3,24
2020-12-20,8.558333333333334,10.9,89.54166666666667,62.333333333333336,46.833333333333336,13.5875,0.1,24
2020-12-21,9.887500000000001,13.6,91.83333333333333,99.79166666666667,8.083333333333334,20.6375,12.0,24
2020-12-22,13.904166666666667,14.7,89.66666666666667,98.5,15.583333333333334,23.0,3.0,24
2020-12-23,12.208333333333334,13.6,86.0,76.41666666666667,14.583333333333334,19.095833333333335,21.5,24
2020-12-24,6.608333333333333,9.4,84.875,82.79166666666667,14.458333333333334,20.974999999999998,9.5,24
2020-12-25,3.470833333333333,5.7,88.54166666666667,44.875,45.291666666666664,14.766666666666667,0.6,24
2020-12-26,2.475,5.0,87.41666666666667,81.66666666666667,26.75,13.466666666666667,0.0,24
2020-12-27,6.25,8.1,86.41666666666667,94.125,7.916666666666667,30.183333333333334,17.0,24
2020-12-28,3.5583333333333336,6.3,90.75,82.375,36.958333333333336,17.420833333333334,8.3,24
2020-12-29,3.475,5.3,92.33333333333333,86.95833333333333,28.375,13.958333333333334,2.2,24
2020-12-30,3.733333333333333,6.4,90.04166666666667,69.91666666666667,48.708333333333336,12.304166666666667,0.8,24
2020-12-31,3.7125,6.0,90.41666666666667,74.04166666666667,26.875,13.841666666666667,3.9,24
2021-01-01,0.15416666666666667,3.6,90.33333333333333,53.583333333333336,39.666666666666664,5.995833333333334,0.0,24
2021-01-02,0.48333333333333334,3.4,94.0,74.5,35.291666666666664,5.670833333333333,0.1,24
2021-01-03,1.8333333333333333,3.5,93.5,91.41666666666667,28.25,6.441666666666666,0.1,24
2021-01-04,2.004166666666667,2.8,90.25,99.08333333333333,15.291666666666666,12.533333333333333,0.2,24
2021-01-05,1.9333333333333333,3.1,90.125,96.70833333333333,17.25,12.145833333333334,0.2,24
2021-01-06,2.4499999999999997,3.8,92.41666666666667,97.83333333333333,16.166666666666668,8.670833333333333,0.6000000000000001,24
2021-01-07,1.5208333333333333,3.7,95.16666666666667,89.08333333333333,26.958333333333332,6.795833333333333,0.9,24
2021-01-08,0.6458333333333334,3.4,91.125,52.083333333333336,45.208333333333336,5.779166666666666,0.0,24
2021-01-09,0.5375,3.4,88.08333333333333,50.25,57.916666666666664,11.054166666666667,0.0,24
2021-01-10,-0.1791666666666667,3.2,91.875,53.041666666666664,48.375,8.604166666666666,0.0,24
2021-01-11,1.6041666666666667,5.1,92.20833333333333,90.0,24.875,9.004166666666666,0.0,24
2021-01-12,6.7875000000000005,9.1,89.41666666666667,100.0,6.916666666666667,20.370833333333334,8.4,24
2021-01-13,7.241666666666667,9.8,94.41666666666667,99.08333333333333,9.208333333333334,13.145833333333334,1.4,24
2021-01-14,8.799999999999999,10.1,89.625,97.66666666666667,11.291666666666666,23.079166666666666,5.9,24
2021-01-15,1.8208333333333335,5.7,77.04166666666667,85.91666666666667,53.333333333333336,16.241666666666667,0.7999999999999999,24
2021-01-16,0.6916666666666668,5.1,81.5,98.66666666666667,11.416666666666666,12.004166666666668,7.1,24
2021-01-17,4.479166666666667,6.8,90.04166666666667,58.625,50.166666666666664,12.720833333333333,1.4,24
2021-01-18,4.129166666666666,7.6,84.75,69.25,57.125,11.4625,0.0,24
2021-01-19,5.679166666666667,7.4,84.29166666666667,95.45833333333333,27.666666666666668,20.983333333333334,5.5,24
2021-01-20,9.283333333333333,12.3,62.25,94.29166666666667,46.583333333333336,23.6875,0.2,24
2021-01-21,8.866666666666667,11.4,80.125,81.91666666666667,29.458333333333332,29.679166666666664,11.5,24
2021-01-22,5.345833333333334,9.5,87.625,94.45833333333333,47.958333333333336,10.049999999999999,4.0,24
2021-01-23,2.9166666666666665,5.7,92.66666666666667,68.08333333333333,24.625,14.529166666666667,6.3,24
2021-01-24,0.8624999999999999,3.1,89.375,59.833333333333336,23.041666666666668,14.075000000000001,3.1,24
2021-01-25,2.2583333333333333,5.0,82.95833333333333,60.291666666666664,62.333333333333336,17.195833333333333,0.6000000000000001,24
2021-01-26,1.4333333333333333,4.4,78.25,75.0,37.25,12.537500000000001,0.8999999999999999,24
2021-01-27,5.483333333333333,8.3,89.29166666666667,99.95833333333333,19.291666666666668,12.570833333333333,4.3,24
2021-01-28,11.295833333333334,14.1,88.79166666666667,95.125,40.583333333333336,20.337500000000002,9.3,24
2021-01-29,10.245833333333334,11.7,80.125,73.625,42.333333333333336,27.125,4.0,24
2021-01-30,9.479166666666666,12.7,87.625,94.375,52.708333333333336,13.891666666666666,12.9,24
2021-01-31,8.383333333333333,10.3,94.125,99.45833333333333,27.5,6.916666666666667,11.4,24
2021-02-01,8.533333333333333,10.0,87.875,94.66666666666667,38.833333333333336,12.329166666666666,2.5,24
2021-02-02,10.875,14.2,85.70833333333333,77.75,46.333333333333336,18.954166666666666,3.0,24
2021-02-03,10.799999999999999,12.8,81.66666666666667,70.875,53.166666666666664,23.75,4.8,24
2021-02-04,7.904166666666666,11.4,90.33333333333333,73.70833333333333,45.708333333333336,9.2125,2.2,24
2021-02-05,7.9125000000000005,11.2,90.625,97.08333333333333,61.125,7.7250000000000005,0.1,24
2021-02-06,7.316666666666666,8.8,94.45833333333333,97.95833333333333,23.0,9.283333333333333,14.399999999999999,24
2021-02-07,3.525,6.9,86.58333333333333,98.95833333333333,17.083333333333332,11.116666666666667,3.4,24
2021-02-08,-0.4708333333333334,0.6,74.54166666666667,94.54166666666667,43.875,8.029166666666667,0.2,24
2021-02-09,-2.004166666666667,-0.6,72.16666666666667,95.70833333333333,39.791666666666664,12.641666666666666,0.1,24
2021-02-10,-3.2541666666666664,-0.9,59.458333333333336,53.791666666666664,109.79166666666667,18.208333333333332,1.9,24
2021-02-11,-3.141666666666667,0.9,60.958333333333336,51.875,111.25,15.575000000000001,0.0,24
2021-02-12,-2.2708333333333335,1.4,50.416666666666664,81.79166666666667,55.875,19.283333333333335,0.0,24
2021-02-13,-3.358333333333333,0.4,43.083333333333336,55.541666666666664,98.25,15.079166666666666,0.0,24
2021-02-14,-1.5583333333333333,3.4,48.541666666666664,60.583333333333336,96.83333333333333,15.341666666666667,0.0,24
2021-02-15,4.133333333333334,7.9,79.75,98.125,40.833333333333336,15.637500000000001,3.3,24
2021-02-16,7.733333333333333,12.3,82.66666666666667,75.58333333333333,85.54166666666667,16.804166666666667,1.3,24
2021-02-17,9.208333333333334,12.2,84.83333333333333,61.333333333333336,78.625,17.795833333333334,0.2,24
2021-02-18,8.520833333333334,11.4,81.0,89.41666666666667,20.0,16.48333333333333,6.9,24
2021-02-19,8.200000000000001,14.0,87.08333333333333,72.16666666666667,83.95833333333333,11.995833333333332,0.0,24
2021-02-20,12.183333333333332,17.6,69.5,76.45833333333333,113.125,18.037499999999998,0.0,24
2021-02-21,11.391666666666666,17.1,67.66666666666667,78.5,130.20833333333334,13.020833333333334,0.0,24
2021-02-22,11.5625,16.4,69.33333333333333,78.875,58.083333333333336,10.362499999999999,0.30000000000000004,24
2021-02-23,12.941666666666668,17.4,78.29166666666667,38.375,101.95833333333333,15.470833333333333,0.0,24
2021-02-24,12.720833333333333,18.7,79.45833333333333,9.625,138.04166666666666,12.225,0.0,24
2021-02-25,11.887500000000001,16.8,78.70833333333333,80.33333333333333,119.58333333333333,10.1625,0.2,24
2021-02-26,8.991666666666665,11.5,79.08333333333333,60.791666666666664,101.58333333333333,11.9125,1.6,24
2021-02-27,5.220833333333333,10.3,77.125,0.5416666666666666,146.83333333333334,13.549999999999999,0.0,24
2021-02-28,5.625,11.1,76.04166666666667,0.20833333333333334,153.45833333333334,14.170833333333334,0.0,24
2021-03-01,5.820833333333333,13.2,76.875,0.0,154.25,9.35,0.0,24
2021-03-02,7.379166666666666,16.6,80.79166666666667,9.541666666666666,153.16666666666666,8.020833333333334,0.0,24
2021-03-03,10.362499999999999,17.3,76.79166666666667,36.333333333333336,136.41666666666666,7.3875,0.8,24
2021-03-04,8.858333333333333,11.9,87.08333333333333,52.041666666666664,102.45833333333333,11.091666666666667,1.0,24
2021-03-05,4.679166666666666,6.0,66.20833333333333,89.70833333333333,68.5,15.841666666666667,0.0,24
2021-03-06,3.5500000000000003,8.6,56.291666666666664,15.291666666666666,172.16666666666666,15.1,0.0,24
2021-03-07,2.254166666666667,8.9,66.45833333333333,0.0,172.25,8.595833333333333,0.0,24
2021-03-08,2.375,7.2,70.20833333333333,24.708333333333332,170.29166666666666,9.5625,0.0,24
2021-03-09,4.8,10.9,72.75,47.416666666666664,143.33333333333334,8.379166666666666,0.0,24
2021-03-10,5.429166666666667,9.5,76.375,84.25,86.70833333333333,15.845833333333333,1.4,24
2021-03-11,10.341666666666667,13.9,77.04166666666667,75.83333333333333,121.5,30.479166666666668,3.4,24
2021-03-12,7.570833333333333,11.7,75.08333333333333,56.833333333333336,114.25,24.041666666666668,4.6,24
2021-03-13,8.004166666666666,10.4,75.75,81.79166666666667,127.70833333333333,30.129166666666666,6.6000000000000005,24
2021-03-14,6.558333333333334,10.8,75.125,80.25,125.79166666666667,21.47083333333333,2.5,24
2021-03-15,8.454166666666667,11.0,80.04166666666667,76.83333333333333,129.625,20.620833333333334,3.9,24
2021-03-16,6.825,9.9,91.83333333333333,78.70833333333333,35.291666666666664,10.4125,2.7,24
2021-03-17,7.283333333333334,9.7,78.54166666666667,92.29166666666667,82.04166666666667,22.979166666666668,2.1,24
2021-03-18,5.416666666666667,7.7,86.08333333333333,97.54166666666667,60.0,12.279166666666667,1.5,24
2021-03-19,5.458333333333333,8.5,70.5,60.375,140.375,20.8875,2.1999999999999997,24
2021-03-20,3.8041666666666667,8.2,76.70833333333333,36.333333333333336,156.04166666666666,12.245833333333332,0.0,24
2021-03-21,6.233333333333333,11.3,78.25,80.16666666666667,96.75,12.079166666666666,0.2,24
2021-03-22,5.395833333333333,8.5,72.33333333333333,80.375,127.04166666666667,9.329166666666667,0.0,24
2021-03-23,6.6625000000000005,12.7,74.54166666666667,44.125,198.41666666666666,5.020833333333333,0.0,24
2021-03-24,8.154166666666667,16.9,73.54166666666667,43.708333333333336,210.08333333333334,9.362499999999999,0.0,24
2021-03-25,8.441666666666666,13.3,78.95833333333333,79.83333333333333,89.70833333333333,8.799999999999999,0.8,24
2021-03-26,8.995833333333334,14.4,71.58333333333333,60.041666666666664,131.66666666666666,16.525000000000002,3.2,24
2021-03-27,7.604166666666667,11.9,72.33333333333333,37.666666666666664,144.875,18.066666666666666,0.2,24
2021-03-28,9.625,15.7,68.5,59.0,214.625,12.004166666666668,0.0,24
2021-03-29,11.545833333333334,20.6,65.20833333333333,68.5,225.5,8.591666666666667,0.0,24
2021-03-30,13.058333333333332,22.7,69.33333333333333,8.166666666666666,229.375,9.108333333333333,0.0,24
2021-03-31,15.091666666666667,23.8,68.33333333333333,1.1666666666666667,227.75,8.179166666666667,0.0,24
2021-04-01,15.691666666666668,23.7,66.58333333333333,13.958333333333334,226.5,8.858333333333333,0.0,24
2021-04-02,9.379166666666666,12.5,65.625,2.5,237.25,18.183333333333334,0.0,24
2021-04-03,7.016666666666667,10.7,63.5,50.666666666666664,179.04166666666666,19.229166666666668,0.0,24
2021-04-04,6.595833333333334,12.1,71.91666666666667,5.083333333333333,238.66666666666666,10.904166666666667,0.0,24
2021-04-05,4.9125000000000005,9.6,77.16666666666667,64.875,66.45833333333333,14.183333333333332,0.7,24
2021-04-06,2.1875,6.8,60.458333333333336,32.416666666666664,205.08333333333334,13.291666666666666,1.2000000000000002,24
2021-04-07,3.475,8.9,61.333333333333336,38.25,219.79166666666666,12.762500000000001,0.1,24
2021-04-08,6.416666666666667,11.9,66.95833333333333,75.45833333333333,198.58333333333334,5.5249999999999995,0.1,24
2021-04-09,8.920833333333333,15.9,67.41666666666667,95.33333333333333,177.625,8.420833333333333,5.5,24
2021-04-10,10.15,14.2,87.95833333333333,93.91666666666667,74.25,12.245833333333332,15.9,24
2021-04-11,6.195833333333333,8.2,76.70833333333333,85.83333333333333,77.16666666666667,16.216666666666665,1.9000000000000001,24
2021-04-12,4.883333333333334,10.5,70.83333333333333,31.541666666666668,209.0,11.083333333333334,0.30000000000000004,24
2021-04-13,5.354166666666667,10.8,65.66666666666667,22.458333333333332,254.125,10.816666666666668,0.0,24
2021-04-14,5.595833333333334,11.2,57.875,29.75,213.41666666666666,10.945833333333333,0.0,24
2021-04-15,5.716666666666666,10.5,63.458333333333336,24.166666666666668,236.16666666666666,14.137500000000001,0.30000000000000004,24
2021-04-16,5.895833333333333,10.3,63.208333333333336,61.541666666666664,145.54166666666666,14.15,0.0,24
2021-04-17,8.754166666666666,13.4,61.416666666666664,65.04166666666667,211.625,15.070833333333333,0.0,24
2021-04-18,7.683333333333334,13.7,69.29166666666667,62.208333333333336,182.0,8.558333333333334,0.0,24
2021-04-19,9.4,16.1,69.91666666666667,36.875,234.25,6.791666666666667,0.0,24
2021-04-20,11.366666666666667,17.1,66.75,49.458333333333336,233.75,6.325,0.2,24
2021-04-21,11.299999999999999,17.7,70.33333333333333,21.75,229.0,9.866666666666667,0.30000000000000004,24
2021-04-22,10.8375,16.2,59.625,16.375,281.9166666666667,15.395833333333334,0.0,24
2021-04-23,11.316666666666668,18.1,51.666666666666664,0.0,292.25,13.554166666666667,0.0,24
2021-04-24,12.245833333333335,19.1,49.958333333333336,36.791666666666664,289.4583333333333,14.4125,0.0,24
2021-04-25,11.2875,16.4,49.458333333333336,31.0,294.1666666666667,20.054166666666667,0.0,24
2021-04-26,11.429166666666667,18.0,47.541666666666664,46.416666666666664,296.6666666666667,18.858333333333334,0.0,24
2021-04-27,11.645833333333334,18.6,44.166666666666664,19.541666666666668,299.0833333333333,8.4,0.0,24
2021-04-28,11.845833333333333,19.3,55.791666666666664,44.25,176.08333333333334,8.654166666666667,1.3,24
2021-04-29,9.854166666666666,13.7,65.16666666666667,55.166666666666664,194.375,11.191666666666668,0.5,24
2021-04-30,9.308333333333334,13.7,58.416666666666664,88.45833333333333,145.0,7.583333333333333,0.1,24
2021-05-01,8.6875,10.7,70.45833333333333,90.375,106.25,6.570833333333333,2.6,24
2021-05-02,8.549999999999999,13.4,74.04166666666667,33.708333333333336,265.25,7.6625000000000005,2.0,24
2021-05-03,10.358333333333333,16.6,60.583333333333336,63.833333333333336,205.33333333333334,14.725,0.2,24
2021-05-04,11.345833333333333,14.6,63.75,81.66666666666667,136.04166666666666,25.991666666666664,3.4,24
2021-05-05,9.020833333333334,13.3,59.708333333333336,59.208333333333336,219.875,17.583333333333332,1.4,24
2021-05-06,8.416666666666666,10.9,76.66666666666667,96.66666666666667,72.875,10.295833333333333,6.6,24
2021-05-07,9.862499999999999,15.0,63.333333333333336,51.5,258.6666666666667,9.025,0.0,24
2021-05-08,14.008333333333333,21.1,63.541666666666664,88.41666666666667,170.41666666666666,16.337500000000002,0.6000000000000001,24
2021-05-09,18.916666666666668,26.5,63.0,78.08333333333333,237.08333333333334,19.029166666666665,0.4,24
2021-05-10,15.174999999999999,18.3,69.91666666666667,69.125,233.25,17.775000000000002,5.1000000000000005,24
2021-05-11,12.233333333333334,15.7,71.91666666666667,80.625,165.08333333333334,10.2125,0.5,24
2021-05-12,11.608333333333334,15.2,74.5,54.333333333333336,195.5,11.525,1.3,24
2021-05-13,11.616666666666667,15.4,75.08333333333333,68.41666666666667,216.33333333333334,12.870833333333332,3.4,24
2021-05-14,10.549999999999999,14.0,81.625,58.958333333333336,195.875,12.616666666666667,4.4,24
2021-05-15,11.545833333333334,15.8,79.04166666666667,84.45833333333333,158.5,17.379166666666666,4.0,24
2021-05-16,12.516666666666666,17.1,78.29166666666667,65.70833333333333,191.58333333333334,18.4375,7.5,24
2021-05-17,12.241666666666667,15.4,77.54166666666667,62.708333333333336,212.08333333333334,20.658333333333335,4.8,24
2021-05-18,12.070833333333333,15.8,72.70833333333333,45.5,227.33333333333334,13.804166666666667,2.6,24
2021-05-19,11.266666666666666,14.2,75.875,57.958333333333336,221.45833333333334,15.487499999999999,6.2,24
2021-05-20,12.0,17.2,68.41666666666667,81.25,159.125,15.645833333333334,0.0,24
2021-05-21,13.716666666666667,16.5,58.666666666666664,63.625,222.29166666666666,25.775000000000002,0.30000000000000004,24
2021-05-22,12.320833333333333,16.3,63.916666666666664,42.666666666666664,251.375,24.375,2.5,24
2021-05-23,12.4625,16.5,65.0,49.0,208.91666666666666,17.754166666666666,0.1,24
2021-05-24,12.4,16.0,65.625,77.41666666666667,221.0,24.391666666666666,5.2,24
2021-05-25,11.325000000000001,15.2,68.75,74.41666666666667,214.75,22.854166666666668,2.2,24
2021-05-26,11.920833333333334,15.0,77.83333333333333,84.5,159.45833333333334,18.099999999999998,8.1,24
2021-05-27,12.804166666666667,18.4,72.04166666666667,33.458333333333336,283.5416666666667,5.4624999999999995,0.0,24
2021-05-28,14.766666666666666,20.5,71.45833333333333,48.708333333333336,306.125,9.554166666666667,0.0,24
2021-05-29,15.9125,21.7,65.16666666666667,68.95833333333333,261.125,10.954166666666666,0.0,24
2021-05-30,16.820833333333333,22.1,58.166666666666664,25.458333333333332,316.0833333333333,13.208333333333334,0.0,24
2021-05-31,17.5,23.3,55.875,0.041666666666666664,339.4166666666667,12.383333333333333,0.0,24
2021-06-01,18.966666666666665,26.6,57.916666666666664,4.916666666666667,328.5,10.075000000000001,0.0,24
2021-06-02,20.166666666666668,26.2,74.33333333333333,55.958333333333336,250.58333333333334,11.245833333333332,4.2,24
2021-06-03,20.474999999999998,25.9,78.70833333333333,78.0,213.79166666666666,5.245833333333334,4.2,24
2021-06-04,17.270833333333332,20.7,87.83333333333333,94.83333333333333,134.54166666666666,9.970833333333333,11.6,24
2021-06-05,16.533333333333335,19.7,74.20833333333333,95.29166666666667,208.625,14.333333333333334,0.30000000000000004,24
2021-06-06,16.954166666666666,21.9,67.25,55.916666666666664,252.625,8.791666666666666,0.0,24
2021-06-07,18.083333333333332,22.4,68.16666666666667,58.541666666666664,247.16666666666666,7.729166666666667,0.0,24
2021-06-08,18.5625,24.3,67.20833333333333,50.041666666666664,282.4166666666667,7.325,0.0,24
2021-06-09,20.05,26.2,65.08333333333333,60.125,306.9166666666667,6.383333333333334,0.0,24
2021-06-10,20.679166666666667,25.7,62.416666666666664,29.625,285.8333333333333,7.904166666666666,0.0,24
2021-06-11,20.258333333333333,25.1,70.16666666666667,24.666666666666668,285.5,9.325000000000001,0.0,24
2021-06-12,19.054166666666667,22.9,75.16666666666667,61.958333333333336,239.91666666666666,10.191666666666666,0.0,24
2021-06-13,20.016666666666666,25.7,56.416666666666664,5.291666666666667,340.375,11.841666666666667,0.0,24
2021-06-14,21.84166666666667,29.7,54.875,0.08333333333333333,343.4583333333333,7.1125,0.0,24
2021-06-15,22.9375,29.5,60.583333333333336,57.416666666666664,317.25,6.679166666666667,0.0,24
2021-06-16,25.454166666666666,32.1,58.958333333333336,25.458333333333332,311.1666666666667,8.820833333333333,0.1,24
2021-06-17,24.099999999999998,28.6,68.125,89.25,229.75,11.116666666666667,6.6,24
2021-06-18,22.270833333333332,26.1,75.75,43.041666666666664,256.625,16.3625,4.8,24
2021-06-19,20.041666666666668,24.3,82.75,92.70833333333333,162.91666666666666,6.7749999999999995,9.2,24
2021-06-20,19.5125,23.5,75.45833333333333,70.58333333333333,218.25,8.9375,1.7,24
2021-06-21,19.75,23.5,74.33333333333333,64.875,271.0833333333333,7.429166666666667,2.4,24
2021-06-22,16.075,19.9,88.125,85.75,178.29166666666666,11.9375,14.0,24
2021-06-23,14.704166666666666,16.9,78.54166666666667,93.125,144.16666666666666,14.520833333333334,0.2,24
2021-06-24,15.391666666666666,19.5,68.91666666666667,56.458333333333336,191.66666666666666,10.479166666666666,0.0,24
2021-06-25,15.595833333333333,21.7,80.75,58.25,196.54166666666666,8.4375,9.6,24
2021-06-26,17.583333333333332,20.8,84.875,95.70833333333333,152.45833333333334,7.0625,7.1000000000000005,24
2021-06-27,18.758333333333333,21.6,80.875,95.70833333333333,148.66666666666666,6.945833333333333,6.1,24
2021-06-28,18.379166666666666,21.9,82.5,69.58333333333333,225.20833333333334,6.408333333333334,6.4,24
2021-06-29,15.441666666666668,18.6,85.75,80.45833333333333,164.79166666666666,5.341666666666666,3.9,24
2021-06-30,15.3375,18.0,84.16666666666667,99.16666666666667,109.125,12.841666666666667,3.1,24
2021-07-01,16.591666666666665,21.1,78.08333333333333,75.625,165.41666666666666,7.0249999999999995,0.2,24
2021-07-02,19.058333333333334,24.6,77.91666666666667,52.791666666666664,247.0,5.820833333333333,1.6,24
2021-07-03,20.183333333333334,23.4,73.375,82.41666666666667,219.04166666666666,7.7875000000000005,0.8,24
2021-07-04,17.604166666666668,21.6,86.375,84.75,172.04166666666666,9.908333333333333,17.4,24
2021-07-05,17.900000000000002,21.4,79.625,92.0,137.04166666666666,9.933333333333334,4.8,24
2021-07-06,18.541666666666668,20.9,66.58333333333333,67.375,250.41666666666666,22.320833333333336,3.0,24
2021-07-07,17.4375,20.9,69.95833333333333,67.33333333333333,242.54166666666666,10.9625,0.7,24
2021-07-08,17.379166666666666,20.7,74.5,64.29166666666667,240.04166666666666,8.775,0.5,24
2021-07-09,17.804166666666667,21.0,75.5,66.58333333333333,230.91666666666666,4.916666666666667,0.1,24
2021-07-10,17.275000000000002,19.3,81.625,88.58333333333333,125.70833333333333,5.9875,2.6,24
2021-07-11,18.05,22.4,76.79166666666667,64.66666666666667,225.04166666666666,5.979166666666667,0.4,24
2021-07-12,17.979166666666668,22.2,85.41666666666667,82.16666666666667,150.45833333333334,7.741666666666667,10.9,24
2021-07-13,16.833333333333332,18.6,90.75,96.0,74.79166666666667,12.566666666666668,20.4,24
2021-07-14,17.166666666666668,19.9,82.91666666666667,99.54166666666667,99.95833333333333,17.854166666666668,8.3,24
2021-07-15,19.8625,23.1,71.45833333333333,80.33333333333333,224.58333333333334,20.962500000000002,0.0,24
2021-07-16,17.395833333333332,19.5,75.54166666666667,85.0,163.91666666666666,14.566666666666668,0.0,24
2021-07-17,18.504166666666666,23.3,76.29166666666667,69.41666666666667,212.58333333333334,12.120833333333332,0.0,24
2021-07-18,21.59166666666667,27.7,71.95833333333333,0.041666666666666664,326.4583333333333,15.020833333333334,0.0,24
2021-07-19,22.554166666666664,28.3,69.29166666666667,23.416666666666668,313.75,11.475,0.0,24
2021-07-20,21.983333333333334,27.2,70.66666666666667,3.8333333333333335,321.25,8.991666666666667,0.0,24
2021-07-21,22.125,27.6,67.875,10.458333333333334,289.625,7.820833333333333,0.1,24
2021-07-22,22.433333333333334,27.7,61.958333333333336,18.333333333333332,317.0,10.104166666666666,0.0,24
2021-07-23,23.037499999999998,29.0,63.125,59.875,264.2916666666667,12.454166666666666,0.0,24
2021-07-24,21.741666666666664,25.2,63.208333333333336,58.541666666666664,236.70833333333334,11.625,0.2,24
2021-07-25,19.0,21.8,81.79166666666667,79.33333333333333,188.0,15.075000000000001,9.9,24
2021-07-26,18.462500000000002,22.3,82.54166666666667,68.5,162.54166666666666,9.887500000000001,5.1,24
2021-07-27,18.041666666666668,19.5,84.33333333333333,91.54166666666667,105.54166666666667,12.358333333333334,5.0,24
2021-07-28,18.829166666666666,22.4,66.375,51.583333333333336,215.91666666666666,16.587500000000002,0.0,24
2021-07-29,18.55,21.6,61.583333333333336,54.5,208.625,12.862499999999999,0.0,24
2021-07-30,18.666666666666668,22.8,63.833333333333336,50.166666666666664,225.66666666666666,18.2875,0.0,24
2021-07-31,17.916666666666668,21.9,66.66666666666667,49.375,212.25,14.179166666666667,0.6000000000000001,24
2021-08-01,17.770833333333332,22.5,70.875,42.0,266.5833333333333,10.345833333333333,0.6000000000000001,24
2021-08-02,17.691666666666666,22.0,77.58333333333333,60.5,216.75,8.520833333333334,3.5,24
2021-08-03,16.4375,18.8,78.66666666666667,88.5,146.04166666666666,7.5625,3.7,24
2021-08-04,15.962499999999999,19.4,77.95833333333333,75.16666666666667,168.25,4.1,3.1,24
2021-08-05,18.170833333333334,22.7,77.25,80.16666666666667,172.125,12.35,1.6,24
2021-08-06,18.6875,21.6,71.0,67.29166666666667,176.625,21.65833333333333,1.1,24
2021-08-07,17.625,22.0,71.125,52.833333333333336,206.0,19.979166666666668,1.9000000000000001,24
2021-08-08,17.316666666666666,21.3,65.29166666666667,57.125,227.125,18.916666666666668,0.2,24
2021-08-09,17.720833333333335,21.9,69.75,65.58333333333333,156.0,14.495833333333332,0.6000000000000001,24
2021-08-10,19.204166666666666,23.8,76.0,69.04166666666667,169.5,8.487499999999999,3.1,24
2021-08-11,19.787499999999998,24.8,71.625,65.66666666666667,257.6666666666667,4.004166666666666,0.0,24
2021-08-12,21.558333333333334,29.0,71.5,68.83333333333333,240.54166666666666,6.404166666666666,0.4,24
2021-08-13,21.304166666666667,27.0,66.95833333333333,28.541666666666668,262.75,8.616666666666667,0.0,24
2021-08-14,21.3625,28.3,60.625,1.5833333333333333,282.5833333333333,6.145833333333333,0.0,24
2021-08-15,22.2375,30.1,63.458333333333336,44.375,250.25,10.620833333333334,0.0,24
2021-08-16,18.241666666666667,20.7,67.29166666666667,89.16666666666667,137.16666666666666,16.275,1.8,24
2021-08-17,16.629166666666666,19.0,70.91666666666667,90.20833333333333,116.04166666666667,13.583333333333334,0.2,24
2021-08-18,17.945833333333333,20.7,74.66666666666667,93.0,105.08333333333333,12.862499999999999,0.6000000000000001,24
2021-08-19,17.541666666666668,20.4,75.04166666666667,81.79166666666667,106.625,8.845833333333333,0.0,24
2021-08-20,18.904166666666665,23.0,69.54166666666667,79.79166666666667,167.45833333333334,4.691666666666666,0.0,24
2021-08-21,20.283333333333335,26.2,69.625,62.458333333333336,176.45833333333334,10.137500000000001,0.6,24
2021-08-22,18.545833333333334,21.1,71.41666666666667,50.333333333333336,176.375,16.516666666666666,0.6,24
2021-08-23,18.083333333333332,21.3,77.54166666666667,58.125,128.625,14.725,0.4,24
2021-08-24,18.929166666666667,23.4,65.0,36.291666666666664,216.70833333333334,17.804166666666667,0.0,24
2021-08-25,18.599999999999998,24.0,59.208333333333336,16.958333333333332,254.70833333333334,14.816666666666668,0.0,24
2021-08-26,16.708333333333332,20.6,73.04166666666667,68.70833333333333,114.04166666666667,13.591666666666667,0.0,24
2021-08-27,17.108333333333334,21.0,66.20833333333333,52.208333333333336,197.66666666666666,12.595833333333333,0.0,24
2021-08-28,16.279166666666665,20.5,73.125,43.125,152.95833333333334,13.020833333333334,0.2,24
2021-08-29,16.233333333333334,19.2,74.29166666666667,44.208333333333336,137.20833333333334,13.554166666666667,0.5,24
2021-08-30,17.658333333333335,21.7,74.08333333333333,80.83333333333333,138.33333333333334,15.333333333333334,0.1,24
2021-08-31,18.179166666666667,22.3,69.125,64.08333333333333,169.375,15.737499999999999,0.0,24
2021-09-01,17.6125,22.4,70.66666666666667,34.083333333333336,193.20833333333334,17.14166666666667,0.0,24
2021-09-02,18.120833333333334,24.8,65.79166666666667,0.3333333333333333,243.33333333333334,15.041666666666666,0.0,24
2021-09-03,19.841666666666665,27.1,68.33333333333333,15.5,226.375,7.5375000000000005,0.4,24
2021-09-04,20.825,25.9,76.5,42.25,170.125,5.945833333333333,1.7,24
2021-09-05,21.625,27.6,79.83333333333333,46.625,205.16666666666666,5.845833333333334,1.3,24
2021-09-06,21.8625,28.3,64.20833333333333,38.375,218.79166666666666,7.829166666666667,0.0,24
2021-09-07,22.28333333333333,29.3,57.291666666666664,24.708333333333332,227.625,12.104166666666666,0.0,24
2021-09-08,23.316666666666666,30.1,56.5,65.08333333333333,209.58333333333334,10.612499999999999,0.0,24
2021-09-09,22.266666666666666,26.4,73.91666666666667,79.79166666666667,169.79166666666666,10.125,0.8,24
2021-09-10,19.529166666666665,22.3,84.70833333333333,80.625,109.875,9.445833333333333,11.1,24
2021-09-11,17.854166666666668,21.6,71.95833333333333,48.375,164.33333333333334,10.325000000000001,0.0,24
2021-09-12,17.420833333333334,21.6,68.29166666666667,66.29166666666667,166.66666666666666,5.054166666666666,0.0,24
2021-09-13,18.629166666666666,25.8,73.58333333333333,60.875,166.20833333333334,8.6625,0.0,24
2021-09-14,20.0,24.7,83.79166666666667,97.95833333333333,87.33333333333333,7.7375,10.5,24
2021-09-15,18.962500000000002,21.5,90.5,82.20833333333333,88.0,8.308333333333334,22.0,24
2021-09-16,17.1875,21.2,77.0,58.041666666666664,139.0,6.9624999999999995,0.0,24
2021-09-17,16.945833333333333,22.2,74.29166666666667,27.291666666666668,189.33333333333334,6.825,0.0,24
2021-09-18,17.229166666666668,23.0,75.33333333333333,49.625,155.625,7.125,0.1,24
2021-09-19,17.433333333333334,22.1,79.54166666666667,96.375,130.79166666666666,10.279166666666667,0.9,24
2021-09-20,16.179166666666667,19.6,89.16666666666667,86.79166666666667,93.125,8.549999999999999,12.5,24
2021-09-21,14.35,17.4,74.41666666666667,43.791666666666664,148.83333333333334,11.533333333333333,0.0,24
2021-09-22,13.8375,19.9,73.79166666666667,53.041666666666664,190.04166666666666,7.354166666666667,0.0,24
2021-09-23,14.783333333333333,21.4,77.54166666666667,18.666666666666668,191.83333333333334,6.979166666666667,0.0,24
2021-09-24,16.0125,21.3,82.16666666666667,57.916666666666664,112.54166666666667,6.125,0.0,24
2021-09-25,16.48333333333333,23.9,82.45833333333333,55.333333333333336,140.45833333333334,6.295833333333333,0.39999999999999997,24
2021-09-26,17.495833333333334,20.9,89.16666666666667,73.79166666666667,101.125,10.2125,5.2,24
2021-09-27,15.879166666666668,19.2,83.04166666666667,66.08333333333333,79.54166666666667,14.487499999999999,2.4000000000000004,24
2021-09-28,13.695833333333333,18.9,72.625,73.5,137.58333333333334,8.329166666666667,0.0,24
2021-09-29,13.387500000000001,15.3,72.0,47.208333333333336,133.58333333333334,17.5,5.0,24
2021-09-30,11.799999999999999,17.0,69.83333333333333,46.708333333333336,136.875,9.258333333333333,0.0,24
2021-10-01,12.975,17.3,73.91666666666667,79.45833333333333,72.5,16.5625,5.1000000000000005,24
2021-10-02,14.891666666666666,17.7,86.70833333333333,96.58333333333333,75.70833333333333,20.3,6.6,24
2021-10-03,15.341666666666667,18.0,81.41666666666667,93.58333333333333,48.75,21.916666666666668,20.7,24
2021-10-04,12.975,17.6,72.75,28.333333333333332,144.29166666666666,14.695833333333333,0.2,24
2021-10-05,13.475,15.9,81.04166666666667,49.458333333333336,68.5,21.675,5.3,24
2021-10-06,12.908333333333333,16.9,70.75,23.166666666666668,143.16666666666666,19.233333333333334,0.0,24
2021-10-07,11.779166666666667,17.0,83.79166666666667,60.625,85.16666666666667,5.8,0.0,24
2021-10-08,12.195833333333333,18.3,81.83333333333333,2.9583333333333335,155.25,10.658333333333333,0.0,24
2021-10-09,12.283333333333333,17.9,81.66666666666667,0.4583333333333333,154.70833333333334,9.279166666666667,0.0,24
2021-10-10,11.195833333333333,17.1,81.08333333333333,33.625,147.5,8.554166666666667,0.0,24
2021-10-11,12.612499999999999,15.9,77.45833333333333,77.79166666666667,108.33333333333333,9.895833333333334,0.0,24
2021-10-12,10.737499999999999,15.5,82.04166666666667,62.625,102.875,10.470833333333333,0.2,24
2021-10-13,10.0625,14.5,77.79166666666667,67.58333333333333,123.58333333333333,6.3625,0.0,24
2021-10-14,9.316666666666666,15.6,77.625,0.125,141.25,5.291666666666667,0.0,24
2021-10-15,10.654166666666667,16.7,83.75,81.29166666666667,112.375,5.5874999999999995,0.0,24
2021-10-16,10.341666666666667,16.3,83.33333333333333,12.666666666666666,137.25,6.691666666666666,0.0,24
2021-10-17,8.970833333333333,15.4,78.45833333333333,78.875,111.58333333333333,9.012500000000001,0.0,24
2021-10-18,11.158333333333333,18.7,86.95833333333333,84.54166666666667,78.625,10.429166666666667,1.0,24
2021-10-19,17.620833333333334,22.3,75.16666666666667,54.916666666666664,125.375,14.329166666666666,2.5,24
2021-10-20,17.520833333333332,19.6,74.58333333333333,94.58333333333333,65.66666666666667,24.412499999999998,1.9,24
2021-10-21,11.058333333333332,14.5,79.33333333333333,47.5,66.41666666666667,25.258333333333336,6.300000000000001,24
2021-10-22,7.958333333333333,13.4,83.0,42.458333333333336,93.0,11.1875,0.0,24
2021-10-23,9.870833333333334,14.3,79.45833333333333,65.33333333333333,91.41666666666667,6.408333333333334,0.1,24
2021-10-24,7.5874999999999995,13.8,83.0,12.458333333333334,124.95833333333333,9.279166666666667,0.0,24
2021-10-25,10.7125,15.4,82.5,72.79166666666667,57.708333333333336,11.116666666666667,1.9000000000000001,24
2021-10-26,11.075000000000001,15.2,87.66666666666667,68.20833333333333,68.33333333333333,10.558333333333334,0.0,24
2021-10-27,11.049999999999999,16.0,87.04166666666667,69.25,109.875,8.7125,0.0,24
2021-10-28,11.195833333333333,17.6,81.375,3.2083333333333335,112.375,13.008333333333333,0.0,24
2021-10-29,12.758333333333333,15.6,80.83333333333333,68.70833333333333,39.166666666666664,17.8875,7.2,24
2021-10-30,12.924999999999999,16.0,90.75,99.83333333333333,29.458333333333332,15.125,10.7,24
2021-10-31,12.025,17.1,89.29166666666667,79.58333333333333,46.916666666666664,16.733333333333334,3.4,24
2021-11-01,9.950000000000001,14.0,81.70833333333333,39.416666666666664,82.125,17.383333333333333,1.2,24
2021-11-02,8.858333333333333,12.1,83.58333333333333,87.70833333333333,82.83333333333333,11.379166666666668,1.3,24
2021-11-03,7.945833333333333,11.9,87.41666666666667,70.04166666666667,87.83333333333333,10.35,5.7,24
2021-11-04,7.0375000000000005,10.3,87.16666666666667,83.125,66.79166666666667,13.979166666666666,0.9,24
2021-11-05,7.591666666666666,11.3,83.375,60.333333333333336,78.875,10.141666666666667,1.9,24
2021-11-06,5.3500000000000005,11.1,86.20833333333333,58.5,75.125,7.629166666666666,0.3,24
2021-11-07,9.729166666666666,13.2,81.25,99.79166666666667,44.458333333333336,13.4625,0.4,24
2021-11-08,7.533333333333334,11.7,83.875,84.79166666666667,72.375,6.166666666666667,0.0,24
2021-11-09,4.925,9.4,88.95833333333333,68.16666666666667,67.625,5.9375,0.0,24
2021-11-10,4.375,7.8,92.04166666666667,86.70833333333333,49.166666666666664,3.5666666666666664,0.0,24
2021-11-11,4.320833333333334,8.7,93.75,71.16666666666667,58.666666666666664,4.804166666666666,0.0,24
2021-11-12,5.8999999999999995,11.3,87.83333333333333,80.70833333333333,72.83333333333333,9.445833333333333,0.0,24
2021-11-13,11.25,13.1,88.5,89.33333333333333,40.125,14.170833333333334,0.6,24
2021-11-14,10.245833333333334,12.2,88.5,87.45833333333333,44.208333333333336,11.729166666666666,0.0,24
2021-11-15,6.766666666666667,9.0,89.04166666666667,59.291666666666664,44.416666666666664,11.145833333333334,0.0,24
2021-11-16,7.120833333333334,8.1,85.5,96.0,21.666666666666668,6.370833333333334,0.1,24
2021-11-17,8.566666666666666,12.8,92.25,82.79166666666667,40.333333333333336,7.925,0.2,24
2021-11-18,5.0,10.6,95.95833333333333,94.95833333333333,51.708333333333336,6.091666666666666,0.0,24
2021-11-19,8.033333333333333,10.7,90.625,97.08333333333333,27.833333333333332,4.558333333333334,0.0,24
2021-11-20,8.145833333333334,10.3,91.95833333333333,100.0,28.0,4.9750000000000005,0.0,24
2021-11-21,6.933333333333334,9.1,90.58333333333333,86.70833333333333,18.916666666666668,8.616666666666667,1.0,24
2021-11-22,4.741666666666666,8.2,83.20833333333333,32.416666666666664,51.625,19.8,0.0,24
2021-11-23,3.516666666666667,8.0,78.16666666666667,0.25,73.29166666666667,13.958333333333334,0.0,24
2021-11-24,4.041666666666667,6.2,91.95833333333333,79.70833333333333,33.416666666666664,10.366666666666667,0.0,24
2021-11-25,3.5708333333333333,6.5,91.16666666666667,99.29166666666667,29.291666666666668,7.529166666666666,0.0,24
2021-11-26,4.408333333333333,6.5,89.66666666666667,94.95833333333333,33.25,16.620833333333334,2.7,24
2021-11-27,2.920833333333333,4.7,87.91666666666667,77.41666666666667,36.583333333333336,15.65,2.0,24
2021-11-28,3.970833333333333,5.8,81.91666666666667,89.66666666666667,35.541666666666664,22.27916666666667,1.5,24
2021-11-29,1.3833333333333335,5.6,86.79166666666667,16.291666666666668,57.083333333333336,10.616666666666667,0.0,24
2021-11-30,5.8,8.7,85.0,93.625,16.833333333333332,21.945833333333336,1.1,24
2021-12-01,8.520833333333334,10.4,84.625,59.791666666666664,54.375,23.65833333333333,4.7,24
2021-12-02,3.670833333333333,5.6,82.08333333333333,32.5,58.25,15.745833333333332,0.8,24
2021-12-03,2.6916666666666664,7.6,89.91666666666667,94.70833333333333,7.125,15.0375,8.9,24
2021-12-04,8.670833333333333,12.1,85.25,84.20833333333333,25.666666666666668,21.1125,5.8,24
2021-12-05,4.058333333333334,6.1,89.375,77.125,33.333333333333336,16.474999999999998,4.4,24
2021-12-06,4.741666666666666,7.3,90.16666666666667,77.95833333333333,31.375,13.891666666666666,3.8,24
2021-12-07,5.395833333333333,8.7,89.20833333333333,73.625,31.75,19.008333333333333,2.1,24
2021-12-08,4.591666666666667,7.5,84.04166666666667,30.875,52.125,15.304166666666667,1.0,24
2021-12-09,3.8249999999999997,7.1,86.91666666666667,75.20833333333333,54.875,15.045833333333334,1.2,24
2021-12-10,6.033333333333334,7.8,81.08333333333333,62.791666666666664,47.333333333333336,24.72083333333333,14.5,24
2021-12-11,4.529166666666667,7.7,86.20833333333333,60.458333333333336,46.208333333333336,11.6625,0.2,24
2021-12-12,8.466666666666667,10.6,93.41666666666667,98.83333333333333,14.708333333333334,11.733333333333334,0.6000000000000001,24
2021-12-13,7.820833333333333,8.9,95.75,97.25,26.416666666666668,8.695833333333333,0.0,24
2021-12-14,5.141666666666667,7.3,95.29166666666667,100.0,19.0,4.079166666666667,0.0,24
2021-12-15,6.970833333333334,9.2,92.75,91.16666666666667,28.833333333333332,4.779166666666667,0.0,24
2021-12-16,7.566666666666666,11.0,91.0,77.16666666666667,26.166666666666668,7.166666666666667,0.0,24
2021-12-17,6.1125,9.8,91.375,26.541666666666668,38.75,11.35,0.0,24
2021-12-18,4.483333333333333,8.9,91.79166666666667,18.625,56.083333333333336,9.845833333333333,0.0,24
2021-12-19,5.2250000000000005,6.1,94.75,93.33333333333333,19.958333333333332,11.237499999999999,0.0,24
2021-12-20,5.170833333333333,5.9,84.58333333333333,97.625,28.25,10.983333333333334,0.2,24
2021-12-21,-0.029166666666666674,4.0,88.375,15.458333333333334,58.916666666666664,7.720833333333334,0.0,24
2021-12-22,-2.625,0.3,91.0,58.708333333333336,46.041666666666664,8.816666666666666,0.0,24
2021-12-23,2.7916666666666665,7.8,88.29166666666667,79.91666666666667,49.583333333333336,10.020833333333334,0.0,24
2021-12-24,6.8875,9.3,96.66666666666667,99.375,17.75,8.041666666666666,8.3,24
2021-12-25,7.5625,10.0,96.79166666666667,100.0,20.416666666666668,6.3374999999999995,0.6,24
2021-12-26,7.816666666666666,10.2,95.875,84.45833333333333,24.708333333333332,9.012500000000001,6.8,24
2021-12-27,9.1625,12.4,91.79166666666667,88.16666666666667,24.5,15.241666666666667,5.0,24
2021-12-28,11.0625,12.3,78.5,89.125,29.208333333333332,25.416666666666668,9.1,24
2021-12-29,12.279166666666667,15.1,87.75,100.0,11.083333333333334,17.654166666666665,6.7,24
2021-12-30,13.170833333333334,14.7,88.91666666666667,78.54166666666667,32.583333333333336,16.904166666666665,0.1,24
2021-12-31,10.441666666666666,14.5,91.5,41.166666666666664,51.708333333333336,10.2875,0.0,24
2022-01-01,9.137500000000001,13.1,91.25,87.54166666666667,53.666666666666664,10.020833333333334,0.0,24
2022-01-02,11.591666666666667,13.9,79.125,89.66666666666667,43.625,18.258333333333333,1.2,24
2022-01-03,11.075000000000001,12.1,85.625,100.0,15.75,21.1125,4.6,24
2022-01-04,8.9375,11.2,89.33333333333333,99.875,14.75,16.7375,20.8,24
2022-01-05,3.170833333333333,6.2,79.375,21.583333333333332,57.125,13.995833333333332,0.0,24
2022-01-06,1.9208333333333334,6.1,83.33333333333333,53.708333333333336,57.541666666666664,8.741666666666667,0.0,24
2022-01-07,5.245833333333333,7.7,81.66666666666667,79.625,49.875,21.5625,5.699999999999999,24
2022-01-08,5.783333333333334,9.0,89.70833333333333,86.04166666666667,9.583333333333334,20.7,8.4,24
2022-01-09,4.441666666666666,6.2,85.375,72.29166666666667,33.916666666666664,17.616666666666667,3.2,24
2022-01-10,2.408333333333333,4.1,94.70833333333333,96.41666666666667,26.0,7.808333333333334,0.2,24
2022-01-11,-0.14999999999999997,3.1,92.125,32.416666666666664,59.666666666666664,7.191666666666666,0.0,24
2022-01-12,0.5166666666666667,3.2,91.75,88.625,20.333333333333332,4.266666666666667,0.0,24
2022-01-13,2.3916666666666666,5.1,93.70833333333333,69.04166666666667,34.791666666666664,8.65,0.0,24
2022-01-14,1.2291666666666667,6.6,89.70833333333333,0.0,66.5,7.304166666666667,0.0,24
2022-01-15,0.5458333333333333,3.3,94.83333333333333,70.83333333333333,38.083333333333336,4.804166666666666,0.0,24
2022-01-16,1.9625000000000001,4.4,92.25,96.125,19.666666666666668,11.504166666666668,0.5,24
2022-01-17,5.254166666666666,7.6,93.08333333333333,76.66666666666667,29.291666666666668,6.3125,0.1,24
2022-01-18,3.766666666666667,9.1,91.41666666666667,63.333333333333336,61.375,9.991666666666665,0.0,24
2022-01-19,4.1000000000000005,6.9,92.25,89.625,24.416666666666668,9.9,2.3,24
2022-01-20,3.6458333333333335,6.3,88.29166666666667,48.25,58.208333333333336,11.141666666666666,0.30000000000000004,24
2022-01-21,2.716666666666667,5.3,88.5,70.29166666666667,39.166666666666664,9.466666666666667,0.0,24
2022-01-22,3.9125,6.2,84.91666666666667,99.41666666666667,36.458333333333336,6.070833333333333,0.0,24
2022-01-23,3.983333333333333,5.1,83.5,99.08333333333333,29.333333333333332,7.166666666666667,0.1,24
2022-01-24,1.3499999999999999,6.9,90.45833333333333,2.1666666666666665,81.0,7.825,0.0,24
2022-01-25,-0.1458333333333334,2.3,96.0,87.41666666666667,27.208333333333332,4.429166666666666,0.0,24
2022-01-26,1.2666666666666666,3.4,94.66666666666667,100.0,22.416666666666668,6.358333333333333,0.0,24
2022-01-27,3.9625,7.0,88.16666666666667,97.29166666666667,35.5,12.583333333333334,0.5,24
2022-01-28,5.158333333333333,8.0,90.54166666666667,94.375,36.375,7.620833333333334,0.2,24
2022-01-29,8.345833333333333,10.0,88.625,100.0,19.75,16.7375,0.4,24
2022-01-30,7.858333333333333,9.5,82.08333333333333,80.04166666666667,80.70833333333333,7.616666666666667,0.4,24
2022-01-31,6.279166666666666,8.2,68.29166666666667,70.70833333333333,65.29166666666667,22.34166666666667,0.6,24
2022-02-01,6.0249999999999995,9.7,85.04166666666667,88.54166666666667,13.125,17.145833333333332,0.8,24
2022-02-02,9.512500000000001,11.2,85.04166666666667,99.625,30.458333333333332,15.329166666666666,0.1,24
2022-02-03,6.625,8.5,86.16666666666667,96.54166666666667,34.833333333333336,11.033333333333333,0.0,24
2022-02-04,7.1125,10.6,84.66666666666667,71.04166666666667,37.416666666666664,16.6,0.8,24
2022-02-05,5.375,9.7,77.70833333333333,47.25,86.875,13.862499999999999,0.0,24
2022-02-06,8.520833333333334,10.6,82.20833333333333,100.0,14.666666666666666,29.8125,5.3,24
2022-02-07,6.433333333333334,9.8,73.91666666666667,37.416666666666664,86.41666666666667,13.391666666666666,0.2,24
2022-02-08,8.3375,11.8,82.41666666666667,91.45833333333333,49.75,10.479166666666666,0.1,24
2022-02-09,5.175,11.3,89.08333333333333,66.66666666666667,92.41666666666667,4.416666666666667,0.0,24
2022-02-10,6.766666666666667,9.0,87.04166666666667,96.70833333333333,29.916666666666668,12.9625,3.0999999999999996,24
2022-02-11,3.3833333333333333,7.9,84.20833333333333,36.416666666666664,88.375,8.416666666666666,0.0,24
2022-02-12,1.875,8.0,79.58333333333333,53.25,118.125,10.525,0.0,24
2022-02-13,5.7124999999999995,12.6,75.125,84.04166666666667,102.125,17.641666666666666,0.0,24
2022-02-14,9.0375,11.9,77.70833333333333,82.66666666666667,83.70833333333333,21.004166666666666,1.3,24
2022-02-15,6.891666666666667,10.6,85.125,51.416666666666664,80.04166666666667,18.6125,1.2,24
2022-02-16,11.745833333333332,14.5,87.125,99.91666666666667,30.75,27.254166666666666,6.3,24
2022-02-17,11.6,13.4,68.25,73.54166666666667,101.625,25.020833333333332,0.6000000000000001,24
2022-02-18,10.095833333333333,12.5,75.54166666666667,91.20833333333333,27.041666666666668,26.075,0.9999999999999999,24
2022-02-19,6.254166666666666,9.9,66.54166666666667,44.833333333333336,110.875,23.666666666666668,0.5,24
2022-02-20,10.029166666666667,12.9,77.41666666666667,91.79166666666667,55.0,27.712500000000002,0.2,24
2022-02-21,8.070833333333333,10.7,70.5,57.0,91.75,31.625,2.2,24
2022-02-22,8.475,11.9,80.83333333333333,71.375,42.583333333333336,18.0125,0.2,24
2022-02-23,7.616666666666666,11.6,83.79166666666667,69.54166666666667,79.875,9.341666666666667,0.1,24
2022-02-24,8.104166666666666,11.7,76.83333333333333,69.25,84.16666666666667,17.724999999999998,2.4,24
2022-02-25,5.058333333333334,9.4,70.75,6.916666666666667,128.95833333333334,14.7875,0.9,24
2022-02-26,3.5583333333333336,9.4,76.33333333333333,6.875,147.45833333333334,11.291666666666666,0.0,24
2022-02-27,3.670833333333333,9.9,65.125,0.625,153.41666666666666,12.945833333333333,0.0,24
2022-02-28,3.341666666666667,11.0,70.79166666666667,17.0,155.375,8.987499999999999,0.0,24
2022-03-01,5.129166666666666,9.7,75.08333333333333,99.70833333333333,46.958333333333336,5.908333333333334,0.4,24
2022-03-02,6.429166666666667,10.4,74.04166666666667,99.54166666666667,82.29166666666667,7.3374999999999995,0.0,24
2022-03-03,7.7625,12.3,87.5,89.20833333333333,75.29166666666667,7.0625,0.4,24
2022-03-04,7.920833333333333,11.7,90.75,92.625,56.5,5.741666666666667,2.0,24
2022-03-05,6.954166666666667,11.6,81.04166666666667,67.16666666666667,114.875,5.620833333333334,0.0,24
2022-03-06,4.404166666666667,8.2,70.04166666666667,32.666666666666664,158.0,13.845833333333333,0.0,24
2022-03-07,2.5416666666666665,6.4,63.0,21.541666666666668,171.33333333333334,16.104166666666668,0.0,24
2022-03-08,4.375,12.5,65.83333333333333,0.0,171.16666666666666,12.054166666666667,0.0,24
2022-03-09,7.620833333333334,14.8,76.41666666666667,27.5,158.04166666666666,11.345833333333333,0.0,24
2022-03-10,9.216666666666667,16.3,71.66666666666667,54.041666666666664,170.04166666666666,10.941666666666668,0.0,24
2022-03-11,9.670833333333333,13.4,78.91666666666667,80.75,76.66666666666667,17.579166666666666,4.2,24
2022-03-12,8.35,10.6,86.375,89.16666666666667,64.45833333333333,16.529166666666665,2.4,24
2022-03-13,8.629166666666666,10.4,81.375,100.0,65.0,18.233333333333334,5.6000000000000005,24
2022-03-14,8.379166666666666,14.1,79.16666666666667,66.91666666666667,172.83333333333334,10.495833333333334,0.0,24
2022-03-15,9.512500000000001,12.8,88.04166666666667,100.0,51.5,8.0,9.2,24
2022-03-16,11.470833333333333,17.5,88.16666666666667,72.29166666666667,141.16666666666666,9.7125,1.2,24
2022-03-17,8.841666666666667,11.7,75.375,97.625,149.79166666666666,15.279166666666667,0.4,24
2022-03-18,8.075000000000001,15.2,64.25,0.2916666666666667,200.0,17.195833333333333,0.0,24
2022-03-19,10.0875,15.7,55.291666666666664,0.0,200.0,19.724999999999998,0.0,24
2022-03-20,6.716666666666666,12.4,59.291666666666664,10.625,200.79166666666666,9.116666666666667,0.0,24
2022-03-21,10.066666666666666,16.8,76.58333333333333,28.208333333333332,190.16666666666666,8.408333333333333,0.0,24
2022-03-22,10.516666666666667,17.4,66.41666666666667,1.0,206.125,11.383333333333333,0.0,24
2022-03-23,9.4,17.3,63.541666666666664,0.0,210.0,9.495833333333334,0.0,24
2022-03-24,10.4125,18.9,62.791666666666664,0.0,211.91666666666666,8.641666666666667,0.0,24
2022-03-25,11.304166666666667,18.4,55.791666666666664,0.0,215.125,11.379166666666668,0.0,24
2022-03-26,11.270833333333334,18.3,57.458333333333336,0.0,219.125,12.645833333333334,0.0,24
2022-03-27,11.966666666666667,19.8,63.041666666666664,0.0,218.75,10.541666666666666,0.0,24
2022-03-28,11.895833333333334,20.2,69.04166666666667,68.125,197.45833333333334,6.958333333333333,0.0,24
2022-03-29,11.479166666666666,18.0,73.375,99.66666666666667,78.625,6.570833333333333,10.2,24
2022-03-30,10.166666666666666,13.9,85.79166666666667,78.66666666666667,112.04166666666667,6.6000000000000005,6.7,24
2022-03-31,5.670833333333333,8.1,76.375,85.25,101.125,17.55,1.3,24
2022-04-01,2.4791666666666665,3.5,68.75,86.58333333333333,58.458333333333336,25.575,3.5,24
2022-04-02,3.4333333333333336,7.2,57.541666666666664,45.916666666666664,192.83333333333334,19.854166666666668,0.0,24
2022-04-03,3.8625000000000003,7.9,58.666666666666664,57.125,189.25,12.729166666666666,0.0,24
2022-04-04,4.383333333333334,9.4,70.70833333333333,73.125,126.33333333333333,14.5875,0.4,24
2022-04-05,10.095833333333333,13.6,84.0,84.79166666666667,86.33333333333333,15.979166666666666,0.9,24
2022-04-06,9.945833333333333,12.6,75.0,93.45833333333333,102.20833333333333,19.366666666666667,2.0,24
2022-04-07,11.333333333333334,14.1,74.16666666666667,93.5,111.41666666666667,30.90833333333333,1.9000000000000001,24
2022-04-08,6.120833333333334,8.4,85.58333333333333,96.66666666666667,67.54166666666667,15.441666666666668,26.8,24
2022-04-09,5.458333333333333,10.1,78.125,61.5,170.70833333333334,11.379166666666668,2.2,24
2022-04-10,6.295833333333333,13.5,70.58333333333333,56.708333333333336,245.58333333333334,7.858333333333333,0.0,24
2022-04-11,10.858333333333334,17.9,64.125,88.58333333333333,233.25,13.758333333333333,0.0,24
2022-04-12,14.35,20.5,69.20833333333333,93.45833333333333,177.54166666666666,12.054166666666667,0.0,24
2022-04-13,13.158333333333333,16.0,86.79166666666667,99.91666666666667,96.33333333333333,4.195833333333334,7.9,24
2022-04-14,13.799999999999999,19.9,79.125,70.75,214.58333333333334,6.5125,0.2,24
2022-04-15,13.725,19.7,74.125,62.5,245.41666666666666,7.625,0.0,24
2022-04-16,12.854166666666666,18.0,72.125,24.333333333333332,264.0416666666667,11.950000000000001,0.0,24
2022-04-17,12.108333333333334,19.7,58.458333333333336,39.833333333333336,276.0,9.966666666666667,0.0,24
2022-04-18,12.320833333333333,18.5,58.291666666666664,87.91666666666667,224.04166666666666,6.808333333333334,0.0,24
2022-04-19,12.025,16.9,68.66666666666667,97.16666666666667,219.29166666666666,11.441666666666668,0.1,24
2022-04-20,12.433333333333332,19.0,62.541666666666664,86.25,249.83333333333334,12.0375,0.0,24
2022-04-21,12.65,19.2,56.083333333333336,64.33333333333333,270.5833333333333,12.862499999999999,0.0,24
2022-04-22,13.891666666666666,18.7,59.0,39.5,239.91666666666666,13.1875,0.0,24
2022-04-23,13.333333333333334,19.0,69.625,88.08333333333333,173.625,11.945833333333333,3.3,24
2022-04-24,13.516666666666666,18.2,67.70833333333333,66.29166666666667,235.33333333333334,10.2125,0.0,24
2022-04-25,12.137500000000001,16.1,63.75,30.125,255.54166666666666,11.183333333333332,0.4,24
2022-04-26,10.420833333333333,15.5,70.70833333333333,42.833333333333336,178.875,10.529166666666667,0.1,24
2022-04-27,11.770833333333334,18.2,63.75,26.625,228.875,13.416666666666666,0.0,24
2022-04-28,14.354166666666666,20.8,61.333333333333336,39.0,276.6666666666667,13.341666666666667,0.0,24
2022-04-29,13.904166666666667,18.2,63.958333333333336,69.16666666666667,243.41666666666666,11.679166666666667,3.1,24
2022-04-30,11.258333333333333,16.3,63.958333333333336,59.166666666666664,222.33333333333334,13.233333333333334,0.0,24
2022-05-01,10.858333333333334,16.3,61.291666666666664,99.25,208.33333333333334,9.958333333333334,0.0,24
2022-05-02,13.0625,17.6,61.208333333333336,97.66666666666667,179.375,10.708333333333334,0.1,24
2022-05-03,14.0875,18.9,56.583333333333336,46.125,234.20833333333334,13.066666666666668,0.0,24
2022-05-04,13.079166666666667,17.6,65.5,85.04166666666667,154.5,8.904166666666667,0.0,24
2022-05-05,13.575000000000001,18.5,71.25,60.791666666666664,192.41666666666666,12.4125,0.4,24
2022-05-06,15.045833333333334,21.5,68.25,50.041666666666664,262.2083333333333,8.933333333333334,0.0,24
2022-05-07,15.15,19.9,68.91666666666667,64.25,228.5,7.8500000000000005,1.0,24
2022-05-08,15.924999999999999,21.0,68.70833333333333,11.541666666666666,279.8333333333333,11.008333333333333,0.1,24
2022-05-09,17.1375,24.5,63.5,39.375,284.0833333333333,5.270833333333333,0.0,24
2022-05-10,19.791666666666668,26.2,57.791666666666664,85.125,245.79166666666666,12.625,0.0,24
2022-05-11,18.345833333333335,25.2,66.08333333333333,25.583333333333332,282.0833333333333,14.608333333333334,0.0,24
2022-05-12,16.058333333333334,19.9,63.0,80.625,222.08333333333334,9.954166666666667,0.0,24
2022-05-13,14.845833333333333,20.3,62.416666666666664,28.541666666666668,318.0,8.245833333333334,0.0,24
2022-05-14,15.920833333333334,22.4,62.208333333333336,61.041666666666664,298.5833333333333,6.3875,0.0,24
2022-05-15,20.675,28.6,52.041666666666664,78.41666666666667,273.3333333333333,11.725,0.2,24
2022-05-16,20.1125,24.5,66.375,65.375,269.6666666666667,11.883333333333333,0.5,24
2022-05-17,22.179166666666664,28.5,56.708333333333336,54.875,277.5416666666667,7.670833333333333,2.7,24
2022-05-18,21.75,27.6,65.45833333333333,71.5,290.5833333333333,9.854166666666666,2.2,24
2022-05-19,21.575,24.0,67.95833333333333,88.91666666666667,233.20833333333334,9.549999999999999,0.4,24
2022-05-20,17.279166666666665,22.0,80.91666666666667,75.66666666666667,148.75,13.15,16.400000000000002,24
2022-05-21,16.625,23.1,70.04166666666667,61.375,243.70833333333334,6.637499999999999,0.0,24
2022-05-22,18.075,23.4,68.08333333333333,90.0,224.0,9.116666666666665,0.3,24
2022-05-23,16.741666666666667,19.0,81.54166666666667,91.83333333333333,121.25,11.708333333333334,6.3,24
2022-05-24,13.525,17.0,74.0,56.5,250.25,14.158333333333333,6.0,24
2022-05-25,14.4375,19.4,68.375,49.041666666666664,259.75,12.395833333333334,0.1,24
2022-05-26,16.295833333333334,19.7,70.375,97.66666666666667,163.91666666666666,13.549999999999999,0.30000000000000004,24
2022-05-27,15.741666666666667,20.3,71.20833333333333,58.333333333333336,184.29166666666666,13.620833333333332,0.7000000000000001,24
2022-05-28,14.208333333333334,19.1,67.29166666666667,33.833333333333336,279.4166666666667,11.270833333333334,0.1,24
2022-05-29,11.85,14.9,59.875,48.0,178.125,12.808333333333332,0.0,24
2022-05-30,12.7125,17.6,62.833333333333336,52.625,248.66666666666666,7.429166666666667,0.0,24
2022-05-31,14.950000000000001,20.0,57.541666666666664,31.583333333333332,276.4166666666667,8.895833333333334,0.1,24
2022-06-01,14.729166666666666,20.5,61.625,44.125,326.0416666666667,8.291666666666666,0.0,24
2022-06-02,17.020833333333332,23.4,55.208333333333336,60.666666666666664,315.625,11.879166666666668,0.0,24
2022-06-03,17.900000000000002,25.1,70.5,78.04166666666667,184.125,7.858333333333333,8.2,24
2022-06-04,20.125,26.6,77.79166666666667,58.916666666666664,281.6666666666667,8.1875,1.1,24
2022-06-05,18.633333333333333,22.8,78.79166666666667,69.625,245.625,12.958333333333334,5.8,24
2022-06-06,16.445833333333333,20.2,71.25,54.25,216.625,11.15,0.4,24
2022-06-07,17.425,21.7,72.5,73.16666666666667,218.29166666666666,14.158333333333333,1.0,24
2022-06-08,16.745833333333334,20.6,75.375,68.58333333333333,192.25,14.616666666666667,17.0,24
2022-06-09,15.979166666666666,19.7,67.75,72.0,239.625,14.466666666666667,0.30000000000000004,24
2022-06-10,18.158333333333335,22.1,72.16666666666667,44.583333333333336,231.70833333333334,9.841666666666667,0.0,24
2022-06-11,19.1125,24.6,71.75,44.25,281.8333333333333,7.8625,0.0,24
2022-06-12,17.508333333333333,22.3,65.125,32.333333333333336,337.25,9.704166666666667,0.0,24
2022-06-13,16.4875,22.0,64.83333333333333,14.166666666666666,330.875,8.929166666666667,0.0,24
2022-06-14,18.520833333333332,24.8,61.375,37.791666666666664,331.0416666666667,9.2125,0.0,24
2022-06-15,21.666666666666668,29.1,56.666666666666664,21.041666666666668,323.0,8.366666666666667,0.0,24
2022-06-16,22.150000000000002,28.8,54.208333333333336,38.75,340.4166666666667,7.958333333333333,0.0,24
2022-06-17,24.666666666666668,32.1,52.958333333333336,45.583333333333336,329.25,5.970833333333334,0.0,24
2022-06-18,27.829166666666666,36.0,49.625,9.291666666666666,333.875,8.529166666666667,0.0,24
2022-06-19,20.783333333333335,24.9,68.04166666666667,63.416666666666664,281.6666666666667,15.679166666666667,1.5999999999999999,24
2022-06-20,17.916666666666668,20.9,76.95833333333333,80.79166666666667,246.5,14.025,18.9,24
2022-06-21,19.083333333333332,24.2,71.125,60.083333333333336,294.2916666666667,10.795833333333334,1.4,24
2022-06-22,19.558333333333334,22.9,73.91666666666667,93.29166666666667,204.95833333333334,9.9375,0.5,24
2022-06-23,21.3625,26.2,72.70833333333333,71.875,283.4583333333333,9.879166666666666,6.2,24
2022-06-24,19.945833333333333,23.0,72.25,77.875,255.29166666666666,15.0625,7.5,24
2022-06-25,16.808333333333334,18.2,81.79166666666667,95.45833333333333,86.875,9.770833333333334,8.8,24
2022-06-26,16.462500000000002,21.1,75.41666666666667,87.45833333333333,238.375,9.137500000000001,0.4,24
2022-06-27,17.25,21.7,69.91666666666667,69.875,246.5,8.5875,3.6999999999999997,24
2022-06-28,18.416666666666668,24.8,66.5,26.458333333333332,324.125,7.120833333333334,0.0,24
2022-06-29,18.7625,24.8,65.125,59.041666666666664,300.6666666666667,9.7625,0.30000000000000004,24
2022-06-30,15.420833333333334,18.2,80.41666666666667,79.75,84.25,6.191666666666666,10.3,24
2022-07-01,15.9375,20.5,69.75,42.416666666666664,249.91666666666666,8.908333333333333,0.6,24
2022-07-02,18.270833333333332,24.8,64.08333333333333,9.25,333.4166666666667,6.729166666666667,0.0,24
2022-07-03,17.895833333333332,23.0,64.66666666666667,15.541666666666666,322.2083333333333,10.258333333333333,0.0,24
2022-07-04,18.075,24.6,65.54166666666667,7.083333333333333,339.25,7.945833333333333,0.0,24
2022-07-05,18.241666666666667,24.7,64.41666666666667,8.416666666666666,328.5833333333333,10.862499999999999,0.0,24
2022-07-06,18.791666666666668,26.1,61.583333333333336,47.333333333333336,262.7083333333333,9.7875,0.0,24
2022-07-07,18.845833333333335,22.7,68.04166666666667,53.291666666666664,200.25,14.416666666666666,0.0,24
2022-07-08,18.5125,25.8,59.291666666666664,0.0,334.2916666666667,9.395833333333334,0.0,24
2022-07-09,21.416666666666668,28.7,59.166666666666664,43.541666666666664,314.7083333333333,10.704166666666666,0.0,24
2022-07-10,19.995833333333334,26.5,57.125,14.083333333333334,329.7083333333333,13.679166666666667,0.0,24
2022-07-11,22.5,28.7,55.166666666666664,19.208333333333332,330.375,10.9625,0.0,24
2022-07-12,24.433333333333334,31.3,52.958333333333336,88.625,315.9583333333333,6.133333333333333,0.0,24
2022-07-13,26.724999999999998,34.6,40.083333333333336,71.375,293.8333333333333,8.195833333333333,0.0,24
2022-07-14,24.375,30.4,50.416666666666664,33.875,325.7916666666667,13.1,0.0,24
2022-07-15,21.104166666666668,26.1,44.875,0.875,332.25,11.533333333333333,0.0,24
2022-07-16,21.858333333333334,28.2,45.625,10.041666666666666,331.4583333333333,10.020833333333334,0.0,24
2022-07-17,23.795833333333334,30.9,40.75,49.708333333333336,320.0833333333333,11.012500000000001,0.0,24
2022-07-18,27.508333333333336,36.7,35.833333333333336,15.625,324.125,7.825,0.0,24
2022-07-19,30.133333333333336,39.1,35.125,4.875,325.5833333333333,15.745833333333332,0.0,24
2022-07-20,21.65416666666667,26.2,75.875,79.66666666666667,147.58333333333334,11.004166666666668,15.1,24
2022-07-21,20.875,25.6,73.5,50.5,228.0,7.154166666666666,0.1,24
2022-07-22,20.291666666666668,24.2,81.5,70.5,165.83333333333334,9.241666666666667,6.9,24
2022-07-23,21.054166666666667,25.1,76.625,76.0,255.125,9.049999999999999,2.1,24
2022-07-24,23.541666666666668,30.5,63.583333333333336,32.5,311.375,8.512500000000001,0.0,24
2022-07-25,22.295833333333334,26.4,59.875,55.625,235.08333333333334,15.691666666666668,0.4,24
2022-07-26,19.1125,22.4,65.25,47.541666666666664,171.04166666666666,11.625,0.39999999999999997,24
2022-07-27,19.4875,24.2,57.041666666666664,52.125,233.54166666666666,9.891666666666667,0.2,24
2022-07-28,20.470833333333335,26.4,47.333333333333336,85.0,232.04166666666666,8.491666666666667,0.5,24
2022-07-29,21.97083333333333,28.0,47.0,37.333333333333336,280.0833333333333,7.654166666666666,0.1,24
2022-07-30,23.53333333333333,30.0,51.708333333333336,63.041666666666664,266.625,8.766666666666667,0.1,24
2022-07-31,22.308333333333334,28.0,66.16666666666667,22.083333333333332,247.33333333333334,10.983333333333334,0.0,24
2022-08-01,21.870833333333334,26.2,67.625,64.41666666666667,186.41666666666666,7.879166666666666,0.5,24
2022-08-02,23.191666666666666,29.5,58.833333333333336,57.375,285.3333333333333,6.5249999999999995,0.0,24
2022-08-03,26.645833333333332,33.8,53.875,14.0,296.0833333333333,5.154166666666667,0.0,24
2022-08-04,23.7,28.0,64.33333333333333,78.41666666666667,213.45833333333334,11.950000000000001,4.9,24
2022-08-05,20.570833333333333,25.4,65.16666666666667,47.375,255.41666666666666,14.120833333333332,2.3000000000000003,24
2022-08-06,18.704166666666666,24.0,44.041666666666664,0.3333333333333333,307.25,15.229166666666666,0.0,24
2022-08-07,20.233333333333334,26.3,44.833333333333336,9.666666666666666,296.4583333333333,15.329166666666666,0.0,24
2022-08-08,21.6125,28.4,46.208333333333336,0.0,296.25,14.783333333333333,0.0,24
2022-08-09,23.47083333333333,30.4,46.583333333333336,0.0,292.2083333333333,14.625,0.0,24
2022-08-10,25.7,32.3,38.875,1.5,290.9166666666667,13.533333333333333,0.0,24
2022-08-11,25.6125,31.9,34.458333333333336,0.0,289.625,13.15,0.0,24
2022-08-12,25.6875,32.9,35.666666666666664,0.0,290.4583333333333,11.333333333333334,0.0,24
2022-08-13,25.358333333333334,32.1,33.583333333333336,6.833333333333333,286.5,11.083333333333334,0.0,24
2022-08-14,21.625,26.8,55.958333333333336,95.95833333333333,98.66666666666667,8.095833333333333,4.3999999999999995,24
2022-08-15,20.7375,25.3,73.04166666666667,68.75,202.41666666666666,7.325,6.7,24
2022-08-16,20.666666666666668,25.7,77.25,94.83333333333333,144.16666666666666,6.108333333333333,14.0,24
2022-08-17,20.591666666666665,24.7,77.20833333333333,75.0,178.625,7.366666666666667,9.4,24
2022-08-18,20.908333333333335,25.1,74.25,50.625,221.75,7.641666666666667,2.8000000000000003,24
2022-08-19,20.016666666666666,23.8,79.08333333333333,70.08333333333333,132.125,11.441666666666668,2.9000000000000004,24
2022-08-20,18.5125,23.7,70.625,43.833333333333336,252.16666666666666,8.429166666666667,0.0,24
2022-08-21,19.779166666666665,26.6,65.70833333333333,69.83333333333333,194.75,8.5875,0.1,24
2022-08-22,20.979166666666668,25.2,66.25,74.58333333333333,176.91666666666666,6.8500000000000005,0.0,24
2022-08-23,22.804166666666664,28.2,68.04166666666667,60.583333333333336,187.04166666666666,5.325,0.4,24
2022-08-24,24.474999999999998,31.3,60.458333333333336,25.25,240.29166666666666,6.7124999999999995,0.0,24
2022-08-25,23.504166666666666,30.8,56.875,77.45833333333333,218.04166666666666,11.304166666666667,0.3,24
2022-08-26,21.458333333333332,25.9,66.04166666666667,59.416666666666664,211.625,13.045833333333334,0.5,24
2022-08-27,20.041666666666668,25.3,59.125,34.0,249.5,10.637500000000001,0.0,24
2022-08-28,20.2,25.5,59.625,51.416666666666664,176.29166666666666,10.674999999999999,0.0,24
2022-08-29,22.266666666666666,28.3,47.625,34.208333333333336,240.79166666666666,12.950000000000001,0.0,24
2022-08-30,21.216666666666665,26.3,54.333333333333336,61.583333333333336,176.41666666666666,8.4,0.2,24
2022-08-31,21.400000000000002,27.0,55.0,36.75,207.66666666666666,9.904166666666667,0.0,24
2022-09-01,22.191666666666666,28.0,59.375,61.625,197.33333333333334,8.908333333333333,0.0,24
2022-09-02,20.008333333333333,22.9,70.625,84.83333333333333,142.5,7.9875,3.6,24
2022-09-03,19.291666666666668,23.7,78.0,47.625,177.625,9.6,1.9,24
2022-09-04,21.5,28.4,56.916666666666664,61.375,214.08333333333334,8.1875,0.0,24
2022-09-05,22.041666666666668,27.3,55.833333333333336,53.125,170.16666666666666,7.183333333333334,0.1,24
2022-09-06,20.429166666666667,27.5,73.125,42.25,190.95833333333334,8.745833333333334,13.799999999999999,24
2022-09-07,18.212500000000002,23.3,84.91666666666667,74.0,138.20833333333334,10.529166666666667,6.5,24
2022-09-08,17.633333333333333,22.8,77.54166666666667,54.041666666666664,188.625,16.625,3.8000000000000003,24
2022-09-09,16.891666666666666,20.6,75.83333333333333,70.125,146.0,19.787499999999998,4.0,24
2022-09-10,16.441666666666666,20.3,81.41666666666667,69.04166666666667,84.58333333333333,15.104166666666666,1.7,24
2022-09-11,16.333333333333332,22.1,80.83333333333333,54.583333333333336,190.41666666666666,6.308333333333334,0.0,24
2022-09-12,19.070833333333333,26.6,73.08333333333333,28.75,213.16666666666666,8.383333333333333,0.0,24
2022-09-13,20.741666666666667,24.9,72.20833333333333,100.0,116.95833333333333,9.254166666666666,1.6,24
2022-09-14,20.849999999999998,24.0,82.66666666666667,87.66666666666667,142.29166666666666,10.995833333333332,17.5,24
2022-09-15,18.400000000000002,22.2,73.625,66.625,158.79166666666666,10.5375,0.7,24
2022-09-16,14.741666666666667,18.1,66.375,69.20833333333333,127.79166666666667,9.966666666666667,0.7,24
2022-09-17,11.725,16.3,63.958333333333336,14.541666666666666,173.91666666666666,12.941666666666665,0.0,24
2022-09-18,12.4625,19.2,66.70833333333333,24.791666666666668,170.25,12.391666666666666,0.0,24
2022-09-19,12.841666666666667,18.2,67.375,29.0,164.83333333333334,9.379166666666666,0.0,24
2022-09-20,12.291666666666666,17.2,70.75,46.125,147.91666666666666,6.55,0.0,24
2022-09-21,12.816666666666668,18.8,72.16666666666667,18.125,181.16666666666666,8.799999999999999,0.0,24
2022-09-22,12.891666666666666,19.9,67.375,43.875,192.0,6.191666666666666,0.0,24
2022-09-23,14.387500000000001,19.9,66.58333333333333,100.0,100.25,4.704166666666667,0.1,24
2022-09-24,14.241666666666667,18.1,82.79166666666667,99.20833333333333,100.5,6.658333333333334,3.3000000000000003,24
2022-09-25,13.804166666666667,18.1,73.70833333333333,63.208333333333336,154.125,12.433333333333332,0.1,24
2022-09-26,12.4625,15.1,75.95833333333333,97.75,59.5,17.766666666666666,6.7,24
2022-09-27,11.5375,13.0,82.0,74.45833333333333,67.54166666666667,18.0125,3.6999999999999997,24
2022-09-28,11.916666666666666,14.7,79.75,92.125,122.16666666666667,10.825000000000001,1.8,24
2022-09-29,10.9,15.1,80.54166666666667,66.29166666666667,120.66666666666667,6.133333333333333,0.8,24
2022-09-30,11.5875,18.2,73.875,41.75,156.25,10.141666666666667,0.5,24
2022-10-01,16.179166666666667,20.1,74.125,65.41666666666667,137.5,22.55,6.7,24
2022-10-02,15.35,19.4,86.29166666666667,73.95833333333333,65.16666666666667,14.424999999999999,6.3,24
2022-10-03,11.8375,15.8,87.08333333333333,78.83333333333333,115.16666666666667,6.204166666666667,0.0,24
2022-10-04,12.408333333333333,20.1,84.83333333333333,67.91666666666667,149.375,7.241666666666667,0.0,24
2022-10-05,15.979166666666666,21.7,78.29166666666667,37.041666666666664,145.29166666666666,16.2375,0.1,24
2022-10-06,13.854166666666666,17.9,73.33333333333333,34.625,151.5,7.541666666666667,0.0,24
2022-10-07,12.016666666666666,18.6,75.875,10.708333333333334,151.75,5.795833333333333,0.0,24
2022-10-08,12.479166666666666,17.4,76.45833333333333,18.083333333333332,145.33333333333334,9.291666666666666,0.0,24
2022-10-09,10.770833333333334,18.6,79.41666666666667,2.7083333333333335,157.25,9.279166666666667,0.0,24
2022-10-10,13.825000000000001,18.7,84.375,91.125,97.20833333333333,9.7125,25.1,24
2022-10-11,12.387500000000001,17.0,74.125,63.833333333333336,144.0,11.291666666666666,0.0,24
2022-10-12,11.566666666666668,19.0,82.41666666666667,56.041666666666664,123.70833333333333,5.141666666666667,0.0,24
2022-10-13,13.674999999999999,15.1,86.04166666666667,96.58333333333333,33.708333333333336,10.891666666666666,6.5,24
2022-10-14,15.058333333333332,16.5,93.25,100.0,24.875,10.758333333333333,5.6,24
2022-10-15,16.216666666666665,18.9,82.45833333333333,99.54166666666667,76.5,15.733333333333334,2.4,24
2022-10-16,16.425,19.6,85.5,93.70833333333333,74.66666666666667,8.9125,0.4,24
2022-10-17,17.145833333333332,19.1,89.08333333333333,97.875,20.416666666666668,10.608333333333333,15.5,24
2022-10-18,16.904166666666665,19.8,90.58333333333333,94.875,86.66666666666667,7.133333333333333,1.3,24
2022-10-19,17.266666666666666,21.9,85.79166666666667,78.04166666666667,116.95833333333333,13.708333333333334,0.0,24
2022-10-20,17.420833333333334,21.5,83.16666666666667,68.0,101.875,13.766666666666667,5.2,24
2022-10-21,16.708333333333332,20.4,81.875,81.29166666666667,102.29166666666667,16.0125,4.7,24
2022-10-22,16.125,20.5,79.58333333333333,65.125,107.79166666666667,11.683333333333332,0.0,24
2022-10-23,17.570833333333333,21.2,74.125,94.66666666666667,78.83333333333333,17.333333333333332,0.8,24
2022-10-24,16.4375,18.7,70.79166666666667,44.125,94.08333333333333,23.070833333333336,0.5,24
2022-10-25,14.958333333333334,18.6,83.875,69.375,85.75,12.341666666666667,0.1,24
2022-10-26,17.129166666666666,21.7,80.16666666666667,74.54166666666667,104.25,13.666666666666666,4.0,24
2022-10-27,16.983333333333334,21.6,80.33333333333333,91.95833333333333,75.58333333333333,11.920833333333334,0.7999999999999999,24
2022-10-28,18.508333333333333,23.0,74.04166666666667,95.04166666666667,93.5,11.883333333333333,0.0,24
2022-10-29,18.429166666666667,24.0,75.5,98.33333333333333,91.58333333333333,10.354166666666666,0.2,24
2022-10-30,14.416666666666666,18.4,84.75,99.33333333333333,65.70833333333333,8.049999999999999,0.2,24
2022-10-31,14.904166666666667,20.6,86.0,82.875,93.04166666666667,12.304166666666667,5.6,24
2022-11-01,14.295833333333334,16.8,72.66666666666667,42.458333333333336,87.625,23.3875,1.0,24
2022-11-02,12.4625,15.4,77.125,47.625,91.75,15.629166666666668,0.0,24
2022-11-03,12.041666666666666,15.2,82.625,88.625,27.75,18.433333333333334,3.3,24
2022-11-04,9.691666666666666,12.1,83.5,69.16666666666667,63.291666666666664,15.545833333333334,3.4,24
2022-11-05,8.4625,11.8,85.04166666666667,81.125,33.208333333333336,10.895833333333334,0.1,24
2022-11-06,10.424999999999999,12.1,83.125,83.875,15.125,18.720833333333335,8.4,24
2022-11-07,13.116666666666667,16.2,82.33333333333333,79.91666666666667,62.125,21.416666666666668,0.1,24
2022-11-08,13.3375,16.4,76.75,96.625,38.666666666666664,20.5375,2.4,24
2022-11-09,12.466666666666667,14.9,83.33333333333333,65.45833333333333,72.125,15.75,0.7,24
2022-11-10,9.391666666666667,13.2,89.20833333333333,46.666666666666664,73.625,10.020833333333334,0.0,24
2022-11-11,8.375,12.1,92.375,73.58333333333333,70.5,8.9125,0.0,24
2022-11-12,9.683333333333334,15.7,94.5,45.625,82.75,8.0375,0.0,24
2022-11-13,8.895833333333334,13.5,95.5,66.125,78.33333333333333,7.2749999999999995,0.0,24
2022-11-14,9.558333333333334,14.8,92.79166666666667,88.54166666666667,47.083333333333336,8.770833333333334,0.1,24
2022-11-15,10.879166666666668,13.2,89.66666666666667,97.125,14.416666666666666,17.195833333333333,6.9,24
2022-11-16,10.783333333333333,12.9,86.66666666666667,77.08333333333333,47.625,21.53333333333333,6.4,24
2022-11-17,11.733333333333334,13.6,75.83333333333333,66.66666666666667,63.083333333333336,24.670833333333334,1.3,24
2022-11-18,8.612499999999999,11.1,85.70833333333333,41.958333333333336,52.291666666666664,15.012500000000001,0.2,24
2022-11-19,6.766666666666667,10.7,87.70833333333333,16.333333333333332,69.58333333333333,10.470833333333333,0.4,24
2022-11-20,6.658333333333334,10.1,85.66666666666667,69.25,14.875,15.5875,2.5,24
2022-11-21,7.2,9.1,91.04166666666667,87.04166666666667,17.875,17.220833333333335,4.9,24
2022-11-22,7.541666666666667,10.7,79.5,54.125,48.333333333333336,22.670833333333334,2.9000000000000004,24
2022-11-23,7.870833333333334,11.7,84.58333333333333,33.708333333333336,29.541666666666668,17.633333333333333,3.8000000000000003,24
2022-11-24,9.9,12.9,80.5,54.833333333333336,63.583333333333336,19.533333333333335,0.1,24
2022-11-25,8.979166666666666,12.0,87.79166666666667,39.166666666666664,57.208333333333336,13.125,6.1,24
2022-11-26,5.929166666666667,9.2,94.16666666666667,89.75,36.833333333333336,12.025,0.0,24
2022-11-27,7.579166666666667,9.4,86.54166666666667,100.0,10.958333333333334,14.945833333333333,8.3,24
2022-11-28,8.395833333333334,11.1,91.0,88.45833333333333,44.25,10.0875,4.7,24
2022-11-29,5.9624999999999995,7.7,95.41666666666667,84.91666666666667,32.958333333333336,5.05,0.7,24
2022-11-30,6.3125,7.6,90.45833333333333,98.45833333333333,24.166666666666668,8.987499999999999,0.0,24
2022-12-01,5.2,6.3,87.54166666666667,88.375,29.666666666666668,13.6625,0.0,24
2022-12-02,4.55,5.6,84.625,98.20833333333333,13.458333333333334,13.720833333333333,1.7000000000000002,24
2022-12-03,3.3708333333333336,4.6,84.20833333333333,100.0,25.75,17.358333333333334,0.1,24
2022-12-04,2.629166666666667,4.5,83.625,98.875,15.5,12.233333333333334,0.7999999999999999,24
2022-12-05,2.283333333333333,3.1,89.08333333333333,99.95833333333333,14.625,6.383333333333333,2.5,24
2022-12-06,3.0875,5.7,91.54166666666667,78.08333333333333,17.416666666666668,4.7375,0.0,24
2022-12-07,1.5750000000000002,6.0,95.16666666666667,95.41666666666667,27.791666666666668,5.229166666666667,0.0,24
2022-12-08,2.2041666666666666,4.2,92.5,92.91666666666667,30.625,3.4791666666666665,0.1,24
2022-12-09,1.3458333333333332,2.2,91.625,91.875,40.083333333333336,8.216666666666667,0.0,24
2022-12-10,0.9958333333333332,3.0,89.91666666666667,81.0,26.291666666666668,7.195833333333333,0.0,24
2022-12-11,-2.1166666666666667,0.7,88.79166666666667,27.0,50.541666666666664,8.541666666666666,0.0,24
2022-12-12,-2.3333333333333335,0.3,86.04166666666667,59.333333333333336,48.833333333333336,8.845833333333333,0.7000000000000001,24
2022-12-13,-1.9124999999999999,1.6,68.70833333333333,97.29166666666667,48.375,9.870833333333334,0.0,24
2022-12-14,-1.0041666666666667,0.5,79.58333333333333,99.83333333333333,19.458333333333332,7.55,4.1,24
2022-12-15,-1.925,1.4,76.45833333333333,69.79166666666667,49.833333333333336,10.862499999999999,0.0,24
2022-12-16,-1.8291666666666666,3.1,88.58333333333333,4.166666666666667,59.791666666666664,9.129166666666666,0.0,24
2022-12-17,-2.7291666666666665,0.5,90.66666666666667,64.91666666666667,31.375,7.158333333333334,0.0,24
2022-12-18,-1.4749999999999999,4.0,83.75,91.79166666666667,18.041666666666668,12.416666666666666,4.5,24
2022-12-19,7.579166666666667,11.1,84.04166666666667,99.70833333333333,16.166666666666668,20.212500000000002,5.5,24
2022-12-20,11.174999999999999,11.7,84.29166666666667,99.5,8.083333333333334,18.679166666666667,24.4,24
2022-12-21,10.016666666666667,11.5,93.66666666666667,92.5,17.625,16.041666666666668,14.5,24
2022-12-22,12.258333333333333,13.4,86.58333333333333,95.75,19.5,25.03333333333333,12.0,24
2022-12-23,12.870833333333332,14.4,88.58333333333333,98.33333333333333,18.375,20.295833333333334,6.8,24
2022-12-24,10.695833333333333,12.2,89.70833333333333,99.58333333333333,20.916666666666668,13.379166666666668,1.3,24
2022-12-25,11.154166666666667,13.2,91.625,93.16666666666667,20.166666666666668,14.387500000000001,5.5,24
2022-12-26,9.491666666666667,12.3,87.41666666666667,70.75,34.625,16.333333333333332,1.8,24
2022-12-27,5.595833333333334,8.6,89.5,65.66666666666667,54.291666666666664,12.479166666666666,0.0,24
2022-12-28,9.987499999999999,11.5,84.91666666666667,99.58333333333333,24.875,24.958333333333332,2.6,24
2022-12-29,9.9375,11.7,82.25,68.25,48.5,22.7625,1.1,24
2022-12-30,9.691666666666666,14.4,90.08333333333333,84.08333333333333,12.166666666666666,24.4875,8.4,24
2022-12-31,15.233333333333334,16.0,70.95833333333333,95.66666666666667,37.125,29.066666666666666,0.0,24
2023-01-01,13.366666666666667,15.2,71.625,99.70833333333333,6.166666666666667,19.179166666666667,3.8,24
2023-01-02,10.533333333333333,15.1,86.70833333333333,64.29166666666667,36.666666666666664,14.304166666666667,7.2,24
2023-01-03,7.504166666666666,9.9,90.66666666666667,52.916666666666664,44.416666666666664,15.487499999999999,1.2,24
2023-01-04,11.654166666666667,13.1,88.45833333333333,100.0,9.291666666666666,25.691666666666666,3.1,24
2023-01-05,12.533333333333333,13.7,85.75,100.0,22.166666666666668,16.645833333333332,0.6000000000000001,24
2023-01-06,11.137500000000001,13.0,84.20833333333333,90.5,22.833333333333332,16.775000000000002,0.0,24
2023-01-07,9.008333333333333,11.0,83.91666666666667,90.45833333333333,31.75,20.120833333333334,2.5,24
2023-01-08,9.237499999999999,10.6,86.04166666666667,78.58333333333333,48.166666666666664,20.970833333333335,6.6,24
2023-01-09,6.945833333333333,8.5,77.16666666666667,59.666666666666664,40.875,24.041666666666668,0.1,24
2023-01-10,6.8500000000000005,11.6,86.875,92.25,10.666666666666666,19.45,2.8,24
2023-01-11,10.729166666666666,12.3,82.20833333333333,82.70833333333333,55.083333333333336,22.15833333333333,7.8999999999999995,24
2023-01-12,10.904166666666667,11.9,76.875,99.41666666666667,20.958333333333332,28.108333333333334,0.7,24
2023-01-13,9.275,11.1,79.70833333333333,67.20833333333333,55.333333333333336,22.579166666666666,1.9000000000000001,24
2023-01-14,10.429166666666667,12.6,87.16666666666667,100.0,10.958333333333334,25.191666666666666,8.5,24
2023-01-15,7.045833333333333,9.6,76.625,82.54166666666667,59.833333333333336,25.129166666666666,3.1,24
2023-01-16,5.0874999999999995,6.4,85.25,75.125,23.708333333333332,27.116666666666664,8.4,24
2023-01-17,1.5,3.4,92.29166666666667,95.625,31.291666666666668,9.045833333333333,3.8000000000000003,24
2023-01-18,0.9583333333333334,5.0,83.125,61.0,69.625,11.0875,0.2,24
2023-01-19,0.4166666666666667,3.4,90.83333333333333,57.208333333333336,51.666666666666664,6.875,4.5,24
2023-01-20,1.2,5.9,87.375,28.833333333333332,63.875,11.366666666666667,0.2,24
2023-01-21,1.0125,3.8,83.45833333333333,42.625,66.33333333333333,16.354166666666668,0.1,24
2023-01-22,0.37916666666666665,3.1,78.75,99.66666666666667,28.375,15.6625,0.0,24
2023-01-23,1.5875000000000001,3.6,80.29166666666667,85.375,33.416666666666664,15.279166666666667,0.0,24
2023-01-24,1.1125,3.5,85.91666666666667,66.58333333333333,30.916666666666668,13.520833333333334,0.0,24
2023-01-25,1.3583333333333334,2.4,83.95833333333333,100.0,32.375,9.775,0.0,24
2023-01-26,2.025,4.6,88.20833333333333,90.375,10.875,8.279166666666667,0.4,24
2023-01-27,3.9250000000000003,4.7,85.58333333333333,99.08333333333333,27.041666666666668,16.7375,0.5,24
2023-01-28,2.2666666666666666,3.7,78.45833333333333,79.375,40.416666666666664,14.354166666666666,0.0,24
2023-01-29,1.4000000000000001,4.7,80.66666666666667,81.25,56.916666666666664,6.908333333333334,0.0,24
2023-01-30,5.2125,9.0,85.08333333333333,86.45833333333333,22.416666666666668,14.441666666666668,0.0,24
2023-01-31,3.4916666666666667,8.3,88.125,59.5,36.25,11.491666666666667,0.0,24
2023-02-01,7.570833333333333,9.7,75.70833333333333,95.375,49.041666666666664,17.645833333333332,0.0,24
2023-02-02,7.258333333333333,10.5,79.83333333333333,84.41666666666667,38.125,15.445833333333333,0.0,24
2023-02-03,8.320833333333333,10.2,79.58333333333333,97.79166666666667,34.5,15.387500000000001,0.0,24
2023-02-04,8.829166666666667,10.8,86.375,93.29166666666667,50.5,10.362499999999999,0.0,24
2023-02-05,6.658333333333334,9.4,78.79166666666667,70.04166666666667,54.875,14.345833333333333,0.1,24
2023-02-06,3.1,6.9,82.95833333333333,4.916666666666667,101.04166666666667,12.174999999999999,0.0,24
2023-02-07,1.6333333333333335,6.2,80.83333333333333,7.375,105.66666666666667,11.191666666666668,0.0,24
2023-02-08,-0.5291666666666667,6.0,77.08333333333333,12.875,107.33333333333333,9.041666666666666,0.0,24
2023-02-09,-0.0708333333333334,6.6,76.625,42.208333333333336,104.875,5.045833333333333,0.0,24
2023-02-10,4.645833333333333,9.5,85.20833333333333,89.29166666666667,48.5,7.008333333333333,0.0,24
2023-02-11,4.429166666666666,8.5,92.875,89.41666666666667,50.875,4.083333333333333,0.0,24
2023-02-12,7.129166666666666,9.1,86.83333333333333,95.29166666666667,45.333333333333336,8.725,0.0,24
2023-02-13,3.9291666666666667,11.6,90.08333333333333,17.291666666666668,114.41666666666667,8.483333333333333,0.0,24
2023-02-14,3.5500000000000003,11.6,90.875,47.5,91.08333333333333,6.079166666666667,0.0,24
2023-02-15,4.5249999999999995,12.8,85.375,58.0,93.83333333333333,8.0,0.0,24
2023-02-16,7.020833333333333,11.4,84.08333333333333,79.0,38.25,11.879166666666668,1.4,24
2023-02-17,12.075000000000001,14.9,86.04166666666667,99.125,42.75,16.3125,0.2,24
2023-02-18,10.841666666666667,12.5,76.45833333333333,99.45833333333333,46.333333333333336,16.345833333333335,0.0,24
2023-02-19,9.645833333333334,11.9,79.66666666666667,98.79166666666667,49.666666666666664,14.583333333333334,0.1,24
2023-02-20,5.408333333333334,11.4,90.75,48.833333333333336,103.91666666666667,8.083333333333334,0.0,24
2023-02-21,5.858333333333333,13.5,89.58333333333333,89.04166666666667,104.91666666666667,5.366666666666667,0.0,24
2023-02-22,8.154166666666667,10.4,91.83333333333333,99.41666666666667,39.875,9.208333333333334,2.3,24
2023-02-23,7.4375,10.1,87.91666666666667,92.5,64.83333333333333,9.125,0.1,24
2023-02-24,6.6499999999999995,10.4,81.79166666666667,62.75,90.0,12.320833333333333,0.0,24
2023-02-25,5.208333333333333,7.9,74.75,55.666666666666664,101.91666666666667,14.35,0.1,24
2023-02-26,2.0708333333333333,5.1,58.041666666666664,9.333333333333334,140.625,22.083333333333332,0.0,24
2023-02-27,1.9875,6.5,56.375,0.25,152.33333333333334,21.895833333333332,0.0,24
2023-02-28,1.4041666666666668,5.2,63.125,36.041666666666664,123.45833333333333,14.641666666666666,0.0,24
2023-03-01,1.6416666666666666,7.3,65.375,25.75,143.33333333333334,14.0,0.0,24
2023-03-02,2.529166666666667,9.3,74.54166666666667,13.25,152.45833333333334,9.487499999999999,0.0,24
2023-03-03,3.2583333333333333,9.0,79.91666666666667,11.375,156.25,11.216666666666667,0.0,24
2023-03-04,2.775,6.8,80.0,55.0,91.20833333333333,9.654166666666667,0.0,24
2023-03-05,4.920833333333333,7.2,80.45833333333333,92.83333333333333,63.0,5.483333333333333,0.30000000000000004,24
2023-03-06,4.654166666666667,7.4,76.33333333333333,99.0,80.33333333333333,12.362499999999999,1.4000000000000001,24
2023-03-07,5.95,8.8,69.58333333333333,99.79166666666667,61.125,16.670833333333334,0.2,24
2023-03-08,9.879166666666666,14.4,85.16666666666667,99.91666666666667,76.0,23.662499999999998,20.7,24
2023-03-09,11.299999999999999,14.8,80.875,91.04166666666667,110.79166666666667,24.95,7.6,24
2023-03-10,7.945833333333333,11.0,78.04166666666667,90.0,46.333333333333336,27.662499999999998,2.2,24
2023-03-11,4.6000000000000005,7.3,80.91666666666667,98.625,59.041666666666664,9.025,4.7,24
2023-03-12,10.591666666666667,14.2,80.20833333333333,95.54166666666667,92.75,17.679166666666667,4.699999999999999,24
2023-03-13,13.204166666666666,15.8,80.83333333333333,87.58333333333333,89.41666666666667,26.729166666666668,2.2,24
2023-03-14,8.445833333333333,10.3,76.125,64.91666666666667,142.79166666666666,23.97083333333333,5.5,24
2023-03-15,6.170833333333333,10.8,74.20833333333333,83.58333333333333,110.33333333333333,8.762500000000001,0.2,24
2023-03-16,9.708333333333334,15.6,64.83333333333333,100.0,149.25,14.129166666666668,0.0,24
2023-03-17,11.141666666666666,15.9,77.625,99.70833333333333,86.75,12.299999999999999,7.1,24
2023-03-18,11.275,15.1,83.75,63.666666666666664,141.45833333333334,15.795833333333334,6.0,24
2023-03-19,8.941666666666666,11.3,83.5,56.416666666666664,97.20833333333333,11.8375,2.8,24
2023-03-20,7.7250000000000005,13.3,78.125,88.83333333333333,77.95833333333333,8.4,0.0,24
2023-03-21,11.045833333333334,14.7,79.79166666666667,76.0,127.83333333333333,12.841666666666667,3.4000000000000004,24
2023-03-22,10.695833333333333,13.8,83.58333333333333,95.625,59.833333333333336,19.933333333333334,10.799999999999999,24
2023-03-23,13.133333333333333,15.9,74.75,100.0,101.95833333333333,25.275000000000002,1.7,24
2023-03-24,12.458333333333334,14.8,73.70833333333333,55.166666666666664,181.125,25.787499999999998,3.5,24
2023-03-25,10.541666666666666,13.8,68.91666666666667,72.95833333333333,151.875,25.212500000000002,0.5,24
2023-03-26,9.424999999999999,11.2,76.0,89.66666666666667,129.91666666666666,21.958333333333332,4.5,24
2023-03-27,6.766666666666667,9.7,64.45833333333333,51.333333333333336,161.54166666666666,13.245833333333332,0.0,24
2023-03-28,6.9375,11.0,65.70833333333333,99.79166666666667,95.08333333333333,13.333333333333334,0.9,24
2023-03-29,13.804166666666667,19.6,67.16666666666667,99.45833333333333,169.83333333333334,13.929166666666667,0.7000000000000001,24
2023-03-30,13.933333333333332,16.0,72.16666666666667,72.45833333333333,177.79166666666666,22.175,5.4,24
2023-03-31,11.879166666666668,14.8,74.25,92.125,150.66666666666666,30.833333333333332,7.6,24
2023-04-01,10.4375,13.1,78.29166666666667,89.5,145.33333333333334,24.95,2.9,24
2023-04-02,8.429166666666667,9.5,81.0,100.0,61.0,19.295833333333334,0.5,24
2023-04-03,7.508333333333333,11.9,66.375,53.291666666666664,221.45833333333334,14.612499999999999,0.0,24
2023-04-04,5.454166666666667,10.8,63.708333333333336,16.833333333333332,244.29166666666666,10.654166666666667,0.0,24
2023-04-05,6.591666666666666,13.8,70.29166666666667,21.166666666666668,246.25,5.0625,0.0,24
2023-04-06,9.816666666666666,14.7,73.66666666666667,73.375,128.25,11.887500000000001,1.4000000000000001,24
2023-04-07,8.933333333333334,14.0,76.54166666666667,16.791666666666668,216.04166666666666,9.945833333333333,0.5,24
2023-04-08,8.170833333333333,14.2,78.0,22.625,211.79166666666666,8.908333333333333,0.0,24
2023-04-09,9.879166666666666,17.2,74.25,71.375,214.875,7.870833333333334,0.0,24
2023-04-10,11.429166666666667,16.5,77.66666666666667,100.0,84.875,15.025,5.2,24
2023-04-11,10.241666666666667,13.0,77.41666666666667,99.5,122.29166666666667,18.25,5.9,24
2023-04-12,10.370833333333334,12.8,72.875,66.20833333333333,211.25,23.979166666666668,9.700000000000001,24
2023-04-13,7.891666666666667,11.8,74.625,78.0,195.91666666666666,17.595833333333335,4.2,24
2023-04-14,6.591666666666666,9.1,89.41666666666667,98.75,67.25,13.429166666666667,6.7,24
2023-04-15,8.979166666666666,12.8,85.25,78.83333333333333,100.45833333333333,15.408333333333333,9.200000000000001,24
2023-04-16,8.6,14.8,72.29166666666667,74.08333333333333,226.95833333333334,11.779166666666667,0.0,24
2023-04-17,8.166666666666666,12.4,80.58333333333333,70.16666666666667,143.875,12.970833333333333,0.1,24
2023-04-18,10.645833333333334,15.3,74.75,26.458333333333332,230.625,15.520833333333334,1.2,24
2023-04-19,12.3375,18.0,73.54166666666667,33.708333333333336,251.41666666666666,14.158333333333333,0.0,24
2023-04-20,9.208333333333334,12.1,59.791666666666664,62.208333333333336,216.625,15.629166666666668,0.0,24
2023-04-21,7.458333333333333,12.8,75.75,42.166666666666664,237.375,4.5625,0.0,24
2023-04-22,10.658333333333333,17.2,77.58333333333333,82.95833333333333,118.29166666666667,10.9,8.0,24
2023-04-23,11.141666666666666,14.2,81.5,71.33333333333333,133.20833333333334,19.39166666666667,6.1000000000000005,24
2023-04-24,10.116666666666667,14.4,76.375,59.708333333333336,193.0,15.929166666666667,3.5000000000000004,24
2023-04-25,8.4375,11.4,78.0,78.79166666666667,153.375,10.370833333333334,0.8,24
2023-04-26,8.200000000000001,12.0,74.875,99.95833333333333,79.5,7.145833333333333,0.4,24
2023-04-27,12.733333333333334,18.4,76.70833333333333,88.375,180.25,8.841666666666667,1.7,24
2023-04-28,16.279166666666665,20.8,81.25,99.75,190.83333333333334,14.083333333333334,7.7,24
2023-04-29,12.112499999999999,15.7,81.70833333333333,86.91666666666667,156.04166666666666,9.012500000000001,0.4,24
2023-04-30,12.625,17.1,72.125,99.04166666666667,193.25,8.016666666666667,0.0,24
2023-05-01,12.229166666666666,15.7,80.33333333333333,49.25,205.79166666666666,12.379166666666668,2.1,24
2023-05-02,12.279166666666667,17.2,79.54166666666667,25.208333333333332,241.54166666666666,8.674999999999999,0.4,24
2023-05-03,13.012500000000001,19.5,71.375,31.208333333333332,300.875,13.183333333333332,0.0,24
2023-05-04,16.345833333333335,22.4,69.58333333333333,49.625,239.29166666666666,13.483333333333334,0.3,24
2023-05-05,14.887500000000001,18.6,80.54166666666667,70.0,200.125,10.608333333333333,5.800000000000001,24
2023-05-06,15.237499999999999,19.5,84.20833333333333,97.79166666666667,149.79166666666666,6.6499999999999995,6.9,24
2023-05-07,15.166666666666666,18.2,89.66666666666667,86.45833333333333,141.75,7.1625000000000005,14.3,24
2023-05-08,14.262500000000001,18.6,83.625,88.79166666666667,152.70833333333334,7.529166666666666,0.1,24
2023-05-09,14.049999999999999,17.0,88.0,95.20833333333333,75.45833333333333,12.058333333333332,16.9,24
2023-05-10,12.283333333333333,17.2,82.54166666666667,74.375,171.04166666666666,14.520833333333334,3.4,24
2023-05-11,12.016666666666666,16.5,82.58333333333333,59.5,232.04166666666666,7.7,5.0,24
2023-05-12,11.641666666666666,14.7,84.54166666666667,81.04166666666667,171.29166666666666,11.65,1.5,24
2023-05-13,14.608333333333334,20.4,81.375,34.875,287.375,12.258333333333333,4.5,24
2023-05-14,13.516666666666666,18.9,79.5,52.666666666666664,284.375,11.195833333333333,0.1,24
2023-05-15,11.366666666666667,16.0,87.83333333333333,92.16666666666667,134.58333333333334,12.870833333333332,4.2,24
2023-05-16,10.670833333333334,15.1,71.25,31.791666666666668,257.4583333333333,16.479166666666668,0.0,24
2023-05-17,11.404166666666667,16.1,73.0,21.25,254.33333333333334,13.6875,0.1,24
2023-05-18,11.862499999999999,17.1,66.79166666666667,68.08333333333333,269.5,13.5625,0.0,24
2023-05-19,13.404166666666667,19.2,64.66666666666667,23.708333333333332,290.7916666666667,13.270833333333334,0.0,24
2023-05-20,15.758333333333333,20.0,63.833333333333336,80.91666666666667,236.25,16.554166666666667,0.0,24
2023-05-21,16.670833333333334,21.0,71.20833333333333,77.625,271.5416666666667,15.095833333333333,0.0,24
2023-05-22,16.083333333333332,21.4,74.70833333333333,75.70833333333333,241.375,12.508333333333333,0.0,24
2023-05-23,14.799999999999999,19.1,72.83333333333333,76.04166666666667,227.54166666666666,17.795833333333334,0.0,24
2023-05-24,13.15,18.9,63.5,67.54166666666667,302.1666666666667,15.541666666666666,0.0,24
2023-05-25,15.204166666666666,20.1,66.45833333333333,19.083333333333332,329.0833333333333,16.675,0.0,24
2023-05-26,15.720833333333333,21.4,68.91666666666667,2.1666666666666665,329.625,14.866666666666667,0.0,24
2023-05-27,17.412499999999998,23.6,63.041666666666664,29.916666666666668,312.2083333333333,12.470833333333333,0.0,24
2023-05-28,19.033333333333335,25.4,60.416666666666664,13.791666666666666,328.25,14.191666666666668,0.0,24
2023-05-29,18.091666666666665,23.3,62.958333333333336,13.166666666666666,331.0833333333333,20.425,0.0,24
2023-05-30,16.620833333333334,21.7,54.0,49.875,327.75,19.379166666666666,0.0,24
2023-05-31,18.912499999999998,25.7,59.125,26.833333333333332,329.4583333333333,18.316666666666666,0.0,24
2023-06-01,20.070833333333333,26.0,59.583333333333336,7.791666666666667,331.5416666666667,16.6125,0.0,24
2023-06-02,15.208333333333334,20.1,63.708333333333336,0.7916666666666666,339.2083333333333,17.008333333333333,0.0,24
2023-06-03,17.675,24.1,57.666666666666664,0.0,338.4583333333333,13.908333333333333,0.0,24
2023-06-04,19.625,25.3,45.416666666666664,0.0,341.75,15.65,0.0,24
2023-06-05,19.783333333333335,25.5,50.416666666666664,9.666666666666666,334.0833333333333,14.954166666666666,0.0,24
2023-06-06,19.208333333333332,25.6,58.083333333333336,30.833333333333332,302.375,13.808333333333332,0.1,24
2023-06-07,21.104166666666668,27.4,55.875,16.25,310.2916666666667,14.487499999999999,0.1,24
2023-06-08,21.191666666666666,27.1,58.125,5.125,318.5416666666667,11.5625,0.0,24
2023-06-09,23.3,29.9,53.0,59.25,292.4583333333333,12.433333333333332,0.0,24
2023-06-10,22.954166666666666,28.0,65.29166666666667,46.75,265.0,8.200000000000001,1.0,24
2023-06-11,21.283333333333335,25.0,81.625,91.0,197.66666666666666,6.304166666666667,24.2,24
2023-06-12,21.020833333333332,26.0,76.83333333333333,74.58333333333333,277.5416666666667,9.141666666666667,0.9,24
2023-06-13,22.308333333333334,27.9,61.416666666666664,13.375,331.25,10.637500000000001,0.0,24
2023-06-14,21.96666666666667,28.4,51.416666666666664,7.583333333333333,342.1666666666667,8.1625,0.0,24
2023-06-15,21.829166666666666,27.8,52.458333333333336,46.583333333333336,316.9166666666667,7.866666666666667,0.0,24
2023-06-16,22.2375,29.3,50.083333333333336,12.875,334.6666666666667,6.7625,0.0,24
2023-06-17,23.641666666666666,30.5,51.833333333333336,88.79166666666667,249.375,8.658333333333333,0.1,24
2023-06-18,23.325,29.8,70.83333333333333,95.91666666666667,219.29166666666666,11.200000000000001,5.6,24
2023-06-19,20.195833333333333,24.4,79.0,94.375,189.29166666666666,7.004166666666666,1.0,24
2023-06-20,21.541666666666668,27.1,79.83333333333333,90.75,219.83333333333334,13.820833333333333,1.4,24
2023-06-21,21.537499999999998,27.0,75.125,67.20833333333333,281.0416666666667,5.8500000000000005,2.6,24
2023-06-22,19.825,23.7,78.33333333333333,87.16666666666667,149.20833333333334,14.6875,17.5,24
2023-06-23,20.295833333333334,26.6,71.70833333333333,34.625,320.2916666666667,7.054166666666667,0.1,24
2023-06-24,21.820833333333336,27.8,65.16666666666667,2.5,334.75,6.7124999999999995,0.0,24
2023-06-25,24.325,31.5,60.583333333333336,0.6666666666666666,337.6666666666667,9.929166666666667,0.0,24
2023-06-26,19.741666666666667,23.2,58.791666666666664,62.833333333333336,276.2916666666667,15.670833333333333,0.0,24
2023-06-27,19.25,24.6,58.458333333333336,78.0,259.9166666666667,9.554166666666667,0.0,24
2023-06-28,20.5125,25.2,63.666666666666664,84.375,195.75,5.720833333333334,0.9,24
2023-06-29,21.395833333333332,25.1,71.0,85.41666666666667,238.04166666666666,9.924999999999999,1.6,24
2023-06-30,19.720833333333335,24.4,59.458333333333336,70.0,264.4583333333333,14.424999999999999,0.30000000000000004,24
2023-07-01,19.608333333333334,22.6,69.08333333333333,91.375,152.875,19.879166666666666,2.8000000000000003,24
2023-07-02,18.945833333333333,23.3,57.416666666666664,51.875,255.33333333333334,16.420833333333334,0.0,24
2023-07-03,19.379166666666666,24.7,55.875,51.166666666666664,242.66666666666666,14.549999999999999,0.30000000000000004,24
2023-07-04,17.825,22.3,71.45833333333333,59.375,190.20833333333334,11.845833333333333,6.3,24
2023-07-05,16.995833333333334,21.3,66.41666666666667,31.0,253.0,20.341666666666665,0.7000000000000001,24
2023-07-06,18.912499999999998,25.5,61.125,43.625,260.3333333333333,5.979166666666667,0.1,24
2023-07-07,22.587500000000002,30.0,54.416666666666664,32.541666666666664,289.4166666666667,11.045833333333334,0.0,24
2023-07-08,26.133333333333336,32.6,53.333333333333336,29.125,301.5416666666667,9.883333333333335,0.5,24
2023-07-09,23.358333333333334,27.4,70.16666666666667,60.708333333333336,222.16666666666666,9.145833333333334,4.4,24
2023-07-10,23.020833333333332,28.9,59.791666666666664,11.75,330.625,8.783333333333333,0.0,24
2023-07-11,24.5,31.5,53.666666666666664,28.125,301.6666666666667,11.641666666666667,0.2,24
2023-07-12,20.974999999999998,24.8,59.166666666666664,74.04166666666667,269.75,14.566666666666665,4.4,24
2023-07-13,20.154166666666665,24.0,55.208333333333336,56.833333333333336,209.58333333333334,12.137500000000001,0.30000000000000004,24
2023-07-14,22.78333333333333,30.5,52.25,51.708333333333336,296.625,15.108333333333334,0.0,24
2023-07-15,22.8875,25.2,55.75,50.541666666666664,174.41666666666666,21.191666666666666,6.3999999999999995,24
2023-07-16,20.349999999999998,25.0,51.208333333333336,39.333333333333336,254.66666666666666,21.708333333333332,0.0,24
2023-07-17,19.666666666666668,24.5,56.583333333333336,50.625,252.54166666666666,11.845833333333333,0.0,24
2023-07-18,21.508333333333336,28.2,53.916666666666664,34.333333333333336,300.75,6.7625,0.0,24
2023-07-19,20.6375,24.1,55.375,51.541666666666664,226.58333333333334,16.070833333333333,0.0,24
2023-07-20,19.912499999999998,25.7,60.875,75.45833333333333,219.875,7.595833333333334,0.1,24
2023-07-21,19.320833333333333,24.2,57.333333333333336,67.66666666666667,242.16666666666666,12.304166666666667,2.4,24
2023-07-22,19.625,25.5,51.416666666666664,70.91666666666667,222.54166666666666,14.225,0.0,24
2023-07-23,19.804166666666667,23.9,68.125,97.54166666666667,120.41666666666667,20.533333333333335,6.9,24
2023-07-24,19.3125,23.3,76.0,66.375,234.45833333333334,16.05,15.7,24
2023-07-25,16.974999999999998,19.9,73.70833333333333,77.33333333333333,190.58333333333334,11.3125,17.8,24
2023-07-26,17.545833333333334,23.1,66.41666666666667,60.666666666666664,252.70833333333334,10.145833333333334,0.1,24
2023-07-27,19.283333333333335,22.7,79.29166666666667,99.08333333333333,110.79166666666667,17.504166666666666,10.0,24
2023-07-28,20.029166666666665,24.0,86.29166666666667,95.04166666666667,134.79166666666666,11.083333333333334,9.1,24
2023-07-29,19.720833333333335,23.5,81.58333333333333,78.875,182.83333333333334,11.854166666666666,4.2,24
2023-07-30,18.745833333333334,22.5,68.375,76.04166666666667,195.375,16.125,0.4,24
2023-07-31,19.175,22.3,75.0,99.0,115.54166666666667,21.208333333333332,11.6,24
2023-08-01,18.679166666666667,21.6,75.83333333333333,73.08333333333333,213.58333333333334,22.333333333333332,1.8,24
2023-08-02,19.554166666666667,23.1,75.66666666666667,85.41666666666667,188.45833333333334,30.795833333333334,24.6,24
2023-08-03,17.166666666666668,19.3,79.70833333333333,90.54166666666667,126.08333333333333,20.345833333333335,9.1,24
2023-08-04,17.220833333333335,20.9,80.20833333333333,67.95833333333333,230.58333333333334,11.308333333333332,2.7,24
2023-08-05,15.862499999999999,19.3,80.45833333333333,90.25,133.33333333333334,18.129166666666666,4.8,24
2023-08-06,16.029166666666665,19.1,69.04166666666667,56.875,226.375,23.27916666666667,1.8,24
2023-08-07,16.558333333333334,21.1,73.58333333333333,45.166666666666664,251.66666666666666,10.920833333333334,0.5,24
2023-08-08,18.316666666666666,22.7,70.29166666666667,97.20833333333333,172.5,9.995833333333334,0.5,24
2023-08-09,19.404166666666665,23.0,74.375,81.08333333333333,148.45833333333334,9.262500000000001,0.2,24
2023-08-10,19.974999999999998,25.7,75.08333333333333,30.958333333333332,233.5,7.433333333333334,0.0,24
2023-08-11,21.304166666666667,26.9,79.29166666666667,53.25,209.91666666666666,8.620833333333334,3.6,24
2023-08-12,21.3125,25.3,77.91666666666667,83.29166666666667,203.70833333333334,10.645833333333334,9.0,24
2023-08-13,19.420833333333334,23.2,70.79166666666667,83.45833333333333,202.91666666666666,9.7125,0.0,24
2023-08-14,20.425,27.0,74.0,66.125,209.66666666666666,10.245833333333334,0.0,24
2023-08-15,20.2625,24.1,77.375,63.541666666666664,218.54166666666666,8.383333333333333,0.8,24
2023-08-16,20.679166666666667,25.9,71.29166666666667,73.875,236.91666666666666,9.233333333333333,0.1,24
2023-08-17,22.0,27.5,76.04166666666667,46.458333333333336,259.2916666666667,9.387500000000001,0.7,24
2023-08-18,23.675,30.8,81.04166666666667,83.41666666666667,193.54166666666666,8.241666666666667,0.5,24
2023-08-19,23.766666666666666,27.1,74.04166666666667,54.291666666666664,162.33333333333334,10.433333333333334,6.9,24
2023-08-20,22.8875,29.3,74.58333333333333,23.25,242.54166666666666,6.979166666666667,0.30000000000000004,24
2023-08-21,21.6875,27.3,67.04166666666667,15.458333333333334,260.9166666666667,7.204166666666667,0.0,24
2023-08-22,22.8625,29.5,65.95833333333333,6.875,249.75,5.954166666666667,0.0,24
2023-08-23,24.125,30.6,65.125,39.416666666666664,244.25,7.445833333333333,0.0,24
2023-08-24,22.670833333333334,26.2,83.375,62.25,89.08333333333333,10.958333333333334,14.0,24
2023-08-25,20.224999999999998,22.6,80.33333333333333,84.29166666666667,103.20833333333333,11.233333333333334,26.7,24
2023-08-26,17.491666666666667,21.4,68.41666666666667,53.0,187.83333333333334,12.066666666666668,0.5,24
2023-08-27,16.204166666666666,20.9,75.75,22.041666666666668,218.66666666666666,12.216666666666667,0.6000000000000001,24
2023-08-28,16.412499999999998,20.9,76.58333333333333,60.666666666666664,161.70833333333334,9.129166666666666,2.3,24
2023-08-29,15.85,20.7,77.95833333333333,27.958333333333332,197.95833333333334,8.208333333333334,1.0,24
2023-08-30,16.3125,20.0,69.20833333333333,63.208333333333336,171.54166666666666,12.450000000000001,1.3,24
2023-08-31,15.549999999999999,18.6,82.125,96.29166666666667,59.833333333333336,10.966666666666667,7.3,24
2023-09-01,19.016666666666666,23.0,84.54166666666667,97.125,149.375,12.708333333333334,3.1999999999999997,24
2023-09-02,21.0,27.0,79.25,39.875,213.41666666666666,8.674999999999999,0.8,24
2023-09-03,22.991666666666664,29.7,73.04166666666667,75.875,225.66666666666666,10.433333333333334,0.0,24
2023-09-04,22.633333333333336,29.0,69.41666666666667,80.25,234.70833333333334,11.954166666666666,0.0,24
2023-09-05,24.474999999999998,31.9,61.958333333333336,14.916666666666666,231.5,7.675,0.0,24
2023-09-06,24.133333333333336,32.0,69.875,15.833333333333334,229.125,6.795833333333333,0.0,24
2023-09-07,22.808333333333334,30.6,67.70833333333333,0.0,231.125,6.608333333333333,0.0,24
2023-09-08,25.5125,33.9,59.125,11.0,217.125,7.1125,0.0,24
2023-09-09,25.95,34.0,58.041666666666664,4.625,217.83333333333334,8.266666666666667,0.0,24
2023-09-10,26.270833333333332,33.7,51.416666666666664,27.458333333333332,216.70833333333334,9.354166666666666,0.0,24
2023-09-11,22.5,26.6,74.04166666666667,73.375,152.54166666666666,8.391666666666667,0.9,24
2023-09-12,18.716666666666665,20.4,93.25,96.25,62.375,5.620833333333334,27.4,24
2023-09-13,18.7375,21.6,83.91666666666667,43.958333333333336,164.16666666666666,5.441666666666666,0.8,24
2023-09-14,18.6125,23.4,79.20833333333333,44.041666666666664,179.95833333333334,4.1125,0.1,24
2023-09-15,19.241666666666667,26.1,72.33333333333333,9.916666666666666,196.5,7.7625,0.0,24
2023-09-16,19.270833333333332,24.5,78.95833333333333,88.375,153.70833333333334,6.554166666666667,0.0,24
2023-09-17,20.212500000000002,24.3,86.08333333333333,88.66666666666667,126.58333333333333,8.408333333333333,3.1999999999999997,24
2023-09-18,18.958333333333332,23.4,82.0,72.04166666666667,159.45833333333334,14.5875,9.2,24
2023-09-19,17.0125,21.2,72.54166666666667,96.16666666666667,122.04166666666667,15.633333333333333,0.8,24
2023-09-20,19.908333333333335,23.8,71.45833333333333,82.20833333333333,146.45833333333334,20.429166666666667,0.1,24
2023-09-21,17.220833333333335,20.6,81.16666666666667,87.25,44.958333333333336,17.629166666666666,19.0,24
2023-09-22,13.204166666666666,16.5,80.20833333333333,52.208333333333336,116.25,15.375,8.1,24
2023-09-23,13.450000000000001,17.3,78.41666666666667,24.583333333333332,160.58333333333334,9.933333333333334,0.30000000000000004,24
2023-09-24,13.458333333333334,19.9,75.75,8.625,188.375,10.016666666666667,0.0,24
2023-09-25,15.829166666666666,22.8,76.91666666666667,41.5,166.79166666666666,6.616666666666667,0.0,24
2023-09-26,17.491666666666667,23.7,77.25,75.08333333333333,130.45833333333334,7.0874999999999995,0.0,24
2023-09-27,18.620833333333334,25.0,78.33333333333333,93.375,127.75,8.895833333333334,0.0,24
2023-09-28,18.75,21.7,75.29166666666667,67.0,162.66666666666666,9.245833333333334,0.0,24
2023-09-29,18.729166666666668,21.5,72.5,59.666666666666664,116.75,16.370833333333334,0.1,24
2023-09-30,14.975,21.9,83.0,47.541666666666664,144.20833333333334,5.4624999999999995,0.0,24
2023-10-01,17.720833333333335,25.6,79.45833333333333,41.791666666666664,168.16666666666666,8.129166666666666,0.0,24
2023-10-02,19.208333333333332,27.0,76.125,70.79166666666667,161.83333333333334,9.608333333333333,0.0,24
2023-10-03,18.054166666666667,21.7,73.04166666666667,56.208333333333336,116.83333333333333,15.733333333333334,7.2,24
2023-10-04,13.541666666666666,18.8,78.5,60.833333333333336,132.125,7.045833333333333,0.0,24
2023-10-05,13.504166666666668,18.9,79.83333333333333,94.66666666666667,143.125,5.166666666666667,0.0,24
2023-10-06,14.15,21.4,76.08333333333333,68.83333333333333,160.04166666666666,6.6499999999999995,0.0,24
2023-10-07,15.762500000000001,24.0,76.83333333333333,0.041666666666666664,155.375,7.1125,0.0,24
2023-10-08,17.558333333333334,25.6,72.125,16.625,155.0,5.954166666666667,0.0,24
2023-10-09,16.675,24.4,68.54166666666667,33.916666666666664,142.91666666666666,5.670833333333333,0.0,24
2023-10-10,18.041666666666668,27.4,64.75,47.375,148.16666666666666,7.770833333333333,0.0,24
2023-10-11,17.854166666666668,24.8,63.25,49.458333333333336,142.95833333333334,11.866666666666667,0.0,24
2023-10-12,18.820833333333333,22.2,73.45833333333333,93.04166666666667,76.29166666666667,11.85,2.4,24
2023-10-13,20.658333333333335,25.2,69.33333333333333,75.83333333333333,99.25,19.520833333333332,0.0,24
2023-10-14,13.875,18.7,74.04166666666667,67.20833333333333,87.875,16.995833333333334,1.6,24
2023-10-15,10.091666666666667,13.5,70.75,54.666666666666664,138.66666666666666,9.0625,0.0,24
2023-10-16,8.220833333333333,13.2,70.08333333333333,83.0,120.375,14.104166666666666,0.0,24
2023-10-17,10.508333333333333,15.9,69.375,99.25,98.5,11.387500000000001,0.0,24
2023-10-18,15.183333333333332,19.0,84.91666666666667,93.04166666666667,32.5,19.091666666666665,7.8,24
2023-10-19,16.916666666666668,20.9,84.45833333333333,85.75,82.79166666666667,17.595833333333335,3.6,24
2023-10-20,14.929166666666667,17.6,89.58333333333333,90.79166666666667,73.29166666666667,9.025,6.5,24
2023-10-21,12.966666666666667,15.1,80.875,76.375,53.5,28.05,6.9,24
2023-10-22,12.858333333333334,16.5,80.83333333333333,56.583333333333336,106.70833333333333,15.916666666666666,3.0,24
2023-10-23,10.058333333333334,12.0,90.66666666666667,95.125,24.666666666666668,9.637500000000001,4.5,24
2023-10-24,12.508333333333333,16.0,83.125,73.41666666666667,98.125,11.066666666666668,1.9,24
2023-10-25,12.795833333333334,15.1,86.54166666666667,95.20833333333333,45.916666666666664,16.337500000000002,14.700000000000001,24
2023-10-26,13.0625,15.9,88.5,98.33333333333333,61.625,13.012500000000001,14.8,24
2023-10-27,12.141666666666666,15.3,86.33333333333333,74.54166666666667,74.5,17.233333333333334,5.4,24
2023-10-28,12.362499999999999,14.9,85.66666666666667,86.16666666666667,51.208333333333336,23.974999999999998,5.0,24
2023-10-29,13.558333333333332,16.2,78.54166666666667,71.625,63.291666666666664,24.349999999999998,3.8,24
2023-10-30,11.674999999999999,12.8,90.41666666666667,84.125,20.5,11.095833333333333,9.1,24
2023-10-31,11.204166666666666,14.9,84.91666666666667,69.25,64.58333333333333,14.579166666666666,0.5,24
2023-11-01,12.2875,13.8,83.04166666666667,94.04166666666667,42.333333333333336,21.058333333333334,2.2,24
2023-11-02,11.883333333333333,14.0,69.08333333333333,69.75,88.875,37.50416666666667,3.3000000000000003,24
2023-11-03,8.266666666666667,10.8,80.91666666666667,65.41666666666667,74.41666666666667,17.916666666666668,0.1,24
2023-11-04,10.320833333333333,14.2,83.45833333333333,82.04166666666667,56.458333333333336,25.708333333333332,10.3,24
2023-11-05,11.3125,13.6,76.16666666666667,67.625,68.375,26.75,3.5,24
2023-11-06,9.966666666666667,13.1,79.79166666666667,38.666666666666664,74.875,19.7625,1.0,24
2023-11-07,9.133333333333333,12.2,82.0,22.875,90.41666666666667,16.145833333333332,0.6000000000000001,24
2023-11-08,9.1625,12.2,86.16666666666667,78.83333333333333,34.666666666666664,20.291666666666668,10.9,24
2023-11-09,10.254166666666666,12.1,84.375,91.5,58.958333333333336,20.791666666666668,5.300000000000001,24
2023-11-10,8.508333333333333,11.5,80.95833333333333,54.208333333333336,57.75,23.52916666666667,0.6,24
2023-11-11,7.283333333333334,11.6,87.25,49.125,74.16666666666667,10.9625,0.2,24
2023-11-12,9.145833333333334,13.4,89.41666666666667,98.75,14.583333333333334,14.208333333333334,10.4,24
2023-11-13,14.254166666666668,17.1,88.04166666666667,87.125,23.083333333333332,22.666666666666668,9.5,24
2023-11-14,11.654166666666667,13.3,82.66666666666667,75.375,20.291666666666668,22.704166666666666,2.5,24
2023-11-15,10.291666666666666,12.7,84.75,52.583333333333336,51.958333333333336,16.779166666666665,0.2,24
2023-11-16,8.487499999999999,10.0,93.375,95.33333333333333,19.958333333333332,13.941666666666668,12.700000000000001,24
2023-11-17,7.9125000000000005,11.4,87.125,58.291666666666664,68.41666666666667,12.433333333333332,0.30000000000000004,24
2023-11-18,10.508333333333333,14.2,91.375,100.0,10.166666666666666,16.7375,14.6,24
2023-11-19,13.441666666666668,15.2,82.25,68.875,67.33333333333333,21.495833333333334,1.7000000000000002,24
2023-11-20,10.858333333333334,12.5,81.5,72.375,42.958333333333336,20.820833333333333,4.1000000000000005,24
2023-11-21,9.691666666666666,12.1,91.375,71.5,41.125,11.766666666666666,0.5,24
2023-11-22,7.137499999999999,9.2,84.0,87.58333333333333,69.45833333333333,10.133333333333333,0.0,24
2023-11-23,10.254166666666666,13.0,85.83333333333333,99.83333333333333,27.291666666666668,11.945833333333333,0.0,24
2023-11-24,9.229166666666666,11.4,76.70833333333333,79.08333333333333,28.125,17.729166666666668,0.5,24
2023-11-25,4.158333333333333,7.9,78.41666666666667,27.25,50.625,13.166666666666666,0.0,24
2023-11-26,2.9250000000000003,6.8,84.66666666666667,98.875,49.208333333333336,8.591666666666667,0.0,24
2023-11-27,6.395833333333333,9.1,86.58333333333333,98.75,9.25,18.420833333333334,5.9,24
2023-11-28,5.05,7.3,84.5,54.583333333333336,62.958333333333336,12.579166666666666,0.2,24
2023-11-29,3.5708333333333333,8.4,89.16666666666667,69.75,54.625,8.241666666666667,0.0,24
2023-11-30,2.7291666666666665,6.7,89.70833333333333,68.70833333333333,47.291666666666664,7.583333333333333,1.7000000000000002,24
2023-12-01,2.091666666666667,3.7,86.75,94.33333333333333,37.166666666666664,11.924999999999999,0.0,24
2023-12-02,-0.8999999999999999,3.0,80.54166666666667,46.75,64.29166666666667,9.016666666666667,0.0,24
2023-12-03,0.5416666666666666,4.1,73.08333333333333,88.83333333333333,33.375,15.4375,0.1,24
2023-12-04,5.6375,9.5,75.95833333333333,97.41666666666667,21.291666666666668,22.275000000000002,8.1,24
2023-12-05,6.966666666666666,8.1,89.08333333333333,94.33333333333333,15.458333333333334,20.754166666666666,10.0,24
2023-12-06,4.795833333333333,7.7,90.83333333333333,71.58333333333333,53.708333333333336,7.129166666666666,0.1,24
2023-12-07,4.091666666666667,6.1,89.375,99.79166666666667,23.5,14.304166666666667,4.6,24
2023-12-08,6.6875,10.2,94.54166666666667,76.04166666666667,24.75,8.995833333333334,6.3,24
2023-12-09,9.308333333333334,14.1,89.58333333333333,81.5,7.541666666666667,24.474999999999998,22.1,24
2023-12-10,10.141666666666667,13.4,82.375,78.75,33.541666666666664,24.745833333333334,1.5,24
2023-12-11,10.4625,12.9,87.20833333333333,94.125,47.625,15.8125,0.1,24
2023-12-12,10.429166666666667,12.7,91.0,77.375,28.5,15.045833333333334,2.6,24
2023-12-13,8.020833333333334,9.9,89.79166666666667,62.25,24.416666666666668,13.895833333333334,1.4000000000000001,24
2023-12-14,7.479166666666667,8.4,83.0,99.75,21.083333333333332,14.962499999999999,1.3,24
2023-12-15,7.2124999999999995,9.6,92.33333333333333,99.75,15.5,7.5625,1.0,24
2023-12-16,5.066666666666666,9.6,87.04166666666667,16.541666666666668,56.375,5.8125,0.0,24
2023-12-17,2.7624999999999997,7.0,95.625,46.25,41.416666666666664,7.5625,0.0,24
2023-12-18,1.7583333333333335,3.9,92.95833333333333,86.875,23.958333333333332,9.666666666666666,0.0,24
2023-12-19,6.7124999999999995,9.9,89.625,99.95833333333333,20.958333333333332,17.629166666666666,3.6,24
2023-12-20,7.658333333333334,9.5,86.33333333333333,74.125,33.5,16.849999999999998,0.2,24
2023-12-21,10.595833333333333,12.0,84.16666666666667,99.95833333333333,9.791666666666666,25.65416666666667,0.9,24
2023-12-22,10.104166666666666,10.9,78.79166666666667,98.25,20.583333333333332,25.2,1.1,24
2023-12-23,9.754166666666666,11.7,80.375,95.54166666666667,23.458333333333332,20.579166666666666,0.5,24
2023-12-24,10.225,11.6,80.5,94.54166666666667,22.791666666666668,22.400000000000002,0.1,24
2023-12-25,11.258333333333333,12.6,81.16666666666667,99.54166666666667,13.125,21.608333333333334,0.0,24
2023-12-26,10.695833333333333,11.7,82.29166666666667,100.0,15.875,15.825000000000001,0.0,24
2023-12-27,9.254166666666666,10.3,80.04166666666667,100.0,45.708333333333336,17.291666666666668,1.7,24
2023-12-28,10.25,12.2,85.79166666666667,75.33333333333333,44.0,20.9875,0.0,24
2023-12-29,9.887500000000001,11.7,84.54166666666667,91.33333333333333,26.75,22.129166666666666,1.7000000000000002,24
2023-12-30,9.341666666666667,11.8,88.58333333333333,95.75,23.666666666666668,18.241666666666667,0.2,24
2023-12-31,9.154166666666667,10.6,75.16666666666667,87.5,47.041666666666664,29.066666666666666,1.9,24
2024-01-01,7.7375,9.8,77.66666666666667,78.66666666666667,41.75,21.575,2.1,24
2024-01-02,11.020833333333334,12.0,88.45833333333333,85.33333333333333,8.083333333333334,33.579166666666666,13.6,24
2024-01-03,9.883333333333333,12.0,83.45833333333333,48.625,36.0,27.020833333333332,2.7,24
2024-01-04,8.908333333333333,10.6,82.375,63.291666666666664,37.791666666666664,21.695833333333336,1.7000000000000002,24
2024-01-05,6.941666666666666,10.1,83.70833333333333,20.541666666666668,55.5,15.654166666666667,0.0,24
2024-01-06,4.7250000000000005,7.6,87.33333333333333,75.125,38.708333333333336,12.737499999999999,1.6,24
2024-01-07,3.045833333333333,4.8,83.54166666666667,90.08333333333333,18.333333333333332,15.829166666666666,0.0,24
2024-01-08,-1.7625,0.7,69.79166666666667,81.41666666666667,23.375,18.241666666666667,0.30000000000000004,24
2024-01-09,-1.9583333333333333,-1.4,65.04166666666667,99.41666666666667,28.25,12.762500000000001,1.0,24
2024-01-10,-2.245833333333333,0.5,72.70833333333333,89.16666666666667,41.166666666666664,8.200000000000001,0.0,24
2024-01-11,-1.4083333333333332,1.8,71.20833333333333,8.791666666666666,66.54166666666667,11.629166666666668,0.0,24
2024-01-12,1.5041666666666667,3.3,83.54166666666667,92.16666666666667,29.666666666666668,11.608333333333334,0.0,24
2024-01-13,-0.7958333333333334,0.5,87.91666666666667,99.95833333333333,27.458333333333332,4.908333333333333,0.0,24
2024-01-14,-1.5208333333333333,0.2,84.58333333333333,98.54166666666667,38.0,6.016666666666667,0.0,24
2024-01-15,1.0708333333333333,4.6,77.45833333333333,73.83333333333333,54.166666666666664,11.754166666666668,0.30000000000000004,24
2024-01-16,-1.5666666666666667,3.1,81.125,69.875,70.66666666666667,5.1125,0.0,24
2024-01-17,0.8041666666666667,7.3,95.04166666666667,100.0,6.166666666666667,9.299999999999999,27.4,24
2024-01-18,-0.3958333333333333,2.8,87.125,65.08333333333333,65.875,13.637500000000001,6.2,24
2024-01-19,-2.1041666666666665,3.4,86.41666666666667,14.666666666666666,72.58333333333333,7.1375,0.0,24
2024-01-20,-3.033333333333333,1.3,86.29166666666667,33.833333333333336,73.54166666666667,8.845833333333333,0.0,24
2024-01-21,3.6750000000000003,8.4,76.125,98.125,41.458333333333336,20.404166666666665,0.1,24
2024-01-22,10.041666666666666,12.1,81.20833333333333,71.58333333333333,39.916666666666664,29.433333333333334,3.6,24
2024-01-23,8.825000000000001,13.0,85.83333333333333,89.45833333333333,18.0,19.554166666666667,0.5,24
2024-01-24,12.295833333333334,13.3,80.83333333333333,96.29166666666667,49.375,20.766666666666666,0.5,24
2024-01-25,10.737499999999999,13.0,90.29166666666667,100.0,30.208333333333332,9.633333333333333,1.5,24
2024-01-26,9.195833333333333,11.9,83.5,66.58333333333333,60.333333333333336,16.575,1.9,24
2024-01-27,2.25,7.4,86.95833333333333,67.41666666666667,66.54166666666667,6.0249999999999995,0.0,24
2024-01-28,3.1625,9.1,88.25,77.41666666666667,64.20833333333333,9.233333333333333,0.0,24
2024-01-29,7.625,12.7,87.125,96.625,68.54166666666667,10.616666666666667,0.0,24
2024-01-30,9.179166666666667,11.0,86.75,94.91666666666667,26.791666666666668,9.112499999999999,0.0,24
2024-01-31,6.6375,11.1,84.875,86.29166666666667,59.416666666666664,8.070833333333333,0.0,24
2024-02-01,9.225,11.4,89.66666666666667,99.875,18.791666666666668,11.391666666666666,1.3,24
2024-02-02,5.891666666666667,8.9,93.75,98.375,43.875,10.35,0.0,24
2024-02-03,9.483333333333333,11.0,85.83333333333333,100.0,26.25,13.233333333333334,0.0,24
2024-02-04,9.829166666666667,12.1,80.95833333333333,99.375,38.625,15.020833333333334,0.0,24
2024-02-05,8.237499999999999,9.6,81.33333333333333,94.70833333333333,38.041666666666664,14.620833333333332,0.0,24
2024-02-06,9.8375,12.5,79.0,87.04166666666667,57.958333333333336,22.6125,0.0,24
2024-02-07,11.237499999999999,12.4,88.41666666666667,100.0,21.333333333333332,24.175,12.1,24
2024-02-08,12.0375,13.8,88.125,100.0,26.75,21.55,6.3,24
2024-02-09,11.450000000000001,14.2,80.45833333333333,89.29166666666667,47.125,22.445833333333336,5.5,24
2024-02-10,7.995833333333334,9.9,92.70833333333333,94.33333333333333,21.583333333333332,8.920833333333333,8.0,24
2024-02-11,8.1875,10.7,84.5,75.41666666666667,52.625,18.662499999999998,1.1,24
2024-02-12,6.0375000000000005,10.5,87.75,67.95833333333333,74.0,8.637500000000001,0.5,24
2024-02-13,6.158333333333334,11.0,84.91666666666667,70.875,80.41666666666667,13.5625,1.2,24
2024-02-14,11.420833333333334,14.7,88.58333333333333,98.95833333333333,49.375,15.233333333333334,2.6,24
2024-02-15,12.316666666666668,17.1,81.29166666666667,96.875,94.33333333333333,11.920833333333334,4.9,24
2024-02-16,11.950000000000001,13.9,85.20833333333333,80.70833333333333,28.625,15.125,3.5999999999999996,24
2024-02-17,9.6625,13.8,74.75,86.66666666666667,86.29166666666667,6.9750000000000005,0.0,24
2024-02-18,8.9125,11.6,86.33333333333333,100.0,19.583333333333332,15.691666666666668,7.9,24
2024-02-19,10.466666666666667,11.7,86.75,99.75,41.083333333333336,15.1875,0.4,24
2024-02-20,8.329166666666667,10.9,87.04166666666667,99.79166666666667,56.75,11.191666666666668,0.0,24
2024-02-21,8.595833333333333,10.4,85.45833333333333,100.0,22.25,18.429166666666667,10.1,24
2024-02-22,11.2875,14.2,84.91666666666667,92.0,57.416666666666664,27.995833333333334,16.5,24
2024-02-23,6.0,9.2,74.70833333333333,60.791666666666664,87.75,22.066666666666666,1.5,24
2024-02-24,5.004166666666666,8.8,82.16666666666667,61.833333333333336,99.375,17.7375,4.0,24
2024-02-25,5.983333333333333,8.8,90.625,79.04166666666667,29.958333333333332,17.566666666666666,8.3,24
2024-02-26,6.766666666666667,9.0,92.58333333333333,86.70833333333333,30.083333333333332,16.916666666666668,7.9,24
2024-02-27,6.416666666666667,9.7,77.95833333333333,98.29166666666667,80.91666666666667,19.633333333333333,0.0,24
2024-02-28,5.929166666666667,10.8,83.45833333333333,72.16666666666667,93.45833333333333,9.0625,0.0,24
2024-02-29,9.325000000000001,10.3,90.0,100.0,23.041666666666668,17.654166666666665,1.4000000000000001,24
2024-03-01,7.308333333333334,11.1,85.04166666666667,81.04166666666667,74.16666666666667,22.0625,5.5,24
2024-03-02,6.529166666666666,8.7,88.875,83.20833333333333,32.333333333333336,15.995833333333332,11.0,24
2024-03-03,5.824999999999999,8.7,86.41666666666667,91.08333333333333,71.875,8.729166666666666,3.9,24
2024-03-04,5.120833333333334,11.2,78.625,49.916666666666664,156.45833333333334,9.020833333333334,0.5,24
2024-03-05,6.925,9.4,83.41666666666667,90.95833333333333,90.125,12.875,7.5,24
2024-03-06,6.208333333333333,9.5,86.875,73.66666666666667,95.25,5.645833333333333,2.5,24
2024-03-07,6.291666666666667,12.9,80.58333333333333,15.208333333333334,150.75,12.0625,0.0,24
2024-03-08,8.079166666666667,13.6,71.91666666666667,71.0,141.08333333333334,15.441666666666668,0.0,24
2024-03-09,9.191666666666666,13.9,74.875,85.0,98.29166666666667,16.837500000000002,4.1,24
2024-03-10,7.916666666666667,10.5,88.20833333333333,99.91666666666667,65.0,6.870833333333334,2.7,24
2024-03-11,7.270833333333333,12.1,85.79166666666667,67.45833333333333,116.54166666666667,12.345833333333333,2.0,24
2024-03-12,8.820833333333333,11.5,90.04166666666667,99.29166666666667,35.583333333333336,13.941666666666668,5.6000000000000005,24
2024-03-13,11.520833333333334,14.4,82.5,100.0,99.125,11.4375,0.0,24
2024-03-14,10.745833333333332,17.6,83.0,64.41666666666667,153.875,11.179166666666667,0.0,24
2024-03-15,13.012500000000001,16.1,81.58333333333333,89.16666666666667,126.83333333333333,20.075,9.5,24
2024-03-16,11.825000000000001,14.7,74.16666666666667,86.875,138.75,13.9,0.30000000000000004,24
2024-03-17,11.145833333333334,15.1,90.95833333333333,97.70833333333333,44.625,10.325000000000001,5.0,24
2024-03-18,12.695833333333333,16.3,82.25,79.66666666666667,135.58333333333334,8.179166666666667,6.7,24
2024-03-19,11.770833333333334,17.4,77.54166666666667,91.08333333333333,177.20833333333334,5.641666666666667,0.0,24
2024-03-20,12.075000000000001,19.1,80.5,99.70833333333333,164.04166666666666,5.929166666666667,0.0,24
2024-03-21,12.133333333333333,18.0,80.25,74.16666666666667,194.5,5.9125000000000005,0.0,24
2024-03-22,10.9625,17.2,84.0,77.79166666666667,161.5,10.304166666666667,0.2,24
2024-03-23,7.5625,10.7,77.91666666666667,53.0,163.29166666666666,20.570833333333333,6.1,24
2024-03-24,6.920833333333333,11.5,75.04166666666667,24.291666666666668,171.41666666666666,18.925,0.6000000000000001,24
2024-03-25,7.2375,12.9,73.25,88.16666666666667,174.16666666666666,13.295833333333334,0.0,24
2024-03-26,9.4,12.5,83.91666666666667,99.54166666666667,73.83333333333333,12.533333333333333,7.2,24
2024-03-27,8.025,12.6,77.58333333333333,88.58333333333333,120.58333333333333,18.745833333333334,1.2000000000000002,24
2024-03-28,9.004166666666666,12.0,69.125,73.625,172.20833333333334,28.0625,2.7,24
2024-03-29,10.450000000000001,13.6,77.95833333333333,99.95833333333333,100.29166666666667,15.245833333333332,5.9,24
2024-03-30,8.924999999999999,12.2,81.54166666666667,99.83333333333333,95.33333333333333,8.950000000000001,11.2,24
2024-03-31,9.670833333333333,14.1,82.875,85.66666666666667,145.875,12.795833333333334,4.3,24
2024-04-01,9.6625,13.6,78.20833333333333,69.95833333333333,147.125,15.033333333333333,4.4,24
2024-04-02,10.558333333333334,13.9,74.5,61.833333333333336,135.45833333333334,21.695833333333336,0.6000000000000001,24
2024-04-03,12.591666666666667,16.3,78.125,84.45833333333333,155.25,20.837500000000002,7.6000000000000005,24
2024-04-04,14.245833333333332,18.2,77.16666666666667,82.25,168.91666666666666,24.8625,12.5,24
2024-04-05,14.883333333333333,18.6,81.875,96.125,89.75,16.770833333333332,2.1,24
2024-04-06,16.95,24.0,67.95833333333333,91.125,210.04166666666666,15.625,0.0,24
2024-04-07,15.2875,17.1,77.625,99.29166666666667,102.41666666666667,12.079166666666666,9.600000000000001,24
2024-04-08,14.35,21.3,81.125,81.83333333333333,172.83333333333334,12.433333333333332,8.3,24
2024-04-09,9.9625,12.4,69.41666666666667,50.708333333333336,183.20833333333334,21.883333333333336,3.3,24
2024-04-10,9.833333333333334,15.6,70.41666666666667,50.0,205.29166666666666,9.275,0.0,24
2024-04-11,14.0375,17.6,77.91666666666667,94.875,114.20833333333333,7.108333333333333,0.4,24
2024-04-12,15.525,22.8,79.875,75.33333333333333,214.5,7.129166666666666,0.0,24
2024-04-13,16.991666666666667,24.4,77.70833333333333,96.79166666666667,249.08333333333334,10.466666666666667,0.0,24
2024-04-14,13.966666666666667,19.7,74.66666666666667,99.20833333333333,181.125,10.079166666666667,0.0,24
2024-04-15,9.929166666666667,13.8,74.66666666666667,68.375,132.375,21.84166666666667,3.0,24
2024-04-16,9.125,13.0,70.79166666666667,40.291666666666664,201.125,23.458333333333332,1.2,24
2024-04-17,7.2375,11.8,77.25,37.916666666666664,200.79166666666666,13.570833333333333,2.4,24
2024-04-18,7.2375,11.9,71.54166666666667,74.75,195.95833333333334,10.279166666666667,1.0,24
2024-04-19,9.362499999999999,12.2,75.79166666666667,89.0,66.41666666666667,18.983333333333334,1.3,24
2024-04-20,6.8,10.3,71.83333333333333,49.0,166.41666666666666,14.7875,0.2,24
2024-04-21,6.770833333333333,10.9,67.29166666666667,40.958333333333336,219.41666666666666,17.1375,0.8,24
2024-04-22,6.55,10.5,70.29166666666667,36.083333333333336,239.54166666666666,13.604166666666666,0.8,24
2024-04-23,6.195833333333333,11.3,67.0,48.166666666666664,240.54166666666666,11.579166666666666,0.0,24
2024-04-24,7.533333333333334,10.6,71.70833333333333,66.5,190.375,15.924999999999999,1.2000000000000002,24
2024-04-25,7.3625,12.2,70.79166666666667,46.291666666666664,188.625,7.3,0.1,24
2024-04-26,9.420833333333333,15.1,78.16666666666667,80.125,174.41666666666666,9.520833333333334,4.8999999999999995,24
2024-04-27,11.691666666666668,15.0,86.5,100.0,115.95833333333333,11.133333333333333,15.7,24
2024-04-28,12.133333333333333,15.4,72.41666666666667,51.333333333333336,227.41666666666666,19.587500000000002,4.3,24
2024-04-29,12.283333333333333,17.9,74.625,66.79166666666667,237.125,10.129166666666666,0.30000000000000004,24
2024-04-30,13.9,18.6,82.20833333333333,97.08333333333333,148.66666666666666,11.879166666666665,2.0,24
2024-05-01,15.491666666666667,19.9,83.66666666666667,99.625,196.95833333333334,9.045833333333333,3.2,24
2024-05-02,11.9,15.1,85.75,100.0,84.875,18.170833333333334,8.8,24
2024-05-03,11.779166666666667,15.6,74.83333333333333,62.666666666666664,239.08333333333334,15.020833333333334,2.8,24
2024-05-04,10.683333333333332,14.9,81.66666666666667,51.625,204.25,8.808333333333334,0.7000000000000001,24
2024-05-05,12.9375,17.6,84.79166666666667,99.625,127.45833333333333,8.816666666666666,2.9,24
2024-05-06,13.570833333333333,17.1,77.54166666666667,74.375,252.0,12.283333333333333,2.8,24
2024-05-07,13.308333333333332,18.6,81.125,44.833333333333336,256.3333333333333,10.258333333333333,1.2,24
2024-05-08,12.1,16.3,77.41666666666667,60.333333333333336,209.29166666666666,11.595833333333333,0.0,24
2024-05-09,13.387500000000001,19.4,77.33333333333333,53.458333333333336,245.75,8.4,0.0,24
2024-05-10,16.208333333333332,22.5,71.08333333333333,58.083333333333336,304.6666666666667,9.5625,0.0,24
2024-05-11,17.724999999999998,24.7,69.125,56.166666666666664,307.0833333333333,9.441666666666666,0.0,24
2024-05-12,17.845833333333335,24.3,76.95833333333333,70.04166666666667,216.625,7.908333333333334,12.7,24
2024-05-13,17.108333333333334,20.8,75.33333333333333,72.66666666666667,202.45833333333334,12.954166666666666,0.0,24
2024-05-14,14.708333333333334,16.5,87.91666666666667,100.0,72.04166666666667,11.424999999999999,15.9,24
2024-05-15,15.020833333333334,19.0,77.83333333333333,70.66666666666667,261.5,9.716666666666667,2.4,24
2024-05-16,14.754166666666668,18.3,75.33333333333333,73.04166666666667,281.4166666666667,9.233333333333333,3.9,24
2024-05-17,14.333333333333334,18.6,75.20833333333333,100.0,216.58333333333334,5.45,0.5,24
2024-05-18,15.25,20.0,79.125,85.95833333333333,257.9166666666667,6.345833333333334,2.9,24
2024-05-19,15.016666666666666,19.2,84.0,73.16666666666667,196.16666666666666,5.391666666666667,1.0,24
2024-05-20,15.404166666666667,21.4,81.95833333333333,51.125,250.83333333333334,9.166666666666666,3.3,24
2024-05-21,14.908333333333333,19.3,86.04166666666667,87.04166666666667,196.625,7.166666666666667,13.4,24
2024-05-22,14.875,18.7,78.54166666666667,52.208333333333336,233.125,13.741666666666667,1.5,24
2024-05-23,14.883333333333333,18.3,77.08333333333333,58.041666666666664,239.41666666666666,7.166666666666667,2.9000000000000004,24
2024-05-24,14.237499999999999,18.7,81.625,45.041666666666664,251.0,7.25,1.7999999999999998,24
2024-05-25,15.166666666666666,20.2,78.125,75.95833333333333,246.75,6.3,2.1,24
2024-05-26,16.658333333333335,20.5,76.91666666666667,78.25,234.04166666666666,13.233333333333334,3.3,24
2024-05-27,13.766666666666666,16.7,78.625,67.58333333333333,183.5,9.595833333333333,1.2000000000000002,24
2024-05-28,13.470833333333333,16.6,84.20833333333333,85.20833333333333,62.791666666666664,14.674999999999999,3.8,24
2024-05-29,15.204166666666666,17.5,87.58333333333333,93.25,96.95833333333333,16.670833333333334,22.5,24
2024-05-30,13.6625,16.3,82.58333333333333,83.41666666666667,177.70833333333334,15.875,4.2,24
2024-05-31,13.35,16.9,83.95833333333333,74.20833333333333,175.125,17.587500000000002,3.7,24
2024-06-01,13.575000000000001,14.9,83.25,98.625,91.58333333333333,18.654166666666665,2.9,24
2024-06-02,14.333333333333334,17.5,77.54166666666667,87.33333333333333,154.91666666666666,15.795833333333334,0.0,24
2024-06-03,14.275,19.8,78.04166666666667,54.208333333333336,253.0,7.729166666666667,0.1,24
2024-06-04,17.254166666666666,21.9,79.29166666666667,76.58333333333333,248.95833333333334,9.120833333333334,0.8,24
2024-06-05,15.875,18.4,76.125,63.5,190.375,11.595833333333333,0.5,24
2024-06-06,14.0875,19.3,71.875,31.041666666666668,274.8333333333333,8.112499999999999,0.0,24
2024-06-07,14.362499999999999,20.3,70.08333333333333,7.583333333333333,327.0833333333333,7.1875,0.0,24
2024-06-08,14.779166666666667,21.1,71.54166666666667,42.75,308.7083333333333,8.9125,0.0,24
2024-06-09,14.554166666666667,20.0,68.79166666666667,17.958333333333332,300.375,10.516666666666667,0.0,24
2024-06-10,12.783333333333333,16.2,75.54166666666667,44.208333333333336,158.83333333333334,15.1625,3.3000000000000003,24
2024-06-11,11.995833333333332,16.7,72.79166666666667,20.041666666666668,275.0833333333333,7.820833333333333,2.5,24
2024-06-12,11.916666666666666,16.8,79.66666666666667,31.541666666666668,267.5416666666667,5.841666666666666,4.4,24
2024-06-13,14.629166666666668,19.6,67.5,69.70833333333333,232.625,10.716666666666667,0.7,24
2024-06-14,16.804166666666667,21.2,70.70833333333333,78.125,240.91666666666666,18.554166666666667,8.4,24
2024-06-15,14.612499999999999,17.6,69.70833333333333,59.041666666666664,185.95833333333334,22.441666666666666,2.6,24
2024-06-16,15.483333333333334,19.6,78.41666666666667,77.625,154.45833333333334,17.870833333333334,5.1000000000000005,24
2024-06-17,17.4875,21.9,79.16666666666667,84.29166666666667,236.25,8.179166666666667,3.5,24
2024-06-18,17.604166666666668,22.3,90.08333333333333,98.45833333333333,142.04166666666666,7.4624999999999995,16.1,24
2024-06-19,17.658333333333335,21.4,78.45833333333333,93.33333333333333,176.16666666666666,15.549999999999999,1.3,24
2024-06-20,18.366666666666667,22.1,78.91666666666667,96.875,176.25,11.591666666666667,1.8,24
2024-06-21,17.7625,22.0,82.16666666666667,77.58333333333333,183.0,8.95,17.3,24
2024-06-22,16.404166666666665,19.5,77.375,78.95833333333333,193.41666666666666,14.987499999999999,5.3,24
2024-06-23,16.645833333333332,23.8,72.25,35.541666666666664,286.4583333333333,6.825,0.0,24
2024-06-24,19.895833333333332,26.1,73.41666666666667,18.166666666666668,276.9583333333333,8.258333333333333,0.0,24
2024-06-25,22.416666666666668,27.8,68.875,36.208333333333336,277.9166666666667,8.120833333333334,0.0,24
2024-06-26,23.7375,29.7,68.54166666666667,46.166666666666664,303.5833333333333,7.079166666666667,0.0,24
2024-06-27,22.933333333333334,28.6,70.91666666666667,52.25,270.5833333333333,9.941666666666666,0.2,24
2024-06-28,18.054166666666667,22.1,66.20833333333333,47.291666666666664,311.375,8.075000000000001,0.0,24
2024-06-29,17.279166666666665,22.5,73.375,82.83333333333333,162.58333333333334,12.841666666666667,24.6,24
2024-06-30,18.308333333333334,22.3,76.375,98.41666666666667,174.75,12.325000000000001,3.9,24
2024-07-01,17.583333333333332,19.9,73.33333333333333,79.25,237.58333333333334,12.799999999999999,2.0,24
2024-07-02,16.304166666666667,19.9,74.125,86.33333333333333,122.70833333333333,12.0375,1.2000000000000002,24
2024-07-03,15.729166666666666,20.5,73.29166666666667,93.875,141.875,12.408333333333333,0.2,24
2024-07-04,17.766666666666666,21.4,67.91666666666667,56.041666666666664,251.04166666666666,18.816666666666666,1.3,24
2024-07-05,18.333333333333332,23.9,63.791666666666664,89.45833333333333,255.625,12.154166666666667,0.0,24
2024-07-06,17.716666666666665,20.8,59.75,62.958333333333336,238.45833333333334,18.695833333333333,0.1,24
2024-07-07,15.695833333333333,20.8,61.0,56.125,227.70833333333334,12.733333333333334,0.1,24
2024-07-08,17.579166666666666,23.1,66.91666666666667,65.25,183.25,6.141666666666667,0.0,24
2024-07-09,20.287499999999998,27.2,72.95833333333333,75.79166666666667,214.91666666666666,7.004166666666666,1.7,24
2024-07-10,20.875,25.3,68.33333333333333,81.75,252.66666666666666,13.633333333333333,0.2,24
2024-07-11,19.474999999999998,23.9,67.95833333333333,60.416666666666664,228.0,7.416666666666667,0.0,24
2024-07-12,16.462500000000002,19.3,79.79166666666667,88.33333333333333,136.79166666666666,12.983333333333334,14.6,24
2024-07-13,16.325,20.5,78.33333333333333,62.291666666666664,218.375,4.741666666666666,3.4000000000000004,24
2024-07-14,17.770833333333332,22.6,71.83333333333333,46.958333333333336,184.125,5.608333333333333,0.0,24
2024-07-15,19.979166666666668,26.9,70.0,57.291666666666664,222.95833333333334,11.012500000000001,0.2,24
2024-07-16,19.025000000000002,22.5,67.125,42.916666666666664,251.20833333333334,20.016666666666666,0.4,24
2024-07-17,19.2375,24.2,68.70833333333333,52.833333333333336,247.29166666666666,4.708333333333333,0.0,24
2024-07-18,22.15833333333333,29.0,64.95833333333333,78.0,291.6666666666667,6.133333333333333,0.0,24
2024-07-19,24.770833333333332,31.8,59.958333333333336,70.54166666666667,274.4166666666667,5.216666666666667,0.1,24
2024-07-20,24.229166666666668,30.4,61.833333333333336,56.458333333333336,273.0,8.179166666666667,8.399999999999999,24
2024-07-21,21.354166666666668,25.1,76.75,90.04166666666667,206.25,12.791666666666666,4.8,24
2024-07-22,19.845833333333335,24.7,64.875,66.45833333333333,184.16666666666666,12.5625,0.0,24
2024-07-23,20.349999999999998,23.7,71.41666666666667,87.04166666666667,213.20833333333334,17.212500000000002,2.8,24
2024-07-24,19.7375,24.8,66.33333333333333,67.625,222.25,4.5874999999999995,0.0,24
2024-07-25,22.795833333333334,28.3,59.208333333333336,81.33333333333333,236.5,9.454166666666667,0.0,24
2024-07-26,20.866666666666667,23.9,80.95833333333333,98.41666666666667,131.66666666666666,6.516666666666667,7.5,24
2024-07-27,18.670833333333334,19.7,87.83333333333333,99.83333333333333,78.33333333333333,6.433333333333334,9.9,24
2024-07-28,18.295833333333334,24.5,73.20833333333333,32.375,306.625,8.7875,0.0,24
2024-07-29,21.933333333333334,29.3,67.41666666666667,23.166666666666668,285.4166666666667,9.762500000000001,0.0,24
2024-07-30,26.2375,33.8,69.16666666666667,38.375,280.3333333333333,5.079166666666667,0.0,24
2024-07-31,25.4875,31.3,76.70833333333333,61.375,223.79166666666666,8.095833333333333,4.3,24
2024-08-01,23.129166666666666,28.7,84.91666666666667,49.625,214.66666666666666,8.879166666666666,30.9,24
2024-08-02,22.179166666666664,27.2,75.125,32.0,252.16666666666666,10.583333333333334,1.1,24
2024-08-03,19.804166666666667,24.3,72.125,71.625,165.45833333333334,9.966666666666667,1.8,24
2024-08-04,19.9875,23.4,70.20833333333333,93.08333333333333,249.20833333333334,9.174999999999999,0.0,24
2024-08-05,20.579166666666666,27.6,68.45833333333333,8.75,295.875,6.508333333333333,0.0,24
2024-08-06,22.179166666666664,28.5,65.91666666666667,38.75,279.1666666666667,9.254166666666666,0.0,24
2024-08-07,20.254166666666666,23.6,63.875,78.91666666666667,224.83333333333334,10.716666666666667,1.0999999999999999,24
2024-08-08,21.433333333333334,27.1,61.416666666666664,72.33333333333333,203.95833333333334,7.1375,0.0,24
2024-08-09,21.816666666666666,25.3,69.41666666666667,65.0,148.875,12.866666666666667,0.2,24
2024-08-10,21.583333333333332,27.6,67.75,36.875,280.5416666666667,4.879166666666666,0.0,24
2024-08-11,24.77916666666667,31.9,54.166666666666664,55.625,273.0,11.200000000000001,0.0,24
2024-08-12,28.270833333333332,35.6,56.875,8.333333333333334,270.6666666666667,10.3125,0.0,24
2024-08-13,23.145833333333332,27.2,73.375,83.25,153.79166666666666,7.5874999999999995,1.3,24
2024-08-14,22.02916666666667,25.9,76.83333333333333,91.45833333333333,185.375,5.2749999999999995,18.5,24
2024-08-15,21.59166666666667,25.9,69.75,46.666666666666664,236.875,9.1625,0.7,24
2024-08-16,21.224999999999998,25.5,70.16666666666667,65.25,141.375,12.420833333333334,0.7,24
2024-08-17,20.204166666666666,21.6,85.95833333333333,99.75,53.25,7.637499999999999,26.9,24
2024-08-18,17.741666666666667,22.0,73.66666666666667,91.20833333333333,170.29166666666666,14.799999999999999,6.3999999999999995,24
2024-08-19,16.8625,22.2,73.20833333333333,41.0,264.3333333333333,5.658333333333334,0.0,24
2024-08-20,18.091666666666665,23.5,79.375,52.5,137.375,12.854166666666666,24.1,24
2024-08-21,16.329166666666666,21.1,70.45833333333333,77.79166666666667,193.0,10.633333333333333,0.0,24
2024-08-22,17.95,24.6,64.33333333333333,57.416666666666664,263.0,11.741666666666667,0.0,24
2024-08-23,20.212500000000002,24.3,74.20833333333333,77.16666666666667,84.875,16.491666666666667,0.6000000000000001,24
2024-08-24,21.425,29.1,73.125,27.333333333333332,226.66666666666666,18.108333333333334,4.2,24
2024-08-25,16.712500000000002,21.3,63.75,18.625,221.04166666666666,11.6625,0.0,24
2024-08-26,17.858333333333334,23.0,64.45833333333333,37.125,214.79166666666666,6.254166666666666,0.0,24
2024-08-27,18.954166666666666,26.1,66.83333333333333,45.208333333333336,253.5,7.7,0.0,24
2024-08-28,21.420833333333334,30.8,67.16666666666667,23.375,248.83333333333334,8.9625,0.0,24
2024-08-29,20.783333333333335,25.2,70.66666666666667,78.79166666666667,173.25,10.725,1.5,24
2024-08-30,17.545833333333334,22.1,85.16666666666667,96.95833333333333,85.5,12.549999999999999,13.700000000000001,24
2024-08-31,19.320833333333333,25.5,87.66666666666667,62.75,158.25,8.370833333333334,1.2000000000000002,24
2024-09-01,22.520833333333332,28.0,78.33333333333333,55.375,210.41666666666666,10.670833333333334,0.2,24
2024-09-02,20.633333333333333,24.4,78.04166666666667,51.416666666666664,185.83333333333334,9.591666666666667,0.1,24
2024-09-03,19.554166666666667,22.1,77.70833333333333,98.79166666666667,111.375,8.387500000000001,7.8,24
2024-09-04,18.429166666666667,21.8,75.375,85.5,176.91666666666666,7.2875000000000005,1.5,24
2024-09-05,16.05,17.2,84.625,99.95833333333333,57.458333333333336,12.762500000000001,24.1,24
2024-09-06,16.8,23.0,80.41666666666667,74.16666666666667,193.875,6.629166666666666,0.0,24
2024-09-07,18.545833333333334,23.5,84.70833333333333,90.25,130.875,7.5249999999999995,4.8,24
2024-09-08,16.354166666666668,20.4,79.91666666666667,69.04166666666667,142.91666666666666,16.458333333333332,4.7,24
2024-09-09,16.404166666666665,20.0,83.5,81.16666666666667,94.125,18.558333333333334,1.1,24
2024-09-10,14.858333333333334,17.6,73.5,91.0,111.58333333333333,18.116666666666667,0.0,24
2024-09-11,14.5,16.3,72.33333333333333,66.125,154.25,17.608333333333334,4.5,24
2024-09-12,11.129166666666668,15.3,74.125,21.166666666666668,193.375,11.516666666666666,1.5,24
2024-09-13,11.395833333333334,16.7,78.33333333333333,27.833333333333332,170.83333333333334,11.991666666666667,2.5,24
2024-09-14,11.487499999999999,16.5,76.20833333333333,44.833333333333336,170.45833333333334,7.816666666666666,0.0,24
2024-09-15,12.125,18.5,75.41666666666667,22.958333333333332,210.79166666666666,6.291666666666667,0.0,24
2024-09-16,14.416666666666666,19.1,80.45833333333333,71.45833333333333,118.54166666666667,10.591666666666667,0.2,24
2024-09-17,15.841666666666667,21.1,75.95833333333333,38.875,143.25,19.1875,0.0,24
2024-09-18,18.2,23.7,73.20833333333333,20.583333333333332,184.08333333333334,18.245833333333334,0.5,24
2024-09-19,19.4375,25.0,60.583333333333336,4.583333333333333,192.54166666666666,17.483333333333334,0.0,24
2024-09-20,16.204166666666666,20.8,79.54166666666667,37.666666666666664,124.83333333333333,10.641666666666667,17.8,24
2024-09-21,17.337500000000002,23.6,81.25,44.333333333333336,160.875,9.1375,1.8,24
2024-09-22,17.245833333333334,20.9,86.54166666666667,95.79166666666667,102.66666666666667,8.645833333333334,15.4,24
2024-09-23,15.424999999999999,19.2,86.41666666666667,66.875,123.20833333333333,12.958333333333334,7.0,24
2024-09-24,14.987499999999999,17.9,85.79166666666667,80.5,64.75,16.004166666666666,3.2,24
2024-09-25,14.516666666666666,17.0,89.95833333333333,92.29166666666667,44.791666666666664,13.645833333333334,16.0,24
2024-09-26,16.008333333333333,18.8,85.95833333333333,78.41666666666667,66.08333333333333,21.525000000000002,10.4,24
2024-09-27,13.049999999999999,16.1,75.625,64.79166666666667,117.25,22.433333333333334,2.0,24
2024-09-28,10.487499999999999,13.8,76.5,32.5,138.91666666666666,8.870833333333334,0.5,24
2024-09-29,9.65,15.0,77.125,94.25,95.0,11.995833333333332,0.0,24
2024-09-30,14.766666666666666,18.1,78.625,94.25,58.333333333333336,23.420833333333334,0.30000000000000004,24
2024-10-01,13.970833333333333,17.3,75.625,65.95833333333333,124.875,14.170833333333334,0.0,24
2024-10-02,13.266666666666666,16.4,81.375,66.125,73.75,15.387500000000001,1.7000000000000002,24
2024-10-03,11.583333333333334,14.4,78.08333333333333,65.20833333333333,103.45833333333333,14.829166666666666,0.2,24
2024-10-04,9.9125,15.4,79.33333333333333,19.166666666666668,139.04166666666666,8.245833333333334,0.0,24
2024-10-05,10.4625,16.5,78.66666666666667,24.333333333333332,163.33333333333334,10.9375,0.0,24
2024-10-06,12.808333333333332,16.8,85.54166666666667,93.75,36.791666666666664,14.512500000000001,4.4,24
2024-10-07,15.704166666666666,18.0,90.25,92.875,69.08333333333333,13.433333333333332,8.8,24
2024-10-08,15.683333333333332,19.2,80.66666666666667,76.04166666666667,129.33333333333334,19.7375,0.2,24
2024-10-09,14.362499999999999,16.8,91.5,97.20833333333333,11.791666666666666,17.220833333333335,54.5,24
2024-10-10,12.908333333333333,15.6,86.83333333333333,59.791666666666664,93.41666666666667,15.620833333333332,2.0,24
2024-10-11,9.370833333333334,13.7,82.0,44.25,132.33333333333334,6.670833333333333,0.0,24
2024-10-12,11.445833333333333,15.3,85.54166666666667,95.25,66.25,9.570833333333333,1.4000000000000001,24
2024-10-13,11.65,14.6,78.66666666666667,99.75,117.66666666666667,8.345833333333333,0.0,24
2024-10-14,14.383333333333333,21.4,80.66666666666667,73.79166666666667,102.25,9.908333333333333,0.2,24
2024-10-15,15.208333333333334,20.1,90.83333333333333,99.83333333333333,80.45833333333333,11.895833333333334,0.2,24
2024-10-16,19.079166666666666,24.7,79.66666666666667,60.25,125.75,14.012500000000001,6.8,24
2024-10-17,16.608333333333334,18.2,92.66666666666667,88.91666666666667,29.083333333333332,10.0375,13.1,24
2024-10-18,14.445833333333333,15.9,88.25,100.0,36.75,11.233333333333334,8.7,24
2024-10-19,13.545833333333334,16.6,86.79166666666667,85.58333333333333,44.125,14.15,1.8,24
2024-10-20,14.775,18.3,89.54166666666667,99.875,48.208333333333336,15.304166666666667,0.9,24
2024-10-21,16.5125,20.8,87.54166666666667,71.91666666666667,79.70833333333333,12.625,1.7000000000000002,24
2024-10-22,12.566666666666668,16.4,86.70833333333333,34.416666666666664,110.125,8.016666666666667,0.0,24
2024-10-23,10.4125,16.5,89.45833333333333,48.791666666666664,100.91666666666667,6.2250000000000005,0.0,24
2024-10-24,11.466666666666667,17.7,89.54166666666667,9.833333333333334,112.08333333333333,9.554166666666667,0.0,24
2024-10-25,14.700000000000001,19.5,89.5,63.75,86.95833333333333,10.487499999999999,2.3,24
2024-10-26,14.291666666666666,17.8,94.58333333333333,82.75,62.875,4.829166666666667,5.8999999999999995,24
2024-10-27,14.308333333333332,16.2,92.45833333333333,96.33333333333333,37.75,7.066666666666666,3.1,24
2024-10-28,13.262500000000001,17.5,91.0,57.0,67.83333333333333,6.020833333333333,0.0,24
2024-10-29,10.9,14.4,92.875,53.583333333333336,53.708333333333336,7.345833333333334,0.0,24
2024-10-30,12.533333333333333,15.1,88.58333333333333,97.58333333333333,53.166666666666664,6.441666666666666,0.0,24
2024-10-31,12.045833333333334,15.7,90.125,80.20833333333333,76.04166666666667,6.0,0.0,24
2024-11-01,10.845833333333333,11.8,91.75,100.0,39.291666666666664,3.9791666666666665,0.1,24
2024-11-02,10.908333333333333,12.6,85.66666666666667,95.79166666666667,34.0,10.1875,0.5,24
2024-11-03,10.2875,12.9,85.0,72.08333333333333,74.625,8.195833333333333,0.0,24
2024-11-04,9.2875,14.6,94.04166666666667,53.5,66.25,6.3875,0.0,24
2024-11-05,9.270833333333334,12.6,97.20833333333333,81.79166666666667,31.416666666666668,4.208333333333333,0.0,24
2024-11-06,10.529166666666667,12.1,90.625,92.95833333333333,40.708333333333336,7.170833333333333,0.0,24
2024-11-07,11.166666666666666,13.5,87.33333333333333,98.0,27.375,9.879166666666666,0.0,24
2024-11-08,9.454166666666667,11.3,85.875,100.0,29.75,7.941666666666666,0.0,24
2024-11-09,10.591666666666667,13.5,92.16666666666667,87.25,51.541666666666664,4.658333333333333,0.0,24
2024-11-10,10.216666666666667,11.9,91.33333333333333,90.29166666666667,21.375,6.933333333333334,0.6000000000000001,24
2024-11-11,8.758333333333333,13.4,87.0,78.33333333333333,37.583333333333336,9.4375,0.5,24
2024-11-12,8.691666666666666,10.5,82.70833333333333,67.41666666666667,50.833333333333336,17.395833333333332,1.2,24
2024-11-13,7.695833333333333,9.2,82.625,81.54166666666667,57.375,9.541666666666666,0.0,24
2024-11-14,8.1875,12.5,87.79166666666667,82.54166666666667,52.791666666666664,4.429166666666666,0.0,24
2024-11-15,8.804166666666667,10.5,84.875,77.91666666666667,61.333333333333336,4.675,0.0,24
2024-11-16,7.591666666666666,9.4,81.16666666666667,83.5,71.25,2.8625000000000003,0.0,24
2024-11-17,7.504166666666666,10.4,87.125,81.16666666666667,25.875,9.666666666666666,0.4,24
2024-11-18,8.762500000000001,10.7,90.91666666666667,90.0,14.208333333333334,16.054166666666667,4.7,24
2024-11-19,10.5,12.0,89.45833333333333,96.91666666666667,12.208333333333334,22.791666666666668,18.1,24
2024-11-20,4.254166666666666,6.7,80.91666666666667,59.0,65.29166666666667,11.924999999999999,0.9,24
2024-11-21,0.8250000000000001,1.6,91.79166666666667,94.41666666666667,10.0,11.870833333333332,9.5,24
2024-11-22,0.9125,3.5,85.75,63.166666666666664,73.41666666666667,13.795833333333334,1.7,24
2024-11-23,4.870833333333334,11.8,78.5,90.91666666666667,32.0,16.404166666666665,0.0,24
2024-11-24,15.070833333333333,17.9,58.458333333333336,91.45833333333333,40.25,23.866666666666664,0.0,24
2024-11-25,13.15,17.7,75.95833333333333,91.83333333333333,9.125,16.758333333333333,8.700000000000001,24
2024-11-26,8.6875,10.9,87.83333333333333,58.625,57.208333333333336,10.175,2.1,24
2024-11-27,10.4625,13.4,89.04166666666667,94.79166666666667,24.625,16.837500000000002,8.6,24
2024-11-28,6.504166666666666,8.8,85.16666666666667,54.208333333333336,65.0,5.620833333333334,0.0,24
2024-11-29,3.6999999999999997,8.0,85.75,28.791666666666668,69.25,8.608333333333333,0.0,24
2024-11-30,3.016666666666667,6.4,89.41666666666667,37.666666666666664,50.625,5.616666666666667,0.0,24
2024-12-01,5.6499999999999995,11.0,95.29166666666667,87.5,34.958333333333336,9.612499999999999,0.0,24
2024-12-02,10.270833333333334,12.1,88.875,58.5,51.458333333333336,13.174999999999999,0.1,24
2024-12-03,5.708333333333333,8.1,88.91666666666667,47.25,38.083333333333336,6.1000000000000005,0.7,24
2024-12-04,4.575,7.0,94.625,92.25,26.791666666666668,5.1875,0.0,24
2024-12-05,7.6875,12.5,89.83333333333333,100.0,10.583333333333334,16.6875,3.4000000000000004,24
2024-12-06,9.333333333333334,13.5,77.70833333333333,59.583333333333336,58.5,15.541666666666666,2.0,24
2024-12-07,8.958333333333334,11.8,82.0,79.41666666666667,47.0,22.229166666666668,9.2,24
2024-12-08,7.320833333333333,8.4,84.95833333333333,97.54166666666667,13.708333333333334,20.5125,5.3,24
2024-12-09,5.679166666666667,6.5,84.41666666666667,99.04166666666667,23.583333333333332,16.320833333333333,1.0,24
2024-12-10,5.404166666666666,6.1,83.5,100.0,12.333333333333334,13.804166666666667,0.1,24
2024-12-11,5.129166666666666,5.6,82.75,99.83333333333333,22.583333333333332,9.795833333333333,0.30000000000000004,24
2024-12-12,4.033333333333333,4.6,84.5,97.33333333333333,23.75,6.825,0.0,24
2024-12-13,2.1,3.3,87.0,85.04166666666667,27.958333333333332,5.441666666666666,0.0,24
2024-12-14,1.7166666666666668,4.9,94.25,96.04166666666667,25.416666666666668,4.95,0.0,24
2024-12-15,6.041666666666667,9.7,91.41666666666667,69.41666666666667,21.125,10.608333333333333,0.0,24
2024-12-16,9.441666666666666,10.5,89.79166666666667,98.70833333333333,27.416666666666668,10.075000000000001,0.0,24
2024-12-17,7.154166666666666,8.6,92.5,98.70833333333333,23.25,8.6875,0.0,24
2024-12-18,10.329166666666667,13.7,84.83333333333333,93.95833333333333,17.041666666666668,15.4375,1.5000000000000002,24
2024-12-19,9.049999999999999,13.7,82.375,70.08333333333333,38.375,19.2,7.8,24
2024-12-20,4.958333333333333,7.9,83.54166666666667,51.958333333333336,50.125,11.299999999999999,0.1,24
2024-12-21,8.520833333333334,10.9,89.625,96.33333333333333,17.375,16.162499999999998,2.3000000000000003,24
2024-12-22,6.795833333333333,11.3,81.625,80.91666666666667,28.25,20.462500000000002,19.7,24
2024-12-23,6.016666666666667,7.5,72.29166666666667,80.54166666666667,49.5,16.2375,1.0,24
2024-12-24,6.8125,9.4,93.29166666666667,100.0,13.875,5.866666666666667,1.0,24
2024-12-25,9.458333333333334,10.7,95.66666666666667,99.95833333333333,17.708333333333332,4.633333333333334,0.0,24
2024-12-26,7.104166666666667,8.4,92.75,58.083333333333336,40.583333333333336,5.820833333333333,0.0,24
2024-12-27,2.058333333333333,5.3,92.29166666666667,14.125,58.875,3.1041666666666665,0.0,24
2024-12-28,0.5833333333333334,1.6,96.91666666666667,91.625,17.583333333333332,4.3,0.0,24
2024-12-29,2.6916666666666664,4.7,92.04166666666667,99.79166666666667,17.208333333333332,4.916666666666667,0.0,24
2024-12-30,3.3833333333333333,4.1,90.58333333333333,100.0,18.583333333333332,6.066666666666666,0.1,24
2024-12-31,3.654166666666667,5.6,89.54166666666667,99.45833333333333,25.041666666666668,9.8375,0.0,24
2025-01-01,6.354166666666667,8.8,87.58333333333333,100.0,18.458333333333332,18.679166666666667,0.0,24
2025-01-02,4.425,9.7,93.70833333333333,88.79166666666667,9.625,10.454166666666667,22.7,24
2025-01-03,0.4041666666666666,4.1,89.08333333333333,2.0,62.083333333333336,5.4750000000000005,0.0,24
2025-01-04,-0.6208333333333333,2.3,86.25,89.875,51.041666666666664,8.362499999999999,4.3,24
2025-01-05,9.333333333333334,12.2,88.41666666666667,99.79166666666667,12.833333333333334,20.724999999999998,14.5,24
2025-01-06,9.820833333333333,12.8,75.91666666666667,67.875,32.333333333333336,23.337500000000002,3.8000000000000003,24
2025-01-07,5.0,6.8,76.54166666666667,66.625,51.958333333333336,16.720833333333335,2.2,24
2025-01-08,5.875,11.9,93.33333333333333,100.0,5.25,11.529166666666667,16.4,24
2025-01-09,6.325,10.9,85.625,85.83333333333333,30.458333333333332,15.020833333333334,6.0,24
2025-01-10,3.35,5.4,86.29166666666667,83.54166666666667,34.791666666666664,6.258333333333333,0.2,24
2025-01-11,0.9874999999999999,2.1,91.79166666666667,89.45833333333333,36.0,6.066666666666666,0.0,24
2025-01-12,1.6125,4.1,92.04166666666667,66.91666666666667,38.208333333333336,5.854166666666667,0.0,24
2025-01-13,0.6208333333333332,4.1,82.41666666666667,8.333333333333334,71.95833333333333,6.704166666666667,0.0,24
2025-01-14,-1.4083333333333332,2.6,84.83333333333333,30.333333333333332,69.95833333333333,2.1375,0.0,24
2025-01-15,2.2708333333333335,5.6,95.58333333333333,85.66666666666667,22.208333333333332,5.425,0.2,24
2025-01-16,3.6041666666666665,5.3,92.125,79.66666666666667,38.833333333333336,7.633333333333333,0.0,24
2025-01-17,0.9083333333333333,3.2,93.29166666666667,70.25,44.75,4.216666666666667,0.0,24
2025-01-18,0.6375000000000001,2.2,89.875,84.79166666666667,23.0,6.345833333333334,0.0,24
2025-01-19,-0.36250000000000004,0.9,95.45833333333333,87.41666666666667,27.25,3.470833333333333,0.0,24
2025-01-20,-0.3958333333333333,0.5,91.41666666666667,85.625,36.625,4.041666666666667,0.0,24
2025-01-21,0.1958333333333333,4.3,93.04166666666667,70.04166666666667,56.166666666666664,4.3625,0.0,24
2025-01-22,4.7250000000000005,9.0,96.08333333333333,99.95833333333333,21.291666666666668,9.666666666666666,15.1,24
2025-01-23,6.216666666666666,8.9,86.75,94.25,45.0,15.470833333333333,4.0,24
2025-01-24,9.458333333333334,12.2,80.04166666666667,100.0,9.375,21.920833333333334,5.7,24
2025-01-25,9.829166666666667,12.2,88.16666666666667,99.45833333333333,23.208333333333332,11.766666666666666,11.0,24
2025-01-26,4.979166666666667,9.8,86.75,90.79166666666667,25.416666666666668,17.854166666666668,3.8,24
2025-01-27,9.808333333333334,12.4,78.54166666666667,61.833333333333336,67.0,23.495833333333334,3.0,24
2025-01-28,7.9750000000000005,11.0,81.33333333333333,68.79166666666667,38.458333333333336,21.145833333333332,5.6,24
2025-01-29,7.341666666666666,8.3,87.875,85.79166666666667,24.416666666666668,15.883333333333333,10.8,24
2025-01-30,6.195833333333333,8.0,88.5,67.375,42.25,11.683333333333332,2.9,24
2025-01-31,2.3249999999999997,4.9,92.20833333333333,76.16666666666667,22.916666666666668,8.054166666666667,4.5,24
2025-02-01,2.404166666666667,6.5,84.70833333333333,17.875,96.33333333333333,5.8625,0.0,24
2025-02-02,1.2375,6.3,88.0,0.0,96.33333333333333,4.1875,0.0,24
2025-02-03,1.1875,5.5,96.16666666666667,73.625,50.541666666666664,3.0083333333333333,0.0,24
2025-02-04,1.4208333333333334,4.2,93.16666666666667,72.66666666666667,54.833333333333336,7.641666666666667,0.0,24
2025-02-05,4.425,7.7,92.0,91.70833333333333,47.875,3.783333333333333,0.0,24
2025-02-06,3.545833333333333,5.1,87.375,99.08333333333333,35.625,9.870833333333334,0.2,24
2025-02-07,4.066666666666666,6.1,78.54166666666667,100.0,38.875,12.829166666666666,0.8,24
2025-02-08,5.791666666666667,6.9,81.20833333333333,95.375,56.916666666666664,12.716666666666667,2.1,24
2025-02-09,4.8625,7.1,88.25,91.875,54.583333333333336,8.441666666666666,4.8,24
2025-02-10,4.25,6.4,93.75,97.875,25.208333333333332,8.6875,12.2,24
2025-02-11,4.170833333333333,6.3,85.5,98.58333333333333,50.291666666666664,6.2124999999999995,0.0,24
2025-02-12,3.3125,5.4,87.0,99.95833333333333,28.166666666666668,4.7749999999999995,0.1,24
2025-02-13,4.516666666666667,6.6,80.16666666666667,89.91666666666667,75.83333333333333,5.308333333333334,0.1,24
2025-02-14,1.5708333333333335,4.5,77.45833333333333,39.333333333333336,117.875,8.9625,0.0,24
2025-02-15,0.7083333333333334,4.2,78.58333333333333,65.20833333333333,91.25,7.6625000000000005,0.0,24
2025-02-16,1.8833333333333335,6.2,79.75,41.625,119.25,7.483333333333333,0.0,24
2025-02-17,1.8791666666666667,6.4,80.29166666666667,39.708333333333336,122.70833333333333,6.820833333333333,0.0,24
2025-02-18,2.7416666666666667,7.9,78.625,89.16666666666667,121.5,8.516666666666667,0.0,24
2025-02-19,4.845833333333333,9.7,79.95833333333333,93.75,77.33333333333333,7.904166666666666,0.0,24
2025-02-20,9.620833333333334,13.7,92.375,98.375,43.166666666666664,10.2875,2.0,24
2025-02-21,12.104166666666666,15.7,83.91666666666667,99.41666666666667,71.45833333333333,11.141666666666666,0.0,24
2025-02-22,10.779166666666667,12.8,83.08333333333333,79.45833333333333,58.666666666666664,11.729166666666666,4.0,24
2025-02-23,8.883333333333333,14.0,81.95833333333333,39.0,132.125,8.929166666666667,0.0,24
2025-02-24,10.4,12.3,81.70833333333333,86.79166666666667,25.583333333333332,13.458333333333334,3.3,24
2025-02-25,8.079166666666667,8.9,94.375,88.29166666666667,16.041666666666668,12.954166666666666,16.3,24
2025-02-26,7.141666666666667,10.8,82.29166666666667,54.791666666666664,98.08333333333333,14.204166666666666,3.6,24
2025-02-27,6.091666666666666,9.7,80.25,23.875,118.875,11.704166666666666,0.4,24
2025-02-28,5.029166666666667,9.0,83.16666666666667,27.25,109.83333333333333,8.491666666666667,0.4,24
2025-03-01,3.7416666666666667,7.4,82.33333333333333,39.333333333333336,94.25,12.704166666666666,0.0,24
2025-03-02,4.666666666666667,10.4,77.375,26.083333333333332,156.5,9.758333333333333,0.0,24
2025-03-03,4.741666666666666,11.4,79.70833333333333,11.666666666666666,160.20833333333334,4.395833333333333,0.0,24
2025-03-04,5.758333333333333,13.0,79.0,74.54166666666667,129.83333333333334,3.75,0.0,24
2025-03-05,7.454166666666667,16.3,79.75,0.041666666666666664,163.08333333333334,3.4583333333333335,0.0,24
2025-03-06,9.308333333333334,16.8,70.79166666666667,10.5,167.0,7.591666666666666,0.0,24
2025-03-07,10.729166666666666,16.6,69.29166666666667,17.041666666666668,153.95833333333334,8.8375,0.0,24
2025-03-08,11.716666666666667,17.9,66.58333333333333,41.583333333333336,157.875,10.887500000000001,0.0,24
2025-03-09,12.320833333333333,17.1,66.66666666666667,75.375,121.79166666666667,7.733333333333333,0.0,24
2025-03-10,10.820833333333333,13.0,83.29166666666667,99.125,71.20833333333333,4.616666666666666,3.5,24
2025-03-11,7.0874999999999995,11.5,90.0,94.95833333333333,85.95833333333333,6.0249999999999995,0.0,24
2025-03-12,4.954166666666667,7.2,81.70833333333333,97.95833333333333,82.875,8.091666666666667,2.0,24
2025-03-13,4.4875,7.7,82.0,67.91666666666667,127.625,7.804166666666667,1.4000000000000001,24
2025-03-14,3.2291666666666665,6.7,80.29166666666667,34.833333333333336,111.29166666666667,8.424999999999999,1.0,24
2025-03-15,3.9416666666666664,8.3,68.625,82.79166666666667,112.08333333333333,14.658333333333333,0.1,24
2025-03-16,5.875,10.5,68.375,82.45833333333333,117.66666666666667,12.554166666666667,0.0,24
2025-03-17,5.9125000000000005,11.5,66.04166666666667,9.208333333333334,186.33333333333334,11.166666666666666,0.0,24
2025-03-18,6.6625000000000005,12.5,62.791666666666664,0.0,201.16666666666666,10.908333333333333,0.0,24
2025-03-19,10.420833333333333,17.0,70.08333333333333,7.083333333333333,194.45833333333334,8.229166666666666,0.0,24
2025-03-20,11.6875,18.6,74.20833333333333,31.833333333333332,195.54166666666666,6.620833333333334,0.0,24
2025-03-21,13.633333333333333,19.6,72.5,99.95833333333333,159.41666666666666,10.920833333333334,1.7999999999999998,24
2025-03-22,12.808333333333332,16.8,86.83333333333333,96.66666666666667,108.66666666666667,9.945833333333333,8.1,24
2025-03-23,10.158333333333333,13.1,82.33333333333333,70.125,127.04166666666667,8.341666666666667,0.8,24
2025-03-24,10.983333333333334,15.3,82.5,42.25,158.58333333333334,4.529166666666667,0.6000000000000001,24
2025-03-25,10.441666666666666,13.7,80.375,94.66666666666667,142.29166666666666,8.054166666666667,0.0,24
2025-03-26,10.304166666666667,14.3,81.75,69.33333333333333,112.45833333333333,8.1,0.5,24
2025-03-27,8.945833333333333,14.9,78.20833333333333,0.3333333333333333,220.79166666666666,5.845833333333334,0.0,24
2025-03-28,7.8625,12.6,87.66666666666667,79.29166666666667,95.54166666666667,9.454166666666667,2.0999999999999996,24
2025-03-29,8.966666666666667,13.2,69.54166666666667,34.541666666666664,221.5,11.3125,0.39999999999999997,24
2025-03-30,9.795833333333333,15.6,73.25,68.58333333333333,125.25,10.920833333333334,0.1,24
2025-03-31,9.133333333333333,13.9,77.625,4.208333333333333,223.875,7.925,0.0,24
2025-04-01,9.154166666666667,14.2,63.375,1.125,231.625,14.158333333333333,0.0,24
2025-04-02,11.079166666666666,16.4,61.041666666666664,7.875,232.58333333333334,14.25,0.0,24
2025-04-03,13.775,20.1,66.91666666666667,44.916666666666664,228.375,9.870833333333334,0.0,24
2025-04-04,15.799999999999999,22.9,64.16666666666667,47.75,224.125,8.6625,0.1,24
2025-04-05,15.870833333333332,23.7,59.25,2.25,240.75,8.695833333333333,0.0,24
2025-04-06,12.9,18.0,51.75,18.125,245.875,11.450000000000001,0.0,24
2025-04-07,10.570833333333333,17.3,42.875,0.0,254.54166666666666,7.604166666666667,0.0,24
2025-04-08,11.583333333333334,18.6,50.625,37.333333333333336,245.0,5.7375,0.0,24
2025-04-09,12.320833333333333,18.5,54.583333333333336,1.0,250.125,9.799999999999999,0.0,24
2025-04-10,10.8125,15.8,64.29166666666667,4.25,252.58333333333334,10.191666666666666,0.0,24
2025-04-11,13.612499999999999,22.0,55.375,0.0,256.8333333333333,6.8625,0.0,24
2025-04-12,14.695833333333333,21.8,58.583333333333336,60.0,191.5,10.75,3.2,24
2025-04-13,14.320833333333333,17.6,74.95833333333333,70.16666666666667,175.0,12.0625,3.1,24
2025-04-14,13.754166666666668,19.7,67.04166666666667,70.58333333333333,185.625,8.158333333333333,0.1,24
2025-04-15,14.387500000000001,18.5,73.83333333333333,84.08333333333333,168.79166666666666,12.1875,2.8,24
2025-04-16,11.345833333333333,15.3,59.375,99.83333333333333,161.33333333333334,7.716666666666666,0.0,24
2025-04-17,11.995833333333332,16.7,59.625,76.33333333333333,200.04166666666666,4.558333333333334,0.0,24
2025-04-18,12.804166666666667,19.4,56.708333333333336,51.875,230.25,12.479166666666666,0.0,24
2025-04-19,13.854166666666666,20.5,61.958333333333336,87.41666666666667,190.25,11.762500000000001,4.0,24
2025-04-20,13.183333333333332,15.9,73.20833333333333,89.04166666666667,175.125,11.325000000000001,3.3,24
2025-04-21,12.137500000000001,15.2,80.75,90.66666666666667,121.625,6.429166666666667,2.0,24
2025-04-22,12.320833333333333,16.9,78.75,72.125,201.95833333333334,3.9583333333333335,0.1,24
2025-04-23,11.120833333333332,14.7,79.0,66.875,132.83333333333334,11.079166666666666,8.6,24
2025-04-24,12.3125,16.8,78.0,61.208333333333336,200.41666666666666,8.408333333333333,0.8999999999999999,24
2025-04-25,11.608333333333334,15.7,78.5,71.91666666666667,142.5,8.095833333333333,0.5,24
2025-04-26,13.4125,18.7,71.75,69.5,246.33333333333334,9.066666666666666,0.2,24
2025-04-27,15.479166666666666,20.5,66.625,34.416666666666664,252.79166666666666,8.479166666666666,0.4,24
2025-04-28,16.916666666666668,24.2,60.916666666666664,5.541666666666667,282.625,7.6625000000000005,0.0,24
2025-04-29,19.175,26.7,44.625,0.08333333333333333,294.125,8.445833333333333,0.0,24
2025-04-30,21.291666666666668,29.0,39.375,0.16666666666666666,293.4166666666667,5.920833333333333,0.0,24
2025-05-01,22.625,30.2,41.791666666666664,27.958333333333332,280.0416666666667,8.354166666666666,0.0,24
2025-05-02,22.59166666666667,29.6,48.291666666666664,39.333333333333336,277.75,6.166666666666667,0.0,24
2025-05-03,19.041666666666668,24.9,71.58333333333333,60.625,224.41666666666666,8.608333333333333,13.399999999999999,24
2025-05-04,12.283333333333333,15.5,65.70833333333333,71.83333333333333,202.125,14.4625,0.7999999999999999,24
2025-05-05,10.137500000000001,14.0,62.541666666666664,59.083333333333336,203.66666666666666,14.679166666666667,0.0,24
2025-05-06,11.15,15.3,60.583333333333336,42.416666666666664,225.66666666666666,14.058333333333332,0.0,24
2025-05-07,11.775,15.5,65.75,67.08333333333333,200.58333333333334,12.9375,0.0,24
2025-05-08,13.266666666666666,18.1,58.833333333333336,71.625,232.70833333333334,10.825000000000001,0.0,24
2025-05-09,14.762500000000001,20.0,46.25,43.416666666666664,238.625,10.829166666666666,0.0,24
2025-05-10,17.224999999999998,24.1,42.875,19.333333333333332,276.9583333333333,10.983333333333334,0.0,24
2025-05-11,18.041666666666668,24.6,59.0,43.375,247.83333333333334,9.220833333333333,11.5,24
2025-05-12,15.866666666666667,19.3,74.83333333333333,97.20833333333333,207.83333333333334,7.345833333333334,1.1,24
2025-05-13,15.549999999999999,20.6,79.04166666666667,70.29166666666667,222.875,3.5124999999999997,7.3999999999999995,24
2025-05-14,17.583333333333332,24.7,66.5,12.541666666666666,277.25,5.3374999999999995,0.0,24
2025-05-15,13.620833333333332,17.8,63.583333333333336,55.208333333333336,260.5,13.25,0.0,24
2025-05-16,14.200000000000001,19.9,60.708333333333336,1.2083333333333333,322.375,11.541666666666666,0.0,24
2025-05-17,13.683333333333332,18.5,60.666666666666664,73.375,179.375,10.950000000000001,0.0,24
2025-05-18,14.541666666666666,20.2,63.625,23.083333333333332,296.7916666666667,6.8,0.0,24
2025-05-19,15.8125,22.9,56.541666666666664,39.541666666666664,316.5,8.45,0.0,24
2025-05-20,18.770833333333332,25.5,46.708333333333336,45.75,299.75,9.666666666666666,0.0,24
2025-05-21,14.179166666666667,17.6,63.875,99.75,86.25,4.8374999999999995,9.1,24
2025-05-22,13.408333333333333,18.8,68.375,50.708333333333336,269.875,10.895833333333334,0.9,24
2025-05-23,13.316666666666668,18.1,54.0,39.583333333333336,304.5833333333333,7.216666666666666,0.0,24
2025-05-24,14.458333333333334,20.2,64.54166666666667,97.41666666666667,111.58333333333333,8.658333333333333,1.1,24
2025-05-25,16.841666666666665,20.5,71.625,84.375,180.5,14.491666666666667,2.4,24
2025-05-26,14.875,18.7,63.541666666666664,79.41666666666667,184.91666666666666,11.020833333333334,0.0,24
2025-05-27,16.3125,19.6,68.95833333333333,93.0,147.91666666666666,15.950000000000001,0.0,24
2025-05-28,17.054166666666667,21.1,72.79166666666667,82.95833333333333,200.41666666666666,16.441666666666666,4.5,24
2025-05-29,18.354166666666668,24.5,66.375,86.08333333333333,232.5,8.125,0.0,24
2025-05-30,22.541666666666668,30.2,64.33333333333333,4.541666666666667,320.25,5.658333333333334,0.0,24
2025-05-31,22.15416666666667,29.8,70.58333333333333,73.25,213.25,7.270833333333333,4.5,24
2025-06-01,18.8125,22.5,67.08333333333333,82.95833333333333,247.45833333333334,8.075000000000001,0.7,24
2025-06-02,17.695833333333333,21.8,62.708333333333336,43.75,261.25,6.604166666666667,1.4,24
2025-06-03,19.008333333333333,24.4,52.041666666666664,21.333333333333332,316.125,10.737499999999999,0.0,24
2025-06-04,16.566666666666666,20.3,64.91666666666667,84.04166666666667,106.33333333333333,9.4125,2.5,24
2025-06-05,15.775,18.7,76.25,90.20833333333333,94.54166666666667,16.341666666666665,12.6,24
2025-06-06,17.05,20.9,75.25,83.83333333333333,250.16666666666666,14.370833333333332,6.1,24
2025-06-07,16.220833333333335,19.9,74.45833333333333,85.29166666666667,208.75,15.716666666666667,4.1,24
2025-06-08,15.229166666666666,18.7,69.83333333333333,48.0,256.1666666666667,15.370833333333332,6.300000000000001,24
2025-06-09,16.158333333333335,22.2,69.41666666666667,31.291666666666668,291.0416666666667,4.620833333333334,0.1,24
2025-06-10,17.95,25.5,70.20833333333333,66.20833333333333,312.375,7.041666666666667,0.0,24
2025-06-11,20.545833333333334,27.6,66.5,28.333333333333332,333.6666666666667,7.8,0.0,24
2025-06-12,24.5125,31.6,51.375,48.125,292.875,10.316666666666666,0.0,24
2025-06-13,26.075,32.9,61.958333333333336,50.5,300.875,7.145833333333333,5.2,24
2025-06-14,22.808333333333334,27.2,77.04166666666667,81.29166666666667,249.91666666666666,7.6375,10.8,24
2025-06-15,19.079166666666666,22.4,63.458333333333336,73.95833333333333,173.0,8.654166666666667,0.1,24
2025-06-16,19.375,26.7,59.291666666666664,22.041666666666668,318.3333333333333,6.0375000000000005,0.0,24
2025-06-17,22.420833333333334,28.9,53.625,26.125,291.4166666666667,6.25,0.0,24
2025-06-18,22.8875,29.1,50.333333333333336,13.0,338.4166666666667,7.3374999999999995,0.0,24
2025-06-19,24.708333333333332,31.1,49.666666666666664,0.0,337.875,10.329166666666667,0.0,24
2025-06-20,25.5625,31.7,43.416666666666664,40.375,302.625,9.525,0.0,24
2025-06-21,27.791666666666668,35.8,37.833333333333336,20.541666666666668,338.25,5.7250000000000005,0.0,24
2025-06-22,26.212500000000002,29.1,43.958333333333336,71.0,283.625,9.125,0.0,24
2025-06-23,21.479166666666668,25.4,57.458333333333336,53.25,194.58333333333334,14.024999999999999,0.1,24
2025-06-24,22.054166666666664,30.1,48.5,1.125,337.7083333333333,7.104166666666667,0.0,24
2025-06-25,25.808333333333334,35.9,52.166666666666664,68.75,266.1666666666667,6.166666666666667,1.0,24
2025-06-26,22.40416666666667,26.0,72.0,75.58333333333333,249.58333333333334,12.791666666666666,6.6,24
2025-06-27,23.337500000000002,27.4,68.95833333333333,80.79166666666667,208.79166666666666,8.612499999999999,0.4,24
2025-06-28,24.058333333333334,28.4,68.125,27.916666666666668,253.58333333333334,5.158333333333333,0.0,24
2025-06-29,24.316666666666666,29.7,65.79166666666667,18.208333333333332,317.1666666666667,7.05,0.0,24
2025-06-30,27.708333333333332,35.2,56.083333333333336,22.916666666666668,315.125,6.345833333333334,0.0,24
2025-07-01,31.825,38.7,37.625,8.5,314.3333333333333,6.0874999999999995,0.0,24
2025-07-02,26.083333333333332,33.0,56.958333333333336,15.708333333333334,304.7916666666667,10.858333333333334,2.5,24
2025-07-03,21.216666666666665,25.9,52.0,6.125,343.7083333333333,10.183333333333334,0.0,24
2025-07-04,21.258333333333333,27.6,43.375,17.625,343.375,7.016666666666667,0.0,24
2025-07-05,21.349999999999998,26.9,41.25,74.5,269.25,8.779166666666667,0.0,24
2025-07-06,17.295833333333334,20.6,82.58333333333333,88.08333333333333,91.91666666666667,12.845833333333333,26.8,24
2025-07-07,16.191666666666666,18.6,81.75,75.125,147.66666666666666,13.120833333333332,19.3,24
2025-07-08,16.429166666666667,20.4,69.66666666666667,38.833333333333336,258.375,10.654166666666667,1.7,24
2025-07-09,17.8875,24.2,66.79166666666667,15.041666666666666,324.2916666666667,3.016666666666667,0.0,24
2025-07-10,20.754166666666666,27.2,61.25,20.0,301.4166666666667,6.245833333333334,0.0,24
2025-07-11,23.65833333333333,29.5,55.625,0.4583333333333333,326.0416666666667,9.275,0.0,24
2025-07-12,23.875,28.9,52.958333333333336,17.208333333333332,269.2083333333333,7.6499999999999995,0.0,24
2025-07-13,25.03333333333333,31.1,45.5,19.5,309.5416666666667,6.7749999999999995,0.0,24
2025-07-14,23.02916666666667,28.2,63.416666666666664,64.45833333333333,272.3333333333333,12.458333333333334,6.0,24
2025-07-15,20.837500000000002,24.9,52.916666666666664,79.29166666666667,210.25,10.595833333333333,1.1,24
2025-07-16,20.25,21.8,68.66666666666667,90.83333333333333,83.20833333333333,14.120833333333332,4.4,24
2025-07-17,21.2375,25.9,74.16666666666667,63.458333333333336,233.66666666666666,3.8083333333333336,0.5,24
2025-07-18,25.041666666666668,31.3,58.583333333333336,67.79166666666667,291.1666666666667,6.583333333333333,0.0,24
2025-07-19,23.954166666666666,26.7,58.5,81.875,232.04166666666666,11.983333333333334,2.0,24
2025-07-20,19.795833333333334,23.3,75.79166666666667,68.66666666666667,156.20833333333334,11.25,16.7,24
2025-07-21,18.2375,20.9,77.70833333333333,85.79166666666667,178.04166666666666,15.195833333333333,14.5,24
2025-07-22,18.954166666666666,21.5,71.16666666666667,67.75,211.0,14.129166666666668,0.2,24
2025-07-23,18.183333333333334,21.4,81.16666666666667,86.375,187.20833333333334,4.1875,13.5,24
2025-07-24,17.474999999999998,21.4,85.04166666666667,91.41666666666667,174.45833333333334,9.262500000000001,20.0,24
2025-07-25,19.758333333333333,24.1,78.29166666666667,22.25,280.125,6.3374999999999995,0.7000000000000001,24
2025-07-26,20.233333333333334,25.6,76.41666666666667,24.5,280.5416666666667,9.279166666666667,0.0,24
2025-07-27,18.295833333333334,21.5,80.58333333333333,83.29166666666667,191.79166666666666,9.520833333333334,4.3,24
2025-07-28,18.029166666666665,21.8,70.33333333333333,36.875,259.4583333333333,10.0875,0.8999999999999999,24
2025-07-29,17.870833333333334,22.5,74.875,41.333333333333336,232.25,6.629166666666666,0.6,24
2025-07-30,18.995833333333334,22.9,80.29166666666667,60.791666666666664,208.25,6.1875,5.7,24
2025-07-31,19.554166666666667,24.2,76.20833333333333,46.5,236.625,8.762500000000001,1.0,24
2025-08-01,18.8625,22.3,77.08333333333333,59.875,228.41666666666666,9.629166666666666,1.4000000000000001,24
2025-08-02,16.9375,21.1,72.29166666666667,56.125,221.79166666666666,8.904166666666667,0.2,24
2025-08-03,18.066666666666666,24.4,68.70833333333333,53.583333333333336,280.3333333333333,6.083333333333333,0.0,24
2025-08-04,21.791666666666668,28.2,71.625,76.83333333333333,162.79166666666666,9.741666666666667,0.2,24
2025-08-05,19.670833333333334,22.5,67.125,23.916666666666668,290.7083333333333,12.020833333333334,4.199999999999999,24
2025-08-06,17.662499999999998,23.1,64.54166666666667,73.29166666666667,273.7083333333333,3.779166666666667,0.0,24
2025-08-07,21.695833333333336,28.8,50.291666666666664,21.041666666666668,284.4166666666667,5.425,0.0,24
2025-08-08,21.7625,27.2,61.916666666666664,45.416666666666664,257.0416666666667,6.8500000000000005,0.0,24
2025-08-09,21.504166666666666,27.7,62.125,35.458333333333336,283.1666666666667,7.9750000000000005,0.0,24
2025-08-10,20.6875,28.0,57.833333333333336,0.0,292.7916666666667,6.220833333333334,0.0,24
2025-08-11,24.079166666666666,31.7,46.916666666666664,0.0,290.5833333333333,8.3375,0.0,24
2025-08-12,27.458333333333332,35.2,44.208333333333336,1.75,284.7083333333333,8.299999999999999,0.0,24
2025-08-13,26.825,34.4,56.916666666666664,71.0,197.95833333333334,4.795833333333333,0.6,24
2025-08-14,25.625,30.8,63.625,48.458333333333336,268.25,6.704166666666667,0.0,24
2025-08-15,24.075,31.2,54.083333333333336,0.3333333333333333,275.625,8.620833333333334,0.0,24
2025-08-16,23.195833333333336,27.7,60.75,3.2083333333333335,267.6666666666667,11.174999999999999,0.0,24
2025-08-17,21.25,26.8,56.875,0.041666666666666664,275.375,9.745833333333334,0.0,24
2025-08-18,22.141666666666666,28.2,56.125,10.541666666666666,271.2083333333333,8.299999999999999,0.0,24
2025-08-19,22.679166666666664,29.4,57.75,78.45833333333333,182.70833333333334,5.491666666666667,0.5,24
2025-08-20,19.6875,23.4,79.29166666666667,98.54166666666667,108.83333333333333,7.758333333333333,3.9,24
2025-08-21,18.654166666666665,23.4,69.20833333333333,60.25,226.04166666666666,12.095833333333333,1.6,24
2025-08-22,16.925,21.0,63.75,40.25,201.66666666666666,8.095833333333333,0.0,24
2025-08-23,17.45,23.9,63.541666666666664,68.16666666666667,207.04166666666666,5.779166666666666,0.0,24
2025-08-24,18.416666666666668,23.9,57.416666666666664,3.5833333333333335,261.0833333333333,5.795833333333333,0.0,24
2025-08-25,20.775000000000002,28.4,49.208333333333336,25.208333333333332,255.0,5.05,0.0,24
2025-08-26,22.670833333333334,29.1,49.208333333333336,60.166666666666664,208.29166666666666,8.608333333333333,0.0,24
2025-08-27,22.34583333333333,26.7,55.958333333333336,85.875,224.08333333333334,8.891666666666667,0.5,24
2025-08-28,20.204166666666666,23.6,57.583333333333336,64.29166666666667,186.16666666666666,10.683333333333332,0.5,24
2025-08-29,17.354166666666668,20.8,74.5,71.625,128.625,13.658333333333333,3.3000000000000003,24
2025-08-30,17.745833333333334,22.1,73.04166666666667,54.916666666666664,153.33333333333334,12.9,0.1,24
2025-08-31,18.804166666666667,22.0,82.5,98.125,93.54166666666667,11.958333333333334,5.6000000000000005,24
2025-09-01,16.900000000000002,21.2,79.91666666666667,58.458333333333336,193.79166666666666,9.9625,4.9,24
2025-09-02,15.649999999999999,18.4,84.58333333333333,60.375,92.91666666666667,14.1,3.6,24
2025-09-03,19.533333333333335,24.4,76.91666666666667,69.16666666666667,132.16666666666666,19.8125,0.4,24
2025-09-04,17.6125,20.6,76.29166666666667,60.416666666666664,153.625,13.316666666666668,1.0999999999999999,24
2025-09-05,16.599999999999998,21.3,74.45833333333333,40.666666666666664,192.45833333333334,6.7124999999999995,0.9,24
2025-09-06,17.783333333333335,24.1,69.08333333333333,47.791666666666664,233.5,9.683333333333334,0.0,24
2025-09-07,21.46666666666667,30.2,66.66666666666667,36.875,208.875,10.325000000000001,0.0,24
2025-09-08,20.041666666666668,23.0,67.79166666666667,69.20833333333333,182.125,7.958333333333333,0.0,24
2025-09-09,17.641666666666666,22.2,60.5,52.625,202.125,4.791666666666667,0.0,24
2025-09-10,16.3875,20.8,71.0,68.125,142.29166666666666,9.6,3.4000000000000004,24
2025-09-11,15.9125,20.3,77.0,39.958333333333336,165.79166666666666,15.887500000000001,4.0,24
2025-09-12,15.5,19.6,68.45833333333333,28.666666666666668,197.58333333333334,13.762500000000001,0.5,24
2025-09-13,14.975,18.9,82.95833333333333,91.41666666666667,119.375,14.316666666666668,9.4,24
2025-09-14,16.229166666666668,20.3,89.04166666666667,80.04166666666667,45.208333333333336,11.487499999999999,0.5,24
2025-09-15,18.075,19.9,70.79166666666667,49.166666666666664,174.5,20.633333333333333,0.7,24
2025-09-16,15.229166666666666,18.6,71.95833333333333,75.625,138.29166666666666,14.604166666666666,0.2,24
2025-09-17,16.545833333333334,21.6,75.33333333333333,53.083333333333336,158.91666666666666,7.366666666666667,0.0,24
2025-09-18,18.183333333333334,23.8,75.41666666666667,3.25,200.08333333333334,5.108333333333333,0.0,24
2025-09-19,20.5125,30.7,65.70833333333333,23.583333333333332,204.95833333333334,7.158333333333334,0.0,24
2025-09-20,20.845833333333335,22.5,74.375,92.83333333333333,48.166666666666664,11.641666666666666,8.8,24
2025-09-21,15.549999999999999,18.5,73.54166666666667,68.16666666666667,116.79166666666667,7.954166666666667,0.5,24
2025-09-22,12.816666666666668,17.0,71.20833333333333,51.875,165.83333333333334,14.329166666666667,0.9,24
2025-09-23,11.804166666666667,15.1,75.83333333333333,98.20833333333333,69.83333333333333,13.887500000000001,6.6000000000000005,24
2025-09-24,10.754166666666668,11.6,89.91666666666667,100.0,40.625,14.054166666666667,11.6,24
2025-09-25,10.766666666666666,12.3,83.66666666666667,99.125,44.833333333333336,7.4875,1.0,24
2025-09-26,11.4125,14.0,83.79166666666667,76.58333333333333,78.70833333333333,4.145833333333333,0.6000000000000001,24
2025-09-27,12.041666666666666,15.4,84.20833333333333,69.0,119.16666666666667,4.8625,0.7,24
2025-09-28,13.045833333333334,18.8,80.41666666666667,73.875,175.33333333333334,4.495833333333334,0.0,24
2025-09-29,13.895833333333334,19.4,79.45833333333333,37.583333333333336,154.20833333333334,4.783333333333333,0.0,24
2025-09-30,13.604166666666666,18.0,76.875,25.458333333333332,169.41666666666666,6.458333333333333,0.0,24
2025-10-01,13.254166666666668,19.0,78.29166666666667,35.416666666666664,159.45833333333334,3.9333333333333336,0.0,24
2025-10-02,13.0,17.7,73.41666666666667,59.458333333333336,144.70833333333334,5.545833333333333,0.0,24
2025-10-03,13.125,16.2,80.04166666666667,100.0,31.0,10.891666666666666,4.1,24
2025-10-04,15.045833333333334,18.2,77.83333333333333,60.208333333333336,122.875,22.629166666666666,8.7,24
2025-10-05,12.570833333333333,16.3,72.79166666666667,28.708333333333332,143.875,16.308333333333334,0.0,24
2025-10-06,12.679166666666667,16.0,80.66666666666667,73.54166666666667,81.70833333333333,7.679166666666667,0.0,24
2025-10-07,13.200000000000001,18.1,85.41666666666667,57.541666666666664,144.375,2.216666666666667,0.0,24
2025-10-08,12.775,17.3,87.0,92.5,96.0,4.3,0.0,24
2025-10-09,14.737499999999999,18.1,80.125,84.70833333333333,110.91666666666667,5.6499999999999995,0.2,24
2025-10-10,12.858333333333334,15.1,84.58333333333333,86.45833333333333,83.83333333333333,6.345833333333334,0.0,24
2025-10-11,13.9,18.2,82.33333333333333,50.958333333333336,131.70833333333334,7.520833333333333,0.0,24
2025-10-12,12.85,17.4,83.20833333333333,2.7916666666666665,143.91666666666666,8.454166666666667,0.0,24
2025-10-13,13.012500000000001,16.5,84.16666666666667,51.916666666666664,69.5,10.858333333333334,0.2,24
2025-10-14,13.85,17.0,81.20833333333333,68.0,120.79166666666667,10.799999999999999,0.0,24
2025-10-15,13.029166666666667,15.7,82.58333333333333,69.875,80.20833333333333,10.070833333333333,0.2,24
2025-10-16,12.554166666666667,14.4,78.375,86.04166666666667,74.66666666666667,9.329166666666667,0.0,24
2025-10-17,12.416666666666666,16.5,78.875,27.875,120.5,8.9125,0.0,24
2025-10-18,11.316666666666668,16.4,72.66666666666667,64.5,124.625,8.991666666666665,0.0,24
2025-10-19,11.654166666666667,15.4,83.33333333333333,100.0,24.375,11.658333333333333,1.9,24
2025-10-20,14.975,17.2,85.41666666666667,86.20833333333333,69.25,17.491666666666667,3.9,24
2025-10-21,14.1875,16.6,81.41666666666667,75.375,84.20833333333333,14.325000000000001,1.1,24
2025-10-22,13.854166666666666,16.3,88.66666666666667,97.70833333333333,46.166666666666664,7.666666666666667,2.7,24
2025-10-23,12.387500000000001,16.3,79.83333333333333,70.41666666666667,56.916666666666664,24.445833333333336,3.3000000000000003,24
2025-10-24,9.191666666666666,12.4,76.875,45.25,103.83333333333333,16.370833333333334,2.0,24
2025-10-25,10.616666666666667,12.7,81.375,40.0,84.41666666666667,15.7875,0.3,24
2025-10-26,9.008333333333333,11.4,74.91666666666667,61.208333333333336,98.25,14.166666666666666,0.1,24
2025-10-27,11.862499999999999,14.9,77.79166666666667,80.04166666666667,74.0,19.275000000000002,4.9,24
2025-10-28,12.554166666666667,15.3,82.75,81.91666666666667,58.541666666666664,15.104166666666666,0.30000000000000004,24
2025-10-29,12.016666666666666,14.3,89.75,93.16666666666667,56.291666666666664,10.091666666666667,9.0,24
2025-10-30,10.633333333333333,13.5,83.16666666666667,58.916666666666664,100.66666666666667,10.566666666666666,0.0,24
2025-10-31,11.691666666666668,16.0,83.375,74.58333333333333,66.16666666666667,11.941666666666668,0.0,24
2025-11-01,13.9125,15.7,83.04166666666667,80.29166666666667,25.791666666666668,15.466666666666667,6.0,24
2025-11-02,11.1875,13.3,82.75,52.25,77.83333333333333,13.466666666666667,1.5,24
2025-11-03,11.158333333333333,15.6,85.70833333333333,55.458333333333336,51.583333333333336,11.754166666666668,0.0,24
2025-11-04,12.225,16.2,83.5,81.08333333333333,92.41666666666667,10.9125,0.0,24
2025-11-05,13.483333333333334,16.8,74.83333333333333,65.375,84.66666666666667,11.320833333333333,0.0,24
2025-11-06,13.091666666666667,14.6,91.25,94.58333333333333,26.791666666666668,7.575,6.3,24
2025-11-07,11.891666666666666,14.6,90.875,60.583333333333336,42.583333333333336,9.566666666666666,0.1,24
2025-11-08,10.995833333333332,13.4,93.95833333333333,58.166666666666664,17.25,5.541666666666667,0.7000000000000001,24
2025-11-09,9.245833333333334,12.3,92.45833333333333,67.91666666666667,58.208333333333336,7.2,0.0,24
2025-11-10,9.504166666666666,11.7,89.75,80.375,49.958333333333336,11.695833333333333,1.8,24
2025-11-11,11.345833333333333,14.9,89.83333333333333,84.66666666666667,40.75,12.950000000000001,0.0,24
2025-11-12,11.658333333333333,15.2,80.04166666666667,92.45833333333333,75.0,11.733333333333334,0.0,24
2025-11-13,14.554166666666667,16.4,75.25,88.58333333333333,53.583333333333336,10.762500000000001,0.0,24
2025-11-14,15.579166666666666,18.4,76.25,99.70833333333333,35.791666666666664,11.820833333333333,3.5,24
2025-11-15,12.362499999999999,14.4,95.625,97.25,33.75,6.654166666666666,24.900000000000002,24
2025-11-16,10.041666666666666,12.4,95.25,89.29166666666667,34.041666666666664,6.945833333333333,0.30000000000000004,24
2025-11-17,6.670833333333333,9.0,80.54166666666667,42.833333333333336,52.666666666666664,10.645833333333334,0.30000000000000004,24
2025-11-18,3.725,8.0,85.29166666666667,44.291666666666664,59.791666666666664,7.145833333333333,0.0,24
2025-11-19,5.779166666666666,6.9,84.25,87.58333333333333,32.125,16.808333333333334,3.0,24
2025-11-20,2.6958333333333333,4.5,83.375,69.91666666666667,66.45833333333333,10.825000000000001,0.2,24
2025-11-21,1.7791666666666668,4.1,85.66666666666667,59.458333333333336,33.5,9.5,0.30000000000000004,24
2025-11-22,-0.5625,1.7,90.08333333333333,80.125,53.333333333333336,8.262500000000001,0.0,24
2025-11-23,3.35,7.3,93.66666666666667,100.0,10.833333333333334,14.637500000000001,15.3,24
2025-11-24,7.158333333333334,9.5,89.95833333333333,75.5,55.791666666666664,13.479166666666666,2.5,24
2025-11-25,5.9624999999999995,8.0,84.41666666666667,50.791666666666664,47.291666666666664,15.595833333333333,3.5,24
2025-11-26,4.858333333333333,8.4,88.0,33.583333333333336,62.333333333333336,9.329166666666667,0.2,24
2025-11-27,5.354166666666667,8.2,86.875,95.29166666666667,13.75,9.875,0.0,24
2025-11-28,9.116666666666667,10.9,95.0,89.58333333333333,15.791666666666666,11.487499999999999,7.2,24
2025-11-29,9.4625,11.5,95.29166666666667,100.0,15.791666666666666,13.225,4.7,24
2025-11-30,6.508333333333333,8.4,87.41666666666667,48.833333333333336,56.916666666666664,9.016666666666667,0.1,24
2025-12-01,4.741666666666666,7.7,84.33333333333333,91.0,36.083333333333336,12.929166666666667,0.0,24
2025-12-02,8.158333333333333,9.9,77.58333333333333,97.70833333333333,34.958333333333336,12.458333333333334,0.4,24
2025-12-03,7.8999999999999995,10.0,88.29166666666667,81.16666666666667,34.083333333333336,6.920833333333333,0.1,24
2025-12-04,6.470833333333334,9.0,92.29166666666667,79.625,18.916666666666668,12.004166666666668,2.1,24
2025-12-05,3.6833333333333336,6.8,90.79166666666667,63.708333333333336,47.25,9.725,1.0,24
2025-12-06,9.820833333333333,12.3,85.375,74.75,44.458333333333336,18.054166666666667,2.4,24
2025-12-07,12.470833333333333,14.9,90.70833333333333,100.0,10.541666666666666,16.783333333333335,9.3,24
2025-12-08,14.370833333333332,15.8,84.625,99.0,26.25,15.25,1.3,24
2025-12-09,11.920833333333334,14.8,82.95833333333333,92.875,52.791666666666664,12.612499999999999,0.2,24
2025-12-10,12.112499999999999,13.7,89.625,96.75,28.833333333333332,8.554166666666667,0.30000000000000004,24
2025-12-11,7.5625,10.1,96.91666666666667,80.70833333333333,18.708333333333332,7.279166666666666,0.1,24
2025-12-12,9.758333333333333,11.3,94.83333333333333,95.5,27.958333333333332,7.05,0.1,24
2025-12-13,8.541666666666666,9.6,98.04166666666667,99.29166666666667,15.083333333333334,3.5041666666666664,0.0,24
2025-12-14,6.879166666666666,7.8,96.16666666666667,100.0,15.125,9.220833333333333,0.0,24
2025-12-15,7.574999999999999,10.7,90.25,71.125,45.833333333333336,11.049999999999999,0.0,24
2025-12-16,10.2125,13.2,88.08333333333333,56.958333333333336,47.458333333333336,6.9624999999999995,0.0,24
2025-12-17,8.320833333333333,10.3,91.08333333333333,80.125,45.458333333333336,6.95,0.0,24
2025-12-18,10.720833333333333,14.5,79.33333333333333,96.0,38.291666666666664,16.616666666666667,0.0,24
2025-12-19,10.583333333333334,13.2,89.79166666666667,99.79166666666667,22.333333333333332,9.841666666666667,5.7,24
2025-12-20,8.008333333333333,9.8,97.04166666666667,98.20833333333333,15.25,7.016666666666667,2.1,24
2025-12-21,9.583333333333334,11.2,95.58333333333333,94.5,17.791666666666668,12.762500000000001,11.6,24
2025-12-22,9.229166666666666,10.8,89.16666666666667,99.875,32.375,8.358333333333333,0.1,24
2025-12-23,5.166666666666667,8.1,86.375,97.33333333333333,25.666666666666668,8.470833333333333,0.0,24
2025-12-24,3.4458333333333333,5.2,70.95833333333333,65.625,49.958333333333336,17.358333333333334,0.0,24
2025-12-25,-0.04999999999999999,1.7,73.0,35.25,55.583333333333336,14.183333333333332,0.1,24
2025-12-26,-0.6041666666666666,2.8,83.41666666666667,12.416666666666666,57.291666666666664,7.5125,0.0,24
2025-12-27,0.1125,3.3,84.20833333333333,4.375,56.5,7.354166666666667,0.0,24
2025-12-28,0.3875,2.7,89.95833333333333,49.625,33.416666666666664,8.454166666666667,0.0,24
2025-12-29,-0.625,2.9,84.08333333333333,15.125,61.25,7.091666666666666,0.0,24
2025-12-30,2.425,5.1,84.95833333333333,41.708333333333336,57.083333333333336,9.616666666666667,0.0,24
2025-12-31,0.02916666666666663,3.5,90.54166666666667,17.875,50.458333333333336,4.55,0.0,24
2026-01-01,0.5166666666666667,3.8,90.29166666666667,70.0,27.208333333333332,9.466666666666667,0.0,24
2026-01-02,2.1458333333333335,4.2,92.41666666666667,59.875,26.833333333333332,13.65,2.5,24
2026-01-03,-0.10833333333333332,3.1,82.625,11.583333333333334,57.958333333333336,10.808333333333332,0.1,24
2026-01-04,-1.0374999999999999,2.8,80.79166666666667,27.291666666666668,62.333333333333336,6.458333333333333,0.0,24
2026-01-05,-1.9541666666666666,-0.5,89.70833333333333,55.791666666666664,25.041666666666668,7.3,3.6,24
2026-01-06,-2.7916666666666665,0.3,90.41666666666667,27.208333333333332,65.54166666666667,6.595833333333334,0.0,24
2026-01-07,0.12083333333333335,2.5,89.375,84.95833333333333,31.541666666666668,13.954166666666666,4.0,24
2026-01-08,5.45,10.1,94.375,99.625,18.708333333333332,15.424999999999999,8.9,24
2026-01-09,6.116666666666667,10.0,81.20833333333333,95.125,17.708333333333332,26.2,5.0,24
2026-01-10,3.3833333333333333,4.3,79.16666666666667,90.08333333333333,34.375,17.650000000000002,0.8,24
2026-01-11,2.0166666666666666,4.6,83.58333333333333,98.625,52.0,9.637500000000001,0.0,24
2026-01-12,8.845833333333333,11.6,85.125,99.95833333333333,12.625,18.508333333333333,6.4,24
2026-01-13,9.887500000000001,11.8,80.20833333333333,98.625,54.208333333333336,12.183333333333332,3.1,24
2026-01-14,9.783333333333333,12.3,87.41666666666667,94.95833333333333,38.125,9.0,1.0,24
2026-01-15,10.204166666666667,12.2,83.66666666666667,95.75,36.375,15.450000000000001,0.8,24
2026-01-16,9.104166666666666,10.8,87.79166666666667,94.29166666666667,54.416666666666664,10.950000000000001,1.0,24
2026-01-17,8.383333333333333,11.1,92.95833333333333,97.75,46.291666666666664,7.1000000000000005,0.4,24
2026-01-18,7.758333333333333,9.7,84.625,79.625,50.791666666666664,6.983333333333333,0.0,24
2026-01-19,5.941666666666666,9.6,88.875,84.125,58.875,7.370833333333334,0.0,24
2026-01-20,7.504166666666666,9.2,88.54166666666667,83.20833333333333,45.083333333333336,12.5,0.30000000000000004,24
2026-01-21,9.629166666666666,12.6,78.79166666666667,92.79166666666667,59.041666666666664,15.804166666666667,7.0,24
2026-01-22,8.645833333333334,11.3,87.25,75.91666666666667,43.708333333333336,13.870833333333332,3.0,24
2026-01-23,6.679166666666667,9.1,87.25,88.16666666666667,41.458333333333336,14.345833333333333,3.3000000000000003,24
2026-01-24,5.270833333333333,8.7,84.75,55.166666666666664,67.5,10.283333333333333,0.39999999999999997,24
2026-01-25,5.3625,7.5,92.04166666666667,88.5,29.583333333333332,9.804166666666665,2.7,24
2026-01-26,5.254166666666666,8.3,92.91666666666667,81.125,35.583333333333336,8.604166666666666,0.1,24
2026-01-27,6.433333333333334,9.0,91.0,99.625,9.375,14.737499999999999,12.9,24
2026-01-28,4.683333333333334,7.1,93.54166666666667,99.95833333333333,46.833333333333336,3.7083333333333335,0.0,24
2026-01-29,2.5041666666666664,5.1,94.70833333333333,92.125,37.625,6.591666666666666,0.0,24
2026-01-30,6.920833333333333,10.8,88.375,87.16666666666667,52.541666666666664,12.070833333333333,3.5,24
2026-01-31,6.8625,8.2,91.70833333333333,88.04166666666667,41.666666666666664,8.262500000000001,0.0,24
2026-02-01,6.729166666666667,8.8,95.58333333333333,80.70833333333333,21.875,10.025,2.9,24
2026-02-02,6.208333333333333,10.2,88.70833333333333,96.58333333333333,43.0,9.3125,2.4,24
2026-02-03,8.025,9.8,90.625,91.79166666666667,24.75,12.029166666666667,8.1,24
2026-02-04,6.929166666666667,10.6,85.125,49.708333333333336,89.33333333333333,11.304166666666667,0.0,24
2026-02-05,8.870833333333334,11.3,89.75,99.91666666666667,31.958333333333332,13.137500000000001,5.3,24
2026-02-06,9.779166666666667,12.7,86.375,79.0,87.5,12.9,4.0,24
2026-02-07,8.637500000000001,12.6,83.125,71.25,82.08333333333333,13.008333333333333,0.0,24
2026-02-08,7.8500000000000005,12.4,84.16666666666667,77.625,101.58333333333333,5.070833333333334,1.7,24
2026-02-09,6.5874999999999995,10.2,88.58333333333333,93.33333333333333,72.20833333333333,10.179166666666667,0.7,24
2026-02-10,10.25,13.0,90.29166666666667,95.5,55.875,14.354166666666666,17.3,24
2026-02-11,11.029166666666667,12.9,86.41666666666667,95.95833333333333,71.54166666666667,18.308333333333334,12.7,24
2026-02-12,10.179166666666667,11.9,81.33333333333333,88.04166666666667,69.875,20.454166666666666,6.9,24
2026-02-13,8.075000000000001,9.7,91.875,88.29166666666667,32.208333333333336,9.362499999999999,9.6,24
2026-02-14,3.3166666666666664,7.5,77.70833333333333,88.79166666666667,65.25,15.295833333333334,5.7,24
2026-02-15,2.3583333333333334,9.1,87.5,94.45833333333333,18.625,13.15,5.0,24
2026-02-16,7.7625,10.1,77.75,52.25,98.58333333333333,20.583333333333332,3.6,24
2026-02-17,6.133333333333333,7.8,72.70833333333333,79.91666666666667,112.0,12.658333333333333,0.4,24
2026-02-18,5.079166666666667,8.6,90.29166666666667,100.0,26.666666666666668,13.3125,19.0,24
2026-02-19,8.029166666666667,11.0,90.16666666666667,97.83333333333333,47.041666666666664,12.854166666666666,5.1000000000000005,24
2026-02-20,8.299999999999999,11.3,78.08333333333333,95.83333333333333,74.83333333333333,12.8375,0.2,24
2026-02-21,11.970833333333333,15.6,79.95833333333333,96.625,101.29166666666667,15.612499999999999,0.2,24
2026-02-22,11.995833333333332,13.7,86.875,100.0,30.666666666666668,15.929166666666667,6.4,24
2026-02-23,12.1,14.8,77.79166666666667,93.20833333333333,106.20833333333333,13.833333333333334,0.0,24
2026-02-24,12.720833333333333,15.4,85.70833333333333,75.45833333333333,77.04166666666667,8.816666666666666,0.5,24
2026-02-25,12.170833333333334,18.9,84.16666666666667,33.458333333333336,139.83333333333334,7.533333333333334,0.0,24
2026-02-26,13.091666666666667,17.9,76.75,34.916666666666664,140.29166666666666,9.341666666666667,0.0,24
2026-02-27,11.866666666666667,14.4,81.91666666666667,48.458333333333336,76.04166666666667,13.529166666666667,3.4,24
2026-02-28,10.179166666666667,12.4,73.45833333333333,46.375,125.91666666666667,15.166666666666666,0.1,24
2026-03-01,8.104166666666666,12.5,77.33333333333333,45.416666666666664,114.70833333333333,10.204166666666667,0.0,24
2026-03-02,10.229166666666666,16.6,71.45833333333333,9.708333333333334,152.33333333333334,8.4375,0.0,24
2026-03-03,10.487499999999999,17.0,76.875,32.666666666666664,151.70833333333334,4.7,0.0,24
2026-03-04,11.108333333333334,17.8,71.58333333333333,0.25,158.91666666666666,6.745833333333334,0.0,24
2026-03-05,11.141666666666666,17.2,73.125,33.583333333333336,148.25,6.2375,0.0,24
2026-03-06,12.379166666666668,17.4,79.875,85.58333333333333,129.875,3.9499999999999997,0.0,24
2026-03-07,12.370833333333332,17.6,83.16666666666667,61.041666666666664,153.75,5.991666666666667,0.0,24
2026-03-08,10.579166666666667,16.4,89.04166666666667,39.166666666666664,144.375,3.1166666666666667,0.0,24
2026-03-09,11.595833333333333,17.0,81.04166666666667,17.125,156.375,5.654166666666666,0.4,24
2026-03-10,11.85,15.5,81.70833333333333,76.875,125.29166666666667,8.091666666666667,5.1,24
2026-03-11,10.450000000000001,12.8,81.41666666666667,66.625,75.41666666666667,15.416666666666666,10.6,24
2026-03-12,8.470833333333333,12.6,76.75,41.958333333333336,129.625,12.704166666666666,0.0,24
2026-03-13,8.975,11.7,88.29166666666667,90.66666666666667,24.041666666666668,14.7125,16.1,24
2026-03-14,5.7,9.2,79.54166666666667,62.75,138.41666666666666,11.237499999999999,7.4,24
2026-03-15,6.445833333333333,12.2,72.79166666666667,26.291666666666668,187.45833333333334,6.566666666666666,0.0,24
2026-03-16,9.625,11.8,71.54166666666667,94.54166666666667,82.95833333333333,12.245833333333332,0.0,24
2026-03-17,10.408333333333333,15.9,75.41666666666667,40.416666666666664,185.20833333333334,7.720833333333334,0.0,24
2026-03-18,10.870833333333332,15.0,63.291666666666664,0.0,198.75,13.283333333333333,0.0,24
2026-03-19,10.570833333333333,16.2,63.208333333333336,5.916666666666667,200.91666666666666,10.358333333333333,0.0,24
2026-03-20,10.141666666666667,16.4,65.41666666666667,42.625,197.79166666666666,6.3999999999999995,0.0,24
2026-03-21,10.395833333333334,16.2,71.29166666666667,26.375,194.5,7.3999999999999995,0.0,24
2026-03-22,9.612499999999999,14.8,70.75,29.333333333333332,182.08333333333334,8.416666666666666,0.0,24
2026-03-23,10.0375,15.8,70.75,75.625,201.54166666666666,5.625,0.0,24
2026-03-24,11.316666666666668,17.2,70.08333333333333,81.41666666666667,182.375,9.229166666666666,0.0,24
2026-03-25,8.141666666666667,11.5,70.70833333333333,67.41666666666667,149.83333333333334,20.9375,4.9,24
2026-03-26,5.5125,9.2,69.16666666666667,29.958333333333332,195.125,12.245833333333332,1.8,24
2026-03-27,6.145833333333333,10.3,72.45833333333333,60.916666666666664,128.79166666666666,4.641666666666667,0.2,24
2026-03-28,8.220833333333333,10.4,74.0,60.541666666666664,184.95833333333334,14.095833333333333,9.5,24
2026-03-29,6.6375,11.0,70.875,49.958333333333336,172.125,9.620833333333334,0.0,24
2026-03-30,9.729166666666666,12.3,70.95833333333333,69.41666666666667,153.75,16.599999999999998,0.2,24
2026-03-31,8.366666666666667,10.7,81.0,89.29166666666667,67.45833333333333,7.575,0.6,24
2026-04-01,9.691666666666666,11.9,91.41666666666667,97.41666666666667,62.166666666666664,5.1125,2.9,24
2026-04-02,9.879166666666666,13.5,82.0,74.125,126.5,7.233333333333333,1.2,24
2026-04-03,8.241666666666667,13.3,82.875,76.25,109.0,10.325000000000001,0.6,24
2026-04-04,14.266666666666666,17.9,78.29166666666667,76.79166666666667,187.83333333333334,12.716666666666667,1.5,24
2026-04-05,12.5625,15.3,69.20833333333333,76.625,116.125,13.487499999999999,0.6,24
2026-04-06,10.329166666666667,16.7,72.08333333333333,45.041666666666664,240.0,5.558333333333334,0.0,24
2026-04-07,14.35,23.1,66.625,3.9583333333333335,244.79166666666666,7.895833333333333,0.0,24
2026-04-08,16.166666666666668,24.3,59.625,0.0,248.5,5.1000000000000005,0.0,24
2026-04-09,16.658333333333335,26.5,65.16666666666667,35.958333333333336,228.95833333333334,6.075,3.0,24
2026-04-10,12.6875,17.2,50.916666666666664,92.41666666666667,222.0,7.516666666666667,0.0,24
2026-04-11,11.766666666666666,16.5,70.625,99.0,91.58333333333333,11.933333333333332,5.2,24
2026-04-12,9.950000000000001,14.0,66.45833333333333,100.0,174.75,7.420833333333333,0.2,24
2026-04-13,10.083333333333334,14.3,75.58333333333333,79.83333333333333,165.0,4.291666666666667,6.4,24
2026-04-14,11.116666666666667,17.8,64.16666666666667,42.416666666666664,251.79166666666666,5.079166666666667,0.0,24
2026-04-15,13.375,18.1,60.208333333333336,45.541666666666664,145.75,10.512500000000001,0.0,24
2026-04-16,14.6,19.0,62.875,63.541666666666664,223.20833333333334,7.095833333333334,0.0,24
2026-04-17,15.6875,21.2,56.458333333333336,71.91666666666667,202.75,4.241666666666666,0.0,24
2026-04-18,15.950000000000001,21.6,60.583333333333336,50.708333333333336,211.75,8.375,0.8,24
2026-04-19,12.408333333333333,18.0,61.791666666666664,44.0,220.875,8.541666666666666,0.0,24
2026-04-20,11.641666666666666,15.8,56.791666666666664,66.875,237.375,11.654166666666667,0.0,24
2026-04-21,10.975,15.4,55.666666666666664,28.0,224.625,14.004166666666668,0.0,24
2026-04-22,13.320833333333333,18.8,44.375,25.375,286.0,15.6875,0.0,24
2026-04-23,15.470833333333333,22.1,37.75,0.0,290.75,12.829166666666666,0.0,24
2026-04-24,16.0,23.1,35.625,1.625,294.625,10.241666666666667,0.0,24
2026-04-25,15.758333333333333,23.8,42.333333333333336,29.291666666666668,291.2083333333333,7.158333333333334,0.0,24
2026-04-26,16.041666666666668,22.8,37.0,48.5,284.8333333333333,7.091666666666666,0.0,24
2026-04-27,16.0625,22.5,47.208333333333336,93.875,251.08333333333334,7.233333333333333,0.0,24
2026-04-28,15.875,20.9,47.75,45.916666666666664,266.375,11.3125,0.2,24
2026-04-29,18.391666666666666,24.5,38.375,57.583333333333336,267.9583333333333,16.545833333333334,0.0,24
2026-04-30,18.291666666666668,24.2,28.333333333333332,0.0,302.25,15.345833333333333,0.0,24
2026-05-01,18.729166666666668,26.0,42.375,25.666666666666668,256.7083333333333,6.879166666666666,1.1,24
2026-05-02,19.441666666666666,25.6,67.25,79.375,236.125,7.879166666666666,0.9,24
2026-05-03,16.470833333333335,19.3,77.625,90.66666666666667,153.5,8.929166666666667,9.1,24
2026-05-04,14.608333333333333,17.2,88.83333333333333,99.875,111.29166666666667,4.058333333333334,5.3,24
2026-05-05,13.345833333333333,15.6,91.625,100.0,77.91666666666667,10.554166666666667,18.7,24
2026-05-06,11.508333333333333,14.4,80.95833333333333,97.29166666666667,140.04166666666666,11.887500000000001,8.5,24
2026-05-07,12.604166666666666,16.1,70.625,63.208333333333336,205.41666666666666,4.7124999999999995,0.2,24
2026-05-08,13.833333333333334,19.5,69.16666666666667,8.958333333333334,296.75,5.308333333333334,0.0,24
2026-05-09,16.275000000000002,23.4,70.125,61.416666666666664,285.0,7.404166666666666,1.7,24
2026-05-10,14.6875,17.2,79.45833333333333,100.0,84.29166666666667,9.716666666666667,24.6,24
2026-05-11,11.120833333333332,13.5,78.83333333333333,86.54166666666667,156.95833333333334,12.483333333333334,5.9,24
2026-05-12,10.520833333333334,14.3,69.66666666666667,59.125,220.91666666666666,5.5,0.2,24
2026-05-13,11.1875,13.1,75.08333333333333,61.833333333333336,204.125,14.966666666666667,4.6,24
2026-05-14,9.229166666666666,12.0,76.95833333333333,53.291666666666664,226.79166666666666,11.275,4.1000000000000005,24
2026-05-15,8.766666666666667,12.9,76.75,52.916666666666664,244.91666666666666,7.4125000000000005,2.7,24
2026-05-16,10.758333333333333,14.6,72.54166666666667,57.5,248.95833333333334,7.670833333333333,0.6000000000000001,24
2026-05-17,12.308333333333332,15.8,83.54166666666667,99.41666666666667,149.625,8.379166666666666,9.5,24
2026-05-18,11.820833333333333,15.0,78.29166666666667,83.91666666666667,223.08333333333334,7.070833333333333,2.7,24
2026-05-19,13.558333333333332,17.4,81.70833333333333,83.83333333333333,148.08333333333334,12.758333333333333,4.5,24
2026-05-20,16.075,19.4,74.08333333333333,62.458333333333336,221.41666666666666,13.358333333333334,2.8000000000000003,24
2026-05-21,17.537499999999998,23.4,73.25,37.666666666666664,298.0,4.233333333333333,0.0,24
2026-05-22,20.516666666666666,27.1,68.0,14.0,329.6666666666667,4.729166666666667,0.0,24
2026-05-23,22.587500000000002,29.1,63.875,23.25,328.9166666666667,3.4625,0.0,24
2026-05-24,24.1125,30.4,64.83333333333333,8.958333333333334,329.4583333333333,6.75,0.0,24
2026-05-25,25.474999999999998,31.8,61.0,24.666666666666668,327.9166666666667,8.674999999999999,0.0,24
2026-05-26,25.425,32.3,48.083333333333336,5.166666666666667,338.4166666666667,6.070833333333333,0.0,24
2026-05-27,25.808333333333334,31.7,49.25,3.625,335.75,5.8,0.0,24
2026-05-28,26.229166666666668,31.9,52.375,42.583333333333336,296.625,5.608333333333333,0.1,24
2026-05-29,26.8875,33.1,51.875,66.375,303.2916666666667,4.870833333333334,0.0,24
2026-05-30,25.65416666666667,32.2,63.125,60.375,296.5,4.95,0.5,24
2026-05-31,19.695833333333333,22.4,64.0,80.16666666666667,190.5,11.283333333333333,1.6,24
2026-06-01,19.8875,25.0,60.375,77.375,270.25,6.383333333333333,0.0,24
2026-06-02,17.954166666666666,21.1,74.58333333333333,82.125,209.5,11.870833333333332,14.700000000000001,24
2026-06-03,16.533333333333335,19.7,75.41666666666667,73.375,170.08333333333334,17.229166666666668,1.5,24
2026-06-04,16.375,19.6,73.75,80.58333333333333,228.58333333333334,16.912499999999998,6.3,24
2026-06-05,14.979166666666666,18.3,67.625,53.958333333333336,225.08333333333334,10.858333333333334,0.4,24
2026-06-06,16.370833333333334,20.1,64.45833333333333,72.95833333333333,212.625,14.362499999999999,1.9,24
2026-06-07,16.891666666666666,21.9,63.0,67.95833333333333,286.7083333333333,7.4875,0.0,24
2026-06-08,17.254166666666666,21.8,70.54166666666667,90.5,200.04166666666666,9.058333333333334,3.5,24
2026-06-09,14.783333333333333,18.9,65.41666666666667,55.708333333333336,291.375,12.0,0.8,24
2026-06-10,14.4625,17.6,70.16666666666667,80.29166666666667,265.3333333333333,9.391666666666667,5.2,24
2026-06-11,14.424999999999999,17.9,68.66666666666667,73.91666666666667,183.16666666666666,11.608333333333334,0.0,24
2026-06-12,19.770833333333332,25.2,68.45833333333333,79.25,173.29166666666666,15.670833333333334,0.4,24
2026-06-13,21.108333333333334,27.4,59.583333333333336,45.375,333.7083333333333,12.204166666666666,0.0,24
2026-06-14,20.020833333333332,25.9,48.0,21.5,346.2083333333333,8.012500000000001,0.0,24
2026-06-15,21.724999999999998,29.5,49.625,51.125,315.7916666666667,7.166666666666667,1.6,24
2026-06-16,23.508333333333336,26.5,56.666666666666664,65.5,292.25,9.416666666666666,0.1,24
2026-06-17,25.304166666666664,32.4,51.291666666666664,18.125,328.6666666666667,5.070833333333334,0.0,24
2026-06-18,26.1375,36.3,57.375,34.791666666666664,301.1666666666667,7.170833333333333,4.2,24
2026-06-19,27.695833333333336,34.8,53.25,42.291666666666664,292.4583333333333,8.533333333333333,0.8,24
2026-06-20,25.75,32.8,63.708333333333336,40.166666666666664,291.3333333333333,5.729166666666667,1.1,24
2026-06-21,28.925,37.1,57.125,23.166666666666668,328.875,5.495833333333334,0.39999999999999997,24
2026-06-22,30.724999999999998,36.5,51.166666666666664,25.541666666666668,316.4166666666667,9.325000000000001,0.2,24
2026-06-23,30.758333333333336,37.1,49.458333333333336,37.541666666666664,308.625,7.891666666666667,0.5,24
2026-06-24,33.291666666666664,40.3,38.25,29.291666666666668,311.5416666666667,7.170833333333333,0.1,24
2026-06-25,34.25,39.8,33.041666666666664,54.166666666666664,308.25,10.520833333333334,0.0,24
2026-06-26,31.65416666666667,36.3,39.166666666666664,46.583333333333336,295.2083333333333,9.120833333333334,0.7999999999999999,24
2026-06-27,28.354166666666668,35.8,47.125,37.208333333333336,305.5416666666667,8.470833333333333,2.0,24
2026-06-28,24.84583333333333,30.2,69.29166666666667,44.958333333333336,265.9583333333333,7.458333333333333,1.9,24
2026-06-29,21.858333333333334,26.8,56.791666666666664,65.625,281.0416666666667,9.141666666666667,0.7,24
2026-06-30,21.5125,27.6,56.416666666666664,45.833333333333336,281.125,7.816666666666666,0.1,24
